year,flag,receiver_type,emissions_co2_mt,n_distinct_ssvid
2017,ABW,satellite,807.912139,2
2017,ABW,terrestrial,1283.42929,3
2017,ABW,total,2091.34143,3
2017,AFG,satellite,477.529267,3
2017,AFG,terrestrial,1407.05091,11
2017,AFG,total,1884.58018,12
2017,AGO,satellite,40155.1734,52
2017,AGO,terrestrial,29288.7311,50
2017,AGO,total,69443.9045,54
2017,AIA,satellite,0.802540102,1
2017,AIA,terrestrial,7050.19548,9
2017,AIA,total,7050.99802,9
2017,ALB,satellite,2428.92336,35
2017,ALB,terrestrial,54937.4894,149
2017,ALB,total,57366.4128,151
2017,AND,satellite,1.61481354,1
2017,AND,terrestrial,423.788825,4
2017,AND,total,425.403638,4
2017,ANT,satellite,15191.8202,2
2017,ANT,terrestrial,13977.0317,2
2017,ANT,total,29168.8519,2
2017,ARE,satellite,140216.838,484
2017,ARE,terrestrial,684001.498,519
2017,ARE,total,824218.335,523
2017,ARG,satellite,664755.711,604
2017,ARG,terrestrial,400867.825,563
2017,ARG,total,1065623.54,607
2017,ARM,satellite,0.849500262,1
2017,ARM,terrestrial,565.405631,8
2017,ARM,total,566.255132,8
2017,ASM,terrestrial,165.555344,2
2017,ASM,total,165.555344,2
2017,ATF,satellite,46354.6181,44
2017,ATF,terrestrial,19659.5112,44
2017,ATF,total,66014.1293,48
2017,ATG,satellite,1123741.44,440
2017,ATG,terrestrial,1754990.97,468
2017,ATG,total,2878732.41,468
2017,AUS,satellite,2143625.52,4464
2017,AUS,terrestrial,3226825.16,4786
2017,AUS,total,5370450.68,4857
2017,AUT,satellite,4961.97488,57
2017,AUT,terrestrial,91232.9078,271
2017,AUT,total,96194.8826,271
2017,AZE,satellite,865.925302,11
2017,AZE,terrestrial,21364.3212,37
2017,AZE,total,22230.2465,37
2017,BDI,terrestrial,411.873669,1
2017,BDI,total,411.873669,1
2017,BEL,satellite,982097.142,434
2017,BEL,terrestrial,2442991.19,2185
2017,BEL,total,3425088.33,2187
2017,BEN,satellite,253.521629,2
2017,BEN,terrestrial,4570.59178,5
2017,BEN,total,4824.1134,5
2017,BES,satellite,80425.0982,50
2017,BES,terrestrial,98312.9926,61
2017,BES,total,178738.091,61
2017,BFA,terrestrial,73.5218098,2
2017,BFA,total,73.5218098,2
2017,BGD,satellite,113117.619,54
2017,BGD,terrestrial,97211.3047,55
2017,BGD,total,210328.924,55
2017,BGR,satellite,10506.9543,49
2017,BGR,terrestrial,201959.635,293
2017,BGR,total,212466.589,293
2017,BHR,satellite,90307.3927,318
2017,BHR,terrestrial,871702.016,1309
2017,BHR,total,962009.409,1309
2017,BHS,satellite,17233896.4,1367
2017,BHS,terrestrial,13340704,1422
2017,BHS,total,30574600.4,1429
2017,BIH,satellite,2.59478483,3
2017,BIH,terrestrial,1568.78686,6
2017,BIH,total,1571.38164,6
2017,BLR,satellite,1829.68913,1
2017,BLR,terrestrial,431.099178,1
2017,BLR,total,2260.78831,1
2017,BLZ,satellite,207084.29,435
2017,BLZ,terrestrial,788618.005,553
2017,BLZ,total,995702.295,555
2017,BMU,satellite,5895628.93,242
2017,BMU,terrestrial,2418945.72,296
2017,BMU,total,8314574.65,296
2017,BOL,satellite,17438.5454,22
2017,BOL,terrestrial,6408.58795,23
2017,BOL,total,23847.1333,23
2017,BRA,satellite,1270603.31,944
2017,BRA,terrestrial,1345622.91,996
2017,BRA,total,2616226.22,1006
2017,BRB,satellite,185234.645,124
2017,BRB,terrestrial,326431.242,132
2017,BRB,total,511665.887,132
2017,BRN,satellite,308498.842,44
2017,BRN,terrestrial,155885.909,45
2017,BRN,total,464384.752,45
2017,BTN,satellite,124.128684,4
2017,BTN,terrestrial,12394.863,69
2017,BTN,total,12518.9916,69
2017,BWA,terrestrial,421.422779,2
2017,BWA,total,421.422779,2
2017,CAF,terrestrial,1081.73246,7
2017,CAF,total,1081.73246,7
2017,CAN,satellite,1174501.25,3014
2017,CAN,terrestrial,2637295.85,3479
2017,CAN,total,3811797.1,3557
2017,CCK,terrestrial,39.3575816,2
2017,CCK,total,39.3575816,2
2017,CHE,satellite,320735.476,218
2017,CHE,terrestrial,795478.833,663
2017,CHE,total,1116214.31,664
2017,CHL,satellite,898023.509,469
2017,CHL,terrestrial,442180.892,446
2017,CHL,total,1340204.4,484
2017,CHN,satellite,3364424.51,7657
2017,CHN,terrestrial,84485516,98679
2017,CHN,total,87849940.5,98849
2017,CIV,satellite,5130.6816,7
2017,CIV,terrestrial,11587.1382,8
2017,CIV,total,16717.8198,8
2017,CMR,satellite,29936.735,41
2017,CMR,terrestrial,68219.0798,45
2017,CMR,total,98155.8147,45
2017,COD,satellite,6951.02262,68
2017,COD,terrestrial,21911.2377,77
2017,COD,total,28862.2603,78
2017,COG,satellite,1912.22715,5
2017,COG,terrestrial,3580.87258,8
2017,COG,total,5493.09973,8
2017,COK,satellite,191243.989,269
2017,COK,terrestrial,638347.698,361
2017,COK,total,829591.687,371
2017,COL,satellite,89472.123,179
2017,COL,terrestrial,130890.181,187
2017,COL,total,220362.304,193
2017,COM,satellite,117083.794,205
2017,COM,terrestrial,314581.673,223
2017,COM,total,431665.467,225
2017,CPV,satellite,25535.6893,30
2017,CPV,terrestrial,47886.7207,33
2017,CPV,total,73422.41,33
2017,CRI,satellite,59.0515331,1
2017,CRI,terrestrial,53.7753904,2
2017,CRI,total,112.826923,2
2017,CUB,satellite,12343.1238,27
2017,CUB,terrestrial,852.526832,14
2017,CUB,total,13195.6506,27
2017,CUW,satellite,716599.518,63
2017,CUW,terrestrial,498477.87,65
2017,CUW,total,1215077.39,65
2017,CXR,satellite,615.33846,2
2017,CXR,terrestrial,889.606473,10
2017,CXR,total,1504.94493,10
2017,CYM,satellite,1926487.76,955
2017,CYM,terrestrial,4055833.36,1283
2017,CYM,total,5982321.12,1286
2017,CYP,satellite,5454810.43,947
2017,CYP,terrestrial,5550667.57,1139
2017,CYP,total,11005478,1144
2017,CZE,satellite,1502.67152,10
2017,CZE,terrestrial,27503.0065,74
2017,CZE,total,29005.678,75
2017,DEU,satellite,17121933,2929
2017,DEU,terrestrial,21957211.1,9831
2017,DEU,total,39079144,9839
2017,DIS,satellite,95.3977521,2
2017,DIS,terrestrial,4672.05673,2
2017,DIS,total,4767.45448,2
2017,DJI,satellite,12804.3032,25
2017,DJI,terrestrial,15991.3899,26
2017,DJI,total,28795.6931,27
2017,DMA,satellite,63014.4521,121
2017,DMA,terrestrial,409386.529,166
2017,DMA,total,472400.981,168
2017,DNK,satellite,4990306.72,929
2017,DNK,terrestrial,6659199.88,3138
2017,DNK,total,11649506.6,3138
2017,DOM,satellite,5218.63894,25
2017,DOM,terrestrial,7978.62315,27
2017,DOM,total,13197.2621,27
2017,DZA,satellite,121127.182,66
2017,DZA,terrestrial,346531.764,85
2017,DZA,total,467658.946,90
2017,ECU,satellite,464698.101,334
2017,ECU,terrestrial,194828.5,153
2017,ECU,total,659526.601,336
2017,EGY,satellite,90617.4671,127
2017,EGY,terrestrial,195892.697,140
2017,EGY,total,286510.164,140
2017,ERI,satellite,373.51046,1
2017,ERI,terrestrial,539.884205,4
2017,ERI,total,913.394665,4
2017,ESP,satellite,1234072.1,2401
2017,ESP,terrestrial,3367222.79,4767
2017,ESP,total,4601294.89,4778
2017,EST,satellite,45762.3483,135
2017,EST,terrestrial,617723.472,248
2017,EST,total,663485.82,248
2017,ETH,satellite,35570.8533,11
2017,ETH,terrestrial,76484.6533,11
2017,ETH,total,112055.507,11
2017,FIN,satellite,64478.0208,480
2017,FIN,terrestrial,2948856.33,1195
2017,FIN,total,3013334.35,1195
2017,FJI,satellite,91969.4777,90
2017,FJI,terrestrial,36136.63,123
2017,FJI,total,128106.108,132
2017,FLK,satellite,80623.3382,33
2017,FLK,terrestrial,18533.1378,31
2017,FLK,total,99156.4761,33
2017,FRA,satellite,1837456.04,2166
2017,FRA,terrestrial,5422108.37,8165
2017,FRA,total,7259564.41,8187
2017,FRO,satellite,250185.472,214
2017,FRO,terrestrial,547036.392,286
2017,FRO,total,797221.864,287
2017,FSM,satellite,113151.392,141
2017,FSM,terrestrial,64678.1838,151
2017,FSM,total,177829.576,167
2017,GAB,satellite,37907.0356,8
2017,GAB,terrestrial,2496.02888,10
2017,GAB,total,40403.0645,10
2017,GBR,satellite,4898311.27,2997
2017,GBR,terrestrial,12256550.3,13118
2017,GBR,total,17154861.6,13142
2017,GEO,satellite,939.162686,16
2017,GEO,terrestrial,55249.4089,79
2017,GEO,total,56188.5716,79
2017,GGY,satellite,209.00507,1
2017,GGY,terrestrial,4425.06828,1
2017,GGY,total,4634.07335,1
2017,GHA,satellite,79019.6499,103
2017,GHA,terrestrial,33523.821,107
2017,GHA,total,112543.471,110
2017,GIB,satellite,513682.173,289
2017,GIB,terrestrial,1378924.94,402
2017,GIB,total,1892607.11,403
2017,GIN,satellite,103.833805,1
2017,GIN,terrestrial,99.3554375,2
2017,GIN,total,203.189243,2
2017,GLP,satellite,5087.4564,41
2017,GLP,terrestrial,50061.6875,71
2017,GLP,total,55149.1439,71
2017,GMB,satellite,1934.06979,3
2017,GMB,terrestrial,2854.27822,5
2017,GMB,total,4788.34801,5
2017,GNB,satellite,9901.64408,7
2017,GNB,terrestrial,1938.63461,7
2017,GNB,total,11840.2787,7
2017,GNQ,satellite,7130.81966,14
2017,GNQ,terrestrial,19887.0378,39
2017,GNQ,total,27017.8575,39
2017,GRC,satellite,9425048.91,1334
2017,GRC,terrestrial,10252495.3,1720
2017,GRC,total,19677544.2,1724
2017,GRD,satellite,35.6008136,2
2017,GRD,terrestrial,3601.62687,9
2017,GRD,total,3637.22768,9
2017,GRL,satellite,121417.875,59
2017,GRL,terrestrial,50964.0065,67
2017,GRL,total,172381.881,67
2017,GTM,satellite,3304.53087,6
2017,GTM,terrestrial,6318.48934,13
2017,GTM,total,9623.02021,13
2017,GUF,satellite,975.168446,4
2017,GUF,terrestrial,566.773533,6
2017,GUF,total,1541.94198,8
2017,GUY,satellite,682.355186,8
2017,GUY,terrestrial,702.446097,5
2017,GUY,total,1384.80128,9
2017,HKG,satellite,28539529.5,2575
2017,HKG,terrestrial,19323435.4,3175
2017,HKG,total,47862964.9,3180
2017,HND,satellite,5194.95652,22
2017,HND,terrestrial,38798.991,35
2017,HND,total,43993.9476,35
2017,HRV,satellite,203598.116,311
2017,HRV,terrestrial,1026853.64,614
2017,HRV,total,1230451.76,614
2017,HTI,satellite,14.3708488,2
2017,HTI,terrestrial,1220.60122,5
2017,HTI,total,1234.97207,6
2017,HUN,satellite,515.738155,4
2017,HUN,terrestrial,35622.161,53
2017,HUN,total,36137.8991,53
2017,IDN,satellite,4404793.86,2670
2017,IDN,terrestrial,2428238.09,2869
2017,IDN,total,6833031.94,3025
2017,IMN,satellite,3895699.36,402
2017,IMN,terrestrial,3089823.38,413
2017,IMN,total,6985522.74,413
2017,IND,satellite,1949406.25,1460
2017,IND,terrestrial,2878039.14,1672
2017,IND,total,4827445.39,1739
2017,IRL,satellite,60665.4433,301
2017,IRL,terrestrial,484278.483,656
2017,IRL,total,544943.927,656
2017,IRN,satellite,575469.24,390
2017,IRN,terrestrial,1074774.44,464
2017,IRN,total,1650243.68,465
2017,IRQ,satellite,418.708319,15
2017,IRQ,terrestrial,21217.1224,33
2017,IRQ,total,21635.8307,33
2017,ISL,satellite,430184.303,1456
2017,ISL,terrestrial,839446.136,1486
2017,ISL,total,1269630.44,1487
2017,ISR,satellite,167885.976,41
2017,ISR,terrestrial,236774.357,155
2017,ISR,total,404660.333,155
2017,ITA,satellite,2258491.08,2068
2017,ITA,terrestrial,9581786.27,3991
2017,ITA,total,11840277.4,3991
2017,JAM,satellite,45525.9424,135
2017,JAM,terrestrial,341715.656,187
2017,JAM,total,387241.598,189
2017,JEY,satellite,3171.21737,11
2017,JEY,terrestrial,18981.2065,14
2017,JEY,total,22152.4239,14
2017,JOR,satellite,10990.4966,40
2017,JOR,terrestrial,85585.0653,56
2017,JOR,total,96575.5619,56
2017,JPN,satellite,7300375.83,4400
2017,JPN,terrestrial,17326872.4,5710
2017,JPN,total,24627248.2,5728
2017,KAZ,satellite,679.245543,8
2017,KAZ,terrestrial,2488.67196,9
2017,KAZ,total,3167.9175,11
2017,KEN,satellite,5825.28852,7
2017,KEN,terrestrial,13479.0013,8
2017,KEN,total,19304.2898,8
2017,KGZ,terrestrial,693.351593,5
2017,KGZ,total,693.351593,5
2017,KHM,satellite,13253.5779,43
2017,KHM,terrestrial,21270.7867,57
2017,KHM,total,34524.3646,62
2017,KIR,satellite,160425.079,95
2017,KIR,terrestrial,117574.809,120
2017,KIR,total,277999.887,124
2017,KNA,satellite,199112.786,226
2017,KNA,terrestrial,393570.962,257
2017,KNA,total,592683.748,262
2017,KOR,satellite,2230300.24,2164
2017,KOR,terrestrial,6884115.77,6330
2017,KOR,total,9114416.01,6365
2017,KWT,satellite,443045.656,88
2017,KWT,terrestrial,550635.76,98
2017,KWT,total,993681.416,98
2017,LAO,satellite,7.69641719,1
2017,LAO,terrestrial,86.5644173,1
2017,LAO,total,94.2608345,1
2017,LBN,satellite,73036.3464,32
2017,LBN,terrestrial,124559.469,61
2017,LBN,total,197595.816,61
2017,LBR,satellite,34446157.5,3106
2017,LBR,terrestrial,25853391.1,3111
2017,LBR,total,60299548.5,3207
2017,LBY,satellite,112357.787,30
2017,LBY,terrestrial,282058.613,42
2017,LBY,total,394416.4,43
2017,LCA,satellite,92.0399789,1
2017,LCA,terrestrial,32.4753501,2
2017,LCA,total,124.515329,2
2017,LIE,satellite,0.115959548,1
2017,LIE,terrestrial,452.631442,5
2017,LIE,total,452.747401,5
2017,LKA,satellite,95263.8939,192
2017,LKA,terrestrial,131024.209,178
2017,LKA,total,226288.103,209
2017,LSO,satellite,0.126450121,1
2017,LSO,terrestrial,4047.83472,12
2017,LSO,total,4047.96117,12
2017,LTU,satellite,66082.1736,49
2017,LTU,terrestrial,284415.36,126
2017,LTU,total,350497.533,126
2017,LUX,satellite,474990.93,156
2017,LUX,terrestrial,799547.933,242
2017,LUX,total,1274538.86,242
2017,LVA,satellite,27618.4396,92
2017,LVA,terrestrial,276561.598,188
2017,LVA,total,304180.037,188
2017,MAC,satellite,1.11693901,1
2017,MAC,terrestrial,21505.9938,22
2017,MAC,total,21507.1108,22
2017,MAR,satellite,135328.738,121
2017,MAR,terrestrial,180067.198,126
2017,MAR,total,315395.935,127
2017,MCO,satellite,1930.30362,6
2017,MCO,terrestrial,64794.3628,66
2017,MCO,total,66724.6664,66
2017,MDA,satellite,31554.3291,110
2017,MDA,terrestrial,163087.089,156
2017,MDA,total,194641.418,156
2017,MDG,satellite,8970.76018,9
2017,MDG,terrestrial,5538.31709,10
2017,MDG,total,14509.0773,11
2017,MDV,satellite,21891.4411,31
2017,MDV,terrestrial,24761.628,38
2017,MDV,total,46653.0691,40
2017,MEX,satellite,619598.014,532
2017,MEX,terrestrial,561801.339,526
2017,MEX,total,1181399.35,542
2017,MHL,satellite,34281411.1,3752
2017,MHL,terrestrial,24986789.3,3780
2017,MHL,total,59268200.4,3933
2017,MKD,satellite,59.557321,3
2017,MKD,terrestrial,2766.98284,5
2017,MKD,total,2826.54016,5
2017,MLT,satellite,15834821.2,2436
2017,MLT,terrestrial,17519366.9,3211
2017,MLT,total,33354188.2,3213
2017,MMR,satellite,11300.1511,22
2017,MMR,terrestrial,18559.1125,18
2017,MMR,total,29859.2636,24
2017,MNE,satellite,26614.623200000002,6
2017,MNE,terrestrial,17487.3598,34
2017,MNE,total,44101.9829,34
2017,MNG,satellite,49763.7053,180
2017,MNG,terrestrial,312757.991,270
2017,MNG,total,362521.697,274
2017,MNP,satellite,310.653726,3
2017,MNP,terrestrial,5821.62218,2
2017,MNP,total,6132.27591,4
2017,MOZ,satellite,30731.3803,22
2017,MOZ,terrestrial,4869.27223,25
2017,MOZ,total,35600.6525,25
2017,MRT,satellite,7908.79382,12
2017,MRT,terrestrial,5056.3727,19
2017,MRT,total,12965.1665,19
2017,MSR,terrestrial,8154.2208,9
2017,MSR,total,8154.2208,9
2017,MTQ,satellite,3897.54969,80
2017,MTQ,terrestrial,113749.71,109
2017,MTQ,total,117647.26,109
2017,MUS,satellite,49355.6863,108
2017,MUS,terrestrial,70656.048,113
2017,MUS,total,120011.734,113
2017,MWI,terrestrial,1319.17404,12
2017,MWI,total,1319.17404,12
2017,MYS,satellite,1604605.53,1216
2017,MYS,terrestrial,1904058.22,1850
2017,MYS,total,3508663.75,1914
2017,NAM,satellite,100194.071,73
2017,NAM,terrestrial,43397.7342,74
2017,NAM,total,143591.805,74
2017,NCL,satellite,16305.0889,77
2017,NCL,terrestrial,49147.9912,87
2017,NCL,total,65453.0801,87
2017,NER,satellite,56.4895657,2
2017,NER,terrestrial,1394.16688,5
2017,NER,total,1450.65644,5
2017,NGA,satellite,568701.582,561
2017,NGA,terrestrial,234485.732,545
2017,NGA,total,803187.314,569
2017,NIC,satellite,5456.65676,4
2017,NIC,terrestrial,1876.77242,8
2017,NIC,total,7333.42918,8
2017,NIS,satellite,4726.17922,4
2017,NIS,terrestrial,5136.3545,4
2017,NIS,total,9862.53372,4
2017,NIU,satellite,21122.012,68
2017,NIU,terrestrial,69808.7138,85
2017,NIU,total,90930.7258,86
2017,NLD,satellite,1717650.19,1981
2017,NLD,terrestrial,15646133.1,13154
2017,NLD,total,17363783.3,13158
2017,NOR,satellite,4913391.09,4785
2017,NOR,terrestrial,12948109.9,8239
2017,NOR,total,17861501,8246
2017,NPL,satellite,566.763934,1
2017,NPL,terrestrial,4516.50852,2
2017,NPL,total,5083.27245,2
2017,NRU,satellite,5154.16254,3
2017,NRU,terrestrial,216.194978,3
2017,NRU,total,5370.35752,4
2017,NZL,satellite,545576.226,858
2017,NZL,terrestrial,620771.32,945
2017,NZL,total,1166347.55,957
2017,OMN,satellite,23889.5928,37
2017,OMN,terrestrial,37507.8668,43
2017,OMN,total,61397.4596,45
2017,PAK,satellite,56163.8749,23
2017,PAK,terrestrial,126263.939,24
2017,PAK,total,182427.814,24
2017,PAN,satellite,54137934.3,6785
2017,PAN,terrestrial,36355456,6957
2017,PAN,total,90493390.3,7028
2017,PCN,satellite,75.6815433,2
2017,PCN,terrestrial,15778.5701,29
2017,PCN,total,15854.2517,29
2017,PER,satellite,253343.616,165
2017,PER,terrestrial,118224.384,151
2017,PER,total,371568,172
2017,PHL,satellite,1011125.65,609
2017,PHL,terrestrial,1034456.08,602
2017,PHL,total,2045581.72,649
2017,PLW,satellite,134531.587,218
2017,PLW,terrestrial,344608.672,278
2017,PLW,total,479140.259,279
2017,PNG,satellite,204309.878,107
2017,PNG,terrestrial,61447.6599,97
2017,PNG,total,265757.538,112
2017,POL,satellite,26345.4432,151
2017,POL,terrestrial,572125.2,922
2017,POL,total,598470.643,922
2017,PRI,satellite,21.6707549,2
2017,PRI,terrestrial,2099.2411,6
2017,PRI,total,2120.91186,6
2017,PRK,satellite,1309.30592,123
2017,PRK,terrestrial,53668.3164,178
2017,PRK,total,54977.6224,180
2017,PRT,satellite,3387301.68,996
2017,PRT,terrestrial,3708714.43,1270
2017,PRT,total,7096016.12,1273
2017,PRY,satellite,63857.3954,90
2017,PRY,terrestrial,22473.4866,91
2017,PRY,total,86330.882,91
2017,PSE,satellite,36.2716401,2
2017,PSE,terrestrial,1531.99748,7
2017,PSE,total,1568.26912,7
2017,PYF,satellite,14029.8607,27
2017,PYF,terrestrial,13786.5544,35
2017,PYF,total,27816.4151,35
2017,QAT,satellite,154129.883,185
2017,QAT,terrestrial,491084.151,429
2017,QAT,total,645214.035,429
2017,REU,satellite,12875.5989,40
2017,REU,terrestrial,27645.7588,47
2017,REU,total,40521.3577,48
2017,ROU,satellite,747.307872,179
2017,ROU,terrestrial,181479.661,288
2017,ROU,total,182226.969,288
2017,RUS,satellite,4756034.51,2838
2017,RUS,terrestrial,4776361.91,3273
2017,RUS,total,9532396.42,3530
2017,RWA,terrestrial,32.4411415,1
2017,RWA,total,32.4411415,1
2017,SAU,satellite,1236242.46,459
2017,SAU,terrestrial,1304534.45,660
2017,SAU,total,2540776.91,664
2017,SEN,satellite,38302.2476,49
2017,SEN,terrestrial,43778.1596,55
2017,SEN,total,82080.4072,55
2017,SGP,satellite,24294511.3,3307
2017,SGP,terrestrial,20652100.7,4868
2017,SGP,total,44946612,4879
2017,SHN,satellite,3264.87532,10
2017,SHN,terrestrial,3520.03736,20
2017,SHN,total,6784.91268,20
2017,SLB,satellite,18665.1813,10
2017,SLB,terrestrial,3636.07318,14
2017,SLB,total,22301.2545,14
2017,SLE,satellite,70623.2582,276
2017,SLE,terrestrial,445944.503,377
2017,SLE,total,516567.762,379
2017,SLV,satellite,14781.6853,7
2017,SLV,terrestrial,2439.60512,6
2017,SLV,total,17221.2904,7
2017,SMR,terrestrial,2116.49692,6
2017,SMR,total,2116.49692,6
2017,SOM,satellite,835.730454,8
2017,SOM,terrestrial,5896.64961,27
2017,SOM,total,6732.38006,27
2017,SPM,satellite,868.364777,9
2017,SPM,terrestrial,6666.90855,12
2017,SPM,total,7535.27333,12
2017,SRB,satellite,5.35249287,9
2017,SRB,terrestrial,6299.5355,29
2017,SRB,total,6304.88799,29
2017,STP,satellite,4529.86696,8
2017,STP,terrestrial,8529.09203,18
2017,STP,total,13058.959,19
2017,SUR,satellite,419.894801,1
2017,SUR,terrestrial,659.234839,5
2017,SUR,total,1079.12964,5
2017,SVK,satellite,57.3685305,13
2017,SVK,terrestrial,27140.8492,46
2017,SVK,total,27198.2178,46
2017,SVN,satellite,130.881409,8
2017,SVN,terrestrial,33255.0966,68
2017,SVN,total,33385.978,68
2017,SWE,satellite,350210.583,753
2017,SWE,terrestrial,6023991.69,5159
2017,SWE,total,6374202.28,5160
2017,SWZ,satellite,53.104069,1
2017,SWZ,terrestrial,117.056062,5
2017,SWZ,total,170.160131,5
2017,SYC,satellite,62380.1109,73
2017,SYC,terrestrial,33076.378,78
2017,SYC,total,95456.4889,84
2017,SYR,satellite,205.768052,4
2017,SYR,terrestrial,6482.79243,4
2017,SYR,total,6688.56048,5
2017,TCA,satellite,70.071881,3
2017,TCA,terrestrial,2200.2568,5
2017,TCA,total,2270.32868,5
2017,TGO,satellite,130333.22,349
2017,TGO,terrestrial,492291.039,384
2017,TGO,total,622624.26,388
2017,THA,satellite,379577.342,424
2017,THA,terrestrial,1537945.62,677
2017,THA,total,1917522.96,685
2017,TJK,terrestrial,7768.26146,4
2017,TJK,total,7768.26146,4
2017,TKM,satellite,184.965403,1
2017,TKM,terrestrial,404.519913,4
2017,TKM,total,589.485316,4
2017,TON,satellite,17474.422,5
2017,TON,terrestrial,1868.49532,5
2017,TON,total,19342.9174,5
2017,TTO,satellite,31503.9677,56
2017,TTO,terrestrial,83123.2819,59
2017,TTO,total,114627.25,59
2017,TUN,satellite,12726.6134,32
2017,TUN,terrestrial,188685.165,40
2017,TUN,total,201411.779,40
2017,TUR,satellite,637514.241,748
2017,TUR,terrestrial,7684779.73,4174
2017,TUR,total,8322293.97,4177
2017,TUV,satellite,317359.284,181
2017,TUV,terrestrial,341614.282,214
2017,TUV,total,658973.567,215
2017,TWN,satellite,1970529.97,932
2017,TWN,terrestrial,1532637,2258
2017,TWN,total,3503166.97,2444
2017,TZA,satellite,102714.227,226
2017,TZA,terrestrial,243640.593,268
2017,TZA,total,346354.82,270
2017,UGA,satellite,727.667505,1
2017,UGA,terrestrial,35.9475205,1
2017,UGA,total,763.615026,1
2017,UKR,satellite,16793.7204,148
2017,UKR,terrestrial,409006.744,392
2017,UKR,total,425800.465,392
2017,UNK,satellite,285.317367,6
2017,UNK,terrestrial,1011.0693,6
2017,UNK,total,1296.38667,8
2017,URY,satellite,125501.965,208
2017,URY,terrestrial,288174.725,227
2017,URY,total,413676.69,228
2017,USA,satellite,7406557.22,15473
2017,USA,terrestrial,19541326.2,24214
2017,USA,total,26947883.4,24403
2017,UZB,terrestrial,232.865278,2
2017,UZB,total,232.865278,2
2017,VAT,terrestrial,135.53417,3
2017,VAT,total,135.53417,3
2017,VCT,satellite,560808.054,747
2017,VCT,terrestrial,1040550.83,863
2017,VCT,total,1601358.88,872
2017,VEN,satellite,239867.6,248
2017,VEN,terrestrial,359750.258,234
2017,VEN,total,599617.859,251
2017,VGB,satellite,56117.2618,222
2017,VGB,terrestrial,527127.187,452
2017,VGB,total,583244.449,454
2017,VNM,satellite,231145.366,381
2017,VNM,terrestrial,418882.288,911
2017,VNM,total,650027.654,960
2017,VUT,satellite,530387.799,388
2017,VUT,terrestrial,337702.788,393
2017,VUT,total,868090.587,419
2017,WLF,satellite,82.0149914,3
2017,WLF,terrestrial,1382.46744,5
2017,WLF,total,1464.48243,6
2017,WSM,satellite,5318.10787,6
2017,WSM,terrestrial,2439.77926,9
2017,WSM,total,7757.88713,10
2017,YEM,satellite,518.014855,6
2017,YEM,terrestrial,6730.4382,17
2017,YEM,total,7248.45305,19
2017,ZAF,satellite,303019.677,514
2017,ZAF,terrestrial,237425.145,545
2017,ZAF,total,540444.821,552
2017,ZMB,satellite,28.3721632,1
2017,ZMB,terrestrial,739.015863,3
2017,ZMB,total,767.388027,3
2017,NA,satellite,421237.347,1558
2017,NA,terrestrial,7716604.05,19582
2017,NA,total,8137841.39,19666
2018,ABW,satellite,552.066268,3
2018,ABW,terrestrial,793.752343,3
2018,ABW,total,1345.81861,3
2018,AFG,satellite,299.393002,4
2018,AFG,terrestrial,1252.38424,10
2018,AFG,total,1551.77725,12
2018,AGO,satellite,60414.0483,61
2018,AGO,terrestrial,26573.4441,62
2018,AGO,total,86987.4925,63
2018,AIA,satellite,17.8474032,5
2018,AIA,terrestrial,3046.66789,9
2018,AIA,total,3064.51529,9
2018,ALB,satellite,5149.62516,93
2018,ALB,terrestrial,62569.2907,207
2018,ALB,total,67718.9158,209
2018,AND,satellite,5.31574383,3
2018,AND,terrestrial,787.444225,5
2018,AND,total,792.759969,5
2018,ANT,satellite,17342.8515,2
2018,ANT,terrestrial,8038.04875,2
2018,ANT,total,25380.9003,2
2018,ARE,satellite,167707.088,500
2018,ARE,terrestrial,627025.207,522
2018,ARE,total,794732.294,530
2018,ARG,satellite,731652.621,656
2018,ARG,terrestrial,381245.744,634
2018,ARG,total,1112898.36,667
2018,ARM,satellite,2.72564174,3
2018,ARM,terrestrial,263.306148,8
2018,ARM,total,266.03179,8
2018,ATF,satellite,43484.8624,36
2018,ATF,terrestrial,15837.0779,43
2018,ATF,total,59321.9404,44
2018,ATG,satellite,829335.355,347
2018,ATG,terrestrial,1217405.33,364
2018,ATG,total,2046740.69,364
2018,AUS,satellite,2301776.27,5167
2018,AUS,terrestrial,4004946.51,5534
2018,AUS,total,6306722.78,5575
2018,AUT,satellite,8891.68915,74
2018,AUT,terrestrial,103588.722,314
2018,AUT,total,112480.411,314
2018,AZE,satellite,1807.99392,17
2018,AZE,terrestrial,37158.3333,42
2018,AZE,total,38966.3272,42
2018,BDI,satellite,1.50816774,1
2018,BDI,terrestrial,109.644141,1
2018,BDI,total,111.152308,1
2018,BEL,satellite,1053622.22,1121
2018,BEL,terrestrial,2779099.18,2475
2018,BEL,total,3832721.4,2476
2018,BEN,satellite,443.578202,2
2018,BEN,terrestrial,6908.82169,4
2018,BEN,total,7352.39989,4
2018,BES,satellite,21168.0784,43
2018,BES,terrestrial,76174.547,55
2018,BES,total,97342.6253,55
2018,BFA,terrestrial,707.314078,2
2018,BFA,total,707.314078,2
2018,BGD,satellite,135935.021,58
2018,BGD,terrestrial,76855.9221,61
2018,BGD,total,212790.943,65
2018,BGR,satellite,5001.02442,100
2018,BGR,terrestrial,225736.134,307
2018,BGR,total,230737.158,307
2018,BHR,satellite,62324.5629,508
2018,BHR,terrestrial,1498229.62,2612
2018,BHR,total,1560554.18,2612
2018,BHS,satellite,18954274,1377
2018,BHS,terrestrial,13193354.6,1412
2018,BHS,total,32147628.6,1415
2018,BIH,satellite,4.85219941,4
2018,BIH,terrestrial,1589.11828,7
2018,BIH,total,1593.97048,7
2018,BLR,terrestrial,471.93068,1
2018,BLR,total,471.93068,1
2018,BLZ,satellite,299737.095,471
2018,BLZ,terrestrial,757982.623,562
2018,BLZ,total,1057719.72,566
2018,BMU,satellite,6132395.23,255
2018,BMU,terrestrial,2267179.9,292
2018,BMU,total,8399575.13,293
2018,BOL,satellite,12008.6202,19
2018,BOL,terrestrial,7337.50296,22
2018,BOL,total,19346.123200000002,22
2018,BRA,satellite,1458127.21,1148
2018,BRA,terrestrial,1363094.06,1189
2018,BRA,total,2821221.26,1197
2018,BRB,satellite,239734.747,129
2018,BRB,terrestrial,336898.069,143
2018,BRB,total,576632.816,143
2018,BRN,satellite,291191.972,48
2018,BRN,terrestrial,158969.447,50
2018,BRN,total,450161.419,50
2018,BTN,satellite,622.231289,19
2018,BTN,terrestrial,11525.4645,79
2018,BTN,total,12147.6958,79
2018,BWA,terrestrial,660.390198,3
2018,BWA,total,660.390198,3
2018,CAF,satellite,4.28163667,4
2018,CAF,terrestrial,3301.88511,19
2018,CAF,total,3306.16675,19
2018,CAN,satellite,1519886.58,3628
2018,CAN,terrestrial,2923201.55,4032
2018,CAN,total,4443088.13,4133
2018,CCK,terrestrial,65.1922725,2
2018,CCK,total,65.1922725,2
2018,CHE,satellite,252173.413,331
2018,CHE,terrestrial,821903.238,724
2018,CHE,total,1074076.65,725
2018,CHL,satellite,1030953.83,504
2018,CHL,terrestrial,428980.814,499
2018,CHL,total,1459934.65,519
2018,CHN,satellite,4136602.32,40548
2018,CHN,terrestrial,87898724.1,103980
2018,CHN,total,92035326.4,104077
2018,CIV,satellite,5622.21089,7
2018,CIV,terrestrial,5105.43898,8
2018,CIV,total,10727.6499,8
2018,CMR,satellite,41614.515,50
2018,CMR,terrestrial,63570.0877,57
2018,CMR,total,105184.603,57
2018,COD,satellite,9547.62442,9
2018,COD,terrestrial,2180.08284,11
2018,COD,total,11727.7073,11
2018,COG,satellite,5395.78444,9
2018,COG,terrestrial,12697.741,16
2018,COG,total,18093.5255,16
2018,COK,satellite,234287.446,304
2018,COK,terrestrial,734399.67,414
2018,COK,total,968687.116,420
2018,COL,satellite,96733.744,205
2018,COL,terrestrial,131200.871,213
2018,COL,total,227934.615,216
2018,COM,satellite,138644.881,218
2018,COM,terrestrial,307974.17,238
2018,COM,total,446619.051,242
2018,CPV,satellite,33675.0366,32
2018,CPV,terrestrial,44156.6366,35
2018,CPV,total,77831.6732,35
2018,CRI,satellite,3690.5988,5
2018,CRI,terrestrial,2477.21654,8
2018,CRI,total,6167.81534,9
2018,CUB,satellite,13047.9814,31
2018,CUB,terrestrial,496.810138,19
2018,CUB,total,13544.7916,33
2018,CUW,satellite,703099.492,71
2018,CUW,terrestrial,548807.184,71
2018,CUW,total,1251906.68,71
2018,CXR,satellite,973.890194,4
2018,CXR,terrestrial,2200.98801,9
2018,CXR,total,3174.8782,9
2018,CYM,satellite,1990974.96,1065
2018,CYM,terrestrial,4213958.38,1337
2018,CYM,total,6204933.35,1338
2018,CYP,satellite,5848140.29,994
2018,CYP,terrestrial,5438880.88,1159
2018,CYP,total,11287021.2,1162
2018,CZE,satellite,3173.80724,26
2018,CZE,terrestrial,24306.2369,72
2018,CZE,total,27480.0442,72
2018,DEU,satellite,19027805,4655
2018,DEU,terrestrial,22518556,10743
2018,DEU,total,41546361,10753
2018,DIS,satellite,1081.26269,2
2018,DIS,terrestrial,4243.50668,2
2018,DIS,total,5324.76936,2
2018,DJI,satellite,7186.92958,23
2018,DJI,terrestrial,10846.9142,24
2018,DJI,total,18033.8437,26
2018,DMA,satellite,102849.777,150
2018,DMA,terrestrial,494790.027,189
2018,DMA,total,597639.805,189
2018,DNK,satellite,6321656.99,1574
2018,DNK,terrestrial,7327490.96,3589
2018,DNK,total,13649148,3590
2018,DOM,satellite,5886.16891,25
2018,DOM,terrestrial,8415.09685,25
2018,DOM,total,14301.2658,25
2018,DZA,satellite,145388.582,88
2018,DZA,terrestrial,294766.213,98
2018,DZA,total,440154.795,100
2018,ECU,satellite,601430.409,396
2018,ECU,terrestrial,151830.599,238
2018,ECU,total,753261.008,399
2018,EGY,satellite,91985.5599,138
2018,EGY,terrestrial,235797.157,152
2018,EGY,total,327782.717,154
2018,ERI,satellite,480.184252,1
2018,ERI,terrestrial,449.998683,4
2018,ERI,total,930.182935,4
2018,ESP,satellite,1402289.63,2880
2018,ESP,terrestrial,3775733.76,5189
2018,ESP,total,5178023.39,5206
2018,EST,satellite,55317.5613,138
2018,EST,terrestrial,625480.536,268
2018,EST,total,680798.097,268
2018,ETH,satellite,29566.5919,10
2018,ETH,terrestrial,66639.7315,10
2018,ETH,total,96206.3233,10
2018,FIN,satellite,52010.636,535
2018,FIN,terrestrial,3085640.34,1353
2018,FIN,total,3137650.98,1353
2018,FJI,satellite,76595.5582,81
2018,FJI,terrestrial,28275.7811,90
2018,FJI,total,104871.339,93
2018,FLK,satellite,90226.2295,32
2018,FLK,terrestrial,19533.8701,32
2018,FLK,total,109760.1,33
2018,FRA,satellite,2058483.99,3466
2018,FRA,terrestrial,5893884.31,9506
2018,FRA,total,7952368.3,9525
2018,FRO,satellite,313579.402,253
2018,FRO,terrestrial,536293.01,315
2018,FRO,total,849872.412,315
2018,FSM,satellite,115173.376,61
2018,FSM,terrestrial,16613.3197,58
2018,FSM,total,131786.695,64
2018,GAB,satellite,35286.5608,10
2018,GAB,terrestrial,2153.4041,12
2018,GAB,total,37439.9649,12
2018,GBR,satellite,5082131.13,5161
2018,GBR,terrestrial,12979359.1,14723
2018,GBR,total,18061490.2,14740
2018,GEO,satellite,9094.87445,39
2018,GEO,terrestrial,71957.3373,106
2018,GEO,total,81052.2118,107
2018,GGY,satellite,314.761477,1
2018,GGY,terrestrial,3611.91401,1
2018,GGY,total,3926.67549,1
2018,GHA,satellite,105348.727,101
2018,GHA,terrestrial,47928.6593,101
2018,GHA,total,153277.387,110
2018,GIB,satellite,439840.827,295
2018,GIB,terrestrial,1215942.58,406
2018,GIB,total,1655783.41,407
2018,GIN,satellite,2175.45435,4
2018,GIN,terrestrial,1288.83737,6
2018,GIN,total,3464.29173,6
2018,GLP,satellite,6346.95971,62
2018,GLP,terrestrial,66648.2111,88
2018,GLP,total,72995.1708,88
2018,GMB,satellite,3445.96886,9
2018,GMB,terrestrial,4444.12251,12
2018,GMB,total,7890.09137,12
2018,GNB,satellite,26092.0604,18
2018,GNB,terrestrial,8092.78272,18
2018,GNB,total,34184.8432,18
2018,GNQ,satellite,5580.80639,38
2018,GNQ,terrestrial,34539.9004,69
2018,GNQ,total,40120.7067,69
2018,GRC,satellite,9429725.44,1430
2018,GRC,terrestrial,9625382.2,1771
2018,GRC,total,19055107.6,1772
2018,GRD,satellite,398.711769,5
2018,GRD,terrestrial,8258.4574,12
2018,GRD,total,8657.16916,12
2018,GRL,satellite,128718.724,70
2018,GRL,terrestrial,58867.5097,77
2018,GRL,total,187586.233,77
2018,GTM,satellite,3199.25028,7
2018,GTM,terrestrial,4171.55433,12
2018,GTM,total,7370.80461,12
2018,GUF,satellite,2580.37044,9
2018,GUF,terrestrial,945.234054,9
2018,GUF,total,3525.6045,10
2018,GUY,satellite,5043.6046,10
2018,GUY,terrestrial,1159.89667,7
2018,GUY,total,6203.50127,10
2018,HKG,satellite,30581940.6,2951
2018,HKG,terrestrial,19670367.1,3424
2018,HKG,total,50252307.8,3428
2018,HND,satellite,3142.91543,24
2018,HND,terrestrial,21770.248,29
2018,HND,total,24913.1634,29
2018,HRV,satellite,177524.196,382
2018,HRV,terrestrial,1169286,691
2018,HRV,total,1346810.19,691
2018,HTI,satellite,502.512567,2
2018,HTI,terrestrial,824.254136,5
2018,HTI,total,1326.7667,5
2018,HUN,satellite,1121.74299,11
2018,HUN,terrestrial,29262.5437,57
2018,HUN,total,30384.2867,57
2018,IDN,satellite,5524912.24,3200
2018,IDN,terrestrial,2714420.42,3393
2018,IDN,total,8239332.66,3602
2018,IMN,satellite,4472208.33,425
2018,IMN,terrestrial,3090387.08,432
2018,IMN,total,7562595.41,432
2018,IND,satellite,2036237.86,1823
2018,IND,terrestrial,2835589.74,1987
2018,IND,total,4871827.59,2059
2018,IRL,satellite,85271.0579,407
2018,IRL,terrestrial,546104.758,736
2018,IRL,total,631375.816,736
2018,IRN,satellite,588145.329,610
2018,IRN,terrestrial,839013.06,838
2018,IRN,total,1427158.39,841
2018,IRQ,satellite,1486.82754,22
2018,IRQ,terrestrial,9388.23203,32
2018,IRQ,total,10875.0596,32
2018,ISL,satellite,639780.775,1418
2018,ISL,terrestrial,688713.432,1439
2018,ISL,total,1328494.21,1440
2018,ISR,satellite,154793.518,77
2018,ISR,terrestrial,221505.342,177
2018,ISR,total,376298.86,177
2018,ITA,satellite,2475779.53,2427
2018,ITA,terrestrial,9193184.86,4130
2018,ITA,total,11668964.4,4132
2018,JAM,satellite,66846.399,162
2018,JAM,terrestrial,449836.7,205
2018,JAM,total,516683.099,205
2018,JEY,satellite,2959.76915,13
2018,JEY,terrestrial,21699.6782,17
2018,JEY,total,24659.4474,17
2018,JOR,satellite,18445.2164,44
2018,JOR,terrestrial,83724.6139,53
2018,JOR,total,102169.83,53
2018,JPN,satellite,8368401.26,5214
2018,JPN,terrestrial,17426652.6,6469
2018,JPN,total,25795053.8,6494
2018,KAZ,satellite,2370.76404,12
2018,KAZ,terrestrial,2516.45372,15
2018,KAZ,total,4887.21777,15
2018,KEN,satellite,6540.02801,11
2018,KEN,terrestrial,7276.4442,12
2018,KEN,total,13816.4722,12
2018,KGZ,satellite,4.23166207,2
2018,KGZ,terrestrial,1047.99483,4
2018,KGZ,total,1052.22649,4
2018,KHM,satellite,14064.5905,35
2018,KHM,terrestrial,21911.1916,50
2018,KHM,total,35975.782,51
2018,KIR,satellite,110901.885,98
2018,KIR,terrestrial,83400.6954,102
2018,KIR,total,194302.581,106
2018,KNA,satellite,168359.885,197
2018,KNA,terrestrial,307904.942,224
2018,KNA,total,476264.827,231
2018,KOR,satellite,2218612.89,3053
2018,KOR,terrestrial,7996397.19,8190
2018,KOR,total,10215010.1,8211
2018,KWT,satellite,418567.895,85
2018,KWT,terrestrial,462033.468,100
2018,KWT,total,880601.362,100
2018,LAO,satellite,32.3736552,1
2018,LAO,terrestrial,3.74611024,1
2018,LAO,total,36.1197654,1
2018,LBN,satellite,69065.6055,41
2018,LBN,terrestrial,94603.6424,63
2018,LBN,total,163669.248,63
2018,LBR,satellite,36260319.9,3166
2018,LBR,terrestrial,24954719.8,3213
2018,LBR,total,61215039.7,3286
2018,LBY,satellite,111657.574,37
2018,LBY,terrestrial,269306.122,49
2018,LBY,total,380963.697,50
2018,LCA,satellite,43.0332562,1
2018,LCA,terrestrial,12.7596385,1
2018,LCA,total,55.7928947,2
2018,LIE,satellite,932.260618,3
2018,LIE,terrestrial,409.539867,6
2018,LIE,total,1341.80048,7
2018,LKA,satellite,126743.072,230
2018,LKA,terrestrial,135316.923,227
2018,LKA,total,262059.994,246
2018,LSO,satellite,0.798901036,1
2018,LSO,terrestrial,518.728623,2
2018,LSO,total,519.527524,2
2018,LTU,satellite,60371.7775,76
2018,LTU,terrestrial,253480.145,130
2018,LTU,total,313851.922,130
2018,LUX,satellite,338393.796,189
2018,LUX,terrestrial,614542.902,255
2018,LUX,total,952936.697,256
2018,LVA,satellite,29343.1284,124
2018,LVA,terrestrial,309221.908,199
2018,LVA,total,338565.037,199
2018,MAC,satellite,62.8390671,11
2018,MAC,terrestrial,28372.2408,46
2018,MAC,total,28435.0799,46
2018,MAR,satellite,161428.943,125
2018,MAR,terrestrial,148545.902,129
2018,MAR,total,309974.845,131
2018,MCO,satellite,356.379229,11
2018,MCO,terrestrial,70175.9122,64
2018,MCO,total,70532.2915,64
2018,MDA,satellite,28238.5011,112
2018,MDA,terrestrial,131239.585,137
2018,MDA,total,159478.086,140
2018,MDG,satellite,114126.302,58
2018,MDG,terrestrial,8275.1293,28
2018,MDG,total,122401.431,60
2018,MDV,satellite,26964.5845,31
2018,MDV,terrestrial,9687.87453,34
2018,MDV,total,36652.459,36
2018,MEX,satellite,649318.364,509
2018,MEX,terrestrial,514157.986,510
2018,MEX,total,1163476.35,519
2018,MHL,satellite,37561260.9,3874
2018,MHL,terrestrial,25195293.9,3930
2018,MHL,total,62756554.9,4023
2018,MKD,satellite,50.0961416,2
2018,MKD,terrestrial,3452.73658,3
2018,MKD,total,3502.83272,3
2018,MLT,satellite,17619503.4,2589
2018,MLT,terrestrial,17615688.5,3369
2018,MLT,total,35235191.9,3369
2018,MMR,satellite,15511.5106,24
2018,MMR,terrestrial,19603.5997,21
2018,MMR,total,35115.1103,28
2018,MNE,satellite,22343.0575,23
2018,MNE,terrestrial,27287.1243,52
2018,MNE,total,49630.1818,52
2018,MNG,satellite,54396.2193,224
2018,MNG,terrestrial,283457.66,271
2018,MNG,total,337853.88,278
2018,MNP,satellite,22.3820323,1
2018,MNP,terrestrial,4959.24181,3
2018,MNP,total,4981.62384,3
2018,MOZ,satellite,40925.4286,35
2018,MOZ,terrestrial,6381.63608,37
2018,MOZ,total,47307.0646,37
2018,MRT,satellite,13075.2407,15
2018,MRT,terrestrial,6434.89285,20
2018,MRT,total,19510.1336,23
2018,MSR,satellite,4.94372005,3
2018,MSR,terrestrial,14115.4772,10
2018,MSR,total,14120.4209,10
2018,MTQ,satellite,8050.0899,99
2018,MTQ,terrestrial,111724.327,133
2018,MTQ,total,119774.417,133
2018,MUS,satellite,56004.2919,113
2018,MUS,terrestrial,60020.4586,117
2018,MUS,total,116024.751,121
2018,MWI,satellite,2.33175866,3
2018,MWI,terrestrial,2124.69056,17
2018,MWI,total,2127.02231,17
2018,MYS,satellite,1945598.97,1296
2018,MYS,terrestrial,2041524.56,2118
2018,MYS,total,3987123.52,2155
2018,NAM,satellite,132855.055,99
2018,NAM,terrestrial,45693.7555,102
2018,NAM,total,178548.81,102
2018,NCL,satellite,20302.5936,107
2018,NCL,terrestrial,56629.8403,114
2018,NCL,total,76932.434,115
2018,NER,satellite,437.512839,2
2018,NER,terrestrial,985.158572,5
2018,NER,total,1422.67141,5
2018,NGA,satellite,658751.54,625
2018,NGA,terrestrial,234972.007,616
2018,NGA,total,893723.547,629
2018,NIC,satellite,6780.28984,8
2018,NIC,terrestrial,2956.15854,10
2018,NIC,total,9736.44839,10
2018,NIS,satellite,650.876497,2
2018,NIS,terrestrial,3612.45233,2
2018,NIS,total,4263.32883,2
2018,NIU,satellite,37087.1613,88
2018,NIU,terrestrial,89600.3547,102
2018,NIU,total,126687.516,105
2018,NLD,satellite,1738661.1,6298
2018,NLD,terrestrial,16694676.2,14173
2018,NLD,total,18433337.3,14175
2018,NOR,satellite,5496747.29,5858
2018,NOR,terrestrial,13470736.9,9069
2018,NOR,total,18967484.2,9088
2018,NPL,satellite,881.468376,2
2018,NPL,terrestrial,1636.69071,3
2018,NPL,total,2518.15909,3
2018,NRU,satellite,5422.41556,6
2018,NRU,terrestrial,2013.93167,8
2018,NRU,total,7436.34723,8
2018,NZL,satellite,661342.514,1035
2018,NZL,terrestrial,720750.851,1142
2018,NZL,total,1382093.37,1153
2018,OMN,satellite,35615.3355,53
2018,OMN,terrestrial,40344.6173,60
2018,OMN,total,75959.9529,60
2018,PAK,satellite,72761.4744,27
2018,PAK,terrestrial,100436.805,27
2018,PAK,total,173198.279,28
2018,PAN,satellite,55303600.9,6829
2018,PAN,terrestrial,34385930.7,6934
2018,PAN,total,89689531.6,7017
2018,PCN,satellite,99.1153666,10
2018,PCN,terrestrial,13171.7666,32
2018,PCN,total,13270.882,32
2018,PER,satellite,283355.712,220
2018,PER,terrestrial,159799.981,225
2018,PER,total,443155.693,227
2018,PHL,satellite,1229147.65,699
2018,PHL,terrestrial,971995.774,723
2018,PHL,total,2201143.43,746
2018,PLW,satellite,186406.614,272
2018,PLW,terrestrial,396684.212,310
2018,PLW,total,583090.826,310
2018,PNG,satellite,199009.899,115
2018,PNG,terrestrial,68068.7494,112
2018,PNG,total,267078.649,118
2018,POL,satellite,33970.2419,347
2018,POL,terrestrial,586222.542,988
2018,POL,total,620192.784,990
2018,PRI,satellite,14.6539771,3
2018,PRI,terrestrial,2369.4964,4
2018,PRI,total,2384.15038,4
2018,PRK,satellite,896.074986,59
2018,PRK,terrestrial,11695.58,88
2018,PRK,total,12591.655,91
2018,PRT,satellite,3801014.65,1120
2018,PRT,terrestrial,3984282.77,1349
2018,PRT,total,7785297.42,1351
2018,PRY,satellite,88210.8747,88
2018,PRY,terrestrial,22044.3578,88
2018,PRY,total,110255.233,88
2018,PSE,satellite,18.1804169,4
2018,PSE,terrestrial,1466.90143,8
2018,PSE,total,1485.08184,8
2018,PYF,satellite,17908.9079,39
2018,PYF,terrestrial,9876.96529,43
2018,PYF,total,27785.873200000002,43
2018,QAT,satellite,193232.817,255
2018,QAT,terrestrial,551979.303,549
2018,QAT,total,745212.12,550
2018,REU,satellite,18691.785,43
2018,REU,terrestrial,23426.258,54
2018,REU,total,42118.043,54
2018,ROU,satellite,1794.89657,227
2018,ROU,terrestrial,178186.445,296
2018,ROU,total,179981.341,297
2018,RUS,satellite,5170893.13,3136
2018,RUS,terrestrial,4890726.78,3722
2018,RUS,total,10061619.9,3886
2018,SAU,satellite,1448913.36,507
2018,SAU,terrestrial,1439400.17,1262
2018,SAU,total,2888313.53,1279
2018,SDN,satellite,48.6985365,1
2018,SDN,terrestrial,2002.87172,1
2018,SDN,total,2051.57026,1
2018,SEN,satellite,44562.6831,69
2018,SEN,terrestrial,45980.8304,73
2018,SEN,total,90543.5135,73
2018,SGP,satellite,25114138.5,3852
2018,SGP,terrestrial,20551699.5,4988
2018,SGP,total,45665838.1,5000
2018,SHN,satellite,4978.23625,12
2018,SHN,terrestrial,4521.18455,20
2018,SHN,total,9499.4208,20
2018,SLB,satellite,24347.4681,17
2018,SLB,terrestrial,1963.20292,18
2018,SLB,total,26310.671,18
2018,SLE,satellite,91228.3048,295
2018,SLE,terrestrial,422269.343,391
2018,SLE,total,513497.648,394
2018,SLV,satellite,16748.8764,8
2018,SLV,terrestrial,2340.33968,8
2018,SLV,total,19089.2161,8
2018,SMR,satellite,1.76751266,2
2018,SMR,terrestrial,1626.10165,9
2018,SMR,total,1627.86917,9
2018,SOM,satellite,3348.92284,19
2018,SOM,terrestrial,5776.01823,49
2018,SOM,total,9124.94107,49
2018,SPM,satellite,1033.00876,12
2018,SPM,terrestrial,8878.54587,14
2018,SPM,total,9911.55464,14
2018,SRB,satellite,17.8448441,18
2018,SRB,terrestrial,6252.14775,27
2018,SRB,total,6269.99259,27
2018,SSD,terrestrial,689.274249,2
2018,SSD,total,689.274249,2
2018,STP,satellite,3920.01868,11
2018,STP,terrestrial,7355.35836,23
2018,STP,total,11275.377,23
2018,SUR,satellite,553.039546,4
2018,SUR,terrestrial,151.943874,4
2018,SUR,total,704.98342,4
2018,SVK,satellite,80.1588624,26
2018,SVK,terrestrial,34689.1702,70
2018,SVK,total,34769.329,70
2018,SVN,satellite,675.982523,12
2018,SVN,terrestrial,31389.4303,77
2018,SVN,total,32065.4129,77
2018,SWE,satellite,406187.52,1367
2018,SWE,terrestrial,6197297.05,5657
2018,SWE,total,6603484.57,5660
2018,SWZ,terrestrial,233.024046,4
2018,SWZ,total,233.024046,4
2018,SYC,satellite,104313.238,91
2018,SYC,terrestrial,24616.8335,76
2018,SYC,total,128930.072,99
2018,SYR,satellite,1179.5287,6
2018,SYR,terrestrial,5931.79091,7
2018,SYR,total,7111.31961,7
2018,TCA,satellite,166.454468,3
2018,TCA,terrestrial,2210.58917,6
2018,TCA,total,2377.04364,6
2018,TCD,satellite,575.366591,1
2018,TCD,total,575.366591,1
2018,TGO,satellite,150669.738,343
2018,TGO,terrestrial,450779.516,374
2018,TGO,total,601449.254,376
2018,THA,satellite,478156.885,481
2018,THA,terrestrial,1546310.75,752
2018,THA,total,2024467.64,753
2018,TJK,satellite,16.3512168,3
2018,TJK,terrestrial,7589.13889,4
2018,TJK,total,7605.49011,4
2018,TKM,terrestrial,38.0784654,1
2018,TKM,total,38.0784654,1
2018,TON,satellite,19723.7312,7
2018,TON,terrestrial,2131.97559,7
2018,TON,total,21855.7068,7
2018,TTO,satellite,34049.3416,57
2018,TTO,terrestrial,93371.0128,62
2018,TTO,total,127420.354,62
2018,TUN,satellite,26942.8834,48
2018,TUN,terrestrial,149707.259,64
2018,TUN,total,176650.143,66
2018,TUR,satellite,710374.67,1551
2018,TUR,terrestrial,8311670.26,4415
2018,TUR,total,9022044.93,4420
2018,TUV,satellite,367953.896,215
2018,TUV,terrestrial,351416.273,227
2018,TUV,total,719370.168,232
2018,TWN,satellite,2265394.16,1392
2018,TWN,terrestrial,1627304.73,2613
2018,TWN,total,3892698.89,2668
2018,TZA,satellite,111539.195,205
2018,TZA,terrestrial,250936.325,225
2018,TZA,total,362475.52,225
2018,UKR,satellite,19683.7589,286
2018,UKR,terrestrial,414388.255,415
2018,UKR,total,434072.014,415
2018,UNK,satellite,1670.91168,8
2018,UNK,terrestrial,4670.91011,8
2018,UNK,total,6341.82179,8
2018,URY,satellite,164479.307,217
2018,URY,terrestrial,236792.689,226
2018,URY,total,401271.997,228
2018,USA,satellite,8305927.27,18595
2018,USA,terrestrial,22060275.1,27279
2018,USA,total,30366202.3,27447
2018,UZB,terrestrial,146.895701,1
2018,UZB,total,146.895701,1
2018,VAT,terrestrial,378.722218,4
2018,VAT,total,378.722218,4
2018,VCT,satellite,623772.484,767
2018,VCT,terrestrial,931975.594,850
2018,VCT,total,1555748.08,855
2018,VEN,satellite,270178.724,222
2018,VEN,terrestrial,298049.88,205
2018,VEN,total,568228.603,227
2018,VGB,satellite,56986.3762,304
2018,VGB,terrestrial,576933.643,507
2018,VGB,total,633920.019,510
2018,VIR,satellite,0.0285344268,1
2018,VIR,terrestrial,242.889344,1
2018,VIR,total,242.917879,1
2018,VNM,satellite,280839.327,475
2018,VNM,terrestrial,454560.726,1535
2018,VNM,total,735400.053,1611
2018,VUT,satellite,526618.099,390
2018,VUT,terrestrial,344287.601,400
2018,VUT,total,870905.7,406
2018,WLF,satellite,9810.42883,7
2018,WLF,terrestrial,17852.5637,11
2018,WLF,total,27662.9925,11
2018,WSM,satellite,6278.75987,19
2018,WSM,terrestrial,16449.123,22
2018,WSM,total,22727.8829,22
2018,YEM,satellite,1077.51315,13
2018,YEM,terrestrial,10129.4171,23
2018,YEM,total,11206.9303,23
2018,ZAF,satellite,312924.171,552
2018,ZAF,terrestrial,277665.71,570
2018,ZAF,total,590589.881,580
2018,ZMB,satellite,12.5372629,2
2018,ZMB,terrestrial,427.76838299999997,3
2018,ZMB,total,440.305646,3
2018,NA,satellite,530231.726,7844
2018,NA,terrestrial,7460769.3,21329
2018,NA,total,7991001.03,21430
2019,ABW,terrestrial,45.5554033,1
2019,ABW,total,45.5554033,1
2019,AFG,satellite,26.2452056,3
2019,AFG,terrestrial,1572.73392,14
2019,AFG,total,1598.97912,14
2019,AGO,satellite,51543.9644,54
2019,AGO,terrestrial,24983.2106,57
2019,AGO,total,76527.175,59
2019,AIA,terrestrial,3537.75913,10
2019,AIA,total,3537.75913,10
2019,ALB,satellite,5222.67794,58
2019,ALB,terrestrial,80702.7816,237
2019,ALB,total,85925.4595,238
2019,AND,satellite,0.0423307305,1
2019,AND,terrestrial,958.636514,10
2019,AND,total,958.678845,10
2019,ANT,satellite,15806.7271,2
2019,ANT,terrestrial,10293.4668,2
2019,ANT,total,26100.1939,2
2019,ARE,satellite,171016.194,506
2019,ARE,terrestrial,565380.811,549
2019,ARE,total,736397.005,550
2019,ARG,satellite,839339.44,706
2019,ARG,terrestrial,418857.043,690
2019,ARG,total,1258196.48,722
2019,ARM,satellite,1234.80193,1
2019,ARM,terrestrial,426.551989,5
2019,ARM,total,1661.35392,5
2019,ASM,terrestrial,45.7518563,1
2019,ASM,total,45.7518563,1
2019,ATF,satellite,40174.5352,31
2019,ATF,terrestrial,11037.5312,38
2019,ATF,total,51212.0664,40
2019,ATG,satellite,722562.315,318
2019,ATG,terrestrial,1093896.88,348
2019,ATG,total,1816459.2,348
2019,AUS,satellite,2316053.66,5836
2019,AUS,terrestrial,4561908.81,6235
2019,AUS,total,6877962.48,6294
2019,AUT,satellite,9328.26341,65
2019,AUT,terrestrial,123568.67,385
2019,AUT,total,132896.933,385
2019,AZE,satellite,1525.23067,19
2019,AZE,terrestrial,38394.6271,51
2019,AZE,total,39919.8578,51
2019,BDI,satellite,0.00376945251,1
2019,BDI,terrestrial,92.0307999,2
2019,BDI,total,92.0345694,2
2019,BEL,satellite,1242440.07,721
2019,BEL,terrestrial,3029474.08,2745
2019,BEL,total,4271914.15,2748
2019,BEN,satellite,897.13204,3
2019,BEN,terrestrial,4695.3035,5
2019,BEN,total,5592.43554,6
2019,BES,satellite,30304.1692,45
2019,BES,terrestrial,73784.3954,57
2019,BES,total,104088.565,57
2019,BFA,terrestrial,974.683303,5
2019,BFA,total,974.683303,5
2019,BGD,satellite,214254.322,80
2019,BGD,terrestrial,135381.507,80
2019,BGD,total,349635.829,83
2019,BGR,satellite,3118.12342,113
2019,BGR,terrestrial,247296.176,345
2019,BGR,total,250414.3,345
2019,BHR,satellite,67811.9101,342
2019,BHR,terrestrial,2206385.46,3064
2019,BHR,total,2274197.37,3065
2019,BHS,satellite,20058691.9,1375
2019,BHS,terrestrial,13268089.4,1428
2019,BHS,total,33326781.3,1435
2019,BIH,satellite,6.32287987,3
2019,BIH,terrestrial,1847.13044,10
2019,BIH,total,1853.45332,10
2019,BLR,satellite,1.96283789,2
2019,BLR,terrestrial,537.227034,2
2019,BLR,total,539.189872,2
2019,BLZ,satellite,285280.099,456
2019,BLZ,terrestrial,771205.728,570
2019,BLZ,total,1056485.83,574
2019,BMU,satellite,5778796.18,247
2019,BMU,terrestrial,2305301.66,288
2019,BMU,total,8084097.83,288
2019,BOL,satellite,20914.4089,24
2019,BOL,terrestrial,9821.9884,27
2019,BOL,total,30736.3974,29
2019,BRA,satellite,1602611.95,1300
2019,BRA,terrestrial,1590365.32,1350
2019,BRA,total,3192977.27,1367
2019,BRB,satellite,254695.452,144
2019,BRB,terrestrial,392579.622,157
2019,BRB,total,647275.073,158
2019,BRN,satellite,295942.716,47
2019,BRN,terrestrial,125292.72,49
2019,BRN,total,421235.437,50
2019,BTN,satellite,376.533828,2
2019,BTN,terrestrial,9920.702,79
2019,BTN,total,10297.2358,79
2019,CAF,terrestrial,3706.31443,22
2019,CAF,total,3706.31443,22
2019,CAN,satellite,1675175.12,4213
2019,CAN,terrestrial,3517256.05,4681
2019,CAN,total,5192431.16,4791
2019,CCK,terrestrial,723.027895,6
2019,CCK,total,723.027895,6
2019,CHE,satellite,226497.978,274
2019,CHE,terrestrial,848355.487,784
2019,CHE,total,1074853.47,786
2019,CHL,satellite,1047866.93,534
2019,CHL,terrestrial,420785.952,521
2019,CHL,total,1468652.88,545
2019,CHN,satellite,4668564.58,10292
2019,CHN,terrestrial,91344621.3,110462
2019,CHN,total,96013185.9,110590
2019,CIV,satellite,7408.36114,14
2019,CIV,terrestrial,7595.45204,14
2019,CIV,total,15003.8132,14
2019,CMR,satellite,73720.6617,98
2019,CMR,terrestrial,76488.4834,107
2019,CMR,total,150209.145,107
2019,COD,satellite,13343.0797,10
2019,COD,terrestrial,2109.30144,12
2019,COD,total,15452.3812,13
2019,COG,satellite,5398.38815,12
2019,COG,terrestrial,11919.8908,16
2019,COG,total,17318.2789,16
2019,COK,satellite,232583.181,300
2019,COK,terrestrial,787262.754,451
2019,COK,total,1019845.94,458
2019,COL,satellite,101905.484,223
2019,COL,terrestrial,155218.162,227
2019,COL,total,257123.647,235
2019,COM,satellite,202881.614,241
2019,COM,terrestrial,410155.2,267
2019,COM,total,613036.814,273
2019,CPV,satellite,35327.4637,29
2019,CPV,terrestrial,38171.1915,31
2019,CPV,total,73498.6552,31
2019,CRI,satellite,4135.15714,5
2019,CRI,terrestrial,767.171627,11
2019,CRI,total,4902.32877,12
2019,CUB,satellite,20844.9028,38
2019,CUB,terrestrial,1035.34262,15
2019,CUB,total,21880.2454,39
2019,CUW,satellite,705006.503,65
2019,CUW,terrestrial,466145.767,70
2019,CUW,total,1171152.27,70
2019,CXR,satellite,4.1353333,1
2019,CXR,terrestrial,1531.47441,10
2019,CXR,total,1535.60975,10
2019,CYM,satellite,2025501.17,1079
2019,CYM,terrestrial,4599368.99,1438
2019,CYM,total,6624870.16,1439
2019,CYP,satellite,6149193.21,1018
2019,CYP,terrestrial,5735977.58,1244
2019,CYP,total,11885170.8,1247
2019,CZE,satellite,3710.79896,19
2019,CZE,terrestrial,29103.492,86
2019,CZE,total,32814.291,86
2019,DEU,satellite,16931884.4,3283
2019,DEU,terrestrial,21243506.1,11699
2019,DEU,total,38175390.5,11712
2019,DIS,satellite,950.821544,3
2019,DIS,terrestrial,4647.4495,3
2019,DIS,total,5598.27104,3
2019,DJI,satellite,9354.61132,18
2019,DJI,terrestrial,11187.0907,21
2019,DJI,total,20541.702,22
2019,DMA,satellite,86496.9749,90
2019,DMA,terrestrial,395962.616,148
2019,DMA,total,482459.591,148
2019,DNK,satellite,6113581.1,1170
2019,DNK,terrestrial,7910471.98,4141
2019,DNK,total,14024053.1,4144
2019,DOM,satellite,6435.40811,24
2019,DOM,terrestrial,7549.76073,26
2019,DOM,total,13985.1688,26
2019,DZA,satellite,151538.135,92
2019,DZA,terrestrial,271844.768,107
2019,DZA,total,423382.903,109
2019,ECU,satellite,594152.004,447
2019,ECU,terrestrial,323157.69,444
2019,ECU,total,917309.693,467
2019,EGY,satellite,103804.255,146
2019,EGY,terrestrial,221500.952,160
2019,EGY,total,325305.206,162
2019,ERI,satellite,0.0119223562,1
2019,ERI,terrestrial,2221.90108,8
2019,ERI,total,2221.913,8
2019,ESP,satellite,1444539.01,2903
2019,ESP,terrestrial,4078833.99,5691
2019,ESP,total,5523373.01,5696
2019,EST,satellite,59383.0424,142
2019,EST,terrestrial,628511.315,301
2019,EST,total,687894.358,301
2019,ETH,satellite,46522.7179,10
2019,ETH,terrestrial,58542.4804,10
2019,ETH,total,105065.198,10
2019,FIN,satellite,60104.5585,539
2019,FIN,terrestrial,3197346.98,1515
2019,FIN,total,3257451.54,1515
2019,FJI,satellite,94619.5278,85
2019,FJI,terrestrial,20397.4175,90
2019,FJI,total,115016.945,99
2019,FLK,satellite,78159.0627,31
2019,FLK,terrestrial,16721.6384,33
2019,FLK,total,94880.701,33
2019,FRA,satellite,2236282.18,3167
2019,FRA,terrestrial,6611017.89,11099
2019,FRA,total,8847300.08,11125
2019,FRO,satellite,319204.048,298
2019,FRO,terrestrial,554422.238,374
2019,FRO,total,873626.286,377
2019,FSM,satellite,118600.84,52
2019,FSM,terrestrial,9344.40985,41
2019,FSM,total,127945.25,58
2019,GAB,satellite,55873.3921,37
2019,GAB,terrestrial,17901.4517,41
2019,GAB,total,73774.8439,42
2019,GBR,satellite,3963826.83,3937
2019,GBR,terrestrial,12793084.4,16406
2019,GBR,total,16756911.3,16421
2019,GEO,satellite,59593.9519,57
2019,GEO,terrestrial,121566.164,143
2019,GEO,total,181160.116,143
2019,GGY,satellite,360.812729,1
2019,GGY,terrestrial,3361.5549,1
2019,GGY,total,3722.36763,1
2019,GHA,satellite,117857.31,92
2019,GHA,terrestrial,39108.5812,98
2019,GHA,total,156965.891,101
2019,GIB,satellite,370535.682,279
2019,GIB,terrestrial,1191262.32,434
2019,GIB,total,1561798,435
2019,GIN,satellite,18454.6348,6
2019,GIN,terrestrial,3887.78487,10
2019,GIN,total,22342.4197,10
2019,GLP,satellite,9770.91213,92
2019,GLP,terrestrial,94335.0141,118
2019,GLP,total,104105.926,119
2019,GMB,satellite,3202.57623,10
2019,GMB,terrestrial,3621.01766,11
2019,GMB,total,6823.59389,11
2019,GNB,satellite,28896.1036,17
2019,GNB,terrestrial,13027.4481,15
2019,GNB,total,41923.5517,17
2019,GNQ,satellite,4561.72099,19
2019,GNQ,terrestrial,12576.4613,60
2019,GNQ,total,17138.1823,61
2019,GRC,satellite,9648520.03,1359
2019,GRC,terrestrial,9452882.41,1891
2019,GRC,total,19101402.4,1892
2019,GRD,satellite,558.427359,3
2019,GRD,terrestrial,9726.07135,7
2019,GRD,total,10284.4987,7
2019,GRL,satellite,178789.565,95
2019,GRL,terrestrial,67210.7954,99
2019,GRL,total,246000.36,101
2019,GTM,satellite,2901.01195,7
2019,GTM,terrestrial,2910.06754,13
2019,GTM,total,5811.0795,13
2019,GUF,satellite,2307.23291,6
2019,GUF,terrestrial,1597.93433,10
2019,GUF,total,3905.16724,10
2019,GUY,satellite,9872.18403,10
2019,GUY,terrestrial,2122.0099,6
2019,GUY,total,11994.1939,12
2019,HKG,satellite,31935021.6,2692
2019,HKG,terrestrial,19520658.9,3446
2019,HKG,total,51455680.5,3451
2019,HND,satellite,4409.03176,20
2019,HND,terrestrial,23116.4821,29
2019,HND,total,27525.5138,30
2019,HRV,satellite,165201.526,358
2019,HRV,terrestrial,1325445.25,766
2019,HRV,total,1490646.78,767
2019,HTI,satellite,14.4178093,2
2019,HTI,terrestrial,674.771592,7
2019,HTI,total,689.189402,7
2019,HUN,satellite,1116.53286,10
2019,HUN,terrestrial,16674.4011,44
2019,HUN,total,17790.934,44
2019,IDN,satellite,6245455.24,5426
2019,IDN,terrestrial,2879524.47,5172
2019,IDN,total,9124979.72,6033
2019,IMN,satellite,3837853.91,380
2019,IMN,terrestrial,2736275.78,394
2019,IMN,total,6574129.69,395
2019,IND,satellite,2100429.52,1997
2019,IND,terrestrial,2509687.48,2294
2019,IND,total,4610117,2340
2019,IRL,satellite,95895.6093,379
2019,IRL,terrestrial,555399.767,832
2019,IRL,total,651295.376,833
2019,IRN,satellite,731329.093,1455
2019,IRN,terrestrial,1151523.84,1881
2019,IRN,total,1882852.94,1954
2019,IRQ,satellite,2435.21173,15
2019,IRQ,terrestrial,9621.90603,38
2019,IRQ,total,12057.1178,38
2019,ISL,satellite,812913.997,1425
2019,ISL,terrestrial,526123.398,1439
2019,ISL,total,1339037.39,1446
2019,ISR,satellite,117370.736,52
2019,ISR,terrestrial,221489.472,192
2019,ISR,total,338860.208,193
2019,ITA,satellite,2174766.84,2172
2019,ITA,terrestrial,9274502.96,4462
2019,ITA,total,11449269.8,4464
2019,JAM,satellite,80496.2118,190
2019,JAM,terrestrial,530859.33,250
2019,JAM,total,611355.542,252
2019,JEY,satellite,2889.39994,12
2019,JEY,terrestrial,19724.7592,16
2019,JEY,total,22614.1592,16
2019,JOR,satellite,13891.2331,39
2019,JOR,terrestrial,87125.39,54
2019,JOR,total,101016.623,54
2019,JPN,satellite,8696185.21,5598
2019,JPN,terrestrial,18183989.8,7128
2019,JPN,total,26880175,7166
2019,KAZ,satellite,310.476161,3
2019,KAZ,terrestrial,1455.67245,6
2019,KAZ,total,1766.14861,7
2019,KEN,satellite,6464.63049,10
2019,KEN,terrestrial,5411.1448,11
2019,KEN,total,11875.7753,11
2019,KGZ,terrestrial,1359.3211,5
2019,KGZ,total,1359.3211,5
2019,KHM,satellite,15212.1502,31
2019,KHM,terrestrial,23646.7676,79
2019,KHM,total,38858.9178,82
2019,KIR,satellite,94972.7892,64
2019,KIR,terrestrial,62597.7941,85
2019,KIR,total,157570.583,88
2019,KNA,satellite,137565.358,187
2019,KNA,terrestrial,335802.073,224
2019,KNA,total,473367.432,227
2019,KOR,satellite,2424202.47,2905
2019,KOR,terrestrial,9231142.14,9019
2019,KOR,total,11655344.6,9057
2019,KWT,satellite,393806.513,87
2019,KWT,terrestrial,411307.572,105
2019,KWT,total,805114.084,105
2019,LAO,satellite,404.250106,1
2019,LAO,terrestrial,858.053675,3
2019,LAO,total,1262.30378,3
2019,LBN,satellite,52116.1219,36
2019,LBN,terrestrial,106525.456,76
2019,LBN,total,158641.577,76
2019,LBR,satellite,38667912.1,3403
2019,LBR,terrestrial,26146750.3,3534
2019,LBR,total,64814662.4,3569
2019,LBY,satellite,87914.4449,33
2019,LBY,terrestrial,219305.137,50
2019,LBY,total,307219.581,50
2019,LCA,satellite,21.1482566,1
2019,LCA,terrestrial,89.0277207,5
2019,LCA,total,110.175977,5
2019,LIE,satellite,1336.94501,3
2019,LIE,terrestrial,440.58241,7
2019,LIE,total,1777.52742,7
2019,LKA,satellite,117682.196,229
2019,LKA,terrestrial,160527.763,252
2019,LKA,total,278209.959,265
2019,LTU,satellite,47636.8016,53
2019,LTU,terrestrial,287188.973,139
2019,LTU,total,334825.774,140
2019,LUX,satellite,405063.391,174
2019,LUX,terrestrial,616634.022,280
2019,LUX,total,1021697.41,280
2019,LVA,satellite,16382.0172,116
2019,LVA,terrestrial,318890.976,215
2019,LVA,total,335272.993,215
2019,MAC,satellite,38.5678436,7
2019,MAC,terrestrial,46769.2437,48
2019,MAC,total,46807.8115,48
2019,MAR,satellite,167584.929,131
2019,MAR,terrestrial,166574.163,138
2019,MAR,total,334159.092,139
2019,MCO,satellite,391.819826,5
2019,MCO,terrestrial,80440.0605,76
2019,MCO,total,80831.8803,76
2019,MDA,satellite,37478.0125,107
2019,MDA,terrestrial,151330.833,142
2019,MDA,total,188808.845,142
2019,MDG,satellite,101598.682,49
2019,MDG,terrestrial,558.36253,28
2019,MDG,total,102157.044,51
2019,MDV,satellite,12370.2067,27
2019,MDV,terrestrial,11524.6254,34
2019,MDV,total,23894.8321,35
2019,MEX,satellite,648778.954,535
2019,MEX,terrestrial,518858.132,530
2019,MEX,total,1167637.09,546
2019,MHL,satellite,38676440.3,3996
2019,MHL,terrestrial,26155659.5,4216
2019,MHL,total,64832099.8,4264
2019,MKD,satellite,11.8486456,1
2019,MKD,terrestrial,271.08123,2
2019,MKD,total,282.929875,2
2019,MLI,terrestrial,95.7742538,1
2019,MLI,total,95.7742538,1
2019,MLT,satellite,18450953.7,2545
2019,MLT,terrestrial,18522334.2,3594
2019,MLT,total,36973287.9,3597
2019,MMR,satellite,12639.7158,23
2019,MMR,terrestrial,25198.0784,33
2019,MMR,total,37837.7942,37
2019,MNE,satellite,17826.8503,26
2019,MNE,terrestrial,35608.4086,64
2019,MNE,total,53435.2589,64
2019,MNG,satellite,74482.1107,208
2019,MNG,terrestrial,262438.936,295
2019,MNG,total,336921.047,302
2019,MNP,satellite,145.002409,2
2019,MNP,terrestrial,5700.58413,10
2019,MNP,total,5845.58654,10
2019,MOZ,satellite,31417.9364,34
2019,MOZ,terrestrial,9847.03317,31
2019,MOZ,total,41264.9696,36
2019,MRT,satellite,15830.6593,21
2019,MRT,terrestrial,5167.81575,25
2019,MRT,total,20998.4751,28
2019,MSR,satellite,1.0309235,2
2019,MSR,terrestrial,9548.47464,13
2019,MSR,total,9549.50556,13
2019,MTQ,satellite,9858.62683,104
2019,MTQ,terrestrial,114988.033,139
2019,MTQ,total,124846.66,140
2019,MUS,satellite,74952.5241,126
2019,MUS,terrestrial,69272.8154,128
2019,MUS,total,144225.34,134
2019,MWI,satellite,2.91234597,1
2019,MWI,terrestrial,2801.2539,17
2019,MWI,total,2804.16624,17
2019,MYS,satellite,2013178.12,1253
2019,MYS,terrestrial,2085986.47,2286
2019,MYS,total,4099164.59,2319
2019,NAM,satellite,157031.301,113
2019,NAM,terrestrial,45071.1707,118
2019,NAM,total,202102.472,119
2019,NCL,satellite,19386.5808,117
2019,NCL,terrestrial,59542.8326,126
2019,NCL,total,78929.4134,130
2019,NER,satellite,2395.92706,2
2019,NER,terrestrial,580.247034,4
2019,NER,total,2976.1741,4
2019,NGA,satellite,742510.765,721
2019,NGA,terrestrial,282038.879,694
2019,NGA,total,1024549.64,726
2019,NIC,satellite,5454.92903,6
2019,NIC,terrestrial,1740.47445,7
2019,NIC,total,7195.40348,9
2019,NIS,satellite,14704.5064,7
2019,NIS,terrestrial,16741.3076,7
2019,NIS,total,31445.814,7
2019,NIU,satellite,37024.4215,64
2019,NIU,terrestrial,89464.9592,87
2019,NIU,total,126489.381,92
2019,NLD,satellite,1727212.84,3006
2019,NLD,terrestrial,17393438.6,14942
2019,NLD,total,19120651.5,14945
2019,NOR,satellite,5365087.85,6128
2019,NOR,terrestrial,15642105.2,10168
2019,NOR,total,21007193,10180
2019,NPL,satellite,357.638759,2
2019,NPL,terrestrial,1235.77018,2
2019,NPL,total,1593.40894,2
2019,NRU,satellite,28877.4869,20
2019,NRU,terrestrial,11864.8354,14
2019,NRU,total,40742.3223,20
2019,NZL,satellite,766342.059,1223
2019,NZL,terrestrial,870362.116,1337
2019,NZL,total,1636704.17,1352
2019,OMN,satellite,48979.5391,51
2019,OMN,terrestrial,33681.317,59
2019,OMN,total,82660.8561,63
2019,PAK,satellite,85012.7323,45
2019,PAK,terrestrial,128341.591,49
2019,PAK,total,213354.323,51
2019,PAN,satellite,53147063.3,6690
2019,PAN,terrestrial,33273475.3,6772
2019,PAN,total,86420538.5,6918
2019,PCN,satellite,49.7169684,7
2019,PCN,terrestrial,7632.3317,27
2019,PCN,total,7682.04867,27
2019,PER,satellite,280371.002,267
2019,PER,terrestrial,208192.012,268
2019,PER,total,488563.014,275
2019,PHL,satellite,1415923.58,774
2019,PHL,terrestrial,1077942.89,799
2019,PHL,total,2493866.46,841
2019,PLW,satellite,165331.237,252
2019,PLW,terrestrial,347197.997,297
2019,PLW,total,512529.234,300
2019,PNG,satellite,182500.422,120
2019,PNG,terrestrial,53033.3319,111
2019,PNG,total,235533.754,124
2019,POL,satellite,42318.7211,215
2019,POL,terrestrial,643851.318,1043
2019,POL,total,686170.039,1043
2019,PRI,satellite,1.80242022,1
2019,PRI,terrestrial,2621.06784,6
2019,PRI,total,2622.87026,6
2019,PRK,satellite,1223.39012,55
2019,PRK,terrestrial,11981.6827,95
2019,PRK,total,13205.0728,97
2019,PRT,satellite,3530644.65,1224
2019,PRT,terrestrial,4322265.03,1501
2019,PRT,total,7852909.67,1506
2019,PRY,satellite,95109.7179,88
2019,PRY,terrestrial,19865.5489,89
2019,PRY,total,114975.267,89
2019,PSE,satellite,1.04102918,2
2019,PSE,terrestrial,1343.52174,7
2019,PSE,total,1344.56277,7
2019,PYF,satellite,27346.822,54
2019,PYF,terrestrial,16505.2611,63
2019,PYF,total,43852.0831,66
2019,QAT,satellite,188558.472,244
2019,QAT,terrestrial,521458.542,562
2019,QAT,total,710017.014,563
2019,REU,satellite,18610.0829,48
2019,REU,terrestrial,32846.6321,57
2019,REU,total,51456.715,60
2019,ROU,satellite,3502.65507,183
2019,ROU,terrestrial,194064.688,300
2019,ROU,total,197567.343,300
2019,RUS,satellite,5311180.65,3236
2019,RUS,terrestrial,5305289.44,3952
2019,RUS,total,10616470.1,4097
2019,RWA,terrestrial,74.4682431,3
2019,RWA,total,74.4682431,3
2019,SAU,satellite,1227075.11,501
2019,SAU,terrestrial,1279262.65,1235
2019,SAU,total,2506337.76,1243
2019,SDN,satellite,995.480954,1
2019,SDN,terrestrial,6254.65095,3
2019,SDN,total,7250.13191,3
2019,SEN,satellite,75431.1058,81
2019,SEN,terrestrial,54252.2186,87
2019,SEN,total,129683.324,87
2019,SGP,satellite,25507639.5,3380
2019,SGP,terrestrial,20745463.2,4968
2019,SGP,total,46253102.7,4989
2019,SHN,satellite,5997.87441,10
2019,SHN,terrestrial,6355.14125,19
2019,SHN,total,12353.0157,19
2019,SJM,satellite,1271.96755,1
2019,SJM,terrestrial,211.375979,1
2019,SJM,total,1483.34353,1
2019,SLB,satellite,33747.9254,20
2019,SLB,terrestrial,921.415916,20
2019,SLB,total,34669.3413,22
2019,SLE,satellite,79263.071,297
2019,SLE,terrestrial,398577.142,451
2019,SLE,total,477840.213,453
2019,SLV,satellite,15843.8883,7
2019,SLV,terrestrial,2234.83013,7
2019,SLV,total,18078.7184,7
2019,SMR,terrestrial,1731.9601,8
2019,SMR,total,1731.9601,8
2019,SOM,satellite,2579.28242,19
2019,SOM,terrestrial,5508.56455,56
2019,SOM,total,8087.84697,58
2019,SPM,satellite,1083.87123,14
2019,SPM,terrestrial,13526.5573,14
2019,SPM,total,14610.4285,14
2019,SRB,satellite,689.673905,14
2019,SRB,terrestrial,4394.02197,23
2019,SRB,total,5083.69588,23
2019,SSD,terrestrial,1200.19089,3
2019,SSD,total,1200.19089,3
2019,STP,satellite,2383.53832,11
2019,STP,terrestrial,3832.69109,26
2019,STP,total,6216.22941,27
2019,SUR,satellite,197.71177,3
2019,SUR,terrestrial,378.216593,5
2019,SUR,total,575.928363,5
2019,SVK,satellite,235.0179,25
2019,SVK,terrestrial,37827.8308,76
2019,SVK,total,38062.8487,76
2019,SVN,satellite,171.324584,10
2019,SVN,terrestrial,41452.9345,102
2019,SVN,total,41624.2591,102
2019,SWE,satellite,372171.5,948
2019,SWE,terrestrial,6574355.48,6130
2019,SWE,total,6946526.98,6131
2019,SWZ,satellite,118.88202,1
2019,SWZ,terrestrial,443.240064,7
2019,SWZ,total,562.122084,7
2019,SYC,satellite,111386.206,100
2019,SYC,terrestrial,35651.1128,104
2019,SYC,total,147037.319,109
2019,SYR,satellite,1492.21134,10
2019,SYR,terrestrial,11338.5505,11
2019,SYR,total,12830.7619,11
2019,TCA,satellite,50.3952972,3
2019,TCA,terrestrial,974.882647,5
2019,TCA,total,1025.27794,5
2019,TCD,satellite,3253.6162,2
2019,TCD,terrestrial,3222.85834,1
2019,TCD,total,6476.47454,2
2019,TGO,satellite,145065.284,336
2019,TGO,terrestrial,396437.146,372
2019,TGO,total,541502.43,373
2019,THA,satellite,422859.806,471
2019,THA,terrestrial,1712516.57,771
2019,THA,total,2135376.38,772
2019,TJK,terrestrial,6614.70318,3
2019,TJK,total,6614.70318,3
2019,TKM,satellite,181.298017,2
2019,TKM,terrestrial,312.14285,4
2019,TKM,total,493.440867,4
2019,TON,satellite,19144.6454,11
2019,TON,terrestrial,2299.46139,11
2019,TON,total,21444.1067,11
2019,TTO,satellite,28077.2471,57
2019,TTO,terrestrial,80063.0243,61
2019,TTO,total,108140.271,61
2019,TUN,satellite,28314.4594,57
2019,TUN,terrestrial,138026.913,76
2019,TUN,total,166341.373,76
2019,TUR,satellite,632976.322,778
2019,TUR,terrestrial,8363724.35,4693
2019,TUR,total,8996700.68,4701
2019,TUV,satellite,340754.804,201
2019,TUV,terrestrial,325185.269,220
2019,TUV,total,665940.073,223
2019,TWN,satellite,2286895.49,1078
2019,TWN,terrestrial,1796121.43,2795
2019,TWN,total,4083016.92,2956
2019,TZA,satellite,101868.709,166
2019,TZA,terrestrial,156777.074,189
2019,TZA,total,258645.782,190
2019,UKR,satellite,17949.8566,195
2019,UKR,terrestrial,440107.017,435
2019,UKR,total,458056.874,435
2019,UNK,satellite,771.968117,6
2019,UNK,terrestrial,5861.49281,8
2019,UNK,total,6633.46092,9
2019,URY,satellite,163036.649,204
2019,URY,terrestrial,232459.593,221
2019,URY,total,395496.243,223
2019,USA,satellite,8786400.75,20467
2019,USA,terrestrial,25132539.7,30165
2019,USA,total,33918940.4,30408
2019,UZB,terrestrial,54.0821645,1
2019,UZB,total,54.0821645,1
2019,VAT,terrestrial,275.766757,3
2019,VAT,total,275.766757,3
2019,VCT,satellite,687196.705,734
2019,VCT,terrestrial,901636.629,838
2019,VCT,total,1588833.33,846
2019,VEN,satellite,202695.776,292
2019,VEN,terrestrial,243461.882,276
2019,VEN,total,446157.658,299
2019,VGB,satellite,77301.8266,302
2019,VGB,terrestrial,710455.463,511
2019,VGB,total,787757.289,516
2019,VIR,terrestrial,215.994721,3
2019,VIR,total,215.994721,3
2019,VNM,satellite,312673.787,507
2019,VNM,terrestrial,554345.022,2296
2019,VNM,total,867018.809,2361
2019,VUT,satellite,519916.929,391
2019,VUT,terrestrial,313143.678,400
2019,VUT,total,833060.607,412
2019,WLF,satellite,34269.9771,9
2019,WLF,terrestrial,38774.4977,12
2019,WLF,total,73044.4748,12
2019,WSM,satellite,6470.20219,11
2019,WSM,terrestrial,8310.10403,12
2019,WSM,total,14780.3062,13
2019,YEM,satellite,906.898379,8
2019,YEM,terrestrial,8042.31287,19
2019,YEM,total,8949.21125,19
2019,ZAF,satellite,310111.192,593
2019,ZAF,terrestrial,308219.589,628
2019,ZAF,total,618330.781,632
2019,ZMB,terrestrial,372.778467,4
2019,ZMB,total,372.778467,4
2019,NA,satellite,482540.171,2262
2019,NA,terrestrial,7157781.24,21928
2019,NA,total,7640321.41,22031
2020,ABW,satellite,3.79121883,1
2020,ABW,terrestrial,759.955804,3
2020,ABW,total,763.747023,3
2020,AFG,satellite,7.09837871,1
2020,AFG,terrestrial,560.576981,8
2020,AFG,total,567.67536,8
2020,AGO,satellite,66443.9428,49
2020,AGO,terrestrial,27821.0285,54
2020,AGO,total,94264.9713,54
2020,AIA,satellite,0.0860224321,1
2020,AIA,terrestrial,1181.2488,10
2020,AIA,total,1181.33482,10
2020,ALB,satellite,2668.15894,49
2020,ALB,terrestrial,67585.8306,229
2020,ALB,total,70253.9895,231
2020,AND,terrestrial,2927.15596,44
2020,AND,total,2927.15596,44
2020,ANT,satellite,13501.938,2
2020,ANT,terrestrial,11751.821,2
2020,ANT,total,25253.759,2
2020,ARE,satellite,140159.686,511
2020,ARE,terrestrial,641514.209,548
2020,ARE,total,781673.895,551
2020,ARG,satellite,888558.981,727
2020,ARG,terrestrial,382477.224,672
2020,ARG,total,1271036.21,739
2020,ARM,satellite,954.632495,2
2020,ARM,terrestrial,1174.21618,7
2020,ARM,total,2128.84868,7
2020,ASM,terrestrial,32.9130197,1
2020,ASM,total,32.9130197,1
2020,ATF,satellite,29689.2767,28
2020,ATF,terrestrial,6911.02725,35
2020,ATF,total,36600.3039,37
2020,ATG,satellite,805314.076,307
2020,ATG,terrestrial,1041318.62,319
2020,ATG,total,1846632.7,320
2020,AUS,satellite,2532222.52,6224
2020,AUS,terrestrial,4435407.3,6528
2020,AUS,total,6967629.82,6587
2020,AUT,satellite,9493.7439,62
2020,AUT,terrestrial,100427.331,376
2020,AUT,total,109921.074,376
2020,AZE,satellite,25365.8715,10
2020,AZE,terrestrial,42229.7783,46
2020,AZE,total,67595.6498,46
2020,BDI,terrestrial,128.447733,2
2020,BDI,total,128.447733,2
2020,BEL,satellite,1269870.08,746
2020,BEL,terrestrial,3184893.83,2752
2020,BEL,total,4454763.91,2758
2020,BEN,satellite,1526.11559,3
2020,BEN,terrestrial,5119.57159,6
2020,BEN,total,6645.68717,6
2020,BES,satellite,23482.6723,39
2020,BES,terrestrial,50167.6077,48
2020,BES,total,73650.28,48
2020,BFA,terrestrial,764.685939,5
2020,BFA,total,764.685939,5
2020,BGD,satellite,323929.21,81
2020,BGD,terrestrial,187179.628,88
2020,BGD,total,511108.837,89
2020,BGR,satellite,4004.69112,114
2020,BGR,terrestrial,251710.768,339
2020,BGR,total,255715.459,339
2020,BHR,satellite,70939.0561,321
2020,BHR,terrestrial,2501387.41,3382
2020,BHR,total,2572326.46,3382
2020,BHS,satellite,18311914.3,1334
2020,BHS,terrestrial,10892152.3,1375
2020,BHS,total,29204066.6,1383
2020,BIH,satellite,16.8073994,2
2020,BIH,terrestrial,2119.59207,11
2020,BIH,total,2136.39947,11
2020,BLR,satellite,14.7538957,2
2020,BLR,terrestrial,226.365955,4
2020,BLR,total,241.11985,4
2020,BLZ,satellite,371967.453,464
2020,BLZ,terrestrial,876202.028,569
2020,BLZ,total,1248169.48,575
2020,BMU,satellite,4710377.77,236
2020,BMU,terrestrial,1752402.61,271
2020,BMU,total,6462780.38,271
2020,BOL,satellite,19768.2068,26
2020,BOL,terrestrial,15357.8417,29
2020,BOL,total,35126.0485,29
2020,BRA,satellite,1795989.28,1421
2020,BRA,terrestrial,1449417.1,1471
2020,BRA,total,3245406.38,1484
2020,BRB,satellite,351072.33,172
2020,BRB,terrestrial,429486.269,185
2020,BRB,total,780558.599,185
2020,BRN,satellite,278749.815,44
2020,BRN,terrestrial,107343.795,48
2020,BRN,total,386093.611,49
2020,BTN,satellite,126.636303,4
2020,BTN,terrestrial,10879.3407,76
2020,BTN,total,11005.977,76
2020,CAF,satellite,0.0179575513,2
2020,CAF,terrestrial,3499.64514,22
2020,CAF,total,3499.6631,22
2020,CAN,satellite,1690237.37,4487
2020,CAN,terrestrial,3632532.02,4905
2020,CAN,total,5322769.39,4996
2020,CCK,terrestrial,447.348856,5
2020,CCK,total,447.348856,5
2020,CHE,satellite,179965.387,254
2020,CHE,terrestrial,740352.437,699
2020,CHE,total,920317.824,702
2020,CHL,satellite,1089491.49,547
2020,CHL,terrestrial,410416.347,535
2020,CHL,total,1499907.83,555
2020,CHN,satellite,5500004.13,11975
2020,CHN,terrestrial,92897418.5,116095
2020,CHN,total,98397422.7,116348
2020,CIV,satellite,5752.68839,11
2020,CIV,terrestrial,1932.73811,13
2020,CIV,total,7685.42651,13
2020,CMR,satellite,197665.751,162
2020,CMR,terrestrial,262159.831,173
2020,CMR,total,459825.583,174
2020,COD,satellite,16905.265,11
2020,COD,terrestrial,5835.15695,11
2020,COD,total,22740.4219,12
2020,COG,satellite,2782.46849,5
2020,COG,terrestrial,4687.31403,15
2020,COG,total,7469.78252,15
2020,COK,satellite,241079.389,322
2020,COK,terrestrial,791479.877,459
2020,COK,total,1032559.27,470
2020,COL,satellite,102323.626,237
2020,COL,terrestrial,172537.363,241
2020,COL,total,274860.988,251
2020,COM,satellite,217633.397,264
2020,COM,terrestrial,528103.255,276
2020,COM,total,745736.652,281
2020,CPV,satellite,40896.988,27
2020,CPV,terrestrial,36550.5892,30
2020,CPV,total,77447.5772,30
2020,CRI,satellite,2066.16728,6
2020,CRI,terrestrial,1653.9785,18
2020,CRI,total,3720.14578,18
2020,CUB,satellite,68706.1125,42
2020,CUB,terrestrial,12603.0351,25
2020,CUB,total,81309.1476,44
2020,CUW,satellite,486081.094,58
2020,CUW,terrestrial,326621.21,58
2020,CUW,total,812702.304,58
2020,CXR,satellite,0.0816157945,1
2020,CXR,terrestrial,1383.82526,11
2020,CXR,total,1383.90688,11
2020,CYM,satellite,2019551.36,1109
2020,CYM,terrestrial,4436079.52,1470
2020,CYM,total,6455630.89,1475
2020,CYP,satellite,5879368.46,1008
2020,CYP,terrestrial,5776902.81,1222
2020,CYP,total,11656271.3,1225
2020,CZE,satellite,3145.93693,14
2020,CZE,terrestrial,29987.3409,82
2020,CZE,total,33133.2778,82
2020,DEU,satellite,15318629.9,3153
2020,DEU,terrestrial,19069371.4,11987
2020,DEU,total,34388001.3,11999
2020,DIS,satellite,1635.63283,4
2020,DIS,terrestrial,12533.906,4
2020,DIS,total,14169.5389,4
2020,DJI,satellite,18080.9854,24
2020,DJI,terrestrial,30537.5251,28
2020,DJI,total,48618.5106,29
2020,DMA,satellite,75368.279,87
2020,DMA,terrestrial,404405.959,133
2020,DMA,total,479774.238,136
2020,DNK,satellite,6104312.92,1218
2020,DNK,terrestrial,8394397.89,4656
2020,DNK,total,14498710.8,4659
2020,DOM,satellite,5504.04734,23
2020,DOM,terrestrial,7269.54898,26
2020,DOM,total,12773.5963,26
2020,DZA,satellite,151208.152,84
2020,DZA,terrestrial,181700.177,98
2020,DZA,total,332908.329,102
2020,ECU,satellite,453983.863,497
2020,ECU,terrestrial,381399.936,504
2020,ECU,total,835383.798,509
2020,EGY,satellite,104114.451,147
2020,EGY,terrestrial,218566.156,157
2020,EGY,total,322680.608,160
2020,ERI,satellite,856.539863,1
2020,ERI,terrestrial,4436.43247,8
2020,ERI,total,5292.97233,8
2020,ESP,satellite,1473382.36,3119
2020,ESP,terrestrial,3678312.87,6008
2020,ESP,total,5151695.22,6011
2020,EST,satellite,63194.4219,144
2020,EST,terrestrial,617674.642,323
2020,EST,total,680869.064,323
2020,ETH,satellite,44867.4894,10
2020,ETH,terrestrial,38991.4152,11
2020,ETH,total,83858.9046,11
2020,FIN,satellite,78890.6751,587
2020,FIN,terrestrial,3167780.97,1649
2020,FIN,total,3246671.65,1649
2020,FJI,satellite,102246.268,84
2020,FJI,terrestrial,9706.49129,96
2020,FJI,total,111952.759,100
2020,FLK,satellite,87920.4737,33
2020,FLK,terrestrial,16706.0748,33
2020,FLK,total,104626.549,36
2020,FRA,satellite,2220505.77,3106
2020,FRA,terrestrial,6296854.96,11747
2020,FRA,total,8517360.72,11769
2020,FRO,satellite,335842.527,347
2020,FRO,terrestrial,547248.885,426
2020,FRO,total,883091.413,427
2020,FSM,satellite,98344.7984,56
2020,FSM,terrestrial,11109.9724,41
2020,FSM,total,109454.771,61
2020,GAB,satellite,90563.2824,59
2020,GAB,terrestrial,214499.971,71
2020,GAB,total,305063.253,71
2020,GBR,satellite,3624998.19,3893
2020,GBR,terrestrial,11285188,16238
2020,GBR,total,14910186.2,16258
2020,GEO,satellite,38972.2523,49
2020,GEO,terrestrial,117765.192,135
2020,GEO,total,156737.444,136
2020,GGY,satellite,586.723002,1
2020,GGY,terrestrial,2144.87696,1
2020,GGY,total,2731.59996,1
2020,GHA,satellite,141608.774,87
2020,GHA,terrestrial,9750.82255,77
2020,GHA,total,151359.596,89
2020,GIB,satellite,332344.841,278
2020,GIB,terrestrial,1122762.58,412
2020,GIB,total,1455107.42,412
2020,GIN,satellite,24154.6587,6
2020,GIN,terrestrial,4334.4325,8
2020,GIN,total,28489.0912,8
2020,GLP,satellite,10522.5567,91
2020,GLP,terrestrial,72068.2716,119
2020,GLP,total,82590.8283,121
2020,GMB,satellite,3432.39079,7
2020,GMB,terrestrial,3517.79902,10
2020,GMB,total,6950.18981,10
2020,GNB,satellite,24425.2334,20
2020,GNB,terrestrial,10793.34,18
2020,GNB,total,35218.5734,20
2020,GNQ,satellite,6655.33501,14
2020,GNQ,terrestrial,6369.04807,32
2020,GNQ,total,13024.3831,34
2020,GRC,satellite,9610278.84,1382
2020,GRC,terrestrial,8766549,1933
2020,GRC,total,18376827.8,1935
2020,GRD,satellite,314.181728,4
2020,GRD,terrestrial,6500.71054,10
2020,GRD,total,6814.89227,10
2020,GRL,satellite,238571.326,112
2020,GRL,terrestrial,83812.4287,117
2020,GRL,total,322383.754,118
2020,GTM,satellite,2474.95183,6
2020,GTM,terrestrial,2594.99297,14
2020,GTM,total,5069.9448,14
2020,GUF,satellite,2422.04801,5
2020,GUF,terrestrial,2415.3179,9
2020,GUF,total,4837.36591,11
2020,GUY,satellite,3530.25262,11
2020,GUY,terrestrial,1963.76117,8
2020,GUY,total,5494.01379,13
2020,HKG,satellite,32364160.9,2531
2020,HKG,terrestrial,18840205.1,3439
2020,HKG,total,51204366,3445
2020,HND,satellite,12156.3992,30
2020,HND,terrestrial,45027.1975,34
2020,HND,total,57183.5967,36
2020,HRV,satellite,163696.529,352
2020,HRV,terrestrial,1117781.24,782
2020,HRV,total,1281477.77,782
2020,HTI,satellite,1087.53945,3
2020,HTI,terrestrial,484.657914,7
2020,HTI,total,1572.19736,7
2020,HUN,satellite,149.774073,8
2020,HUN,terrestrial,39631.4785,56
2020,HUN,total,39781.2526,56
2020,IDN,satellite,6781954.32,8088
2020,IDN,terrestrial,3485337.57,7442
2020,IDN,total,10267291.9,8890
2020,IMN,satellite,3167863.65,333
2020,IMN,terrestrial,2015241.41,341
2020,IMN,total,5183105.06,341
2020,IND,satellite,2007382.72,1990
2020,IND,terrestrial,2334010.46,2435
2020,IND,total,4341393.18,2501
2020,IRL,satellite,98831.2746,391
2020,IRL,terrestrial,541852.278,802
2020,IRL,total,640683.553,802
2020,IRN,satellite,597519.513,1557
2020,IRN,terrestrial,1043783.19,2054
2020,IRN,total,1641302.71,2185
2020,IRQ,satellite,2493.78635,14
2020,IRQ,terrestrial,11625.5348,37
2020,IRQ,total,14119.3211,39
2020,ISL,satellite,837873.008,1407
2020,ISL,terrestrial,472650.9,1403
2020,ISL,total,1310523.91,1416
2020,ISR,satellite,134984.533,49
2020,ISR,terrestrial,253523.489,198
2020,ISR,total,388508.022,198
2020,ITA,satellite,2009287.16,2169
2020,ITA,terrestrial,8018056.77,4749
2020,ITA,total,10027343.9,4752
2020,JAM,satellite,74297.1905,187
2020,JAM,terrestrial,537908.83,243
2020,JAM,total,612206.021,244
2020,JEY,satellite,1585.43102,10
2020,JEY,terrestrial,22995.1657,15
2020,JEY,total,24580.5967,15
2020,JOR,satellite,18266.5118,38
2020,JOR,terrestrial,57174.0511,52
2020,JOR,total,75440.5629,52
2020,JPN,satellite,8526451.9,6255
2020,JPN,terrestrial,18288451.6,7825
2020,JPN,total,26814903.5,7858
2020,KAZ,satellite,327.409982,4
2020,KAZ,terrestrial,2637.1222,10
2020,KAZ,total,2964.53218,10
2020,KEN,satellite,12211.6049,16
2020,KEN,terrestrial,7684.18827,17
2020,KEN,total,19895.7932,17
2020,KGZ,terrestrial,2687.35125,9
2020,KGZ,total,2687.35125,9
2020,KHM,satellite,13493.583,24
2020,KHM,terrestrial,22887.7133,56
2020,KHM,total,36381.2964,56
2020,KIR,satellite,88042.0312,70
2020,KIR,terrestrial,74655.0375,89
2020,KIR,total,162697.069,93
2020,KNA,satellite,165195.45,226
2020,KNA,terrestrial,358710.141,249
2020,KNA,total,523905.59,250
2020,KOR,satellite,3008621.55,3169
2020,KOR,terrestrial,9626022.93,9490
2020,KOR,total,12634644.5,9529
2020,KWT,satellite,591541.398,88
2020,KWT,terrestrial,519585.208,112
2020,KWT,total,1111126.61,112
2020,LAO,satellite,5.91532727,1
2020,LAO,terrestrial,516.724999,3
2020,LAO,total,522.640326,3
2020,LBN,satellite,61308.2854,26
2020,LBN,terrestrial,94566.2575,56
2020,LBN,total,155874.543,57
2020,LBR,satellite,41842177.4,3648
2020,LBR,terrestrial,27074095.7,3743
2020,LBR,total,68916273.1,3786
2020,LBY,satellite,115962.687,42
2020,LBY,terrestrial,163437.836,53
2020,LBY,total,279400.523,53
2020,LCA,satellite,0.820053385,1
2020,LCA,terrestrial,513.184333,4
2020,LCA,total,514.004386,4
2020,LIE,satellite,5468.70552,4
2020,LIE,terrestrial,2196.98044,7
2020,LIE,total,7665.68596,8
2020,LKA,satellite,94869.0539,239
2020,LKA,terrestrial,122486.352,264
2020,LKA,total,217355.406,278
2020,LSO,satellite,1003.27836,1
2020,LSO,terrestrial,386.958326,2
2020,LSO,total,1390.23668,2
2020,LTU,satellite,77916.464,67
2020,LTU,terrestrial,289282.117,129
2020,LTU,total,367198.581,129
2020,LUX,satellite,314260.655,175
2020,LUX,terrestrial,606651.631,289
2020,LUX,total,920912.286,289
2020,LVA,satellite,24635.7249,112
2020,LVA,terrestrial,271289.245,204
2020,LVA,total,295924.97,205
2020,MAC,satellite,469.210502,6
2020,MAC,terrestrial,60989.7515,56
2020,MAC,total,61458.962,56
2020,MAR,satellite,174010.582,158
2020,MAR,terrestrial,171217.54,159
2020,MAR,total,345228.123,162
2020,MCO,satellite,172.384133,7
2020,MCO,terrestrial,92399.6691,86
2020,MCO,total,92572.0532,86
2020,MDA,satellite,39833.455,110
2020,MDA,terrestrial,149276.523,136
2020,MDA,total,189109.978,136
2020,MDG,satellite,64166.2637,44
2020,MDG,terrestrial,619.222028,29
2020,MDG,total,64785.4857,48
2020,MDV,satellite,7352.61715,22
2020,MDV,terrestrial,15337.7294,33
2020,MDV,total,22690.3466,33
2020,MEX,satellite,669202.484,531
2020,MEX,terrestrial,418407.352,527
2020,MEX,total,1087609.84,542
2020,MHL,satellite,41500280.8,4115
2020,MHL,terrestrial,26158494.2,4322
2020,MHL,total,67658775,4351
2020,MKD,satellite,14.1122358,2
2020,MKD,terrestrial,52.2379143,2
2020,MKD,total,66.3501501,2
2020,MLI,terrestrial,110.775972,1
2020,MLI,total,110.775972,1
2020,MLT,satellite,19093858.6,2542
2020,MLT,terrestrial,17789056.9,3544
2020,MLT,total,36882915.5,3548
2020,MMR,satellite,15321.8547,90
2020,MMR,terrestrial,35404.8867,101
2020,MMR,total,50726.7414,108
2020,MNE,satellite,18229.1503,31
2020,MNE,terrestrial,33073.5355,62
2020,MNE,total,51302.6858,62
2020,MNG,satellite,93565.6844,209
2020,MNG,terrestrial,258851.453,307
2020,MNG,total,352417.137,316
2020,MNP,satellite,851.908845,4
2020,MNP,terrestrial,3913.77036,10
2020,MNP,total,4765.6792,10
2020,MOZ,satellite,29552.7828,29
2020,MOZ,terrestrial,15568.2839,27
2020,MOZ,total,45121.0667,32
2020,MRT,satellite,17951.3788,29
2020,MRT,terrestrial,10383.2972,34
2020,MRT,total,28334.676,35
2020,MSR,satellite,3.09463578,2
2020,MSR,terrestrial,2867.11997,7
2020,MSR,total,2870.21461,7
2020,MTQ,satellite,8470.141,106
2020,MTQ,terrestrial,67846.8969,139
2020,MTQ,total,76317.0379,139
2020,MUS,satellite,90935.058,125
2020,MUS,terrestrial,60558.8572,127
2020,MUS,total,151493.915,132
2020,MWI,satellite,20.4301004,1
2020,MWI,terrestrial,2124.74965,14
2020,MWI,total,2145.17975,14
2020,MYS,satellite,1980137.14,1159
2020,MYS,terrestrial,2172858.08,2221
2020,MYS,total,4152995.22,2249
2020,NAM,satellite,154254.171,114
2020,NAM,terrestrial,46196.7435,119
2020,NAM,total,200450.915,119
2020,NCL,satellite,24710.337,126
2020,NCL,terrestrial,65338.0363,138
2020,NCL,total,90048.3733,139
2020,NER,satellite,1274.79739,2
2020,NER,terrestrial,1459.86194,3
2020,NER,total,2734.65934,3
2020,NGA,satellite,725533.793,740
2020,NGA,terrestrial,442708.75,742
2020,NGA,total,1168242.54,753
2020,NIC,satellite,8593.01735,5
2020,NIC,terrestrial,3094.40043,9
2020,NIC,total,11687.4178,9
2020,NIS,satellite,26508.8917,8
2020,NIS,terrestrial,39042.4758,8
2020,NIS,total,65551.3674,8
2020,NIU,satellite,42339.1025,63
2020,NIU,terrestrial,67417.6214,89
2020,NIU,total,109756.724,92
2020,NLD,satellite,1701904.96,3100
2020,NLD,terrestrial,17493643.4,15165
2020,NLD,total,19195548.3,15176
2020,NOR,satellite,5915516.37,6945
2020,NOR,terrestrial,17405175,11342
2020,NOR,total,23320691.3,11358
2020,NPL,satellite,239.185194,2
2020,NPL,terrestrial,3719.60774,2
2020,NPL,total,3958.79293,2
2020,NRU,satellite,62693.3328,24
2020,NRU,terrestrial,6215.57373,24
2020,NRU,total,68908.9065,26
2020,NZL,satellite,803428.426,1359
2020,NZL,terrestrial,815740.569,1432
2020,NZL,total,1619168.99,1463
2020,OMN,satellite,59968.3154,65
2020,OMN,terrestrial,13302.5514,71
2020,OMN,total,73270.8669,77
2020,PAK,satellite,96758.1512,53
2020,PAK,terrestrial,144667.473,59
2020,PAK,total,241425.624,61
2020,PAN,satellite,51843682.9,6732
2020,PAN,terrestrial,32359690.8,6789
2020,PAN,total,84203373.7,6942
2020,PCN,satellite,4.56978391,2
2020,PCN,terrestrial,6967.42259,26
2020,PCN,total,6971.99237,26
2020,PER,satellite,285244.598,279
2020,PER,terrestrial,204611.392,281
2020,PER,total,489855.99,287
2020,PHL,satellite,1406482.02,774
2020,PHL,terrestrial,1078397.61,793
2020,PHL,total,2484879.63,845
2020,PLW,satellite,203062.848,264
2020,PLW,terrestrial,403236.607,289
2020,PLW,total,606299.455,295
2020,PNG,satellite,144951.295,111
2020,PNG,terrestrial,56580.0703,98
2020,PNG,total,201531.365,116
2020,POL,satellite,45455.4131,226
2020,POL,terrestrial,661925.072,1136
2020,POL,total,707380.485,1137
2020,PRI,satellite,0.209957633,1
2020,PRI,terrestrial,1299.28888,5
2020,PRI,total,1299.49883,5
2020,PRK,satellite,1853.58705,64
2020,PRK,terrestrial,13573.6933,87
2020,PRK,total,15427.2804,90
2020,PRT,satellite,3823626.64,1328
2020,PRT,terrestrial,4417880.96,1621
2020,PRT,total,8241507.6,1623
2020,PRY,satellite,98722.3929,94
2020,PRY,terrestrial,12555.3748,92
2020,PRY,total,111277.768,94
2020,PSE,terrestrial,196.993104,3
2020,PSE,total,196.993104,3
2020,PYF,satellite,37509.1739,68
2020,PYF,terrestrial,27509.3185,78
2020,PYF,total,65018.4924,79
2020,QAT,satellite,166501.849,244
2020,QAT,terrestrial,486552.152,555
2020,QAT,total,653054.001,556
2020,REU,satellite,19969.5125,53
2020,REU,terrestrial,38093.2526,60
2020,REU,total,58062.765,61
2020,ROU,satellite,4560.3738,189
2020,ROU,terrestrial,192118.015,303
2020,ROU,total,196678.388,303
2020,RUS,satellite,5539802.91,3262
2020,RUS,terrestrial,5180778.84,3965
2020,RUS,total,10720581.7,4132
2020,RWA,terrestrial,41.7126744,3
2020,RWA,total,41.7126744,3
2020,SAU,satellite,1354037.34,644
2020,SAU,terrestrial,1455374.53,1288
2020,SAU,total,2809411.87,1301
2020,SDN,terrestrial,1513.75216,6
2020,SDN,total,1513.75216,6
2020,SEN,satellite,92695.8942,86
2020,SEN,terrestrial,44571.9425,92
2020,SEN,total,137267.837,92
2020,SGP,satellite,25579753.5,3352
2020,SGP,terrestrial,19479931.1,4819
2020,SGP,total,45059684.6,4834
2020,SHN,satellite,5350.45869,8
2020,SHN,terrestrial,11227.8739,21
2020,SHN,total,16578.3326,21
2020,SJM,satellite,3635.36283,1
2020,SJM,terrestrial,762.604393,1
2020,SJM,total,4397.96723,1
2020,SLB,satellite,23158.338,15
2020,SLB,terrestrial,938.11332,12
2020,SLB,total,24096.4514,17
2020,SLE,satellite,97102.4052,285
2020,SLE,terrestrial,379898.57,407
2020,SLE,total,477000.975,410
2020,SLV,satellite,15707.3459,8
2020,SLV,terrestrial,3037.23448,8
2020,SLV,total,18744.5804,8
2020,SMR,satellite,1153.46659,1
2020,SMR,terrestrial,2110.43982,9
2020,SMR,total,3263.90642,9
2020,SOM,satellite,2601.99014,23
2020,SOM,terrestrial,5255.64721,65
2020,SOM,total,7857.63735,68
2020,SPM,satellite,3309.06724,16
2020,SPM,terrestrial,14924.1101,16
2020,SPM,total,18233.1773,16
2020,SRB,satellite,349.072657,8
2020,SRB,terrestrial,5489.00546,19
2020,SRB,total,5838.07811,19
2020,SSD,terrestrial,1945.11238,4
2020,SSD,total,1945.11238,4
2020,STP,satellite,16000.1633,17
2020,STP,terrestrial,60527.0972,29
2020,STP,total,76527.2605,29
2020,SUR,satellite,215.181229,3
2020,SUR,terrestrial,119.515933,4
2020,SUR,total,334.697162,4
2020,SVK,satellite,548.580185,31
2020,SVK,terrestrial,33405.429,72
2020,SVK,total,33954.0092,72
2020,SVN,satellite,246.728985,9
2020,SVN,terrestrial,38898.2106,100
2020,SVN,total,39144.9395,100
2020,SWE,satellite,302327.085,980
2020,SWE,terrestrial,6838368.56,6500
2020,SWE,total,7140695.64,6503
2020,SWZ,terrestrial,85.5161373,3
2020,SWZ,total,85.5161373,3
2020,SYC,satellite,94407.7876,100
2020,SYC,terrestrial,70431.6817,107
2020,SYC,total,164839.469,112
2020,SYR,satellite,638.885393,7
2020,SYR,terrestrial,5615.56677,9
2020,SYR,total,6254.45216,9
2020,TCA,satellite,171.478322,2
2020,TCA,terrestrial,286.91856,4
2020,TCA,total,458.396882,4
2020,TCD,satellite,6067.73611,2
2020,TCD,terrestrial,1487.76383,2
2020,TCD,total,7555.49994,2
2020,TGO,satellite,178666.854,312
2020,TGO,terrestrial,413479.02,341
2020,TGO,total,592145.874,348
2020,THA,satellite,458077.674,471
2020,THA,terrestrial,1726607.22,809
2020,THA,total,2184684.89,812
2020,TJK,satellite,15.3086867,1
2020,TJK,terrestrial,937.548561,5
2020,TJK,total,952.857248,5
2020,TKM,satellite,0.0218882182,1
2020,TKM,terrestrial,436.144486,4
2020,TKM,total,436.166374,4
2020,TON,satellite,14064.6877,9
2020,TON,terrestrial,2194.96175,9
2020,TON,total,16259.6495,11
2020,TTO,satellite,40011.3357,57
2020,TTO,terrestrial,63344.988,60
2020,TTO,total,103356.324,60
2020,TUN,satellite,32080.8671,64
2020,TUN,terrestrial,146689.373,81
2020,TUN,total,178770.24,82
2020,TUR,satellite,624449.001,816
2020,TUR,terrestrial,7951494.87,4771
2020,TUR,total,8575943.87,4773
2020,TUV,satellite,352591.64,186
2020,TUV,terrestrial,354313.801,207
2020,TUV,total,706905.441,211
2020,TWN,satellite,2207950.92,1187
2020,TWN,terrestrial,2023771.32,3227
2020,TWN,total,4231722.23,3349
2020,TZA,satellite,115616.487,145
2020,TZA,terrestrial,166511.082,159
2020,TZA,total,282127.569,165
2020,UGA,satellite,0.534868342,1
2020,UGA,terrestrial,37.3272774,1
2020,UGA,total,37.8621458,1
2020,UKR,satellite,15574.871,193
2020,UKR,terrestrial,451126.136,431
2020,UKR,total,466701.007,431
2020,UNK,satellite,648.203752,5
2020,UNK,terrestrial,5595.36802,7
2020,UNK,total,6243.57177,7
2020,URY,satellite,123276.484,188
2020,URY,terrestrial,176791.309,207
2020,URY,total,300067.792,208
2020,USA,satellite,8462368.33,22743
2020,USA,terrestrial,26307146.7,31963
2020,USA,total,34769515,32217
2020,UZB,terrestrial,22.0046067,2
2020,UZB,total,22.0046067,2
2020,VAT,terrestrial,373.463435,4
2020,VAT,total,373.463435,4
2020,VCT,satellite,705182.131,726
2020,VCT,terrestrial,855857.434,801
2020,VCT,total,1561039.57,812
2020,VEN,satellite,232391.111,363
2020,VEN,terrestrial,237913.88,330
2020,VEN,total,470304.991,365
2020,VGB,satellite,74044.0771,306
2020,VGB,terrestrial,588083.234,509
2020,VGB,total,662127.311,515
2020,VIR,satellite,5.10650051,1
2020,VIR,terrestrial,119.549142,2
2020,VIR,total,124.655642,2
2020,VNM,satellite,409906.485,668
2020,VNM,terrestrial,679778.036,3556
2020,VNM,total,1089684.52,3588
2020,VUT,satellite,471266.692,381
2020,VUT,terrestrial,317797.224,397
2020,VUT,total,789063.916,407
2020,WLF,satellite,26920.2725,9
2020,WLF,terrestrial,61839.9021,13
2020,WLF,total,88760.1746,13
2020,WSM,satellite,9899.25378,8
2020,WSM,terrestrial,11378.9132,12
2020,WSM,total,21278.1669,12
2020,YEM,satellite,873.217881,8
2020,YEM,terrestrial,8795.69679,28
2020,YEM,total,9668.91467,28
2020,ZAF,satellite,304129.345,600
2020,ZAF,terrestrial,294750.773,632
2020,ZAF,total,598880.118,636
2020,ZMB,satellite,128.041794,1
2020,ZMB,terrestrial,2653.72541,5
2020,ZMB,total,2781.7672,5
2020,NA,satellite,395851.069,2132
2020,NA,terrestrial,5008598.64,20700
2020,NA,total,5404449.71,20853
2021,ABW,dynamic,16.6820067,2
2021,ABW,satellite,75.2193701,1
2021,ABW,terrestrial,4151.55729,3
2021,ABW,total,4243.45866,3
2021,AFG,dynamic,51.9457121,4
2021,AFG,satellite,1160.08766,2
2021,AFG,terrestrial,364.094434,10
2021,AFG,total,1576.12781,10
2021,AGO,dynamic,1272.02148,34
2021,AGO,satellite,78627.4307,47
2021,AGO,terrestrial,25884.5182,48
2021,AGO,total,105783.97,50
2021,AIA,dynamic,293.371295,6
2021,AIA,satellite,36.03303,3
2021,AIA,terrestrial,953.484258,9
2021,AIA,total,1282.88858,9
2021,ALB,dynamic,2617.47344,119
2021,ALB,satellite,2096.42207,60
2021,ALB,terrestrial,81269.2098,240
2021,ALB,total,85983.1053,244
2021,AND,dynamic,983.459442,41
2021,AND,satellite,0.649174647,3
2021,AND,terrestrial,12030.6934,65
2021,AND,total,13014.802,67
2021,ANT,dynamic,278.894476,1
2021,ANT,satellite,9674.76105,2
2021,ANT,terrestrial,7642.48182,2
2021,ANT,total,17596.1373,2
2021,ARE,dynamic,44032.9825,486
2021,ARE,satellite,130762.874,533
2021,ARE,terrestrial,673975.26,568
2021,ARE,total,848771.116,576
2021,ARG,dynamic,12505.7248,487
2021,ARG,satellite,943499.085,785
2021,ARG,terrestrial,442455.849,756
2021,ARG,total,1398460.66,796
2021,ARM,dynamic,47.661801,2
2021,ARM,terrestrial,64.1188804,3
2021,ARM,total,111.780681,3
2021,ASM,terrestrial,1.12502712,1
2021,ASM,total,1.12502712,1
2021,ATF,dynamic,1973.25186,18
2021,ATF,satellite,19185.0036,22
2021,ATF,terrestrial,4160.46149,29
2021,ATF,total,25318.717,32
2021,ATG,dynamic,58553.2158,291
2021,ATG,satellite,879620.796,313
2021,ATG,terrestrial,1070710.15,330
2021,ATG,total,2008884.16,330
2021,AUS,dynamic,81606.6863,4463
2021,AUS,satellite,3033454.29,7026
2021,AUS,terrestrial,4967324.9,7327
2021,AUS,total,8082385.88,7377
2021,AUT,dynamic,919.849904,43
2021,AUT,satellite,9087.86276,73
2021,AUT,terrestrial,154798.57,475
2021,AUT,total,164806.282,476
2021,AZE,dynamic,3033.2304,32
2021,AZE,satellite,22501.9226,12
2021,AZE,terrestrial,48197.9849,46
2021,AZE,total,73733.1379,49
2021,BDI,dynamic,6.14239633,1
2021,BDI,terrestrial,28.9369145,1
2021,BDI,total,35.0793108,1
2021,BEL,dynamic,75363.6013,1123
2021,BEL,satellite,1141088.51,880
2021,BEL,terrestrial,3328085.75,3136
2021,BEL,total,4544537.86,3138
2021,BEN,dynamic,407.571698,3
2021,BEN,satellite,4196.20567,4
2021,BEN,terrestrial,1759.15511,7
2021,BEN,total,6362.93248,7
2021,BES,dynamic,1055.6281,28
2021,BES,satellite,23064.9515,40
2021,BES,terrestrial,54701.312,48
2021,BES,total,78821.8916,49
2021,BFA,dynamic,336.356348,3
2021,BFA,terrestrial,461.114196,5
2021,BFA,total,797.470543,5
2021,BGD,dynamic,39943.503,98
2021,BGD,satellite,418433.855,108
2021,BGD,terrestrial,255738.614,114
2021,BGD,total,714115.972,117
2021,BGR,dynamic,2457.73755,163
2021,BGR,satellite,3659.60947,126
2021,BGR,terrestrial,273820.788,372
2021,BGR,total,279938.135,372
2021,BHR,dynamic,203282.335,2421
2021,BHR,satellite,106741.812,320
2021,BHR,terrestrial,2132762.77,3415
2021,BHR,total,2442786.91,3455
2021,BHS,dynamic,816641.793,1110
2021,BHS,satellite,18052960.2,1330
2021,BHS,terrestrial,10381428.4,1382
2021,BHS,total,29251030.4,1391
2021,BIH,dynamic,450.738999,8
2021,BIH,satellite,31.722214,2
2021,BIH,terrestrial,2403.69595,12
2021,BIH,total,2886.15717,12
2021,BLR,dynamic,21.7049944,2
2021,BLR,satellite,31.0627536,2
2021,BLR,terrestrial,617.248761,6
2021,BLR,total,670.016509,6
2021,BLZ,dynamic,52575.8373,447
2021,BLZ,satellite,396049.693,474
2021,BLZ,terrestrial,868202.243,562
2021,BLZ,total,1316827.77,571
2021,BMU,dynamic,75086.0826,139
2021,BMU,satellite,4750184.04,214
2021,BMU,terrestrial,1679367.01,275
2021,BMU,total,6504637.13,276
2021,BOL,dynamic,809.51873,14
2021,BOL,satellite,22649.6379,32
2021,BOL,terrestrial,11761.534,33
2021,BOL,total,35220.6906,35
2021,BRA,dynamic,91657.4106,1329
2021,BRA,satellite,1888161.83,1619
2021,BRA,terrestrial,1430193.32,1664
2021,BRA,total,3410012.56,1691
2021,BRB,dynamic,32204.3105,193
2021,BRB,satellite,435227.462,206
2021,BRB,terrestrial,520000.775,218
2021,BRB,total,987432.547,218
2021,BRN,dynamic,17565.9757,41
2021,BRN,satellite,283205.115,48
2021,BRN,terrestrial,111917.938,52
2021,BRN,total,412689.03,54
2021,BTN,dynamic,2391.50412,41
2021,BTN,satellite,271.120049,4
2021,BTN,terrestrial,9472.80748,78
2021,BTN,total,12135.4316,81
2021,BWA,dynamic,36.7462155,2
2021,BWA,satellite,0.0220317694,1
2021,BWA,terrestrial,386.557087,2
2021,BWA,total,423.325335,3
2021,CAF,dynamic,334.624916,10
2021,CAF,terrestrial,2828.15275,21
2021,CAF,total,3162.77767,21
2021,CAN,dynamic,65915.7563,2000
2021,CAN,satellite,1815369.86,5236
2021,CAN,terrestrial,4248486.65,5722
2021,CAN,total,6129772.27,5832
2021,CCK,dynamic,218.939758,2
2021,CCK,terrestrial,223.844622,6
2021,CCK,total,442.78438,6
2021,CHE,dynamic,11571.6168,222
2021,CHE,satellite,185851.533,289
2021,CHE,terrestrial,867112.901,827
2021,CHE,total,1064536.05,829
2021,CHL,dynamic,12857.4405,448
2021,CHL,satellite,1061683.92,561
2021,CHL,terrestrial,436415.047,551
2021,CHL,total,1510956.41,573
2021,CHN,dynamic,7762889.62,74317
2021,CHN,satellite,7368590.01,13149
2021,CHN,terrestrial,86593182,115193
2021,CHN,total,101724662,117307
2021,CIV,dynamic,285.814729,7
2021,CIV,satellite,5884.35878,10
2021,CIV,terrestrial,10750.8119,11
2021,CIV,total,16920.9855,12
2021,CMR,dynamic,22544.1079,157
2021,CMR,satellite,256650.541,199
2021,CMR,terrestrial,331891.964,211
2021,CMR,total,611086.612,214
2021,COD,dynamic,228.902448,7
2021,COD,satellite,16247.5205,9
2021,COD,terrestrial,6891.40682,11
2021,COD,total,23367.8298,11
2021,COG,dynamic,375.760031,8
2021,COG,satellite,1101.6078,6
2021,COG,terrestrial,3804.29442,12
2021,COG,total,5281.66225,13
2021,COK,dynamic,30464.0813,281
2021,COK,satellite,262854.85,337
2021,COK,terrestrial,738249.152,514
2021,COK,total,1031568.08,524
2021,COL,dynamic,7967.6806,221
2021,COL,satellite,121075.873,286
2021,COL,terrestrial,220094.841,289
2021,COL,total,349138.395,297
2021,COM,dynamic,26636.2819,196
2021,COM,satellite,201045.648,273
2021,COM,terrestrial,474904.965,294
2021,COM,total,702586.894,297
2021,CPV,dynamic,588.024341,24
2021,CPV,satellite,43786.2015,29
2021,CPV,terrestrial,37185.6758,30
2021,CPV,total,81559.9017,30
2021,CRI,dynamic,273.870339,13
2021,CRI,satellite,4213.4193,8
2021,CRI,terrestrial,2951.92604,18
2021,CRI,total,7439.21568,20
2021,CUB,dynamic,7995.21916,39
2021,CUB,satellite,111378.176,45
2021,CUB,terrestrial,44497.0196,36
2021,CUB,total,163870.415,51
2021,CUW,dynamic,18552.3133,51
2021,CUW,satellite,309738.582,56
2021,CUW,terrestrial,303115.445,57
2021,CUW,total,631406.34,57
2021,CXR,dynamic,307.360783,6
2021,CXR,terrestrial,1321.19877,9
2021,CXR,total,1628.55955,9
2021,CYM,dynamic,100434.245,922
2021,CYM,satellite,1956949.51,1207
2021,CYM,terrestrial,4587340.02,1587
2021,CYM,total,6644723.77,1592
2021,CYP,dynamic,293430.288,887
2021,CYP,satellite,6111914.55,1042
2021,CYP,terrestrial,6173495.09,1273
2021,CYP,total,12578839.9,1275
2021,CZE,dynamic,645.13867,30
2021,CZE,satellite,1923.87288,20
2021,CZE,terrestrial,39045.0464,94
2021,CZE,total,41614.0579,94
2021,DEU,dynamic,767498.801,3575
2021,DEU,satellite,14287280.2,3312
2021,DEU,terrestrial,18593723.9,13804
2021,DEU,total,33648503,13816
2021,DIS,dynamic,328.465758,2
2021,DIS,satellite,1016.5181,3
2021,DIS,terrestrial,12984.003,3
2021,DIS,total,14328.9868,3
2021,DJI,dynamic,8126.10147,21
2021,DJI,satellite,41805.914,29
2021,DJI,terrestrial,88383.6091,33
2021,DJI,total,138315.624,35
2021,DMA,dynamic,12798.5293,70
2021,DMA,satellite,67792.0969,80
2021,DMA,terrestrial,299562.643,154
2021,DMA,total,380153.269,155
2021,DNK,dynamic,403824.078,2029
2021,DNK,satellite,6350499.04,1317
2021,DNK,terrestrial,9111337.96,5519
2021,DNK,total,15865661.1,5524
2021,DOM,dynamic,248.483738,17
2021,DOM,satellite,6791.80021,21
2021,DOM,terrestrial,5476.10623,22
2021,DOM,total,12516.3902,22
2021,DZA,dynamic,18687.4373,79
2021,DZA,satellite,147283.224,101
2021,DZA,terrestrial,166599.556,110
2021,DZA,total,332570.217,119
2021,ECU,dynamic,8867.07799,325
2021,ECU,satellite,556702.47,514
2021,ECU,terrestrial,388475.001,512
2021,ECU,total,954044.549,527
2021,EGY,dynamic,20703.8191,141
2021,EGY,satellite,139769.039,175
2021,EGY,terrestrial,203044.422,191
2021,EGY,total,363517.28,197
2021,ERI,dynamic,902.930774,4
2021,ERI,satellite,2636.77042,1
2021,ERI,terrestrial,1651.14156,7
2021,ERI,total,5190.84275,7
2021,ESP,dynamic,63291.7171,3285
2021,ESP,satellite,1612646.43,3396
2021,ESP,terrestrial,4530311.79,6779
2021,ESP,total,6206249.94,6796
2021,EST,dynamic,7331.21677,149
2021,EST,satellite,61960.5649,154
2021,EST,terrestrial,661127.29,411
2021,EST,total,730419.072,411
2021,ETH,dynamic,5231.69071,9
2021,ETH,satellite,28683.5435,9
2021,ETH,terrestrial,51231.2667,9
2021,ETH,total,85146.5009,9
2021,FIN,dynamic,37242.9522,478
2021,FIN,satellite,97932.445,605
2021,FIN,terrestrial,3230139.78,1866
2021,FIN,total,3365315.18,1866
2021,FJI,dynamic,289.914037,51
2021,FJI,satellite,103635.812,93
2021,FJI,terrestrial,4183.80385,79
2021,FJI,total,108109.53,103
2021,FLK,dynamic,425.755909,24
2021,FLK,satellite,101081.172,41
2021,FLK,terrestrial,28090.1355,43
2021,FLK,total,129597.063,45
2021,FRA,dynamic,143820.096,3336
2021,FRA,satellite,2399815.88,3916
2021,FRA,terrestrial,7888186.5,13752
2021,FRA,total,10431822.5,13784
2021,FRO,dynamic,6551.97567,278
2021,FRO,satellite,408808.062,374
2021,FRO,terrestrial,535528.481,449
2021,FRO,total,950888.519,449
2021,FSM,dynamic,718.21364,29
2021,FSM,satellite,75256.4018,61
2021,FSM,terrestrial,14128.92,44
2021,FSM,total,90103.5355,67
2021,GAB,dynamic,22907.3826,51
2021,GAB,satellite,141819.039,69
2021,GAB,terrestrial,333500.75,89
2021,GAB,total,498227.171,89
2021,GBR,dynamic,254458.183,5279
2021,GBR,satellite,3788415.06,4678
2021,GBR,terrestrial,13326404.2,18913
2021,GBR,total,17369277.4,18935
2021,GEO,dynamic,1785.72919,82
2021,GEO,satellite,10118.0172,37
2021,GEO,terrestrial,96947.7005,122
2021,GEO,total,108851.447,123
2021,GGY,satellite,170.900221,1
2021,GGY,terrestrial,4066.93624,1
2021,GGY,total,4237.83646,1
2021,GHA,dynamic,2363.04539,69
2021,GHA,satellite,117966.518,86
2021,GHA,terrestrial,3639.81104,62
2021,GHA,total,123969.375,93
2021,GIB,dynamic,26329.1017,243
2021,GIB,satellite,296453.048,290
2021,GIB,terrestrial,1057015.97,448
2021,GIB,total,1379798.12,449
2021,GIN,dynamic,796.32561,8
2021,GIN,satellite,22400.226,7
2021,GIN,terrestrial,4385.7186,9
2021,GIN,total,27582.2702,9
2021,GLP,dynamic,1656.21571,72
2021,GLP,satellite,12899.0949,117
2021,GLP,terrestrial,106059.792,140
2021,GLP,total,120615.102,145
2021,GMB,dynamic,255.63101700000001,5
2021,GMB,satellite,7319.08357,7
2021,GMB,terrestrial,2640.87036,9
2021,GMB,total,10215.5849,9
2021,GNB,dynamic,691.870935,12
2021,GNB,satellite,27318.1075,19
2021,GNB,terrestrial,9838.33988,19
2021,GNB,total,37848.3183,20
2021,GNQ,dynamic,2215.2965600000002,20
2021,GNQ,satellite,9568.65095,19
2021,GNQ,terrestrial,6156.44012,30
2021,GNQ,total,17940.3876,30
2021,GRC,dynamic,386161.564,1173
2021,GRC,satellite,9216950.52,1513
2021,GRC,terrestrial,8573824.58,2124
2021,GRC,total,18176936.7,2129
2021,GRD,dynamic,279.275548,5
2021,GRD,satellite,435.498336,3
2021,GRD,terrestrial,6965.80597,10
2021,GRD,total,7680.57985,11
2021,GRL,dynamic,435.666208,39
2021,GRL,satellite,276407.691,129
2021,GRL,terrestrial,83988.9384,136
2021,GRL,total,360832.296,137
2021,GTM,dynamic,308.4198,15
2021,GTM,satellite,3504.0615,10
2021,GTM,terrestrial,2790.4862,17
2021,GTM,total,6602.96749,20
2021,GUF,dynamic,1.7836121,3
2021,GUF,satellite,3018.47317,8
2021,GUF,terrestrial,2352.9046,11
2021,GUF,total,5373.16139,12
2021,GUY,dynamic,15993.0611,42
2021,GUY,satellite,29454.3043,56
2021,GUY,terrestrial,67895.3094,61
2021,GUY,total,113342.675,64
2021,HKG,dynamic,1867034.57,2811
2021,HKG,satellite,32858183.7,2594
2021,HKG,terrestrial,18242706.7,3447
2021,HKG,total,52967925,3462
2021,HND,dynamic,3478.83886,23
2021,HND,satellite,9783.57687,31
2021,HND,terrestrial,25579.6708,35
2021,HND,total,38842.0866,36
2021,HRV,dynamic,20955.3815,382
2021,HRV,satellite,118236.917,439
2021,HRV,terrestrial,1386664.93,927
2021,HRV,total,1525857.23,927
2021,HTI,dynamic,23.7430947,1
2021,HTI,satellite,1.1904806000000001,1
2021,HTI,terrestrial,152.296712,3
2021,HTI,total,177.230287,3
2021,HUN,dynamic,537.920613,10
2021,HUN,satellite,295.484437,9
2021,HUN,terrestrial,36753.7252,62
2021,HUN,total,37587.1303,62
2021,IDN,dynamic,420543.189,7898
2021,IDN,satellite,7184382.29,8762
2021,IDN,terrestrial,3837089,8808
2021,IDN,total,11442014.5,10321
2021,IMN,dynamic,109928.76,212
2021,IMN,satellite,2689326.13,286
2021,IMN,terrestrial,1703429.62,293
2021,IMN,total,4502684.52,293
2021,IND,dynamic,227199.391,1899
2021,IND,satellite,1995675.72,2147
2021,IND,terrestrial,2427109.15,2563
2021,IND,total,4649984.26,2635
2021,IRL,dynamic,6823.56184,329
2021,IRL,satellite,113197.302,471
2021,IRL,terrestrial,630380.99,930
2021,IRL,total,750401.854,930
2021,IRN,dynamic,153064.854,1365
2021,IRN,satellite,598992.738,1665
2021,IRN,terrestrial,1103813.39,2313
2021,IRN,total,1855870.98,2514
2021,IRQ,dynamic,1841.40197,26
2021,IRQ,satellite,3131.86951,16
2021,IRQ,terrestrial,13124.4619,40
2021,IRQ,total,18097.7334,41
2021,ISL,dynamic,2459.39888,488
2021,ISL,satellite,893135.245,1384
2021,ISL,terrestrial,448602.238,1393
2021,ISL,total,1344196.88,1398
2021,ISR,dynamic,11103.6743,156
2021,ISR,satellite,149283.258,69
2021,ISR,terrestrial,277586.543,239
2021,ISR,total,437973.475,240
2021,ITA,dynamic,168105.157,2215
2021,ITA,satellite,2017753.45,2460
2021,ITA,terrestrial,8870586.61,5322
2021,ITA,total,11056445.2,5326
2021,JAM,dynamic,12638.7403,194
2021,JAM,satellite,90535.4716,217
2021,JAM,terrestrial,528385.147,281
2021,JAM,total,631559.359,281
2021,JEY,dynamic,403.873454,9
2021,JEY,satellite,4336.27528,11
2021,JEY,terrestrial,19426.469,15
2021,JEY,total,24166.6177,15
2021,JOR,dynamic,3592.01511,33
2021,JOR,satellite,26689.5043,37
2021,JOR,terrestrial,41826.0301,45
2021,JOR,total,72107.5495,45
2021,JPN,dynamic,649952.504,6533
2021,JPN,satellite,8104509.3,6761
2021,JPN,terrestrial,18992802.9,8550
2021,JPN,total,27747264.7,8604
2021,KAZ,dynamic,243.553681,6
2021,KAZ,satellite,483.110889,5
2021,KAZ,terrestrial,1446.50981,7
2021,KAZ,total,2173.17438,7
2021,KEN,dynamic,122.238675,12
2021,KEN,satellite,10061.1006,16
2021,KEN,terrestrial,7583.45872,18
2021,KEN,total,17766.798,18
2021,KGZ,dynamic,470.683462,10
2021,KGZ,satellite,149.955833,1
2021,KGZ,terrestrial,3305.18776,13
2021,KGZ,total,3925.82705,15
2021,KHM,dynamic,665.154448,26
2021,KHM,satellite,11873.9005,19
2021,KHM,terrestrial,19532.0765,61
2021,KHM,total,32071.1314,64
2021,KIR,dynamic,5769.60633,57
2021,KIR,satellite,85753.1022,74
2021,KIR,terrestrial,125474.811,93
2021,KIR,total,216997.519,96
2021,KNA,dynamic,28015.6381,200
2021,KNA,satellite,163685.236,269
2021,KNA,terrestrial,417739.801,306
2021,KNA,total,609440.675,310
2021,KOR,dynamic,789044.356,7685
2021,KOR,satellite,3376222.29,3218
2021,KOR,terrestrial,9967731.66,9813
2021,KOR,total,14132998.3,10111
2021,KWT,dynamic,68898.3468,94
2021,KWT,satellite,564546.478,93
2021,KWT,terrestrial,508066.997,109
2021,KWT,total,1141511.82,109
2021,LAO,dynamic,15.4099328,1
2021,LAO,satellite,2.96901866,1
2021,LAO,terrestrial,892.938159,2
2021,LAO,total,911.317111,2
2021,LBN,dynamic,3342.64431,35
2021,LBN,satellite,57091.3385,32
2021,LBN,terrestrial,89517.4375,58
2021,LBN,total,149951.42,60
2021,LBR,dynamic,2751175.1,3447
2021,LBR,satellite,46198283.2,4087
2021,LBR,terrestrial,29306831.3,4279
2021,LBR,total,78256289.6,4296
2021,LBY,dynamic,11530.8028,23
2021,LBY,satellite,90722.813,39
2021,LBY,terrestrial,149189.163,50
2021,LBY,total,251442.779,51
2021,LCA,dynamic,25.4274969,3
2021,LCA,terrestrial,438.986045,5
2021,LCA,total,464.413542,5
2021,LIE,dynamic,384.042638,4
2021,LIE,satellite,2129.24577,4
2021,LIE,terrestrial,691.916952,7
2021,LIE,total,3205.20536,8
2021,LKA,dynamic,10645.5604,1115
2021,LKA,satellite,106042.639,1081
2021,LKA,terrestrial,116419.752,763
2021,LKA,total,233107.952,1314
2021,LSO,dynamic,5.28136796,1
2021,LSO,satellite,271.881293,1
2021,LSO,terrestrial,119.134072,2
2021,LSO,total,396.296733,2
2021,LTU,dynamic,7843.44186,79
2021,LTU,satellite,95929.2189,61
2021,LTU,terrestrial,296889.008,153
2021,LTU,total,400661.668,154
2021,LUX,dynamic,25819.8513,197
2021,LUX,satellite,313194.331,186
2021,LUX,terrestrial,652572.754,311
2021,LUX,total,991586.936,312
2021,LVA,dynamic,6900.0048,116
2021,LVA,satellite,40822.7606,110
2021,LVA,terrestrial,304475.934,231
2021,LVA,total,352198.699,231
2021,MAC,dynamic,3264.49101,53
2021,MAC,satellite,814.872843,11
2021,MAC,terrestrial,80805.8267,76
2021,MAC,total,84885.1905,76
2021,MAR,dynamic,11822.6892,134
2021,MAR,satellite,204069.586,168
2021,MAR,terrestrial,175664.699,169
2021,MAR,total,391556.974,169
2021,MCO,dynamic,259.547111,37
2021,MCO,satellite,811.930301,11
2021,MCO,terrestrial,114221.28,105
2021,MCO,total,115292.757,105
2021,MDA,dynamic,5272.88553,84
2021,MDA,satellite,44563.6366,108
2021,MDA,terrestrial,138200.222,135
2021,MDA,total,188036.745,135
2021,MDG,dynamic,90.4121201,18
2021,MDG,satellite,34043.2532,35
2021,MDG,terrestrial,2149.46367,24
2021,MDG,total,36283.129,36
2021,MDV,dynamic,632.978131,21
2021,MDV,satellite,6133.2375,25
2021,MDV,terrestrial,15572.7667,37
2021,MDV,total,22338.9823,37
2021,MEX,dynamic,19765.4161,412
2021,MEX,satellite,668132.371,507
2021,MEX,terrestrial,375892.027,506
2021,MEX,total,1063789.81,517
2021,MHL,dynamic,2323377.09,3505
2021,MHL,satellite,44462849,4417
2021,MHL,terrestrial,26833769.6,4663
2021,MHL,total,73619995.6,4688
2021,MKD,dynamic,0.710231577,1
2021,MKD,satellite,0.130911884,1
2021,MKD,terrestrial,230.350708,2
2021,MKD,total,231.191851,3
2021,MLI,dynamic,70.9856896,1
2021,MLI,terrestrial,72.7815108,1
2021,MLI,total,143.7672,1
2021,MLT,dynamic,1077272.44,2183
2021,MLT,satellite,21110230.3,2732
2021,MLT,terrestrial,18284168.9,3827
2021,MLT,total,40471671.6,3833
2021,MMR,dynamic,2854.18681,112
2021,MMR,satellite,38297.5703,137
2021,MMR,terrestrial,63885.1995,158
2021,MMR,total,105036.957,165
2021,MNE,dynamic,1469.61091,16
2021,MNE,satellite,26443.4349,23
2021,MNE,terrestrial,40772.7297,80
2021,MNE,total,68685.7756,80
2021,MNG,dynamic,14712.8809,175
2021,MNG,satellite,83556.4705,210
2021,MNG,terrestrial,262706.165,292
2021,MNG,total,360975.517,300
2021,MNP,dynamic,2061.84921,4
2021,MNP,satellite,8085.84311,1
2021,MNP,terrestrial,5259.97753,6
2021,MNP,total,15407.6698,6
2021,MOZ,dynamic,653.46137,20
2021,MOZ,satellite,34082.2128,27
2021,MOZ,terrestrial,12111.4501,20
2021,MOZ,total,46847.1243,27
2021,MRT,dynamic,980.272386,23
2021,MRT,satellite,22708.0162,38
2021,MRT,terrestrial,9028.06816,43
2021,MRT,total,32716.3567,44
2021,MSR,dynamic,106.87938,4
2021,MSR,satellite,5.60972092,2
2021,MSR,terrestrial,3248.10788,10
2021,MSR,total,3360.59698,10
2021,MTQ,dynamic,1782.27421,87
2021,MTQ,satellite,15876.6277,124
2021,MTQ,terrestrial,83944.3486,154
2021,MTQ,total,101603.251,160
2021,MUS,dynamic,3190.36433,86
2021,MUS,satellite,67077.759,127
2021,MUS,terrestrial,56698.5904,129
2021,MUS,total,126966.714,136
2021,MWI,dynamic,359.377985,10
2021,MWI,satellite,112.220658,2
2021,MWI,terrestrial,1458.36131,14
2021,MWI,total,1929.95995,14
2021,MYS,dynamic,249005.539,1740
2021,MYS,satellite,1743714.88,1181
2021,MYS,terrestrial,2333114.87,2292
2021,MYS,total,4325835.28,2476
2021,NAM,dynamic,997.934841,104
2021,NAM,satellite,168259.726,125
2021,NAM,terrestrial,57941.7423,126
2021,NAM,total,227199.403,127
2021,NCL,dynamic,2230.5394,101
2021,NCL,satellite,29528.9175,141
2021,NCL,terrestrial,56388.2862,155
2021,NCL,total,88147.7431,156
2021,NER,dynamic,68.7942892,3
2021,NER,satellite,2630.63369,2
2021,NER,terrestrial,3247.45966,4
2021,NER,total,5946.88765,5
2021,NGA,dynamic,22162.4759,559
2021,NGA,satellite,636643.211,808
2021,NGA,terrestrial,595392.823,814
2021,NGA,total,1254198.51,817
2021,NIC,dynamic,276.973861,5
2021,NIC,satellite,6377.09862,6
2021,NIC,terrestrial,4453.90017,9
2021,NIC,total,11107.9726,9
2021,NIS,dynamic,43.0367729,4
2021,NIS,satellite,32316.3342,10
2021,NIS,terrestrial,45072.1335,10
2021,NIS,total,77431.5044,10
2021,NIU,dynamic,6917.87055,68
2021,NIU,satellite,33361.6485,74
2021,NIU,terrestrial,86356.9559,103
2021,NIU,total,126636.475,107
2021,NLD,dynamic,312670.979,6006
2021,NLD,satellite,1657623.8,3351
2021,NLD,terrestrial,18376877.2,16355
2021,NLD,total,20347172,16365
2021,NOR,dynamic,390074.324,6629
2021,NOR,satellite,6433318.2,7445
2021,NOR,terrestrial,18857646.3,12321
2021,NOR,total,25681038.8,12329
2021,NPL,dynamic,708.915606,5
2021,NPL,satellite,661.522668,2
2021,NPL,terrestrial,6870.99179,6
2021,NPL,total,8241.43006,6
2021,NRU,dynamic,257.130916,14
2021,NRU,satellite,43965.3691,29
2021,NRU,terrestrial,11373.5961,30
2021,NRU,total,55596.0961,31
2021,NZL,dynamic,4859.09685,584
2021,NZL,satellite,993328.793,1643
2021,NZL,terrestrial,888917.497,1747
2021,NZL,total,1887105.39,1775
2021,OMN,dynamic,9518.58164,66
2021,OMN,satellite,71790.2652,75
2021,OMN,terrestrial,22199.338,85
2021,OMN,total,103508.185,90
2021,PAK,dynamic,15984.346,63
2021,PAK,satellite,86024.1336,69
2021,PAK,terrestrial,148373.609,76
2021,PAK,total,250382.088,84
2021,PAN,dynamic,2893684.99,5927
2021,PAN,satellite,52191443.5,7048
2021,PAN,terrestrial,32037264.1,7199
2021,PAN,total,87122392.5,7300
2021,PCN,dynamic,614.799277,17
2021,PCN,satellite,513.072976,8
2021,PCN,terrestrial,4465.18025,32
2021,PCN,total,5593.0525,32
2021,PER,dynamic,3475.23668,250
2021,PER,satellite,315313.024,332
2021,PER,terrestrial,205573.374,316
2021,PER,total,524361.635,336
2021,PHL,dynamic,74616.8806,677
2021,PHL,satellite,1291052.36,793
2021,PHL,terrestrial,1268920.2,856
2021,PHL,total,2634589.43,881
2021,PLW,dynamic,44592.7144,229
2021,PLW,satellite,302634.028,311
2021,PLW,terrestrial,661240.508,345
2021,PLW,total,1008467.25,349
2021,PNG,dynamic,1538.59211,88
2021,PNG,satellite,137021.026,117
2021,PNG,terrestrial,51838.0388,105
2021,PNG,total,190397.657,120
2021,POL,dynamic,15820.0692,509
2021,POL,satellite,56305.5495,270
2021,POL,terrestrial,868285.87,1410
2021,POL,total,940411.489,1417
2021,PRI,dynamic,0.0735483447,1
2021,PRI,satellite,0.170935328,1
2021,PRI,terrestrial,311.310224,5
2021,PRI,total,311.554708,5
2021,PRK,dynamic,1260.95787,38
2021,PRK,satellite,1268.86013,53
2021,PRK,terrestrial,10398.9251,113
2021,PRK,total,12928.7431,121
2021,PRT,dynamic,279089.37,1148
2021,PRT,satellite,5111459.07,1510
2021,PRT,terrestrial,5256719.38,1849
2021,PRT,total,10647267.8,1850
2021,PRY,dynamic,484.113382,56
2021,PRY,satellite,99039.8586,105
2021,PRY,terrestrial,12159.566,103
2021,PRY,total,111683.538,106
2021,PSE,dynamic,682.559992,5
2021,PSE,satellite,10.9343676,1
2021,PSE,terrestrial,1078.10084,6
2021,PSE,total,1771.5952,6
2021,PYF,dynamic,896.298845,53
2021,PYF,satellite,61435.4778,80
2021,PYF,terrestrial,29135.2685,91
2021,PYF,total,91467.0452,93
2021,QAT,dynamic,31596.7849,367
2021,QAT,satellite,121427.654,280
2021,QAT,terrestrial,474355.944,619
2021,QAT,total,627380.383,633
2021,REU,dynamic,637.502,34
2021,REU,satellite,18768.7545,68
2021,REU,terrestrial,54836.3587,74
2021,REU,total,74242.6153,77
2021,ROU,dynamic,4006.66906,206
2021,ROU,satellite,6849.53659,225
2021,ROU,terrestrial,268213.162,328
2021,ROU,total,279069.368,328
2021,RUS,dynamic,145280.004,2111
2021,RUS,satellite,5691625.47,3324
2021,RUS,terrestrial,5695324.71,4214
2021,RUS,total,11532230.2,4363
2021,RWA,dynamic,0.896376272,1
2021,RWA,terrestrial,23.9875479,2
2021,RWA,total,24.8839242,2
2021,SAU,dynamic,80469.1693,1093
2021,SAU,satellite,1367711.16,769
2021,SAU,terrestrial,1571392.63,1423
2021,SAU,total,3019572.96,1538
2021,SDN,dynamic,2.59297816,2
2021,SDN,terrestrial,436.607786,7
2021,SDN,total,439.200764,7
2021,SEN,dynamic,2751.09317,63
2021,SEN,satellite,91689.2892,78
2021,SEN,terrestrial,48254.8785,84
2021,SEN,total,142695.261,84
2021,SGP,dynamic,1701689.18,3965
2021,SGP,satellite,27170794.8,3221
2021,SGP,terrestrial,18729574.5,4853
2021,SGP,total,47602058.4,4927
2021,SHN,dynamic,957.379394,10
2021,SHN,satellite,4529.7115,9
2021,SHN,terrestrial,9145.13282,20
2021,SHN,total,14632.2237,20
2021,SJM,dynamic,155.873169,1
2021,SJM,satellite,4129.15528,1
2021,SJM,terrestrial,911.001744,1
2021,SJM,total,5196.03019,1
2021,SLB,dynamic,81.413765,5
2021,SLB,satellite,15735.3877,12
2021,SLB,terrestrial,1384.69338,11
2021,SLB,total,17201.4949,13
2021,SLE,dynamic,27302.7528,263
2021,SLE,satellite,120732.913,316
2021,SLE,terrestrial,450463.281,415
2021,SLE,total,598498.947,420
2021,SLV,dynamic,37.6379338,5
2021,SLV,satellite,15011.6832,9
2021,SLV,terrestrial,1690.9621,8
2021,SLV,total,16740.2832,9
2021,SMR,dynamic,341.86403,6
2021,SMR,satellite,12.9291889,2
2021,SMR,terrestrial,4705.27587,9
2021,SMR,total,5060.06909,10
2021,SOM,dynamic,1839.05377,50
2021,SOM,satellite,5497.62443,27
2021,SOM,terrestrial,4491.28709,74
2021,SOM,total,11827.9653,76
2021,SPM,dynamic,0.96290461,3
2021,SPM,satellite,7126.06242,18
2021,SPM,terrestrial,20071.9332,18
2021,SPM,total,27198.9585,18
2021,SRB,dynamic,48.651147,8
2021,SRB,satellite,561.487027,15
2021,SRB,terrestrial,9018.70358,28
2021,SRB,total,9628.84176,28
2021,SSD,terrestrial,484.794308,3
2021,SSD,total,484.794308,3
2021,STP,dynamic,3172.28743,19
2021,STP,satellite,23505.7165,17
2021,STP,terrestrial,48657.0523,23
2021,STP,total,75335.0562,25
2021,SUR,satellite,79.3579268,3
2021,SUR,terrestrial,126.453988,3
2021,SUR,total,205.811915,3
2021,SVK,dynamic,960.395838,31
2021,SVK,satellite,1121.91237,43
2021,SVK,terrestrial,60867.2974,89
2021,SVK,total,62949.6056,89
2021,SVN,dynamic,752.440798,38
2021,SVN,satellite,302.312525,11
2021,SVN,terrestrial,51253.9164,123
2021,SVN,total,52308.6697,123
2021,SWE,dynamic,63563.8527,1522
2021,SWE,satellite,432660.44,1033
2021,SWE,terrestrial,7293709.15,7245
2021,SWE,total,7789933.44,7247
2021,SWZ,dynamic,79.8328694,1
2021,SWZ,satellite,1072.2579,1
2021,SWZ,terrestrial,1939.17665,2
2021,SWZ,total,3091.26742,2
2021,SYC,dynamic,1072.25296,70
2021,SYC,satellite,105368.391,115
2021,SYC,terrestrial,85264.1652,127
2021,SYC,total,191704.809,129
2021,SYR,dynamic,332.279447,5
2021,SYR,satellite,545.098834,6
2021,SYR,terrestrial,8392.09227,8
2021,SYR,total,9269.47055,8
2021,TCA,dynamic,5.2112364,2
2021,TCA,satellite,35.2067752,2
2021,TCA,terrestrial,242.737127,3
2021,TCA,total,283.155139,3
2021,TCD,dynamic,11.9996207,1
2021,TCD,satellite,860.109759,3
2021,TCD,terrestrial,739.111491,2
2021,TCD,total,1611.22087,3
2021,TGO,dynamic,25973.1791,267
2021,TGO,satellite,204171.413,326
2021,TGO,terrestrial,445992.911,351
2021,TGO,total,676137.504,353
2021,THA,dynamic,140358.408,738
2021,THA,satellite,556178.828,550
2021,THA,terrestrial,1553853.38,983
2021,THA,total,2250390.62,1012
2021,TJK,dynamic,160.632963,3
2021,TJK,satellite,26.8015646,2
2021,TJK,terrestrial,162.91535,4
2021,TJK,total,350.349878,5
2021,TKM,dynamic,27.2472881,2
2021,TKM,terrestrial,810.278105,3
2021,TKM,total,837.525394,3
2021,TON,dynamic,46.2860228,2
2021,TON,satellite,12093.9443,9
2021,TON,terrestrial,2130.1292,11
2021,TON,total,14270.3595,15
2021,TTO,dynamic,3724.66482,53
2021,TTO,satellite,61782.5371,67
2021,TTO,terrestrial,61453.4969,68
2021,TTO,total,126960.699,68
2021,TUN,dynamic,4005.77438,41
2021,TUN,satellite,48717.9884,69
2021,TUN,terrestrial,150220.327,88
2021,TUN,total,202944.09,90
2021,TUR,dynamic,238940.138,2668
2021,TUR,satellite,602218.648,926
2021,TUR,terrestrial,8399062.62,5085
2021,TUR,total,9240221.4,5112
2021,TUV,dynamic,37528.6446,185
2021,TUV,satellite,350776.764,221
2021,TUV,terrestrial,391814.462,241
2021,TUV,total,780119.871,248
2021,TWN,dynamic,134992.2,2795
2021,TWN,satellite,1879072.85,1247
2021,TWN,terrestrial,2262995.27,4372
2021,TWN,total,4277060.32,4476
2021,TZA,dynamic,20987.5449,130
2021,TZA,satellite,126372.669,164
2021,TZA,terrestrial,269027.64,180
2021,TZA,total,416387.854,185
2021,UKR,dynamic,8113.52636,258
2021,UKR,satellite,13666.0668,199
2021,UKR,terrestrial,454973.862,429
2021,UKR,total,476753.455,430
2021,UNK,dynamic,204.870216,2
2021,UNK,satellite,604.862169,4
2021,UNK,terrestrial,5299.43764,3
2021,UNK,total,6109.17002,4
2021,URY,dynamic,5112.52241,157
2021,URY,satellite,125218.377,191
2021,URY,terrestrial,184026.008,214
2021,URY,total,314356.907,215
2021,USA,dynamic,607841.516,16187
2021,USA,satellite,8898427.36,25554
2021,USA,terrestrial,30743656.2,36326
2021,USA,total,40249925,36603
2021,UZB,dynamic,7.20800423,1
2021,UZB,satellite,24.0579049,1
2021,UZB,terrestrial,766.708583,2
2021,UZB,total,797.974492,2
2021,VAT,dynamic,7.19526224,1
2021,VAT,terrestrial,268.682787,2
2021,VAT,total,275.878049,2
2021,VCT,dynamic,50543.3093,645
2021,VCT,satellite,772744.824,795
2021,VCT,terrestrial,880793.886,865
2021,VCT,total,1704082.02,877
2021,VEN,dynamic,3758.07938,290
2021,VEN,satellite,295504.21,667
2021,VEN,terrestrial,237601.355,614
2021,VEN,total,536863.645,678
2021,VGB,dynamic,11703.7235,275
2021,VGB,satellite,69344.584,334
2021,VGB,terrestrial,685381.129,542
2021,VGB,total,766429.437,549
2021,VIR,dynamic,8.93425753,1
2021,VIR,terrestrial,81.2415373,2
2021,VIR,total,90.1757949,2
2021,VNM,dynamic,119823.368,4091
2021,VNM,satellite,527163.658,933
2021,VNM,terrestrial,1207050.73,4801
2021,VNM,total,1854037.76,5795
2021,VUT,dynamic,23968.7776,312
2021,VUT,satellite,443412.096,385
2021,VUT,terrestrial,366697.728,400
2021,VUT,total,834078.602,407
2021,WLF,dynamic,1912.51175,8
2021,WLF,satellite,27384.0495,8
2021,WLF,terrestrial,64303.0274,12
2021,WLF,total,93599.5886,13
2021,WSM,dynamic,8116.6239,10
2021,WSM,satellite,42954.5303,11
2021,WSM,terrestrial,43952.6607,14
2021,WSM,total,95023.815,14
2021,YEM,dynamic,955.990294,12
2021,YEM,satellite,736.063561,7
2021,YEM,terrestrial,8057.13179,22
2021,YEM,total,9749.18564,22
2021,ZAF,dynamic,8103.83763,461
2021,ZAF,satellite,334812.238,658
2021,ZAF,terrestrial,324247.672,700
2021,ZAF,total,667163.748,706
2021,ZMB,dynamic,333.677549,5
2021,ZMB,satellite,1267.94196,3
2021,ZMB,terrestrial,6708.27015,7
2021,ZMB,total,8309.88966,7
2021,NA,dynamic,216293.79,4871
2021,NA,satellite,417634.864,1815
2021,NA,terrestrial,3851607.64,18846
2021,NA,total,4485536.29,19226
2022,ABW,dynamic,148.071476,2
2022,ABW,satellite,46.8353269,1
2022,ABW,terrestrial,3740.34175,2
2022,ABW,total,3935.24855,2
2022,AFG,dynamic,1237.71715,8
2022,AFG,satellite,1259.26634,4
2022,AFG,terrestrial,265.688947,6
2022,AFG,total,2762.67244,8
2022,AGO,dynamic,38220.8298,66
2022,AGO,satellite,134676.841,61
2022,AGO,terrestrial,27617.3312,68
2022,AGO,total,200515.002,69
2022,AIA,dynamic,1538.45611,10
2022,AIA,satellite,945.758467,6
2022,AIA,terrestrial,5509.37144,9
2022,AIA,total,7993.58602,11
2022,ALB,dynamic,25742.2495,215
2022,ALB,satellite,1244.19091,62
2022,ALB,terrestrial,63684.9212,193
2022,ALB,total,90671.3616,230
2022,AND,dynamic,10615.6573,84
2022,AND,satellite,37.2948275,2
2022,AND,terrestrial,6941.91562,69
2022,AND,total,17594.8677,85
2022,ANT,dynamic,5492.92574,2
2022,ANT,satellite,3295.82878,2
2022,ANT,terrestrial,3349.8698,2
2022,ANT,total,12138.6243,2
2022,ARE,dynamic,680250.298,631
2022,ARE,satellite,49981.8031,565
2022,ARE,terrestrial,271492.973,626
2022,ARE,total,1001725.07,633
2022,ARG,dynamic,142679.292,800
2022,ARG,satellite,813968.458,818
2022,ARG,terrestrial,456696.901,784
2022,ARG,total,1413344.65,839
2022,ARM,dynamic,404.753171,4
2022,ARM,terrestrial,29.7085382,4
2022,ARM,total,434.461709,4
2022,ASM,dynamic,440.200151,1
2022,ASM,terrestrial,14.2389448,1
2022,ASM,total,454.439096,1
2022,ATF,dynamic,21606.4988,24
2022,ATF,satellite,11984.807,12
2022,ATF,terrestrial,3176.16251,22
2022,ATF,total,36767.4683,25
2022,ATG,dynamic,740454.747,331
2022,ATG,satellite,644285.643,318
2022,ATG,terrestrial,716887.201,329
2022,ATG,total,2101627.59,331
2022,AUS,dynamic,1057653.01,7720
2022,AUS,satellite,2408707.21,7610
2022,AUS,terrestrial,5320057.63,8055
2022,AUS,total,8786417.85,8146
2022,AUT,dynamic,39506.677,553
2022,AUT,satellite,12708.0345,102
2022,AUT,terrestrial,189533.496,573
2022,AUT,total,241748.208,577
2022,AZE,dynamic,20369.1754,47
2022,AZE,satellite,18605.4447,14
2022,AZE,terrestrial,38061.0959,39
2022,AZE,total,77035.716,48
2022,BDI,dynamic,45.9174125,1
2022,BDI,terrestrial,2.4207374,1
2022,BDI,total,48.3381499,1
2022,BEL,dynamic,1225750.87,3329
2022,BEL,satellite,891757.462,858
2022,BEL,terrestrial,2556386.79,3390
2022,BEL,total,4673895.12,3395
2022,BEN,dynamic,699.509594,8
2022,BEN,satellite,378.091126,3
2022,BEN,terrestrial,355.244317,7
2022,BEN,total,1432.84504,8
2022,BES,dynamic,17124.3647,54
2022,BES,satellite,12731.0327,43
2022,BES,terrestrial,51423.1637,52
2022,BES,total,81278.5611,54
2022,BFA,dynamic,1761.41339,4
2022,BFA,terrestrial,488.548467,3
2022,BFA,total,2249.96186,4
2022,BGD,dynamic,473624.87,150
2022,BGD,satellite,328593.859,138
2022,BGD,terrestrial,167599.773,150
2022,BGD,total,969818.502,152
2022,BGR,dynamic,43041.1317,360
2022,BGR,satellite,5456.27341,108
2022,BGR,terrestrial,231429.537,372
2022,BGR,total,279926.942,375
2022,BHR,dynamic,1968798.92,3561
2022,BHR,satellite,53965.3441,252
2022,BHR,terrestrial,1314226.35,3491
2022,BHR,total,3336990.62,3569
2022,BHS,dynamic,10039162.4,1364
2022,BHS,satellite,14845099.3,1316
2022,BHS,terrestrial,7496871.71,1373
2022,BHS,total,32381133.4,1398
2022,BIH,dynamic,3434.69307,9
2022,BIH,satellite,5.83429501,2
2022,BIH,terrestrial,1447.92671,6
2022,BIH,total,4888.45408,9
2022,BLR,dynamic,161.920457,4
2022,BLR,satellite,64.5691123,1
2022,BLR,terrestrial,340.502159,5
2022,BLR,total,566.991728,5
2022,BLZ,dynamic,627006.515,604
2022,BLZ,satellite,210157.6,521
2022,BLZ,terrestrial,500345.803,600
2022,BLZ,total,1337509.92,608
2022,BMU,dynamic,1087113.11,263
2022,BMU,satellite,4166549.39,230
2022,BMU,terrestrial,1417094.04,267
2022,BMU,total,6670756.54,271
2022,BOL,dynamic,7932.44452,35
2022,BOL,satellite,14613.1659,33
2022,BOL,terrestrial,11092.1792,36
2022,BOL,total,33637.7897,38
2022,BRA,dynamic,1245214.55,1885
2022,BRA,satellite,1431570.11,1803
2022,BRA,terrestrial,961599.546,1856
2022,BRA,total,3638384.21,1907
2022,BRB,dynamic,508824.095,315
2022,BRB,satellite,368388.089,300
2022,BRB,terrestrial,451001.8,316
2022,BRB,total,1328213.98,316
2022,BRN,dynamic,190052.652,54
2022,BRN,satellite,94827.1959,45
2022,BRN,terrestrial,42370.016,52
2022,BRN,total,327249.863,55
2022,BTN,dynamic,12089.5564,70
2022,BTN,satellite,156.736853,6
2022,BTN,terrestrial,2062.51674,53
2022,BTN,total,14308.81,70
2022,BWA,dynamic,445.482937,6
2022,BWA,terrestrial,246.902338,4
2022,BWA,total,692.385275,6
2022,CAF,dynamic,2834.74973,39
2022,CAF,terrestrial,340.602823,30
2022,CAF,total,3175.35255,39
2022,CAN,dynamic,994899.32,6164
2022,CAN,satellite,1607229.92,5793
2022,CAN,terrestrial,4379895.88,6482
2022,CAN,total,6982025.12,6594
2022,CCK,dynamic,1410.14633,7
2022,CCK,satellite,1.41057055,1
2022,CCK,terrestrial,207.524798,4
2022,CCK,total,1619.0817,7
2022,CHE,dynamic,203317.79,909
2022,CHE,satellite,130108.007,331
2022,CHE,terrestrial,834983.654,950
2022,CHE,total,1168409.45,952
2022,CHL,dynamic,145064.848,575
2022,CHL,satellite,951465.602,576
2022,CHL,terrestrial,463983.569,568
2022,CHL,total,1560514.02,588
2022,CHN,dynamic,69755188,114174
2022,CHN,satellite,6628605.54,12841
2022,CHN,terrestrial,27624672.4,101985
2022,CHN,total,104008466,115584
2022,CIV,dynamic,3212.56323,12
2022,CIV,satellite,2810.74502,10
2022,CIV,terrestrial,2741.83674,11
2022,CIV,total,8765.14499,12
2022,CMR,dynamic,481277.598,305
2022,CMR,satellite,204599.952,263
2022,CMR,terrestrial,308075.957,301
2022,CMR,total,993953.507,307
2022,COD,dynamic,2300.5334,11
2022,COD,satellite,10212.8752,8
2022,COD,terrestrial,1308.8111,11
2022,COD,total,13822.2197,12
2022,COG,dynamic,1252.16097,10
2022,COG,satellite,857.23823,4
2022,COG,terrestrial,4093.21058,11
2022,COG,total,6202.60978,11
2022,COK,dynamic,509239.384,535
2022,COK,satellite,195424.547,338
2022,COK,terrestrial,546822.995,547
2022,COK,total,1251486.93,553
2022,COL,dynamic,112347.066,358
2022,COL,satellite,98795.8771,348
2022,COL,terrestrial,180236.974,359
2022,COL,total,391379.917,368
2022,COM,dynamic,300921.217,316
2022,COM,satellite,77549.3164,276
2022,COM,terrestrial,283710.148,312
2022,COM,total,662180.681,317
2022,CPV,dynamic,5740.1191,29
2022,CPV,satellite,35261.2888,27
2022,CPV,terrestrial,34555.3467,28
2022,CPV,total,75556.7546,29
2022,CRI,dynamic,3999.37313,19
2022,CRI,satellite,4464.95898,6
2022,CRI,terrestrial,1451.06341,18
2022,CRI,total,9915.39552,20
2022,CUB,dynamic,75958.8646,55
2022,CUB,satellite,72437.3864,48
2022,CUB,terrestrial,32221.3727,40
2022,CUB,total,180617.624,56
2022,CUW,dynamic,207841.299,57
2022,CUW,satellite,431022.656,57
2022,CUW,terrestrial,231817.797,56
2022,CUW,total,870681.752,57
2022,CXR,dynamic,2088.1305,9
2022,CXR,terrestrial,250.591512,8
2022,CXR,total,2338.72201,9
2022,CYM,dynamic,1302145.3,1612
2022,CYM,satellite,1325582.59,1208
2022,CYM,terrestrial,3685065.27,1628
2022,CYM,total,6312793.17,1644
2022,CYP,dynamic,3832640.39,1268
2022,CYP,satellite,4515012.07,1022
2022,CYP,terrestrial,4266393.15,1269
2022,CYP,total,12614045.6,1281
2022,CZE,dynamic,8542.37102,101
2022,CZE,satellite,3205.80517,24
2022,CZE,terrestrial,48962.7325,102
2022,CZE,total,60710.9087,105
2022,DEU,dynamic,9844305.49,14794
2022,DEU,satellite,9008416.23,3308
2022,DEU,terrestrial,13387197.2,15249
2022,DEU,total,32239919,15327
2022,DIS,dynamic,4935.708,2
2022,DIS,satellite,1530.43649,2
2022,DIS,terrestrial,8046.78912,2
2022,DIS,total,14512.9336,2
2022,DJI,dynamic,49967.6887,28
2022,DJI,satellite,13406.0565,23
2022,DJI,terrestrial,29704.622,25
2022,DJI,total,93078.3672,28
2022,DMA,dynamic,154904.354,134
2022,DMA,satellite,32817.8341,80
2022,DMA,terrestrial,133411.557,130
2022,DMA,total,321133.745,137
2022,DNK,dynamic,5131586.48,5872
2022,DNK,satellite,4009815.72,1310
2022,DNK,terrestrial,7000813.3,6041
2022,DNK,total,16142215.5,6051
2022,DOM,dynamic,3258.35834,21
2022,DOM,satellite,4540.14452,20
2022,DOM,terrestrial,5264.50955,21
2022,DOM,total,13063.0124,21
2022,DZA,dynamic,251794.226,121
2022,DZA,satellite,37315.0253,101
2022,DZA,terrestrial,132021.047,113
2022,DZA,total,421130.299,122
2022,ECU,dynamic,96912.6213,550
2022,ECU,satellite,544344.499,581
2022,ECU,terrestrial,520782.82,577
2022,ECU,total,1162039.94,597
2022,EGY,dynamic,291228.815,231
2022,EGY,satellite,56775.0317,208
2022,EGY,terrestrial,96493.9463,223
2022,EGY,total,444497.793,231
2022,ERI,dynamic,6454.4263,13
2022,ERI,satellite,463.874522,1
2022,ERI,terrestrial,4616.3772,11
2022,ERI,total,11534.678,13
2022,ESP,dynamic,1470595.34,7320
2022,ESP,satellite,1299673.74,3371
2022,ESP,terrestrial,4476813.44,7444
2022,ESP,total,7247082.52,7470
2022,EST,dynamic,124290.241,427
2022,EST,satellite,50785.3161,156
2022,EST,terrestrial,586260.733,440
2022,EST,total,761336.291,441
2022,ETH,dynamic,79573.3718,9
2022,ETH,satellite,13151.487,9
2022,ETH,terrestrial,24485.744,9
2022,ETH,total,117210.603,9
2022,FIN,dynamic,560744.258,1975
2022,FIN,satellite,72386.4056,625
2022,FIN,terrestrial,2856726.27,2036
2022,FIN,total,3489856.93,2043
2022,FJI,dynamic,5608.16449,89
2022,FJI,satellite,82702.5878,87
2022,FJI,terrestrial,18793.3322,93
2022,FJI,total,107104.085,97
2022,FLK,dynamic,5616.92055,43
2022,FLK,satellite,101946.582,41
2022,FLK,terrestrial,20868.8172,39
2022,FLK,total,128432.32,43
2022,FRA,dynamic,2472984.36,14617
2022,FRA,satellite,1861196.05,4284
2022,FRA,terrestrial,7543723.33,15285
2022,FRA,total,11877903.7,15336
2022,FRO,dynamic,128559.319,463
2022,FRO,satellite,343981.346,370
2022,FRO,terrestrial,464611.382,465
2022,FRO,total,937152.046,470
2022,FSM,dynamic,8607.25816,63
2022,FSM,satellite,56493.6125,62
2022,FSM,terrestrial,11207.3241,47
2022,FSM,total,76308.1948,67
2022,GAB,dynamic,333704.874,100
2022,GAB,satellite,67716.4621,82
2022,GAB,terrestrial,136372.306,100
2022,GAB,total,537793.641,102
2022,GBR,dynamic,4036506.91,20013
2022,GBR,satellite,2899122.23,4928
2022,GBR,terrestrial,11964769.9,20726
2022,GBR,total,18900399,20814
2022,GEO,dynamic,20896.7985,125
2022,GEO,satellite,334.807079,34
2022,GEO,terrestrial,79081.8674,127
2022,GEO,total,100313.473,129
2022,GGY,dynamic,401.853517,1
2022,GGY,satellite,337.081227,1
2022,GGY,terrestrial,2453.36,1
2022,GGY,total,3192.29474,1
2022,GHA,dynamic,28750.6391,98
2022,GHA,satellite,74919.5322,89
2022,GHA,terrestrial,23638.0909,84
2022,GHA,total,127308.262,99
2022,GIB,dynamic,371998.533,428
2022,GIB,satellite,179561.229,266
2022,GIB,terrestrial,684262.812,440
2022,GIB,total,1235822.57,441
2022,GIN,dynamic,6934.68045,8
2022,GIN,satellite,16313.2337,7
2022,GIN,terrestrial,3823.6627,7
2022,GIN,total,27071.5768,8
2022,GLP,dynamic,15036.6802,141
2022,GLP,satellite,13142.8408,113
2022,GLP,terrestrial,122402.902,147
2022,GLP,total,150582.423,151
2022,GMB,dynamic,4180.23686,17
2022,GMB,satellite,7216.34918,14
2022,GMB,terrestrial,5312.37659,18
2022,GMB,total,16708.9626,18
2022,GNB,dynamic,16009.1746,36
2022,GNB,satellite,22096.215,35
2022,GNB,terrestrial,15119.7757,34
2022,GNB,total,53225.1652,36
2022,GNQ,dynamic,22307.81,50
2022,GNQ,satellite,10599.6717,38
2022,GNQ,terrestrial,30604.048,49
2022,GNQ,total,63511.5297,51
2022,GRC,dynamic,5411893.28,2224
2022,GRC,satellite,6633031.29,1524
2022,GRC,terrestrial,6470132.04,2273
2022,GRC,total,18515056.6,2281
2022,GRD,dynamic,1704.40572,12
2022,GRD,satellite,1114.83753,6
2022,GRD,terrestrial,8456.73725,12
2022,GRD,total,11275.9805,14
2022,GRL,dynamic,11924.6853,139
2022,GRL,satellite,314817.995,144
2022,GRL,terrestrial,74258.0064,139
2022,GRL,total,401000.687,151
2022,GTM,dynamic,1664.8894,13
2022,GTM,satellite,2170.86328,7
2022,GTM,terrestrial,1861.30184,10
2022,GTM,total,5697.05453,13
2022,GUF,dynamic,257.148215,10
2022,GUF,satellite,3204.65708,5
2022,GUF,terrestrial,863.131576,6
2022,GUF,total,4324.9368700000005,10
2022,GUY,dynamic,70775.8556,76
2022,GUY,satellite,12333.9355,62
2022,GUY,terrestrial,35069.2657,73
2022,GUY,total,118179.057,77
2022,HKG,dynamic,21546165.5,3285
2022,HKG,satellite,22445391.5,2378
2022,HKG,terrestrial,9379462.76,3281
2022,HKG,total,53371019.8,3308
2022,HND,dynamic,34539.5094,36
2022,HND,satellite,12880.1234,32
2022,HND,terrestrial,18178.5859,35
2022,HND,total,65598.2188,37
2022,HRV,dynamic,349770.717,1016
2022,HRV,satellite,63832.3325,418
2022,HRV,terrestrial,1420658.05,1039
2022,HRV,total,1834261.1,1039
2022,HTI,dynamic,1199.70692,3
2022,HTI,satellite,0.347792024,1
2022,HTI,terrestrial,66.0114018,3
2022,HTI,total,1266.06611,3
2022,HUN,dynamic,4018.07206,32
2022,HUN,satellite,2435.31411,10
2022,HUN,terrestrial,17341.6248,49
2022,HUN,total,23795.011,50
2022,IDN,dynamic,5616805.56,11362
2022,IDN,satellite,5044199.76,9457
2022,IDN,terrestrial,3122768,10101
2022,IDN,total,13783773.3,11537
2022,IMN,dynamic,1071520.57,250
2022,IMN,satellite,1477489.04,243
2022,IMN,terrestrial,911093.416,252
2022,IMN,total,3460103.03,252
2022,IND,dynamic,2972939.38,2835
2022,IND,satellite,1096732.35,2330
2022,IND,terrestrial,1454714.89,2724
2022,IND,total,5524386.61,2880
2022,IRL,dynamic,117362.565,944
2022,IRL,satellite,86344.5019,505
2022,IRL,terrestrial,596839.384,1022
2022,IRL,total,800546.451,1022
2022,IRN,dynamic,1677712.08,2994
2022,IRN,satellite,170946.026,1729
2022,IRN,terrestrial,420370.687,2864
2022,IRN,total,2269028.79,2998
2022,IRQ,dynamic,19648.6966,38
2022,IRQ,satellite,1902.59743,17
2022,IRQ,terrestrial,8482.99717,33
2022,IRQ,total,30034.2913,38
2022,ISL,dynamic,95938.3669,1392
2022,ISL,satellite,812381.829,1409
2022,ISL,terrestrial,471538.715,1417
2022,ISL,total,1379858.91,1429
2022,ISR,dynamic,161474.612,284
2022,ISR,satellite,96163.4449,80
2022,ISR,terrestrial,264201.85,284
2022,ISR,total,521839.906,289
2022,ITA,dynamic,2943693.57,5866
2022,ITA,satellite,1358594.1,2423
2022,ITA,terrestrial,7298186.73,6030
2022,ITA,total,11600474.4,6047
2022,JAM,dynamic,122468.756,312
2022,JAM,satellite,76056.781,238
2022,JAM,terrestrial,549050.423,311
2022,JAM,total,747575.959,317
2022,JEY,dynamic,6550.25567,16
2022,JEY,satellite,2393.89119,13
2022,JEY,terrestrial,15894.4414,16
2022,JEY,total,24838.5882,16
2022,JOR,dynamic,44409.0308,42
2022,JOR,satellite,15060.7289,34
2022,JOR,terrestrial,33528.8079,43
2022,JOR,total,92998.5676,43
2022,JPN,dynamic,8031442.54,8935
2022,JPN,satellite,5732167.86,6969
2022,JPN,terrestrial,13373254.7,8960
2022,JPN,total,27136865.1,9122
2022,KAZ,dynamic,4225.53476,12
2022,KAZ,satellite,643.913771,7
2022,KAZ,terrestrial,2568.38405,11
2022,KAZ,total,7437.83259,12
2022,KEN,dynamic,2000.7939,14
2022,KEN,satellite,8569.65784,11
2022,KEN,terrestrial,6850.49656,14
2022,KEN,total,17420.9483,14
2022,KGZ,dynamic,3393.10168,15
2022,KGZ,satellite,1.90869348,2
2022,KGZ,terrestrial,706.054053,13
2022,KGZ,total,4101.06443,15
2022,KHM,dynamic,9958.01037,87
2022,KHM,satellite,13432.9856,18
2022,KHM,terrestrial,19268.6806,83
2022,KHM,total,42659.6766,90
2022,KIR,dynamic,74623.7173,93
2022,KIR,satellite,91686.9933,74
2022,KIR,terrestrial,55108.13,96
2022,KIR,total,221418.841,100
2022,KNA,dynamic,418442.565,360
2022,KNA,satellite,111308.584,313
2022,KNA,terrestrial,420445.49,359
2022,KNA,total,950196.639,363
2022,KOR,dynamic,9329891.03,10122
2022,KOR,satellite,2508097.45,3291
2022,KOR,terrestrial,5570660.32,10199
2022,KOR,total,17408648.8,10588
2022,KWT,dynamic,755571.515,127
2022,KWT,satellite,183189.433,108
2022,KWT,terrestrial,233029.905,126
2022,KWT,total,1171790.85,128
2022,LAO,dynamic,100.893762,1
2022,LAO,terrestrial,15.8157266,1
2022,LAO,total,116.709488,1
2022,LBN,dynamic,53228.474,54
2022,LBN,satellite,43462.2977,32
2022,LBN,terrestrial,50807.9943,50
2022,LBN,total,147498.766,54
2022,LBR,dynamic,36218279.3,4880
2022,LBR,satellite,35438490.9,4670
2022,LBR,terrestrial,19000012.6,4915
2022,LBR,total,90656782.8,5075
2022,LBY,dynamic,180825.165,62
2022,LBY,satellite,51840.1655,52
2022,LBY,terrestrial,153503.73,61
2022,LBY,total,386169.061,63
2022,LCA,dynamic,913.277549,6
2022,LCA,satellite,12.3846458,1
2022,LCA,terrestrial,225.443792,4
2022,LCA,total,1151.10599,6
2022,LIE,dynamic,1087.60911,6
2022,LIE,satellite,856.720001,1
2022,LIE,terrestrial,258.949368,6
2022,LIE,total,2203.27848,6
2022,LKA,dynamic,163574.079,2356
2022,LKA,satellite,181656.222,2211
2022,LKA,terrestrial,97857.9292,2030
2022,LKA,total,443088.23,2364
2022,LSO,dynamic,354.083395,3
2022,LSO,satellite,29.5709856,1
2022,LSO,terrestrial,1134.4829,2
2022,LSO,total,1518.13728,3
2022,LTU,dynamic,106859.822,173
2022,LTU,satellite,78536.4776,63
2022,LTU,terrestrial,234803.88,173
2022,LTU,total,420200.179,173
2022,LUX,dynamic,329044.22,322
2022,LUX,satellite,246931.195,202
2022,LUX,terrestrial,535371.338,329
2022,LUX,total,1111346.75,331
2022,LVA,dynamic,86129.9557,246
2022,LVA,satellite,26614.9584,102
2022,LVA,terrestrial,256206.033,247
2022,LVA,total,368950.947,248
2022,MAC,dynamic,36948.539,65
2022,MAC,satellite,458.113302,16
2022,MAC,terrestrial,34517.4431,63
2022,MAC,total,71924.0954,65
2022,MAR,dynamic,145160.726,200
2022,MAR,satellite,129769.122,197
2022,MAR,terrestrial,136095.927,201
2022,MAR,total,411025.774,203
2022,MCO,dynamic,18132.3795,110
2022,MCO,satellite,1323.36214,9
2022,MCO,terrestrial,108298.016,113
2022,MCO,total,127753.757,113
2022,MDA,dynamic,27251.0479,95
2022,MDA,satellite,12515.2088,71
2022,MDA,terrestrial,42055.2826,93
2022,MDA,total,81821.5393,96
2022,MDG,dynamic,1211.23692,33
2022,MDG,satellite,30703.1742,42
2022,MDG,terrestrial,5777.0435,37
2022,MDG,total,37691.4546,43
2022,MDV,dynamic,8835.92687,34
2022,MDV,satellite,8936.70899,23
2022,MDV,terrestrial,21556.0405,34
2022,MDV,total,39328.6763,36
2022,MEX,dynamic,332819.94,526
2022,MEX,satellite,487639.421,509
2022,MEX,terrestrial,249938.945,517
2022,MEX,total,1070398.31,534
2022,MHL,dynamic,29434111.4,4942
2022,MHL,satellite,32508247,4652
2022,MHL,terrestrial,18351023.9,4961
2022,MHL,total,80293382.3,5105
2022,MKD,dynamic,233.354119,6
2022,MKD,terrestrial,65.4819762,3
2022,MKD,total,298.836095,6
2022,MLI,dynamic,271.297448,1
2022,MLI,total,271.297448,1
2022,MLT,dynamic,13377942.4,3970
2022,MLT,satellite,14795071.2,2776
2022,MLT,terrestrial,13026905.5,4013
2022,MLT,total,41199919.1,4034
2022,MMR,dynamic,29365.7039,247
2022,MMR,satellite,23050.269,184
2022,MMR,terrestrial,42461.3158,254
2022,MMR,total,94877.2886,265
2022,MNE,dynamic,16755.3639,78
2022,MNE,satellite,21680.9209,25
2022,MNE,terrestrial,38129.9419,81
2022,MNE,total,76566.2267,82
2022,MNG,dynamic,201998.981,352
2022,MNG,satellite,47698.5916,217
2022,MNG,terrestrial,116947.838,338
2022,MNG,total,366645.41,354
2022,MNP,dynamic,6096.39151,10
2022,MNP,satellite,2102.64821,3
2022,MNP,terrestrial,1061.92925,9
2022,MNP,total,9260.96896,10
2022,MOZ,dynamic,8671.78245,22
2022,MOZ,satellite,28247.432,22
2022,MOZ,terrestrial,13452.6842,22
2022,MOZ,total,50371.8987,22
2022,MRT,dynamic,10757.5231,43
2022,MRT,satellite,15667.3754,39
2022,MRT,terrestrial,12097.986,40
2022,MRT,total,38522.8846,44
2022,MSR,dynamic,464.714706,11
2022,MSR,satellite,43.9899824,2
2022,MSR,terrestrial,2090.37147,7
2022,MSR,total,2599.07615,11
2022,MTQ,dynamic,13670.7879,162
2022,MTQ,satellite,15040.0978,139
2022,MTQ,terrestrial,100585.119,171
2022,MTQ,total,129296.005,173
2022,MUS,dynamic,32879.8304,132
2022,MUS,satellite,67931.8686,127
2022,MUS,terrestrial,63200.0521,133
2022,MUS,total,164011.751,137
2022,MWI,dynamic,1943.98987,12
2022,MWI,satellite,21.974543,1
2022,MWI,terrestrial,195.512261,7
2022,MWI,total,2161.47667,12
2022,MYS,dynamic,2960716.53,2765
2022,MYS,satellite,1070650.55,1220
2022,MYS,terrestrial,1344218.96,2676
2022,MYS,total,5375586.04,2859
2022,NAM,dynamic,18891.1319,126
2022,NAM,satellite,154800.773,126
2022,NAM,terrestrial,58807.8666,125
2022,NAM,total,232499.771,127
2022,NCL,dynamic,27889.2531,209
2022,NCL,satellite,33004.541,192
2022,NCL,terrestrial,60115.7083,215
2022,NCL,total,121009.502,215
2022,NER,dynamic,637.093241,5
2022,NER,satellite,1162.66562,2
2022,NER,terrestrial,1425.37106,6
2022,NER,total,3225.12993,6
2022,NGA,dynamic,257844.616,814
2022,NGA,satellite,636916.531,811
2022,NGA,terrestrial,582635.957,815
2022,NGA,total,1477397.1,818
2022,NIC,dynamic,1075.51409,9
2022,NIC,satellite,10920.7871,7
2022,NIC,terrestrial,1718.71596,9
2022,NIC,total,13715.0172,10
2022,NIS,dynamic,6759.67015,10
2022,NIS,satellite,33942.9838,10
2022,NIS,terrestrial,42703.6663,10
2022,NIS,total,83406.3202,10
2022,NIU,dynamic,98697.4148,105
2022,NIU,satellite,22583.2865,71
2022,NIU,terrestrial,43126.3737,98
2022,NIU,total,164407.075,105
2022,NLD,dynamic,4879536.44,16428
2022,NLD,satellite,1260197.72,3307
2022,NLD,terrestrial,15191925.7,17178
2022,NLD,total,21331659.9,17209
2022,NOR,dynamic,5450344.58,12916
2022,NOR,satellite,5047615.97,7620
2022,NOR,terrestrial,16018311.2,13038
2022,NOR,total,26516271.8,13060
2022,NPL,dynamic,4123.81704,6
2022,NPL,satellite,3.81399452,1
2022,NPL,terrestrial,2911.84351,6
2022,NPL,total,7039.47454,6
2022,NRU,dynamic,7533.02808,35
2022,NRU,satellite,31229.9649,28
2022,NRU,terrestrial,6080.27634,29
2022,NRU,total,44843.2693,35
2022,NZL,dynamic,91764.8558,1750
2022,NZL,satellite,887970.89,1836
2022,NZL,terrestrial,1152260.94,1954
2022,NZL,total,2131996.69,1996
2022,OMN,dynamic,119997.355,97
2022,OMN,satellite,16027.5956,79
2022,OMN,terrestrial,6830.22731,89
2022,OMN,total,142855.178,98
2022,PAK,dynamic,194131.995,129
2022,PAK,satellite,28785.2856,95
2022,PAK,terrestrial,76741.3974,123
2022,PAK,total,299658.678,129
2022,PAN,dynamic,36328216.9,7588
2022,PAN,satellite,35886789.6,7340
2022,PAN,terrestrial,19020734.2,7510
2022,PAN,total,91235740.6,7656
2022,PCN,dynamic,3398.56097,27
2022,PCN,satellite,0.00403237222,1
2022,PCN,terrestrial,612.131993,23
2022,PCN,total,4010.69699,28
2022,PER,dynamic,110424.037,342
2022,PER,satellite,295475.399,340
2022,PER,terrestrial,156350.289,339
2022,PER,total,562249.725,352
2022,PHL,dynamic,965372.544,896
2022,PHL,satellite,942450.661,792
2022,PHL,terrestrial,942649.569,858
2022,PHL,total,2850472.77,910
2022,PLW,dynamic,692321.825,486
2022,PLW,satellite,180913.96,434
2022,PLW,terrestrial,502348.564,472
2022,PLW,total,1375584.35,495
2022,PNG,dynamic,18920.3081,132
2022,PNG,satellite,146193.454,128
2022,PNG,terrestrial,54565.6187,121
2022,PNG,total,219679.381,136
2022,POL,dynamic,349573.771,1761
2022,POL,satellite,49112.0315,413
2022,POL,terrestrial,817336.436,1778
2022,POL,total,1216022.24,1792
2022,PRI,dynamic,44.9435557,2
2022,PRI,satellite,0.646487258,1
2022,PRI,terrestrial,0.201169329,1
2022,PRI,total,45.7912123,2
2022,PRK,dynamic,28868.9898,181
2022,PRK,satellite,2086.45593,93
2022,PRK,terrestrial,4229.95376,156
2022,PRK,total,35185.3995,182
2022,PRT,dynamic,3664290.79,1903
2022,PRT,satellite,4142524.55,1553
2022,PRT,terrestrial,4069534.68,1960
2022,PRT,total,11876350,1973
2022,PRY,dynamic,5704.37679,93
2022,PRY,satellite,85803.5186,94
2022,PRY,terrestrial,19002.3841,95
2022,PRY,total,110510.279,95
2022,PSE,dynamic,2986.64249,13
2022,PSE,satellite,55.5092794,3
2022,PSE,terrestrial,256.460079,11
2022,PSE,total,3298.61185,13
2022,PYF,dynamic,11742.4278,101
2022,PYF,satellite,71307.9212,96
2022,PYF,terrestrial,33756.778,106
2022,PYF,total,116807.127,108
2022,QAT,dynamic,325179.75,656
2022,QAT,satellite,43935.1357,270
2022,QAT,terrestrial,240015.25,640
2022,QAT,total,609130.135,667
2022,REU,dynamic,5849.25077,76
2022,REU,satellite,23737.2014,68
2022,REU,terrestrial,56758.7354,79
2022,REU,total,86345.1876,84
2022,ROU,dynamic,54071.0023,365
2022,ROU,satellite,4986.91519,183
2022,ROU,terrestrial,257180.593,369
2022,ROU,total,316238.511,369
2022,RUS,dynamic,1713037.3,3871
2022,RUS,satellite,5284535.52,3269
2022,RUS,terrestrial,4393470.93,4132
2022,RUS,total,11391043.8,4354
2022,RWA,dynamic,213.244029,4
2022,RWA,terrestrial,6.85355552,2
2022,RWA,total,220.097585,4
2022,SAU,dynamic,1301165.12,1781
2022,SAU,satellite,1188548.17,790
2022,SAU,terrestrial,1060331.38,1693
2022,SAU,total,3550044.68,1815
2022,SDN,dynamic,85.665123,5
2022,SDN,satellite,64.2099583,1
2022,SDN,terrestrial,113.896431,6
2022,SDN,total,263.771512,6
2022,SEN,dynamic,29498.7884,68
2022,SEN,satellite,71089.1469,64
2022,SEN,terrestrial,26453.8723,66
2022,SEN,total,127041.808,68
2022,SGP,dynamic,20508485.1,5037
2022,SGP,satellite,20665746.3,3064
2022,SGP,terrestrial,9523861.9,4987
2022,SGP,total,50698093.2,5075
2022,SHN,dynamic,9161.24431,71
2022,SHN,satellite,2616.02411,9
2022,SHN,terrestrial,9373.66723,55
2022,SHN,total,21150.9356,72
2022,SJM,dynamic,1803.01563,1
2022,SJM,satellite,2386.6577,1
2022,SJM,terrestrial,785.382033,1
2022,SJM,total,4975.05537,1
2022,SLB,dynamic,605.027734,11
2022,SLB,satellite,12606.5733,10
2022,SLB,terrestrial,856.312516,10
2022,SLB,total,14067.9136,11
2022,SLE,dynamic,350464.624,452
2022,SLE,satellite,71777.7582,330
2022,SLE,terrestrial,303222.683,444
2022,SLE,total,725465.065,470
2022,SLV,dynamic,1828.5356,10
2022,SLV,satellite,10416.328,11
2022,SLV,terrestrial,1937.18821,10
2022,SLV,total,14182.0518,11
2022,SMR,dynamic,3651.80024,31
2022,SMR,satellite,808.686938,9
2022,SMR,terrestrial,14486.9693,31
2022,SMR,total,18947.4565,32
2022,SOM,dynamic,15213.295,75
2022,SOM,satellite,5722.21156,31
2022,SOM,terrestrial,2518.99181,64
2022,SOM,total,23454.4984,77
2022,SPM,dynamic,872.879063,23
2022,SPM,satellite,11525.8546,23
2022,SPM,terrestrial,10205.0338,23
2022,SPM,total,22603.7675,23
2022,SRB,dynamic,742.778316,35
2022,SRB,satellite,417.224897,20
2022,SRB,terrestrial,12186.3949,34
2022,SRB,total,13346.3981,35
2022,SSD,dynamic,270.211122,4
2022,SSD,satellite,123.053435,2
2022,SSD,terrestrial,267.997399,4
2022,SSD,total,661.261956,4
2022,STP,dynamic,35001.5313,31
2022,STP,satellite,5657.03079,21
2022,STP,terrestrial,12587.3235,27
2022,STP,total,53245.8856,33
2022,SUR,dynamic,173.698847,4
2022,SUR,satellite,383.858656,3
2022,SUR,terrestrial,379.39533,4
2022,SUR,total,936.952832,5
2022,SVK,dynamic,13055.1814,115
2022,SVK,satellite,657.781788,42
2022,SVK,terrestrial,77976.692,120
2022,SVK,total,91689.6553,120
2022,SVN,dynamic,17516.6602,128
2022,SVN,satellite,924.74491,7
2022,SVN,terrestrial,44707.5442,128
2022,SVN,total,63148.9493,129
2022,SWE,dynamic,1194850.41,7387
2022,SWE,satellite,368417.053,1141
2022,SWE,terrestrial,6482539.82,7595
2022,SWE,total,8045807.28,7605
2022,SWZ,dynamic,441.687453,1
2022,SWZ,satellite,195.724664,1
2022,SWZ,terrestrial,575.318578,1
2022,SWZ,total,1212.73069,1
2022,SYC,dynamic,11831.6398,121
2022,SYC,satellite,86363.3075,119
2022,SYC,terrestrial,46775.3675,129
2022,SYC,total,144970.315,137
2022,SYR,dynamic,4158.08095,7
2022,SYR,satellite,148.68949,4
2022,SYR,terrestrial,3759.68748,7
2022,SYR,total,8066.45792,7
2022,TCA,dynamic,147.316145,4
2022,TCA,satellite,9.22070979,1
2022,TCA,terrestrial,292.49764,4
2022,TCA,total,449.034495,4
2022,TCD,dynamic,248.269736,2
2022,TCD,satellite,42.8372005,2
2022,TCD,terrestrial,151.702309,2
2022,TCD,total,442.809246,2
2022,TGO,dynamic,324913.446,357
2022,TGO,satellite,105712.49,309
2022,TGO,terrestrial,282680.838,350
2022,TGO,total,713306.774,360
2022,THA,dynamic,1415919.74,1158
2022,THA,satellite,321158.769,557
2022,THA,terrestrial,868184.295,1122
2022,THA,total,2605262.8,1203
2022,TJK,dynamic,626.138123,3
2022,TJK,satellite,2.72086394,2
2022,TJK,terrestrial,32.6815688,3
2022,TJK,total,661.540556,3
2022,TKM,dynamic,61.052278,2
2022,TKM,total,61.052278,2
2022,TON,dynamic,2107.31812,9
2022,TON,satellite,4049.19992,9
2022,TON,terrestrial,1243.70887,12
2022,TON,total,7400.22692,15
2022,TTO,dynamic,45233.4821,71
2022,TTO,satellite,52916.0293,66
2022,TTO,terrestrial,43682.615,69
2022,TTO,total,141832.126,71
2022,TUN,dynamic,77147.4314,94
2022,TUN,satellite,14525.1022,74
2022,TUN,terrestrial,100186.315,94
2022,TUN,total,191858.849,94
2022,TUR,dynamic,3530734.77,5443
2022,TUR,satellite,352179.309,905
2022,TUR,terrestrial,6780269.97,5458
2022,TUR,total,10663184,5586
2022,TUV,dynamic,444498.229,288
2022,TUV,satellite,177979.89,261
2022,TUV,terrestrial,187069.402,281
2022,TUV,total,809547.521,295
2022,TWN,dynamic,1733083.38,4550
2022,TWN,satellite,1634278.58,1331
2022,TWN,terrestrial,1621079.77,4458
2022,TWN,total,4988441.73,4630
2022,TZA,dynamic,289081.165,265
2022,TZA,satellite,70602.9962,226
2022,TZA,terrestrial,169751.21,261
2022,TZA,total,529435.371,268
2022,UGA,dynamic,343.865899,2
2022,UGA,satellite,64.7813579,1
2022,UGA,terrestrial,84.5157583,2
2022,UGA,total,493.163015,2
2022,UKR,dynamic,24892.2352,291
2022,UKR,satellite,12271.007,126
2022,UKR,terrestrial,120578.419,328
2022,UKR,total,157741.661,329
2022,UNK,dynamic,2436.88393,4
2022,UNK,satellite,1083.82037,3
2022,UNK,terrestrial,2945.58226,4
2022,UNK,total,6466.28656,5
2022,URY,dynamic,50213.9558,203
2022,URY,satellite,133390.246,199
2022,URY,terrestrial,196825.352,223
2022,URY,total,380429.553,227
2022,USA,dynamic,7603245.15,37023
2022,USA,satellite,7735428.84,26536
2022,USA,terrestrial,28078106.8,38831
2022,USA,total,43416780.8,39207
2022,UZB,dynamic,510.280512,2
2022,UZB,terrestrial,9.30292091,2
2022,UZB,total,519.583433,2
2022,VAT,dynamic,405.976878,3
2022,VAT,terrestrial,33.1728716,3
2022,VAT,total,439.14975,3
2022,VCT,dynamic,564311.888,889
2022,VCT,satellite,595565.688,793
2022,VCT,terrestrial,624765.656,882
2022,VCT,total,1784643.23,897
2022,VEN,dynamic,211471.855,951
2022,VEN,satellite,328435.826,1028
2022,VEN,terrestrial,438235.729,985
2022,VEN,total,978143.409,1066
2022,VGB,dynamic,130709.724,532
2022,VGB,satellite,67249.1018,337
2022,VGB,terrestrial,586285.689,550
2022,VGB,total,784244.515,557
2022,VIR,dynamic,104.301303,4
2022,VIR,terrestrial,19.4104109,3
2022,VIR,total,123.711714,4
2022,VNM,dynamic,1922443.9,7751
2022,VNM,satellite,340520.362,1034
2022,VNM,terrestrial,875663.219,5943
2022,VNM,total,3138627.48,7800
2022,VUT,dynamic,281466.615,437
2022,VUT,satellite,318421.336,433
2022,VUT,terrestrial,282985.054,437
2022,VUT,total,882873.004,454
2022,WLF,dynamic,23934.0793,8
2022,WLF,satellite,29576.1577,8
2022,WLF,terrestrial,52041.0013,9
2022,WLF,total,105551.238,9
2022,WSM,dynamic,99289.9624,15
2022,WSM,satellite,16265.9647,12
2022,WSM,terrestrial,19497.9822,15
2022,WSM,total,135053.909,15
2022,YEM,dynamic,6902.60344,23
2022,YEM,satellite,307.690066,10
2022,YEM,terrestrial,8200.87893,23
2022,YEM,total,15411.1724,24
2022,ZAF,dynamic,115574.668,714
2022,ZAF,satellite,303846.19,688
2022,ZAF,terrestrial,312548.865,732
2022,ZAF,total,731969.723,737
2022,ZMB,dynamic,1064.80521,8
2022,ZMB,satellite,1395.45242,2
2022,ZMB,terrestrial,355.850474,5
2022,ZMB,total,2816.10811,8
2022,ZWE,dynamic,42.8618367,2
2022,ZWE,terrestrial,23.1755351,2
2022,ZWE,total,66.0373718,2
2022,NA,dynamic,2516342.24,16025
2022,NA,satellite,493183.928,2365
2022,NA,terrestrial,2309834.62,15215
2022,NA,total,5319360.79,18033
2023,ABW,dynamic,251.552533,2
2023,ABW,satellite,180.372699,1
2023,ABW,terrestrial,2837.30671,2
2023,ABW,total,3269.23194,2
2023,AFG,dynamic,2577.98287,14
2023,AFG,satellite,73.7201136,2
2023,AFG,terrestrial,398.068656,10
2023,AFG,total,3049.77164,14
2023,AGO,dynamic,63419.526,81
2023,AGO,satellite,192570.916,83
2023,AGO,terrestrial,6630.85634,65
2023,AGO,total,262621.298,86
2023,AIA,dynamic,1434.06644,13
2023,AIA,satellite,3543.59125,11
2023,AIA,terrestrial,5585.43211,14
2023,AIA,total,10563.0898,15
2023,ALB,dynamic,29616.0693,210
2023,ALB,satellite,7174.66981,64
2023,ALB,terrestrial,52908.0611,189
2023,ALB,total,89707.0437,217
2023,ALB,unknown,8.24347983,21
2023,AND,dynamic,22142.9566,96
2023,AND,satellite,234.516488,7
2023,AND,terrestrial,3102.31454,81
2023,AND,total,25479.7876,97
2023,ANT,dynamic,12642.3794,3
2023,ANT,satellite,8970.94799,3
2023,ANT,terrestrial,3769.87567,3
2023,ANT,total,25383.203,3
2023,ARE,dynamic,868174.477,690
2023,ARE,satellite,62407.9288,619
2023,ARE,terrestrial,133865.151,673
2023,ARE,total,1064447.56,693
2023,ARG,dynamic,212011,836
2023,ARG,satellite,942139.111,840
2023,ARG,terrestrial,288737.074,798
2023,ARG,total,1442887.18,858
2023,ARM,dynamic,349.994348,3
2023,ARM,terrestrial,185.733713,4
2023,ARM,total,535.728061,4
2023,ASM,dynamic,2248.16423,2
2023,ASM,satellite,0.018964414,1
2023,ASM,terrestrial,20.296293,2
2023,ASM,total,2268.47949,2
2023,ATF,dynamic,30122.1382,22
2023,ATF,satellite,6947.7752,11
2023,ATF,terrestrial,1265.97507,20
2023,ATF,total,38335.8884,22
2023,ATG,dynamic,971197.097,341
2023,ATG,satellite,686174.503,320
2023,ATG,terrestrial,452542.053,339
2023,ATG,total,2109922.77,342
2023,ATG,unknown,9.11380951,26
2023,AUS,dynamic,1887868.53,8510
2023,AUS,satellite,4241994.8,8319
2023,AUS,terrestrial,3308104.02,8421
2023,AUS,total,9437994.05,8884
2023,AUS,unknown,26.6937715,27
2023,AUT,dynamic,65583.4198,664
2023,AUT,satellite,16531.3754,143
2023,AUT,terrestrial,189571.855,672
2023,AUT,total,271707.245,679
2023,AUT,unknown,20.5947442,38
2023,AZE,dynamic,54779.7927,56
2023,AZE,satellite,8586.17602,13
2023,AZE,terrestrial,36060.037,47
2023,AZE,total,99426.1603,57
2023,AZE,unknown,0.154610521,2
2023,BEL,dynamic,2137443.06,3432
2023,BEL,satellite,898210.346,986
2023,BEL,terrestrial,1564390.69,3468
2023,BEL,total,4600072.21,3496
2023,BEL,unknown,28.1119175,53
2023,BEN,dynamic,2242.93305,8
2023,BEN,satellite,435.819819,5
2023,BEN,terrestrial,221.179134,6
2023,BEN,total,2899.932,9
2023,BES,dynamic,24885.5737,63
2023,BES,satellite,42347.553,51
2023,BES,terrestrial,45281.1719,63
2023,BES,total,112514.345,68
2023,BES,unknown,0.0466009957,1
2023,BFA,dynamic,1332.40942,2
2023,BFA,satellite,17.8567959,1
2023,BFA,terrestrial,227.420987,2
2023,BFA,total,1577.6872,2
2023,BGD,dynamic,736824.577,186
2023,BGD,satellite,330180.071,168
2023,BGD,terrestrial,99635.362,173
2023,BGD,total,1166640.61,186
2023,BGD,unknown,0.597428943,2
2023,BGR,dynamic,67840.6201,397
2023,BGR,satellite,9984.85857,111
2023,BGR,terrestrial,219234.622,402
2023,BGR,total,297068.359,404
2023,BGR,unknown,8.2585422,86
2023,BHR,dynamic,2049502.58,3499
2023,BHR,satellite,60293.7623,212
2023,BHR,terrestrial,803993.748,3390
2023,BHR,total,2913790.09,3502
2023,BHS,dynamic,12781070.3,1395
2023,BHS,satellite,15571194.7,1326
2023,BHS,terrestrial,4008140.4,1373
2023,BHS,total,32360446.8,1405
2023,BHS,unknown,41.3825842,69
2023,BIH,dynamic,2768.38429,8
2023,BIH,satellite,286.822202,3
2023,BIH,terrestrial,876.883605,6
2023,BIH,total,3932.09009,8
2023,BLR,dynamic,171.099781,3
2023,BLR,satellite,45.645632,1
2023,BLR,terrestrial,98.6859611,3
2023,BLR,total,315.431374,3
2023,BLZ,dynamic,855923.628,658
2023,BLZ,satellite,292579.272,554
2023,BLZ,terrestrial,377030.438,628
2023,BLZ,total,1525539.55,661
2023,BLZ,unknown,6.20782871,41
2023,BMU,dynamic,2067994.92,238
2023,BMU,satellite,3582506.02,222
2023,BMU,terrestrial,665121.933,238
2023,BMU,total,6315624.67,249
2023,BMU,unknown,1.79106649,15
2023,BOL,dynamic,10191.5387,40
2023,BOL,satellite,29878.5199,38
2023,BOL,terrestrial,4183.68881,39
2023,BOL,total,44253.7474,42
2023,BRA,dynamic,1965691.45,2183
2023,BRA,satellite,1575809.52,2076
2023,BRA,terrestrial,359193.445,2022
2023,BRA,total,3900711.05,2195
2023,BRA,unknown,16.6316986,3
2023,BRB,dynamic,933564.206,368
2023,BRB,satellite,444224.61,357
2023,BRB,terrestrial,438967.772,367
2023,BRB,total,1816761.84,368
2023,BRB,unknown,5.25184448,62
2023,BRN,dynamic,211916.924,64
2023,BRN,satellite,80975.2548,53
2023,BRN,terrestrial,45244.3392,62
2023,BRN,total,338136.518,64
2023,BTN,dynamic,12356.4696,74
2023,BTN,satellite,86.0997777,5
2023,BTN,terrestrial,935.05718,54
2023,BTN,total,13377.6265,74
2023,BWA,dynamic,541.951859,5
2023,BWA,terrestrial,44.2825195,2
2023,BWA,total,586.234378,5
2023,CAF,dynamic,4824.57573,48
2023,CAF,terrestrial,306.115526,42
2023,CAF,total,5130.69125,48
2023,CAN,dynamic,2006561.52,6765
2023,CAN,satellite,2402778.82,6423
2023,CAN,terrestrial,2725219.9,6329
2023,CAN,total,7134582.75,7111
2023,CAN,unknown,22.5138202,18
2023,CCK,dynamic,1231.5157,8
2023,CCK,terrestrial,25.5621379,5
2023,CCK,total,1257.07784,8
2023,CHE,dynamic,295619.142,1036
2023,CHE,satellite,245630.155,400
2023,CHE,terrestrial,750385.227,1068
2023,CHE,total,1291655.04,1078
2023,CHE,unknown,20.5183447,35
2023,CHL,dynamic,247230.957,595
2023,CHL,satellite,1101447.58,586
2023,CHL,terrestrial,218106.449,452
2023,CHL,total,1566784.98,602
2023,CHN,dynamic,88057340,122501
2023,CHN,satellite,8066934.51,15443
2023,CHN,terrestrial,33716298.7,108971
2023,CHN,total,129840575,123978
2023,CHN,unknown,1.41068969,6
2023,CIV,dynamic,10103.4841,12
2023,CIV,satellite,6452.6084,11
2023,CIV,terrestrial,913.925775,12
2023,CIV,total,17470.0183,13
2023,CMR,dynamic,1009952.28,443
2023,CMR,satellite,326113.896,387
2023,CMR,terrestrial,250117.245,411
2023,CMR,total,1586184.4,448
2023,CMR,unknown,0.981684928,36
2023,COD,dynamic,2950.35253,16
2023,COD,satellite,10867.5264,15
2023,COD,terrestrial,1348.44469,9
2023,COD,total,15166.3237,16
2023,COG,dynamic,2504.47227,14
2023,COG,satellite,1748.92834,6
2023,COG,terrestrial,3965.3341,13
2023,COG,total,8218.7347,14
2023,COK,dynamic,1028967.83,574
2023,COK,satellite,346475.73,356
2023,COK,terrestrial,550204.517,565
2023,COK,total,1925686.97,596
2023,COK,unknown,38.8887087,39
2023,COL,dynamic,134588.233,377
2023,COL,satellite,123215.771,369
2023,COL,terrestrial,141103.708,369
2023,COL,total,398907.712,386
2023,COM,dynamic,439800.346,335
2023,COM,satellite,110083.177,293
2023,COM,terrestrial,207187.581,325
2023,COM,total,757074.321,339
2023,COM,unknown,3.21737801,34
2023,CPV,dynamic,9020.56563,30
2023,CPV,satellite,59065.6126,27
2023,CPV,terrestrial,9326.61657,28
2023,CPV,total,77412.7948,30
2023,CRI,dynamic,6101.30041,19
2023,CRI,satellite,9365.03753,8
2023,CRI,terrestrial,3485.4113,19
2023,CRI,total,18951.7492,19
2023,CUB,dynamic,104909.646,58
2023,CUB,satellite,92348.9308,55
2023,CUB,terrestrial,26653.169,21
2023,CUB,total,223911.746,58
2023,CUW,dynamic,271722.735,47
2023,CUW,satellite,427357.479,44
2023,CUW,terrestrial,137810.944,44
2023,CUW,total,836891.339,47
2023,CUW,unknown,0.180500129,3
2023,CXR,dynamic,921.796841,4
2023,CXR,terrestrial,85.2093478,3
2023,CXR,total,1007.00619,4
2023,CYM,dynamic,2111938.89,1681
2023,CYM,satellite,1496302.55,1284
2023,CYM,terrestrial,2753740.3,1658
2023,CYM,total,6362078.88,1711
2023,CYM,unknown,97.1386677,283
2023,CYP,dynamic,4802294.09,1272
2023,CYP,satellite,4126059.11,1019
2023,CYP,terrestrial,2707192.01,1269
2023,CYP,total,11635579.8,1293
2023,CYP,unknown,34.6119966,100
2023,CZE,dynamic,13026.4826,113
2023,CZE,satellite,7605.88544,22
2023,CZE,terrestrial,36651.3511,114
2023,CZE,total,57298.3498,118
2023,CZE,unknown,14.630538,6
2023,DEU,dynamic,12155620.6,16075
2023,DEU,satellite,8093266.6,3937
2023,DEU,terrestrial,9798380.75,16409
2023,DEU,total,30047481.2,16548
2023,DEU,unknown,213.227764,321
2023,DIS,dynamic,7742.3392,2
2023,DIS,satellite,999.430809,2
2023,DIS,terrestrial,5225.89578,2
2023,DIS,total,13967.6658,2
2023,DJI,dynamic,57327.5222,23
2023,DJI,satellite,19650.1924,20
2023,DJI,terrestrial,22037.6716,21
2023,DJI,total,99015.4449,25
2023,DJI,unknown,0.0587586324,1
2023,DMA,dynamic,140576.112,136
2023,DMA,satellite,33494.0461,76
2023,DMA,terrestrial,70841.5618,128
2023,DMA,total,244923.909,137
2023,DMA,unknown,12.1896817,7
2023,DNK,dynamic,6979125.82,6375
2023,DNK,satellite,4278893.4,1598
2023,DNK,terrestrial,5046042.39,6398
2023,DNK,total,16304110.7,6484
2023,DNK,unknown,49.0527429,32
2023,DOM,dynamic,7225.40435,40
2023,DOM,satellite,15621.8737,38
2023,DOM,terrestrial,5258.6239,37
2023,DOM,total,28105.902,40
2023,DZA,dynamic,279688.927,115
2023,DZA,satellite,43602.3123,104
2023,DZA,terrestrial,110806.576,108
2023,DZA,total,434099.176,117
2023,DZA,unknown,1.36067411,10
2023,ECU,dynamic,203168.537,619
2023,ECU,satellite,985563.7,616
2023,ECU,terrestrial,95747.3419,452
2023,ECU,total,1284479.58,632
2023,EGY,dynamic,397978.132,370
2023,EGY,satellite,40117.0445,274
2023,EGY,terrestrial,80070.0731,322
2023,EGY,total,518165.733,370
2023,EGY,unknown,0.483380629,16
2023,ERI,dynamic,3465.23214,13
2023,ERI,satellite,1129.40716,1
2023,ERI,terrestrial,5707.08911,12
2023,ERI,total,10301.7284,13
2023,ESP,dynamic,1961464.88,7763
2023,ESP,satellite,1341363,3668
2023,ESP,terrestrial,3798987.59,7843
2023,ESP,total,7102054.63,7915
2023,ESP,unknown,239.164287,752
2023,EST,dynamic,232713.56,452
2023,EST,satellite,60835.2375,143
2023,EST,terrestrial,375231.001,451
2023,EST,total,668779.951,463
2023,EST,unknown,0.152386834,6
2023,ETH,dynamic,61681.7873,11
2023,ETH,satellite,11796.9071,9
2023,ETH,terrestrial,9004.46511,12
2023,ETH,total,82483.1596,12
2023,FIN,dynamic,1219784.99,2111
2023,FIN,satellite,205318.268,612
2023,FIN,terrestrial,1776312.35,2081
2023,FIN,total,3201419.49,2154
2023,FIN,unknown,3.88281072,8
2023,FJI,dynamic,8299.07303,94
2023,FJI,satellite,72383.5876,86
2023,FJI,terrestrial,8484.13034,63
2023,FJI,total,89166.791,98
2023,FLK,dynamic,7536.47081,42
2023,FLK,satellite,103400.568,39
2023,FLK,terrestrial,8061.99114,36
2023,FLK,total,118999.03,43
2023,FRA,dynamic,3536602.09,16063
2023,FRA,satellite,2545842.84,4847
2023,FRA,terrestrial,5945148.48,16640
2023,FRA,total,12028251.2,16853
2023,FRA,unknown,657.771584,809
2023,FRO,dynamic,366649.327,490
2023,FRO,satellite,439231.894,404
2023,FRO,terrestrial,171416.802,426
2023,FRO,total,977298.045,494
2023,FRO,unknown,0.022751985,1
2023,FSM,dynamic,6551.53433,60
2023,FSM,satellite,57129.5723,54
2023,FSM,terrestrial,8188.27616,35
2023,FSM,total,71869.4174,62
2023,FSM,unknown,0.0346951935,1
2023,GAB,dynamic,1189164.5,161
2023,GAB,satellite,185255.907,138
2023,GAB,terrestrial,291303.635,154
2023,GAB,total,1665734.45,162
2023,GAB,unknown,10.4100217,5
2023,GBR,dynamic,6071357.1,21046
2023,GBR,satellite,3562081.81,6022
2023,GBR,terrestrial,8563600.87,21423
2023,GBR,total,18197344.6,21841
2023,GBR,unknown,304.794683,436
2023,GEO,dynamic,22232.1174,134
2023,GEO,satellite,277.314768,36
2023,GEO,terrestrial,77515.7128,131
2023,GEO,total,100028.4,136
2023,GEO,unknown,3.25506357,1
2023,GGY,dynamic,572.611304,1
2023,GGY,satellite,0.299879646,1
2023,GGY,terrestrial,1924.62929,1
2023,GGY,total,2497.54047,1
2023,GHA,dynamic,22032.1586,81
2023,GHA,satellite,66808.398,79
2023,GHA,terrestrial,20471.4138,76
2023,GHA,total,109311.97,81
2023,GIB,dynamic,511440.145,411
2023,GIB,satellite,189014.503,266
2023,GIB,terrestrial,420721.455,409
2023,GIB,total,1121194.13,422
2023,GIB,unknown,18.0224541,36
2023,GIN,dynamic,9671.62174,10
2023,GIN,satellite,10177.9497,7
2023,GIN,terrestrial,2974.73204,10
2023,GIN,total,22824.3035,10
2023,GLP,dynamic,21770.5113,157
2023,GLP,satellite,40920.1363,122
2023,GLP,terrestrial,42071.7212,161
2023,GLP,total,104762.418,166
2023,GLP,unknown,0.048992624,1
2023,GMB,dynamic,8363.98843,25
2023,GMB,satellite,11999.8523,22
2023,GMB,terrestrial,4448.29891,25
2023,GMB,total,24812.1714,25
2023,GMB,unknown,0.0317983618,1
2023,GNB,dynamic,56931.9985,74
2023,GNB,satellite,39219.3243,69
2023,GNB,terrestrial,39414.7718,69
2023,GNB,total,135566.364,75
2023,GNB,unknown,0.269672509,8
2023,GNQ,dynamic,18694.9806,36
2023,GNQ,satellite,6617.47884,20
2023,GNQ,terrestrial,1889.36683,30
2023,GNQ,total,27201.8263,38
2023,GRC,dynamic,8334239.79,2371
2023,GRC,satellite,5908278.49,1568
2023,GRC,terrestrial,4436728.4,2414
2023,GRC,total,18679486.1,2425
2023,GRC,unknown,239.434714,539
2023,GRD,dynamic,4440.73077,16
2023,GRD,satellite,7365.27653,7
2023,GRD,terrestrial,1617.35402,15
2023,GRD,total,13423.3613,18
2023,GRL,dynamic,31482.3468,183
2023,GRL,satellite,409046.383,185
2023,GRL,terrestrial,7696.17865,27
2023,GRL,total,448224.909,188
2023,GTM,dynamic,3588.8524,17
2023,GTM,satellite,2603.15846,8
2023,GTM,terrestrial,406.747602,11
2023,GTM,total,6598.75846,17
2023,GUF,dynamic,796.839122,9
2023,GUF,satellite,3216.2462,6
2023,GUF,terrestrial,565.405405,6
2023,GUF,total,4578.49073,10
2023,GUY,dynamic,42007.2052,61
2023,GUY,satellite,14660.7087,47
2023,GUY,terrestrial,9614.37484,55
2023,GUY,total,66282.2887,62
2023,HKG,dynamic,25855781.3,3156
2023,HKG,satellite,20909746,2465
2023,HKG,terrestrial,5319865.61,3134
2023,HKG,total,52085413.9,3182
2023,HKG,unknown,21.0014839,42
2023,HND,dynamic,53480.9574,45
2023,HND,satellite,28290.5827,38
2023,HND,terrestrial,17137.7722,44
2023,HND,total,98909.4217,46
2023,HND,unknown,0.10936112,5
2023,HRV,dynamic,468758.025,1218
2023,HRV,satellite,139789.781,522
2023,HRV,terrestrial,1372395.89,1238
2023,HRV,total,1981054.47,1243
2023,HRV,unknown,110.770605,349
2023,HTI,dynamic,2030.9164,6
2023,HTI,satellite,39.8865916,2
2023,HTI,terrestrial,648.626567,4
2023,HTI,total,2719.42956,6
2023,HUN,dynamic,3553.64393,31
2023,HUN,satellite,3634.47302,8
2023,HUN,terrestrial,11796.2578,41
2023,HUN,total,18984.426,41
2023,HUN,unknown,0.0511972028,2
2023,IDN,dynamic,7165396.77,12596
2023,IDN,satellite,5897173.45,10008
2023,IDN,terrestrial,1632817.7,8525
2023,IDN,total,14695388.2,12701
2023,IDN,unknown,0.327228615,2
2023,IMN,dynamic,1388132.84,216
2023,IMN,satellite,1238301.57,204
2023,IMN,terrestrial,485529.868,217
2023,IMN,total,3111968.36,218
2023,IMN,unknown,4.084476,20
2023,IND,dynamic,4391848.82,2965
2023,IND,satellite,1058658.07,2455
2023,IND,terrestrial,571795.636,2318
2023,IND,total,6022302.61,2981
2023,IND,unknown,0.0802934845,2
2023,IRL,dynamic,168547.24,981
2023,IRL,satellite,197652.065,526
2023,IRL,terrestrial,324455.83,1017
2023,IRL,total,690655.608,1060
2023,IRL,unknown,0.473847248,8
2023,IRN,dynamic,2144165.51,3256
2023,IRN,satellite,207454.78,1651
2023,IRN,terrestrial,201020.554,2664
2023,IRN,total,2552640.88,3258
2023,IRN,unknown,0.0317393917,1
2023,IRQ,dynamic,26487.1599,42
2023,IRQ,satellite,1443.07066,17
2023,IRQ,terrestrial,13449.6686,38
2023,IRQ,total,41379.8992,43
2023,ISL,dynamic,173241.119,1394
2023,ISL,satellite,1182053.76,1409
2023,ISL,terrestrial,16697.7373,491
2023,ISL,total,1371992.61,1428
2023,ISR,dynamic,136706.992,316
2023,ISR,satellite,66387.5998,92
2023,ISR,terrestrial,242386.168,311
2023,ISR,total,445510.002,319
2023,ISR,unknown,29.2427239,54
2023,ITA,dynamic,3708323.16,6468
2023,ITA,satellite,1600412.16,2567
2023,ITA,terrestrial,6127306.71,6595
2023,ITA,total,11436879.6,6632
2023,ITA,unknown,837.568203,1049
2023,JAM,dynamic,210036.627,326
2023,JAM,satellite,161632.303,272
2023,JAM,terrestrial,433551.792,317
2023,JAM,total,805228.532,334
2023,JAM,unknown,7.81057439,14
2023,JEY,dynamic,11373.7816,15
2023,JEY,satellite,3299.55265,12
2023,JEY,terrestrial,13192.7202,16
2023,JEY,total,27866.0859,16
2023,JEY,unknown,0.0314406214,1
2023,JOR,dynamic,47745.0723,46
2023,JOR,satellite,11650.1648,34
2023,JOR,terrestrial,39437.9282,45
2023,JOR,total,98833.1654,48
2023,JPN,dynamic,13038278.9,9667
2023,JPN,satellite,5975881.9,7579
2023,JPN,terrestrial,9229114.02,9612
2023,JPN,total,28243274.9,9825
2023,JPN,unknown,0.120962928,1
2023,KAZ,dynamic,11422.1819,25
2023,KAZ,satellite,2937.25109,20
2023,KAZ,terrestrial,3109.48239,24
2023,KAZ,total,17468.9282,26
2023,KAZ,unknown,0.0128050302,1
2023,KEN,dynamic,3252.81819,17
2023,KEN,satellite,12894.0982,15
2023,KEN,terrestrial,3587.87532,15
2023,KEN,total,19734.7917,17
2023,KGZ,dynamic,3988.80342,13
2023,KGZ,satellite,198.212926,2
2023,KGZ,terrestrial,436.439985,12
2023,KGZ,total,4623.45633,14
2023,KHM,dynamic,12197.6368,104
2023,KHM,satellite,19993.1898,14
2023,KHM,terrestrial,13593.8897,97
2023,KHM,total,45784.7163,106
2023,KIR,dynamic,80154.1397,102
2023,KIR,satellite,90426.487,77
2023,KIR,terrestrial,26301.0874,94
2023,KIR,total,196881.714,106
2023,KNA,dynamic,920703.181,530
2023,KNA,satellite,196618.588,475
2023,KNA,terrestrial,347486.873,513
2023,KNA,total,1464814.16,537
2023,KNA,unknown,5.5155215,23
2023,KOR,dynamic,12484124.2,10235
2023,KOR,satellite,2796049.78,3486
2023,KOR,terrestrial,2653698.04,9532
2023,KOR,total,17933872.1,10264
2023,KOR,unknown,0.083796758,3
2023,KWT,dynamic,904709.514,145
2023,KWT,satellite,137188.405,125
2023,KWT,terrestrial,138586.911,145
2023,KWT,total,1180484.83,146
2023,LAO,dynamic,77.1016972,1
2023,LAO,terrestrial,67.6286769,1
2023,LAO,total,144.730374,1
2023,LBN,dynamic,66495.9885,53
2023,LBN,satellite,47281.3252,32
2023,LBN,terrestrial,42305.5303,53
2023,LBN,total,156083.552,54
2023,LBN,unknown,0.708005208,9
2023,LBR,dynamic,52455964.7,5550
2023,LBR,satellite,37351389.7,5117
2023,LBR,terrestrial,11834984.5,5208
2023,LBR,total,101642437,5597
2023,LBR,unknown,98.4712437,258
2023,LBY,dynamic,156405.999,58
2023,LBY,satellite,67297.4502,54
2023,LBY,terrestrial,75969.5329,57
2023,LBY,total,299673.588,60
2023,LBY,unknown,0.605113589,5
2023,LCA,dynamic,234.750888,8
2023,LCA,satellite,20.0592471,1
2023,LCA,terrestrial,249.956981,8
2023,LCA,total,504.767117,8
2023,LIE,dynamic,508.372764,5
2023,LIE,satellite,5.8206928,1
2023,LIE,terrestrial,55.1148406,5
2023,LIE,total,569.308298,5
2023,LKA,dynamic,241266.481,2595
2023,LKA,satellite,220816.78,2441
2023,LKA,terrestrial,42725.785,1070
2023,LKA,total,504809.046,2597
2023,LSO,dynamic,1337.53916,3
2023,LSO,satellite,83.8221673,1
2023,LSO,terrestrial,4722.74857,3
2023,LSO,total,6144.1099,3
2023,LTU,dynamic,177866.978,180
2023,LTU,satellite,66586.9123,67
2023,LTU,terrestrial,157921.902,175
2023,LTU,total,402376.102,180
2023,LTU,unknown,0.309616427,3
2023,LUX,dynamic,423239.961,330
2023,LUX,satellite,264787.301,208
2023,LUX,terrestrial,357861.788,329
2023,LUX,total,1045911.09,333
2023,LUX,unknown,22.0360384,34
2023,LVA,dynamic,142353.272,257
2023,LVA,satellite,60293.0745,86
2023,LVA,terrestrial,190245.05,261
2023,LVA,total,392895.261,263
2023,LVA,unknown,3.8650184,10
2023,MAC,dynamic,52671.6148,69
2023,MAC,satellite,1541.7832,20
2023,MAC,terrestrial,20856.356,67
2023,MAC,total,75069.754,69
2023,MAR,dynamic,187954.093,223
2023,MAR,satellite,155075.652,215
2023,MAR,terrestrial,94572.8349,222
2023,MAR,total,437606.923,224
2023,MAR,unknown,4.34275838,20
2023,MCO,dynamic,37483.4487,137
2023,MCO,satellite,2428.29904,16
2023,MCO,terrestrial,105941.331,138
2023,MCO,total,145866.063,139
2023,MCO,unknown,12.9843393,21
2023,MDA,dynamic,9913.34715,29
2023,MDA,satellite,3814.18765,11
2023,MDA,terrestrial,7722.29448,23
2023,MDA,total,21450.4205,29
2023,MDA,unknown,0.591186767,1
2023,MDG,dynamic,948.605402,27
2023,MDG,satellite,26392.7481,32
2023,MDG,terrestrial,4839.57744,33
2023,MDG,total,32180.931,35
2023,MDV,dynamic,16746.1326,46
2023,MDV,satellite,20206.431,34
2023,MDV,terrestrial,5427.8969,36
2023,MDV,total,42380.4605,46
2023,MEX,dynamic,442763.609,541
2023,MEX,satellite,588439.755,530
2023,MEX,terrestrial,91196.9975,503
2023,MEX,total,1122400.36,544
2023,MHL,dynamic,40836505.7,5315
2023,MHL,satellite,31472073.5,4819
2023,MHL,terrestrial,9959141.95,5054
2023,MHL,total,82267839.9,5387
2023,MHL,unknown,118.75249,275
2023,MKD,dynamic,487.723414,9
2023,MKD,satellite,0.00635684695,1
2023,MKD,terrestrial,791.194518,5
2023,MKD,total,1278.92429,9
2023,MLI,dynamic,197.571201,1
2023,MLI,satellite,1.73353223,1
2023,MLI,terrestrial,172.582698,1
2023,MLI,total,371.887431,1
2023,MLT,dynamic,17271100.8,4063
2023,MLT,satellite,13798172.6,2753
2023,MLT,terrestrial,8387194.1,4077
2023,MLT,total,39456854.8,4116
2023,MLT,unknown,387.394702,734
2023,MMR,dynamic,27246.2588,261
2023,MMR,satellite,36165.7337,190
2023,MMR,terrestrial,26575.215,250
2023,MMR,total,89987.2075,287
2023,MNE,dynamic,18542.4572,103
2023,MNE,satellite,17070.6454,38
2023,MNE,terrestrial,41827.4351,107
2023,MNE,total,77441.0759,111
2023,MNE,unknown,0.538051952,9
2023,MNG,dynamic,309154.736,394
2023,MNG,satellite,88651.156,250
2023,MNG,terrestrial,112164.4,363
2023,MNG,total,509970.617,396
2023,MNG,unknown,0.325272708,5
2023,MNP,dynamic,9847.39377,10
2023,MNP,satellite,4789.94711,2
2023,MNP,terrestrial,99.1535038,8
2023,MNP,total,14736.4944,10
2023,MOZ,dynamic,13620.3959,28
2023,MOZ,satellite,23391.3225,29
2023,MOZ,terrestrial,9536.32747,25
2023,MOZ,total,46548.0459,30
2023,MRT,dynamic,9942.14749,50
2023,MRT,satellite,12437.9847,45
2023,MRT,terrestrial,1168.7146,36
2023,MRT,total,23548.8468,50
2023,MSR,dynamic,602.322111,8
2023,MSR,satellite,0.0336675836,1
2023,MSR,terrestrial,390.416434,5
2023,MSR,total,992.772213,8
2023,MTQ,dynamic,20160.6063,177
2023,MTQ,satellite,51343.4721,146
2023,MTQ,terrestrial,63910.3246,179
2023,MTQ,total,135415.029,188
2023,MTQ,unknown,0.625836233,1
2023,MUS,dynamic,55117.1417,152
2023,MUS,satellite,91998.3846,146
2023,MUS,terrestrial,23427.121,141
2023,MUS,total,170542.647,156
2023,MWI,dynamic,1724.16228,11
2023,MWI,satellite,66.9676925,1
2023,MWI,terrestrial,253.158564,10
2023,MWI,total,2044.28854,11
2023,MYS,dynamic,3597404.76,2962
2023,MYS,satellite,1215686.98,1260
2023,MYS,terrestrial,633214.39,2278
2023,MYS,total,5446308.15,3010
2023,MYS,unknown,2.0196229,3
2023,NAM,dynamic,23831.3263,138
2023,NAM,satellite,180675.839,137
2023,NAM,terrestrial,36841.4461,134
2023,NAM,total,241348.612,139
2023,NCL,dynamic,76373.6291,241
2023,NCL,satellite,80939.7408,229
2023,NCL,terrestrial,14884.4191,221
2023,NCL,total,172197.789,250
2023,NER,dynamic,150.388033,4
2023,NER,terrestrial,108.974484,4
2023,NER,total,259.362517,4
2023,NGA,dynamic,422177.876,829
2023,NGA,satellite,813987.198,825
2023,NGA,terrestrial,483183.828,828
2023,NGA,total,1719348.9,835
2023,NIC,dynamic,9689.33982,8
2023,NIC,satellite,12823.617,6
2023,NIC,terrestrial,718.465165,5
2023,NIC,total,23231.4219,8
2023,NIS,dynamic,33403.741,13
2023,NIS,satellite,27877.9646,13
2023,NIS,terrestrial,21028.0547,13
2023,NIS,total,82309.7604,13
2023,NIU,dynamic,103892.539,103
2023,NIU,satellite,20092.6299,63
2023,NIU,terrestrial,32145.2161,94
2023,NIU,total,156130.417,104
2023,NIU,unknown,0.0314012629,2
2023,NLD,dynamic,7508502,16949
2023,NLD,satellite,1801290.17,4459
2023,NLD,terrestrial,11171403.6,17622
2023,NLD,total,20481296.5,17698
2023,NLD,unknown,100.68706,186
2023,NOR,dynamic,11408671.1,13936
2023,NOR,satellite,4614791.93,8297
2023,NOR,terrestrial,10600799.7,13850
2023,NOR,total,26624286.6,14012
2023,NOR,unknown,23.8276892,38
2023,NPL,dynamic,1305.14004,4
2023,NPL,satellite,0.105082125,1
2023,NPL,terrestrial,26.7643267,3
2023,NPL,total,1332.00945,5
2023,NRU,dynamic,8071.65996,43
2023,NRU,satellite,32063.2171,35
2023,NRU,terrestrial,4210.90541,29
2023,NRU,total,44345.7825,43
2023,NZL,dynamic,183723.651,2031
2023,NZL,satellite,1222021.1,1999
2023,NZL,terrestrial,947923.476,2068
2023,NZL,total,2353672,2178
2023,NZL,unknown,3.77481989,8
2023,OMN,dynamic,136876.752,113
2023,OMN,satellite,24225.6743,95
2023,OMN,terrestrial,3805.15192,62
2023,OMN,total,164907.578,113
2023,PAK,dynamic,227211.017,137
2023,PAK,satellite,26723.2003,85
2023,PAK,terrestrial,41467.7774,113
2023,PAK,total,295401.994,140
2023,PAN,dynamic,50703661.8,7851
2023,PAN,satellite,34528548.5,7572
2023,PAN,terrestrial,11529865.4,7600
2023,PAN,total,96762155.1,7891
2023,PAN,unknown,79.3548518,323
2023,PCN,dynamic,4018.73939,33
2023,PCN,satellite,85.7385079,2
2023,PCN,terrestrial,721.619787,26
2023,PCN,total,4826.09768,33
2023,PER,dynamic,153619.271,384
2023,PER,satellite,377614.042,374
2023,PER,terrestrial,69096.3953,343
2023,PER,total,600329.708,385
2023,PHL,dynamic,1113791.03,989
2023,PHL,satellite,1065812.8,865
2023,PHL,terrestrial,820949.888,916
2023,PHL,total,3000555.23,997
2023,PHL,unknown,1.51493933,3
2023,PLW,dynamic,1415028.44,600
2023,PLW,satellite,291115.139,513
2023,PLW,terrestrial,624342.902,574
2023,PLW,total,2330496.71,606
2023,PLW,unknown,10.2334316,83
2023,PNG,dynamic,21463.0688,135
2023,PNG,satellite,194226.398,128
2023,PNG,terrestrial,3596.09813,50
2023,PNG,total,219285.565,137
2023,POL,dynamic,572115.077,2162
2023,POL,satellite,117537.397,573
2023,POL,terrestrial,727049.495,2171
2023,POL,total,1416744.43,2203
2023,POL,unknown,42.4576575,180
2023,PRI,dynamic,695.767099,3
2023,PRI,satellite,0.339416113,1
2023,PRI,terrestrial,258.931794,4
2023,PRI,total,955.038309,4
2023,PRK,dynamic,55303.0512,266
2023,PRK,satellite,13816.9584,149
2023,PRK,terrestrial,7367.52612,227
2023,PRK,total,76487.5357,272
2023,PRT,dynamic,5186694.44,2090
2023,PRT,satellite,4074558.21,1741
2023,PRT,terrestrial,2846693.86,2093
2023,PRT,total,12107983.3,2138
2023,PRT,unknown,36.8415877,103
2023,PRY,dynamic,11252.8642,105
2023,PRY,satellite,109072.672,108
2023,PRY,terrestrial,6696.07264,104
2023,PRY,total,127021.609,109
2023,PSE,dynamic,4775.71343,13
2023,PSE,satellite,44.3325431,4
2023,PSE,terrestrial,331.508284,13
2023,PSE,total,5151.55425,14
2023,PYF,dynamic,19786.8173,128
2023,PYF,satellite,116322.898,125
2023,PYF,terrestrial,13833.2404,121
2023,PYF,total,149942.956,135
2023,QAT,dynamic,459532.771,766
2023,QAT,satellite,27865.851,260
2023,QAT,terrestrial,93712.2287,706
2023,QAT,total,581110.887,770
2023,QAT,unknown,0.0360968216,1
2023,REU,dynamic,5337.30409,81
2023,REU,satellite,33886.87,73
2023,REU,terrestrial,26550.0983,68
2023,REU,total,65774.2724,88
2023,ROU,dynamic,80922.8986,414
2023,ROU,satellite,19867.1029,177
2023,ROU,terrestrial,250425.654,413
2023,ROU,total,351222.441,417
2023,ROU,unknown,6.78486296,156
2023,RUS,dynamic,2225264.58,3697
2023,RUS,satellite,5778797.86,3034
2023,RUS,terrestrial,2959395.49,3699
2023,RUS,total,10963469.9,4211
2023,RUS,unknown,11.9431141,169
2023,RWA,dynamic,614.9467,3
2023,RWA,terrestrial,5.40392563,3
2023,RWA,total,620.350625,3
2023,SAU,dynamic,3216733.05,1976
2023,SAU,satellite,675316.002,1537
2023,SAU,terrestrial,393537.614,1828
2023,SAU,total,4285587.07,1984
2023,SAU,unknown,0.412460488,3
2023,SDN,dynamic,122.002164,4
2023,SDN,satellite,29.5030846,1
2023,SDN,terrestrial,149.179836,1
2023,SDN,total,300.685084,4
2023,SEN,dynamic,43116.9881,65
2023,SEN,satellite,52185.1026,65
2023,SEN,terrestrial,6499.78111,61
2023,SEN,total,101801.872,67
2023,SGP,dynamic,27438203.4,5101
2023,SGP,satellite,20196630.3,3094
2023,SGP,terrestrial,4995594.66,4889
2023,SGP,total,52630443,5111
2023,SGP,unknown,14.7322978,53
2023,SHN,dynamic,18418.7211,145
2023,SHN,satellite,2778.672,10
2023,SHN,terrestrial,14356.3299,111
2023,SHN,total,35553.723,148
2023,SJM,dynamic,1347.99303,1
2023,SJM,satellite,3463.19537,1
2023,SJM,terrestrial,216.160238,1
2023,SJM,total,5027.34864,1
2023,SLB,dynamic,985.507983,14
2023,SLB,satellite,17883.365,10
2023,SLB,terrestrial,114.864318,10
2023,SLB,total,18983.7373,14
2023,SLE,dynamic,451597.543,515
2023,SLE,satellite,96805.7736,381
2023,SLE,terrestrial,279678.23,476
2023,SLE,total,828086.809,517
2023,SLE,unknown,5.26152136,27
2023,SLV,dynamic,2630.8288,11
2023,SLV,satellite,9918.09225,11
2023,SLV,terrestrial,827.710373,10
2023,SLV,total,13376.6314,11
2023,SMR,dynamic,74841.6348,111
2023,SMR,satellite,7942.74642,46
2023,SMR,terrestrial,53974.3601,112
2023,SMR,total,136759.185,113
2023,SMR,unknown,0.443449911,4
2023,SOM,dynamic,19463.0195,91
2023,SOM,satellite,7001.4162,38
2023,SOM,terrestrial,1975.84294,78
2023,SOM,total,28440.2787,92
2023,SPM,dynamic,998.486509,23
2023,SPM,satellite,18299.3253,24
2023,SPM,terrestrial,63.4368887,13
2023,SPM,total,19361.2487,24
2023,SRB,dynamic,1473.08585,28
2023,SRB,satellite,3739.41515,9
2023,SRB,terrestrial,11901.8903,28
2023,SRB,total,17114.5489,28
2023,SRB,unknown,0.157613413,4
2023,SSD,dynamic,191.411937,2
2023,SSD,terrestrial,44.5531547,2
2023,SSD,total,235.965092,2
2023,STP,dynamic,89143.2721,60
2023,STP,satellite,8778.18056,42
2023,STP,terrestrial,18554.0406,51
2023,STP,total,116475.589,61
2023,STP,unknown,0.0956982672,1
2023,SUR,dynamic,154.988202,4
2023,SUR,satellite,201.207018,2
2023,SUR,terrestrial,8.50490175,3
2023,SUR,total,364.700122,4
2023,SVK,dynamic,19854.0651,184
2023,SVK,satellite,9336.49879,65
2023,SVK,terrestrial,100695.326,184
2023,SVK,total,129888.815,186
2023,SVK,unknown,2.9248742,39
2023,SVN,dynamic,27710.0177,158
2023,SVN,satellite,3676.43906,17
2023,SVN,terrestrial,55288.2253,161
2023,SVN,total,86677.2201,161
2023,SVN,unknown,2.53797623,17
2023,SWE,dynamic,2353004.32,7599
2023,SWE,satellite,526669.772,1284
2023,SWE,terrestrial,4178380.94,7659
2023,SWE,total,7058082.33,7805
2023,SWE,unknown,27.2926899,26
2023,SWZ,dynamic,274.670607,6
2023,SWZ,terrestrial,80.6872021,5
2023,SWZ,total,355.357809,6
2023,SYC,dynamic,12600.3559,129
2023,SYC,satellite,83609.8459,116
2023,SYC,terrestrial,15225.8011,78
2023,SYC,total,111436.12,133
2023,SYC,unknown,0.117012971,2
2023,SYR,dynamic,3539.48897,9
2023,SYR,satellite,89.8652297,5
2023,SYR,terrestrial,1836.80981,9
2023,SYR,total,5466.16679,9
2023,SYR,unknown,0.00277987736,1
2023,TCA,dynamic,386.201045,5
2023,TCA,satellite,8.2880528000000009,1
2023,TCA,terrestrial,227.18988,5
2023,TCA,total,621.678978,5
2023,TCD,dynamic,317.581079,4
2023,TCD,satellite,7.00908354,2
2023,TCD,terrestrial,191.160546,3
2023,TCD,total,515.750709,4
2023,TGO,dynamic,308040.777,340
2023,TGO,satellite,148444.549,297
2023,TGO,terrestrial,179685.502,321
2023,TGO,total,636171.876,340
2023,TGO,unknown,1.04752335,36
2023,THA,dynamic,1692263.29,1385
2023,THA,satellite,454777.438,533
2023,THA,terrestrial,687359.021,1257
2023,THA,total,2834399.75,1418
2023,TJK,dynamic,18.5940955,1
2023,TJK,terrestrial,12.7384743,1
2023,TJK,total,31.3325698,1
2023,TKM,dynamic,1827.1303,5
2023,TKM,terrestrial,22.8262225,5
2023,TKM,total,1849.95652,5
2023,TON,dynamic,566.738126,11
2023,TON,satellite,6075.17402,7
2023,TON,terrestrial,451.608752,11
2023,TON,total,7093.5209,15
2023,TTO,dynamic,52245.5468,68
2023,TTO,satellite,68299.4344,63
2023,TTO,terrestrial,9231.27171,63
2023,TTO,total,129776.253,68
2023,TUN,dynamic,70632.7744,107
2023,TUN,satellite,22022.7314,83
2023,TUN,terrestrial,76070.7685,102
2023,TUN,total,168756.883,108
2023,TUN,unknown,30.6090304,5
2023,TUR,dynamic,4654827,5583
2023,TUR,satellite,484388.08,937
2023,TUR,terrestrial,5526308.7,5525
2023,TUR,total,10666044.9,5741
2023,TUR,unknown,521.095221,888
2023,TUV,dynamic,494630.858,280
2023,TUV,satellite,198416.114,253
2023,TUV,terrestrial,92640.3543,252
2023,TUV,total,785687.417,282
2023,TUV,unknown,0.0914919161,2
2023,TWN,dynamic,2237669.51,4731
2023,TWN,satellite,1586183.44,1429
2023,TWN,terrestrial,1080496.23,4420
2023,TWN,total,4904349.65,4766
2023,TWN,unknown,0.463323669,2
2023,TZA,dynamic,606586.613,380
2023,TZA,satellite,160147.498,317
2023,TZA,terrestrial,180853.709,367
2023,TZA,total,947592.35,384
2023,TZA,unknown,4.53109521,24
2023,UGA,dynamic,156.723988,3
2023,UGA,satellite,63.6643294,2
2023,UGA,terrestrial,161.39409,3
2023,UGA,total,381.782407,3
2023,UKR,dynamic,18734.0636,142
2023,UKR,satellite,15411.4245,53
2023,UKR,terrestrial,88882.4414,150
2023,UKR,total,123028.42,151
2023,UKR,unknown,0.490544415,33
2023,UNK,dynamic,3997.92566,4
2023,UNK,satellite,381.798726,3
2023,UNK,terrestrial,1439.25015,3
2023,UNK,total,5818.97453,4
2023,URY,dynamic,85419.9612,198
2023,URY,satellite,177448.499,195
2023,URY,terrestrial,91383.1366,189
2023,URY,total,354251.597,200
2023,USA,dynamic,12304355.3,39585
2023,USA,satellite,11219515.3,30694
2023,USA,terrestrial,16958178.6,39679
2023,USA,total,40482143.7,41416
2023,USA,unknown,94.5341705,94
2023,UZB,dynamic,636.910466,4
2023,UZB,terrestrial,20.6801715,3
2023,UZB,total,657.590638,4
2023,VAT,dynamic,56.405152,2
2023,VAT,terrestrial,35.0246039,2
2023,VAT,total,91.4297558,2
2023,VCT,dynamic,670637.106,874
2023,VCT,satellite,676422.864,784
2023,VCT,terrestrial,368936.146,844
2023,VCT,total,1716023.75,879
2023,VCT,unknown,27.638411,48
2023,VEN,dynamic,278707.764,1102
2023,VEN,satellite,584246.029,1141
2023,VEN,terrestrial,212589.396,720
2023,VEN,total,1075543.19,1195
2023,VGB,dynamic,199268.019,568
2023,VGB,satellite,126304.303,368
2023,VGB,terrestrial,398824.129,554
2023,VGB,total,724439.724,582
2023,VGB,unknown,43.2734748,36
2023,VIR,dynamic,415.607261,5
2023,VIR,terrestrial,165.164094,5
2023,VIR,total,580.771356,5
2023,VNM,dynamic,2731592.84,9265
2023,VNM,satellite,453189.659,1186
2023,VNM,terrestrial,828097.446,6618
2023,VNM,total,4012880.35,9291
2023,VNM,unknown,0.404170428,1
2023,VUT,dynamic,318323.133,452
2023,VUT,satellite,400960.366,434
2023,VUT,terrestrial,171232.867,431
2023,VUT,total,890518.585,457
2023,VUT,unknown,2.21935362,34
2023,WLF,dynamic,28195.6657,7
2023,WLF,satellite,46177.801,8
2023,WLF,terrestrial,32280.7237,7
2023,WLF,total,106655.051,8
2023,WLF,unknown,0.86110976,2
2023,WSM,dynamic,364.90971,10
2023,WSM,satellite,11420.0808,6
2023,WSM,terrestrial,407.131732,9
2023,WSM,total,12192.1222,10
2023,YEM,dynamic,9347.4356,26
2023,YEM,satellite,655.654534,10
2023,YEM,terrestrial,7662.42735,23
2023,YEM,total,17665.5175,26
2023,ZAF,dynamic,168657.984,739
2023,ZAF,satellite,354046.995,704
2023,ZAF,terrestrial,213340.287,738
2023,ZAF,total,736045.29,764
2023,ZAF,unknown,0.0242558638,1
2023,ZMB,dynamic,2806.83065,6
2023,ZMB,satellite,69.9427863,1
2023,ZMB,terrestrial,703.843534,5
2023,ZMB,total,3580.61697,6
2023,ZWE,dynamic,26.9360986,1
2023,ZWE,terrestrial,12.6991645,1
2023,ZWE,total,39.6352631,1
2023,NA,dynamic,6083205.96,20249
2023,NA,satellite,848783.2,3185
2023,NA,terrestrial,1932155.2,17048
2023,NA,total,8864148.99,20748
2023,NA,unknown,4.6286004,15
2024,ABW,dynamic,164.970891,4
2024,ABW,satellite,42.0093497,3
2024,ABW,terrestrial,65.7685826,4
2024,ABW,total,272.748824,4
2024,AFG,dynamic,1372.44969,14
2024,AFG,satellite,117.093278,11
2024,AFG,terrestrial,548.183432,14
2024,AFG,total,2037.72641,14
2024,AGO,dynamic,78842.8992,83
2024,AGO,satellite,181444.185,84
2024,AGO,terrestrial,1062.81349,57
2024,AGO,total,261349.898,85
2024,AIA,dynamic,2688.79302,25
2024,AIA,satellite,6553.48528,25
2024,AIA,terrestrial,8076.66295,26
2024,AIA,total,17318.9412,27
2024,ALB,dynamic,26516.7853,240
2024,ALB,satellite,10218.4852,208
2024,ALB,terrestrial,69739.6975,236
2024,ALB,total,106474.968,247
2024,AND,dynamic,20592.8536,99
2024,AND,satellite,1824.28113,91
2024,AND,terrestrial,8175.46955,100
2024,AND,total,30592.6042,102
2024,ANT,dynamic,11080.4272,3
2024,ANT,satellite,10648.891,3
2024,ANT,terrestrial,4653.41665,3
2024,ANT,total,26382.7349,3
2024,ARE,dynamic,968438.286,770
2024,ARE,satellite,105188.888,751
2024,ARE,terrestrial,118233.712,736
2024,ARE,total,1191860.89,772
2024,ARG,dynamic,329369.373,875
2024,ARG,satellite,963753.689,873
2024,ARG,terrestrial,176409.633,782
2024,ARG,total,1469532.69,886
2024,ARM,dynamic,550.634408,5
2024,ARM,satellite,43.0754393,5
2024,ARM,terrestrial,121.183781,5
2024,ARM,total,714.893628,5
2024,ASM,dynamic,2957.88966,3
2024,ASM,satellite,19.7342308,1
2024,ASM,terrestrial,123.16969,2
2024,ASM,total,3100.79358,3
2024,ATF,dynamic,4997.33878,22
2024,ATF,satellite,7571.38771,20
2024,ATF,terrestrial,636.36731,20
2024,ATF,total,13205.0938,22
2024,ATG,dynamic,921729.763,351
2024,ATG,satellite,781901.598,350
2024,ATG,terrestrial,569823.225,367
2024,ATG,total,2273454.59,369
2024,AUS,dynamic,1867376.72,9015
2024,AUS,satellite,4785862.4,9258
2024,AUS,terrestrial,3243870.3,9093
2024,AUS,total,9897109.42,9413
2024,AUT,dynamic,48358.9016,705
2024,AUT,satellite,38043.6348,681
2024,AUT,terrestrial,231356.868,727
2024,AUT,total,317759.404,728
2024,AZE,dynamic,74404.7035,61
2024,AZE,satellite,13513.2931,55
2024,AZE,terrestrial,53455.1418,61
2024,AZE,total,141373.138,62
2024,BDI,dynamic,54.009004,3
2024,BDI,satellite,39.4330702,3
2024,BDI,terrestrial,119.081442,3
2024,BDI,total,212.523516,3
2024,BEL,dynamic,1493951.3,3508
2024,BEL,satellite,911717.169,3433
2024,BEL,terrestrial,2088250.12,3599
2024,BEL,total,4493918.58,3613
2024,BEN,dynamic,1751.8021,16
2024,BEN,satellite,247.706612,10
2024,BEN,terrestrial,389.521762,14
2024,BEN,total,2389.03047,16
2024,BES,dynamic,85559.1709,118
2024,BES,satellite,42356.2209,109
2024,BES,terrestrial,62022.7093,107
2024,BES,total,189938.101,121
2024,BFA,dynamic,504.793379,3
2024,BFA,satellite,40.4268129,3
2024,BFA,terrestrial,107.728647,3
2024,BFA,total,652.948839,3
2024,BGD,dynamic,757186.967,213
2024,BGD,satellite,356835.899,211
2024,BGD,terrestrial,101445.19,202
2024,BGD,total,1215468.06,219
2024,BGR,dynamic,57188.0692,421
2024,BGR,satellite,30314.559,369
2024,BGR,terrestrial,274189.96,439
2024,BGR,total,361692.588,441
2024,BHR,dynamic,1985359.4,3286
2024,BHR,satellite,400960.286,2878
2024,BHR,terrestrial,182982.041,2658
2024,BHR,total,2569301.72,3287
2024,BHS,dynamic,11939506.8,1410
2024,BHS,satellite,15269984.3,1383
2024,BHS,terrestrial,4429884.73,1392
2024,BHS,total,31639375.8,1448
2024,BIH,dynamic,2847.8202,8
2024,BIH,satellite,403.068607,8
2024,BIH,terrestrial,661.481584,7
2024,BIH,total,3912.3704,8
2024,BLR,dynamic,224.668087,4
2024,BLR,satellite,52.1106732,3
2024,BLR,terrestrial,198.545493,3
2024,BLR,total,475.324253,4
2024,BLZ,dynamic,807277.047,693
2024,BLZ,satellite,353967.857,674
2024,BLZ,terrestrial,445012.294,682
2024,BLZ,total,1606257.2,699
2024,BMU,dynamic,2075767.34,240
2024,BMU,satellite,3487301.31,237
2024,BMU,terrestrial,704520.22,242
2024,BMU,total,6267588.87,247
2024,BOL,dynamic,19086.572,45
2024,BOL,satellite,28255.2872,47
2024,BOL,terrestrial,5102.22301,41
2024,BOL,total,52444.0822,49
2024,BRA,dynamic,2053222.4,2425
2024,BRA,satellite,1862398.65,2386
2024,BRA,terrestrial,436697.528,2260
2024,BRA,total,4352318.58,2446
2024,BRB,dynamic,1659509.5,541
2024,BRB,satellite,787397.164,541
2024,BRB,terrestrial,845169.86,541
2024,BRB,total,3292076.52,547
2024,BRN,dynamic,214081.715,77
2024,BRN,satellite,71533.3081,62
2024,BRN,terrestrial,82752.9524,78
2024,BRN,total,368367.975,78
2024,BTN,dynamic,12844.4582,77
2024,BTN,satellite,593.30276,59
2024,BTN,terrestrial,2143.36508,68
2024,BTN,total,15581.126,77
2024,BWA,dynamic,1765.93322,6
2024,BWA,satellite,180.03789,4
2024,BWA,terrestrial,397.776416,5
2024,BWA,total,2343.74753,6
2024,CAF,dynamic,6991.91351,59
2024,CAF,satellite,993.364917,54
2024,CAF,terrestrial,9697.24651,59
2024,CAF,total,17682.5249,60
2024,CAN,dynamic,1906879.26,7141
2024,CAN,satellite,3136255.11,7381
2024,CAN,terrestrial,2464854.57,6841
2024,CAN,total,7507988.93,7545
2024,CCK,dynamic,948.1409,6
2024,CCK,satellite,48.7654837,5
2024,CCK,terrestrial,175.100194,6
2024,CCK,total,1172.00658,6
2024,CHE,dynamic,252913.455,1153
2024,CHE,satellite,369028.608,1160
2024,CHE,terrestrial,872152.005,1194
2024,CHE,total,1494094.07,1202
2024,CHL,dynamic,278194.089,619
2024,CHL,satellite,1030934.57,621
2024,CHL,terrestrial,252723.893,566
2024,CHL,total,1561852.56,631
2024,CHN,dynamic,83086251.1,124996
2024,CHN,satellite,16957766.3,109153
2024,CHN,terrestrial,46724163.9,120315
2024,CHN,total,146768181,127355
2024,CIV,dynamic,11716.8662,14
2024,CIV,satellite,6935.33214,13
2024,CIV,terrestrial,669.951669,13
2024,CIV,total,19322.15,14
2024,CMR,dynamic,806084.418,412
2024,CMR,satellite,303460.877,396
2024,CMR,terrestrial,246082.227,391
2024,CMR,total,1355627.52,417
2024,COD,dynamic,2252.51635,14
2024,COD,satellite,9661.18531,13
2024,COD,terrestrial,695.22919,11
2024,COD,total,12608.9309,14
2024,COG,dynamic,3541.6716500000002,19
2024,COG,satellite,1565.34638,15
2024,COG,terrestrial,9878.79353,19
2024,COG,total,14985.811600000001,19
2024,COK,dynamic,1937689.75,683
2024,COK,satellite,591738.95,662
2024,COK,terrestrial,858066.735,676
2024,COK,total,3387495.44,702
2024,COL,dynamic,125088.262,399
2024,COL,satellite,167835.316,402
2024,COL,terrestrial,102931.693,377
2024,COL,total,395855.27,409
2024,COM,dynamic,1042694.09,521
2024,COM,satellite,190386.458,508
2024,COM,terrestrial,289079.913,500
2024,COM,total,1522160.46,524
2024,CPV,dynamic,17181.9887,36
2024,CPV,satellite,60031.3692,36
2024,CPV,terrestrial,6198.11656,33
2024,CPV,total,83411.4744,36
2024,CRI,dynamic,4162.66197,21
2024,CRI,satellite,4278.15061,17
2024,CRI,terrestrial,2866.53811,19
2024,CRI,total,11307.3507,21
2024,CUB,dynamic,97099.1062,59
2024,CUB,satellite,65113.5683,58
2024,CUB,terrestrial,8708.92394,42
2024,CUB,total,170921.598,59
2024,CUW,dynamic,249917.534,43
2024,CUW,satellite,420425.868,43
2024,CUW,terrestrial,154606.166,42
2024,CUW,total,824949.569,43
2024,CXR,dynamic,1864.70763,6
2024,CXR,satellite,1142.83448,6
2024,CXR,terrestrial,553.228628,5
2024,CXR,total,3560.77074,6
2024,CYM,dynamic,1949324.19,1851
2024,CYM,satellite,1688803.87,1799
2024,CYM,terrestrial,3070458.7,1857
2024,CYM,total,6708586.76,1879
2024,CYP,dynamic,4516595.48,1347
2024,CYP,satellite,4602601.16,1306
2024,CYP,terrestrial,3011469.68,1353
2024,CYP,total,12130666.3,1372
2024,CZE,dynamic,11735.6208,119
2024,CZE,satellite,14412.4805,123
2024,CZE,terrestrial,56244.2742,126
2024,CZE,total,82392.3755,128
2024,DEU,dynamic,9760520.63,17103
2024,DEU,satellite,10051347.7,17057
2024,DEU,terrestrial,10434367.6,17457
2024,DEU,total,30246235.9,17687
2024,DIS,dynamic,5498.10982,2
2024,DIS,satellite,2413.14478,2
2024,DIS,terrestrial,6266.39877,2
2024,DIS,total,14177.6534,2
2024,DJI,dynamic,66195.7867,39
2024,DJI,satellite,21541.3339,38
2024,DJI,terrestrial,26692.0848,40
2024,DJI,total,114429.205,41
2024,DMA,dynamic,137077.069,147
2024,DMA,satellite,52292.8857,137
2024,DMA,terrestrial,76867.5274,145
2024,DMA,total,266237.482,149
2024,DNK,dynamic,6452796.83,6519
2024,DNK,satellite,5546457.38,6272
2024,DNK,terrestrial,4584052.03,6597
2024,DNK,total,16583306.2,6690
2024,DOM,dynamic,15322.6151,48
2024,DOM,satellite,24187.6586,47
2024,DOM,terrestrial,8037.26832,46
2024,DOM,total,47547.542,48
2024,DZA,dynamic,214598.678,115
2024,DZA,satellite,40372.7604,109
2024,DZA,terrestrial,183155.171,111
2024,DZA,total,438126.609,116
2024,ECU,dynamic,197466.945,640
2024,ECU,satellite,685517.585,649
2024,ECU,terrestrial,457379.835,588
2024,ECU,total,1340364.37,665
2024,EGY,dynamic,421870.786,480
2024,EGY,satellite,72606.9763,444
2024,EGY,terrestrial,103724.978,449
2024,EGY,total,598202.74,482
2024,ERI,dynamic,4562.9369,14
2024,ERI,satellite,1454.97549,10
2024,ERI,terrestrial,4556.52,13
2024,ERI,total,10574.4324,14
2024,ESP,dynamic,1785472.86,8096
2024,ESP,satellite,1650406.34,7893
2024,ESP,terrestrial,4291501.4,8228
2024,ESP,total,7727380.59,8274
2024,EST,dynamic,246054.227,466
2024,EST,satellite,142701.71,465
2024,EST,terrestrial,349014.829,473
2024,EST,total,737770.766,485
2024,ETH,dynamic,55559.8684,10
2024,ETH,satellite,20395.3079,9
2024,ETH,terrestrial,9154.75826,10
2024,ETH,total,85109.9345,10
2024,FIN,dynamic,1024074.03,2255
2024,FIN,satellite,503388.669,2218
2024,FIN,terrestrial,1750954.25,2256
2024,FIN,total,3278416.95,2298
2024,FJI,dynamic,4867.92577,85
2024,FJI,satellite,82297.9083,89
2024,FJI,terrestrial,8189.71277,79
2024,FJI,total,95355.5469,93
2024,FLK,dynamic,9728.45055,42
2024,FLK,satellite,109468.181,42
2024,FLK,terrestrial,7472.95313,38
2024,FLK,total,126669.585,43
2024,FRA,dynamic,2931977.98,17282
2024,FRA,satellite,3881507.74,17350
2024,FRA,terrestrial,7668002.85,18124
2024,FRA,total,14481488.6,18236
2024,FRO,dynamic,256505.965,521
2024,FRO,satellite,365722.933,473
2024,FRO,terrestrial,444364.673,526
2024,FRO,total,1066593.57,531
2024,FSM,dynamic,8876.87298,57
2024,FSM,satellite,59600.4156,55
2024,FSM,terrestrial,7209.18128,45
2024,FSM,total,75686.4699,57
2024,GAB,dynamic,2503111.57,255
2024,GAB,satellite,716970.08,249
2024,GAB,terrestrial,903942.082,254
2024,GAB,total,4124023.73,259
2024,GBR,dynamic,4833152.57,22502
2024,GBR,satellite,4715222.54,22054
2024,GBR,terrestrial,10964799.4,23334
2024,GBR,total,20513174.6,23552
2024,GEO,dynamic,16359.2319,129
2024,GEO,satellite,26631.6791,112
2024,GEO,terrestrial,85284.5379,128
2024,GEO,total,128275.449,131
2024,GGY,dynamic,821.175852,1
2024,GGY,satellite,500.680207,1
2024,GGY,terrestrial,3108.20348,1
2024,GGY,total,4430.05954,1
2024,GHA,dynamic,28775.28,88
2024,GHA,satellite,74427.0023,88
2024,GHA,terrestrial,8181.01031,71
2024,GHA,total,111383.293,89
2024,GIB,dynamic,362786.07,408
2024,GIB,satellite,172229.674,400
2024,GIB,terrestrial,432386.057,419
2024,GIB,total,967401.801,425
2024,GIN,dynamic,131499.947,42
2024,GIN,satellite,19157.9351,42
2024,GIN,terrestrial,15286.1539,35
2024,GIN,total,165944.036,42
2024,GLP,dynamic,33218.4252,194
2024,GLP,satellite,52144.3462,194
2024,GLP,terrestrial,97320.633,200
2024,GLP,total,182683.404,204
2024,GMB,dynamic,49705.9271,51
2024,GMB,satellite,19223.8524,50
2024,GMB,terrestrial,11810.5334,46
2024,GMB,total,80740.3129,51
2024,GNB,dynamic,396377.334,143
2024,GNB,satellite,161890.961,142
2024,GNB,terrestrial,187861.204,141
2024,GNB,total,746129.499,144
2024,GNQ,dynamic,8032.33568,13
2024,GNQ,satellite,5297.28772,9
2024,GNQ,terrestrial,2443.22728,11
2024,GNQ,total,15772.8507,14
2024,GRC,dynamic,7587872,2549
2024,GRC,satellite,6218272.19,2461
2024,GRC,terrestrial,5165748.65,2611
2024,GRC,total,18971892.8,2621
2024,GRD,dynamic,5935.11362,16
2024,GRD,satellite,7769.80611,15
2024,GRD,terrestrial,4083.69891,18
2024,GRD,total,17788.6186,19
2024,GRL,dynamic,30915.8805,208
2024,GRL,satellite,371926.233,214
2024,GRL,terrestrial,64931.7713,157
2024,GRL,total,467773.885,217
2024,GTM,dynamic,5349.61135,18
2024,GTM,satellite,2887.75596,16
2024,GTM,terrestrial,941.79573,17
2024,GTM,total,9179.16303,18
2024,GUF,dynamic,786.60661,13
2024,GUF,satellite,3428.45768,12
2024,GUF,terrestrial,1658.35655,13
2024,GUF,total,5873.42084,13
2024,GUY,dynamic,250401.282,84
2024,GUY,satellite,46673.377,82
2024,GUY,terrestrial,27656.1051,71
2024,GUY,total,324730.764,86
2024,HKG,dynamic,24487496,3198
2024,HKG,satellite,24341983.7,3042
2024,HKG,terrestrial,6776704.29,3146
2024,HKG,total,55606184,3223
2024,HND,dynamic,173560.195,69
2024,HND,satellite,56179.0764,68
2024,HND,terrestrial,47950.3501,68
2024,HND,total,277689.621,69
2024,HRV,dynamic,331638.086,1477
2024,HRV,satellite,242753.267,1445
2024,HRV,terrestrial,1881747.36,1517
2024,HRV,total,2456138.72,1519
2024,HTI,dynamic,3454.22306,7
2024,HTI,satellite,230.7699,6
2024,HTI,terrestrial,1269.98376,7
2024,HTI,total,4954.97672,8
2024,HUN,dynamic,2230.01238,31
2024,HUN,satellite,2760.11868,40
2024,HUN,terrestrial,18922.8983,49
2024,HUN,total,23913.0293,51
2024,IDN,dynamic,7707789.46,13945
2024,IDN,satellite,6809108.23,13159
2024,IDN,terrestrial,2201708.01,11829
2024,IDN,total,16718605.7,14066
2024,IMN,dynamic,1215663.55,199
2024,IMN,satellite,1177030.13,196
2024,IMN,terrestrial,522807.08,200
2024,IMN,total,2915500.76,201
2024,IND,dynamic,4317290.33,3031
2024,IND,satellite,1455165.38,2777
2024,IND,terrestrial,385831.956,2086
2024,IND,total,6158287.66,3045
2024,IRL,dynamic,148575.894,998
2024,IRL,satellite,238393.072,1026
2024,IRL,terrestrial,402397.865,1066
2024,IRL,total,789366.831,1087
2024,IRN,dynamic,2137753.15,3436
2024,IRN,satellite,205756.678,2808
2024,IRN,terrestrial,254350.297,2654
2024,IRN,total,2597860.12,3445
2024,IRQ,dynamic,36562.1594,42
2024,IRQ,satellite,1937.36405,36
2024,IRQ,terrestrial,31325.5663,41
2024,IRQ,total,69825.0898,45
2024,ISL,dynamic,197782.381,1388
2024,ISL,satellite,1107186.79,1407
2024,ISL,terrestrial,67695.2049,1184
2024,ISL,total,1372664.38,1412
2024,ISR,dynamic,68075.3312,308
2024,ISR,satellite,28813.2958,281
2024,ISR,terrestrial,195533.585,315
2024,ISR,total,292422.212,318
2024,ITA,dynamic,2812210.01,7024
2024,ITA,satellite,1674153.22,6829
2024,ITA,terrestrial,7399670.54,7128
2024,ITA,total,11886033.8,7136
2024,JAM,dynamic,232613.874,337
2024,JAM,satellite,253967.609,329
2024,JAM,terrestrial,409642.218,330
2024,JAM,total,896223.702,343
2024,JEY,dynamic,7506.02045,15
2024,JEY,satellite,3063.78582,15
2024,JEY,terrestrial,17088.6123,15
2024,JEY,total,27658.4185,15
2024,JOR,dynamic,40763.1602,43
2024,JOR,satellite,9480.0892,41
2024,JOR,terrestrial,28307.4163,43
2024,JOR,total,78550.6657,43
2024,JPN,dynamic,10486063.1,10708
2024,JPN,satellite,8316359.45,10603
2024,JPN,terrestrial,10725197.1,10442
2024,JPN,total,29527619.6,10972
2024,KAZ,dynamic,16207.8088,35
2024,KAZ,satellite,2712.66116,33
2024,KAZ,terrestrial,3682.25785,31
2024,KAZ,total,22602.7279,36
2024,KEN,dynamic,5385.47401,19
2024,KEN,satellite,10527.7977,17
2024,KEN,terrestrial,1909.58297,18
2024,KEN,total,17822.8547,19
2024,KGZ,dynamic,2829.60276,11
2024,KGZ,satellite,136.51951,9
2024,KGZ,terrestrial,447.62902,11
2024,KGZ,total,3413.75129,11
2024,KHM,dynamic,16856.1859,111
2024,KHM,satellite,20080.7295,38
2024,KHM,terrestrial,26385.9645,115
2024,KHM,total,63322.8799,117
2024,KIR,dynamic,56162.2857,95
2024,KIR,satellite,96991.2839,96
2024,KIR,terrestrial,25802.3355,96
2024,KIR,total,178955.905,104
2024,KNA,dynamic,1124726.26,710
2024,KNA,satellite,329977.007,700
2024,KNA,terrestrial,428817.709,683
2024,KNA,total,1883520.98,724
2024,KOR,dynamic,10878269.4,10319
2024,KOR,satellite,4391673.86,9435
2024,KOR,terrestrial,4071086.29,10177
2024,KOR,total,19341029.5,10785
2024,KWT,dynamic,1023029.59,1190
2024,KWT,satellite,242167.826,731
2024,KWT,terrestrial,177410.258,1143
2024,KWT,total,1442607.67,1200
2024,LAO,dynamic,2748.32119,3
2024,LAO,satellite,60.6853607,3
2024,LAO,terrestrial,924.022928,3
2024,LAO,total,3733.02948,3
2024,LBN,dynamic,59233.6678,59
2024,LBN,satellite,50246.6656,53
2024,LBN,terrestrial,46242.7618,58
2024,LBN,total,155723.095,59
2024,LBR,dynamic,50186869.4,6051
2024,LBR,satellite,45054986.7,5824
2024,LBR,terrestrial,14696081.4,5825
2024,LBR,total,109937938,6245
2024,LBY,dynamic,103553.449,60
2024,LBY,satellite,65850.0117,58
2024,LBY,terrestrial,89938.7145,61
2024,LBY,total,259342.176,61
2024,LCA,dynamic,189.461833,3
2024,LCA,satellite,2.4489688,2
2024,LCA,terrestrial,65.4251322,3
2024,LCA,total,257.335934,3
2024,LIE,dynamic,351.72713,6
2024,LIE,satellite,81.4031799,4
2024,LIE,terrestrial,126.429224,6
2024,LIE,total,559.559535,6
2024,LKA,dynamic,263770.641,2806
2024,LKA,satellite,206323.084,2698
2024,LKA,terrestrial,16093.4601,1793
2024,LKA,total,486187.185,2809
2024,LSO,dynamic,5441.48109,5
2024,LSO,satellite,1487.20584,4
2024,LSO,terrestrial,1558.20221,5
2024,LSO,total,8486.88914,5
2024,LTU,dynamic,150613.483,192
2024,LTU,satellite,114127.983,188
2024,LTU,terrestrial,155356.99,191
2024,LTU,total,420098.456,193
2024,LUX,dynamic,373546.635,350
2024,LUX,satellite,310878.977,348
2024,LUX,terrestrial,433041.982,358
2024,LUX,total,1117467.59,360
2024,LVA,dynamic,139304.739,289
2024,LVA,satellite,108301.773,285
2024,LVA,terrestrial,153243.461,278
2024,LVA,total,400849.973,298
2024,MAC,dynamic,31705.669,68
2024,MAC,satellite,15236.7803,67
2024,MAC,terrestrial,40516.0099,68
2024,MAC,total,87458.4592,68
2024,MAR,dynamic,189312.407,233
2024,MAR,satellite,122688.041,227
2024,MAR,terrestrial,106241.911,226
2024,MAR,total,418242.36,233
2024,MCO,dynamic,47051.697,142
2024,MCO,satellite,6069.70664,139
2024,MCO,terrestrial,114352.709,144
2024,MCO,total,167474.113,145
2024,MDA,dynamic,7884.18973,19
2024,MDA,satellite,3110.1293,16
2024,MDA,terrestrial,3666.06243,17
2024,MDA,total,14660.3815,20
2024,MDG,dynamic,2307.55752,28
2024,MDG,satellite,17756.2383,35
2024,MDG,terrestrial,4116.73832,31
2024,MDG,total,24180.5341,35
2024,MDV,dynamic,35276.7449,56
2024,MDV,satellite,21914.4488,53
2024,MDV,terrestrial,1867.08464,41
2024,MDV,total,59058.2783,58
2024,MEX,dynamic,502259.002,572
2024,MEX,satellite,556260.599,572
2024,MEX,terrestrial,102990.348,535
2024,MEX,total,1161509.95,582
2024,MHL,dynamic,38172299.2,5481
2024,MHL,satellite,35325984.3,5289
2024,MHL,terrestrial,10904068.2,5313
2024,MHL,total,84402351.7,5651
2024,MKD,dynamic,347.194211,8
2024,MKD,satellite,170.945913,6
2024,MKD,terrestrial,137.414919,9
2024,MKD,total,655.555042,9
2024,MLT,dynamic,15825369,4384
2024,MLT,satellite,16261494.8,4329
2024,MLT,terrestrial,10029280.9,4421
2024,MLT,total,42116144.7,4439
2024,MMR,dynamic,30155.0689,280
2024,MMR,satellite,45213.832,213
2024,MMR,terrestrial,26077.2878,254
2024,MMR,total,101446.189,309
2024,MNE,dynamic,18273.9799,120
2024,MNE,satellite,33778.8403,122
2024,MNE,terrestrial,46674.6843,123
2024,MNE,total,98727.5045,123
2024,MNG,dynamic,209563.552,361
2024,MNG,satellite,89672.0532,329
2024,MNG,terrestrial,128982.797,352
2024,MNG,total,428218.402,369
2024,MNP,dynamic,11329.1484,9
2024,MNP,satellite,2129.62322,8
2024,MNP,terrestrial,221.60517,6
2024,MNP,total,13680.3768,9
2024,MOZ,dynamic,13289.41,29
2024,MOZ,satellite,37198.6757,30
2024,MOZ,terrestrial,2303.36734,26
2024,MOZ,total,52791.4531,30
2024,MRT,dynamic,19139.4537,51
2024,MRT,satellite,13487.5715,49
2024,MRT,terrestrial,2125.45707,41
2024,MRT,total,34752.4822,51
2024,MSR,dynamic,257.3415,6
2024,MSR,satellite,653.735638,5
2024,MSR,terrestrial,380.517535,6
2024,MSR,total,1291.59467,6
2024,MTQ,dynamic,32877.2438,211
2024,MTQ,satellite,47756.7329,213
2024,MTQ,terrestrial,134435.888,220
2024,MTQ,total,215069.864,225
2024,MUS,dynamic,75968.2289,167
2024,MUS,satellite,95254.021,167
2024,MUS,terrestrial,23804.527,161
2024,MUS,total,195026.777,169
2024,MWI,dynamic,850.928237,8
2024,MWI,satellite,215.288511,7
2024,MWI,terrestrial,3479.69075,7
2024,MWI,total,4545.9075,8
2024,MYS,dynamic,3449332.07,3358
2024,MYS,satellite,1256818.32,2683
2024,MYS,terrestrial,1398785.97,3208
2024,MYS,total,6104936.36,3425
2024,NAM,dynamic,84468.9998,153
2024,NAM,satellite,198193.069,152
2024,NAM,terrestrial,12237.3994,141
2024,NAM,total,294899.468,153
2024,NCL,dynamic,110355.693,269
2024,NCL,satellite,75573.7679,267
2024,NCL,terrestrial,16160.7345,250
2024,NCL,total,202090.195,273
2024,NER,dynamic,53.4907334,5
2024,NER,satellite,399.289833,1
2024,NER,terrestrial,514.561593,6
2024,NER,total,967.34216,6
2024,NGA,dynamic,607713.906,893
2024,NGA,satellite,870265.774,890
2024,NGA,terrestrial,373381.484,873
2024,NGA,total,1851361.16,894
2024,NIC,dynamic,3504.17638,7
2024,NIC,satellite,6315.94775,7
2024,NIC,terrestrial,2423.28705,7
2024,NIC,total,12243.4112,7
2024,NIS,dynamic,31007.2551,13
2024,NIS,satellite,27437.0516,13
2024,NIS,terrestrial,27413.8539,13
2024,NIS,total,85858.1606,13
2024,NIU,dynamic,65769.7229,103
2024,NIU,satellite,33832.7127,96
2024,NIU,terrestrial,42545.9822,101
2024,NIU,total,142148.418,104
2024,NLD,dynamic,5079821.53,17773
2024,NLD,satellite,2994334.55,18232
2024,NLD,terrestrial,14188976.2,18821
2024,NLD,total,22263132.3,18910
2024,NOR,dynamic,13097107.2,14428
2024,NOR,satellite,5968204.61,13891
2024,NOR,terrestrial,8825083.56,14177
2024,NOR,total,27890395.4,14562
2024,NPL,dynamic,94.9482935,2
2024,NPL,satellite,0.45834272,2
2024,NPL,terrestrial,19.9777214,2
2024,NPL,total,115.384358,2
2024,NRU,dynamic,6281.49506,29
2024,NRU,satellite,25167.6566,28
2024,NRU,terrestrial,3926.38062,20
2024,NRU,total,35375.5323,29
2024,NZL,dynamic,179336.679,2242
2024,NZL,satellite,1483141.14,2351
2024,NZL,terrestrial,856135.687,2334
2024,NZL,total,2518613.51,2406
2024,OMN,dynamic,129147.298,119
2024,OMN,satellite,53272.9023,113
2024,OMN,terrestrial,4674.00094,73
2024,OMN,total,187094.201,120
2024,PAK,dynamic,241287.66,182
2024,PAK,satellite,33280.8866,148
2024,PAK,terrestrial,24873.5598,101
2024,PAK,total,299442.107,182
2024,PAN,dynamic,49333633.4,8306
2024,PAN,satellite,37812430,8189
2024,PAN,terrestrial,14866777.8,8211
2024,PAN,total,102012841,8387
2024,PCN,dynamic,2978.05449,29
2024,PCN,satellite,191.950948,19
2024,PCN,terrestrial,1708.9012,26
2024,PCN,total,4878.90664,30
2024,PER,dynamic,189293.444,446
2024,PER,satellite,413206.77,443
2024,PER,terrestrial,41358.5028,358
2024,PER,total,643858.716,452
2024,PHL,dynamic,1128006.53,1128
2024,PHL,satellite,1281913.35,1108
2024,PHL,terrestrial,1143361.91,1089
2024,PHL,total,3553281.79,1137
2024,PLW,dynamic,1822249.57,713
2024,PLW,satellite,528826.638,694
2024,PLW,terrestrial,818491.112,688
2024,PLW,total,3169567.32,735
2024,PNG,dynamic,25982.7574,141
2024,PNG,satellite,200061.919,139
2024,PNG,terrestrial,4908.02602,82
2024,PNG,total,230952.702,143
2024,POL,dynamic,503986.113,2781
2024,POL,satellite,358875.971,2697
2024,POL,terrestrial,1014811.98,2784
2024,POL,total,1877674.06,2837
2024,PRI,dynamic,432.703616,2
2024,PRI,satellite,22.8576752,1
2024,PRI,terrestrial,63.291232,2
2024,PRI,total,518.852523,2
2024,PRK,dynamic,50899.9344,259
2024,PRK,satellite,13615.7692,218
2024,PRK,terrestrial,12578.5467,234
2024,PRK,total,77094.2503,264
2024,PRT,dynamic,5071285.94,2325
2024,PRT,satellite,5556018.98,2352
2024,PRT,terrestrial,3921814.44,2361
2024,PRT,total,14549119.4,2412
2024,PRY,dynamic,16673.1126,103
2024,PRY,satellite,105651.244,110
2024,PRY,terrestrial,3472.79725,101
2024,PRY,total,125797.154,110
2024,PSE,dynamic,3454.38381,14
2024,PSE,satellite,56.0276069,10
2024,PSE,terrestrial,216.365236,12
2024,PSE,total,3726.77665,14
2024,PYF,dynamic,25398.3271,148
2024,PYF,satellite,133322.18,155
2024,PYF,terrestrial,29378.8275,153
2024,PYF,total,188099.334,158
2024,QAT,dynamic,432673.964,916
2024,QAT,satellite,37140.6278,705
2024,QAT,terrestrial,250180.471,869
2024,QAT,total,719995.063,924
2024,REU,dynamic,7676.84501,87
2024,REU,satellite,33679.1871,88
2024,REU,terrestrial,34981.1484,88
2024,REU,total,76337.1804,92
2024,ROU,dynamic,51788.3165,411
2024,ROU,satellite,22787.4934,395
2024,ROU,terrestrial,279906.825,420
2024,ROU,total,354482.635,423
2024,RUS,dynamic,2338694.49,3718
2024,RUS,satellite,5993861,3615
2024,RUS,terrestrial,2711570.71,3588
2024,RUS,total,11044126.2,4247
2024,RWA,dynamic,538.871734,2
2024,RWA,satellite,27.3940559,2
2024,RWA,terrestrial,98.5974869,2
2024,RWA,total,664.863277,2
2024,SAU,dynamic,3250747.95,1992
2024,SAU,satellite,745805.843,1797
2024,SAU,terrestrial,401588.048,1832
2024,SAU,total,4398141.84,2001
2024,SDN,dynamic,2856.71421,2
2024,SDN,satellite,753.21131,2
2024,SDN,terrestrial,4043.6633,2
2024,SDN,total,7653.58882,2
2024,SEN,dynamic,60685.7963,75
2024,SEN,satellite,54114.6921,73
2024,SEN,terrestrial,3431.48336,70
2024,SEN,total,118231.972,75
2024,SGP,dynamic,27133476,5040
2024,SGP,satellite,23180467,4695
2024,SGP,terrestrial,7161677.44,4980
2024,SGP,total,57475620.4,5069
2024,SHN,dynamic,21058.9397,222
2024,SHN,satellite,5381.24742,207
2024,SHN,terrestrial,16993.2874,222
2024,SHN,total,43433.4745,227
2024,SJM,dynamic,1398.004,1
2024,SJM,satellite,2746.69868,1
2024,SJM,terrestrial,242.296817,1
2024,SJM,total,4386.9995,1
2024,SLB,dynamic,1624.4575,16
2024,SLB,satellite,25595.1796,16
2024,SLB,terrestrial,675.73417,15
2024,SLB,total,27895.3712,16
2024,SLE,dynamic,721971.697,539
2024,SLE,satellite,253154.655,510
2024,SLE,terrestrial,460875.257,525
2024,SLE,total,1436001.61,563
2024,SLV,dynamic,3757.13872,13
2024,SLV,satellite,11567.6544,13
2024,SLV,terrestrial,1413.1139,12
2024,SLV,total,16737.9071,13
2024,SMR,dynamic,248238.042,217
2024,SMR,satellite,61892.5725,208
2024,SMR,terrestrial,155303.066,215
2024,SMR,total,465433.681,224
2024,SOM,dynamic,19932.1652,100
2024,SOM,satellite,8988.33144,75
2024,SOM,terrestrial,5275.15784,87
2024,SOM,total,34195.6545,103
2024,SPM,dynamic,4282.27783,25
2024,SPM,satellite,24969.6031,25
2024,SPM,terrestrial,474.035243,21
2024,SPM,total,29725.9162,25
2024,SRB,dynamic,703.286509,24
2024,SRB,satellite,2099.05721,20
2024,SRB,terrestrial,9861.46648,25
2024,SRB,total,12663.8102,25
2024,SSD,dynamic,169.781788,2
2024,SSD,satellite,12.0753977,2
2024,SSD,terrestrial,160.935974,2
2024,SSD,total,342.793159,2
2024,STP,dynamic,160078.463,93
2024,STP,satellite,37468.7266,90
2024,STP,terrestrial,40169.0813,90
2024,STP,total,237716.271,96
2024,SUR,dynamic,1583.4406,5
2024,SUR,satellite,284.942654,6
2024,SUR,terrestrial,310.655525,4
2024,SUR,total,2179.03878,6
2024,SVK,dynamic,15131.3092,183
2024,SVK,satellite,18327.7527,165
2024,SVK,terrestrial,104755.804,187
2024,SVK,total,138214.866,187
2024,SVN,dynamic,18964.5556,178
2024,SVN,satellite,6289.38942,173
2024,SVN,terrestrial,79459.2806,181
2024,SVN,total,104713.226,181
2024,SWE,dynamic,2483506.59,7876
2024,SWE,satellite,1398804.8,7749
2024,SWE,terrestrial,3863655,7894
2024,SWE,total,7745966.39,8016
2024,SWZ,dynamic,124881.54,53
2024,SWZ,satellite,11847.2214,49
2024,SWZ,terrestrial,17140.7036,49
2024,SWZ,total,153869.465,53
2024,SYC,dynamic,13639.6026,129
2024,SYC,satellite,74237.9394,127
2024,SYC,terrestrial,16270.7175,117
2024,SYC,total,104148.259,132
2024,SYR,dynamic,2453.40792,7
2024,SYR,satellite,90.6479365,6
2024,SYR,terrestrial,393.626524,7
2024,SYR,total,2937.68238,7
2024,TCA,dynamic,480.295146,6
2024,TCA,satellite,160.030423,5
2024,TCA,terrestrial,596.859077,5
2024,TCA,total,1237.18465,6
2024,TCD,dynamic,851.954312,6
2024,TCD,satellite,100.495878,6
2024,TCD,terrestrial,1058.8585,6
2024,TCD,total,2011.30869,6
2024,TGO,dynamic,382281.517,334
2024,TGO,satellite,159960.598,323
2024,TGO,terrestrial,164932.1,317
2024,TGO,total,707174.215,337
2024,THA,dynamic,1455972.93,1421
2024,THA,satellite,476402.937,976
2024,THA,terrestrial,1115254.94,1389
2024,THA,total,3047630.82,1459
2024,TJK,dynamic,268.291517,1
2024,TJK,satellite,13.6735965,1
2024,TJK,terrestrial,36.5892196,1
2024,TJK,total,318.554333,1
2024,TKM,dynamic,2260.25437,8
2024,TKM,satellite,29.2238775,3
2024,TKM,terrestrial,1253.97658,6
2024,TKM,total,3543.45483,8
2024,TON,dynamic,1612.14363,16
2024,TON,satellite,10602.6833,15
2024,TON,terrestrial,2110.74322,18
2024,TON,total,14325.5702,19
2024,TTO,dynamic,62109.1979,70
2024,TTO,satellite,72238.0594,70
2024,TTO,terrestrial,6868.48254,67
2024,TTO,total,141215.74,70
2024,TUN,dynamic,72432.9093,102
2024,TUN,satellite,26996.7696,99
2024,TUN,terrestrial,112876.524,98
2024,TUN,total,212306.203,103
2024,TUR,dynamic,3553833.77,5772
2024,TUR,satellite,1061430.95,5135
2024,TUR,terrestrial,6733703.67,5823
2024,TUR,total,11348968.4,6008
2024,TUV,dynamic,486538.572,302
2024,TUV,satellite,198714.543,299
2024,TUV,terrestrial,103084.639,286
2024,TUV,total,788337.754,307
2024,TWN,dynamic,1831046.07,5184
2024,TWN,satellite,1556393.24,4455
2024,TWN,terrestrial,1612133.4,5096
2024,TWN,total,4999572.71,5247
2024,TZA,dynamic,532396.966,435
2024,TZA,satellite,267998.437,415
2024,TZA,terrestrial,234150.491,419
2024,TZA,total,1034545.89,439
2024,UGA,dynamic,413.463538,5
2024,UGA,satellite,114.377707,4
2024,UGA,terrestrial,1155.05361,5
2024,UGA,total,1682.89485,5
2024,UKR,dynamic,11103.8992,113
2024,UKR,satellite,19576.0279,88
2024,UKR,terrestrial,55047.6475,120
2024,UKR,total,85727.5745,122
2024,UNK,dynamic,2676.1067,5
2024,UNK,satellite,888.007139,3
2024,UNK,terrestrial,1714.33351,3
2024,UNK,total,5278.44735,5
2024,URY,dynamic,114081.191,205
2024,URY,satellite,188812.915,203
2024,URY,terrestrial,36799.0617,192
2024,URY,total,339693.168,209
2024,USA,dynamic,12432955.6,42062
2024,USA,satellite,16571362.5,42470
2024,USA,terrestrial,17009538.1,42876
2024,USA,total,46013856.2,44101
2024,UZB,dynamic,973.276019,3
2024,UZB,satellite,87.5294335,2
2024,UZB,terrestrial,267.714684,2
2024,UZB,total,1328.52014,3
2024,VAT,dynamic,56.4166203,3
2024,VAT,satellite,4.56131668,3
2024,VAT,terrestrial,61.3205582,3
2024,VAT,total,122.298495,3
2024,VCT,dynamic,700368.282,915
2024,VCT,satellite,723207.136,900
2024,VCT,terrestrial,379173.775,881
2024,VCT,total,1802749.19,923
2024,VEN,dynamic,392397.17,1139
2024,VEN,satellite,485397.782,1144
2024,VEN,terrestrial,74868.6403,658
2024,VEN,total,952663.591,1195
2024,VGB,dynamic,180822.024,598
2024,VGB,satellite,199270.244,574
2024,VGB,terrestrial,455241.537,602
2024,VGB,total,835333.806,613
2024,VIR,dynamic,598.355472,5
2024,VIR,satellite,3.04569133,4
2024,VIR,terrestrial,219.527358,6
2024,VIR,total,820.928522,6
2024,VNM,dynamic,2665300.91,10642
2024,VNM,satellite,881897.848,8666
2024,VNM,terrestrial,1467181.96,10267
2024,VNM,total,5014380.72,10719
2024,VUT,dynamic,285220.951,422
2024,VUT,satellite,369098.883,421
2024,VUT,terrestrial,164838.292,410
2024,VUT,total,819158.127,428
2024,WLF,dynamic,32673.1741,9
2024,WLF,satellite,44026.1596,10
2024,WLF,terrestrial,30392.848,9
2024,WLF,total,107092.182,10
2024,WSM,dynamic,8798.9654,9
2024,WSM,satellite,10751.594,8
2024,WSM,terrestrial,753.845511,9
2024,WSM,total,20304.405,9
2024,YEM,dynamic,4487.43867,24
2024,YEM,satellite,399.446311,22
2024,YEM,terrestrial,4536.54696,21
2024,YEM,total,9423.43194,25
2024,ZAF,dynamic,256601.577,774
2024,ZAF,satellite,358221.646,775
2024,ZAF,terrestrial,160023.313,765
2024,ZAF,total,774846.536,791
2024,ZMB,dynamic,4473.34142,7
2024,ZMB,satellite,428.297799,6
2024,ZMB,terrestrial,1208.85696,7
2024,ZMB,total,6110.49618,7
2024,ZWE,dynamic,1.22243802,1
2024,ZWE,satellite,11.6709625,1
2024,ZWE,terrestrial,45.7379587,1
2024,ZWE,total,58.6313593,1
2024,NA,dynamic,5530844.6,19674
2024,NA,satellite,1403908.76,16121
2024,NA,terrestrial,2616246.81,18470
2024,NA,total,9551000.17,20307
2025,ABW,dynamic,158025.188,41
2025,ABW,satellite,29519.3445,39
2025,ABW,terrestrial,30284.7075,40
2025,ABW,total,217829.24,42
2025,AFG,dynamic,290.404216,12
2025,AFG,satellite,147.020588,10
2025,AFG,terrestrial,568.982272,12
2025,AFG,total,1006.40708,12
2025,AGO,dynamic,164214.979,105
2025,AGO,satellite,117985.173,103
2025,AGO,terrestrial,7445.80256,14
2025,AGO,total,289645.955,107
2025,AIA,dynamic,8951.1204,21
2025,AIA,satellite,5206.0821,21
2025,AIA,terrestrial,5180.42034,22
2025,AIA,total,19337.6228,23
2025,ALB,dynamic,28790.2579,298
2025,ALB,satellite,17225.847,264
2025,ALB,terrestrial,95941.1488,300
2025,ALB,total,141957.254,303
2025,AND,dynamic,23857.2583,128
2025,AND,satellite,6221.56285,128
2025,AND,terrestrial,8913.85411,131
2025,AND,total,38992.6753,132
2025,ANT,dynamic,17163.4446,3
2025,ANT,satellite,10071.0581,3
2025,ANT,terrestrial,5333.39332,3
2025,ANT,total,32567.8959,3
2025,ARE,dynamic,1124691.21,837
2025,ARE,satellite,130595.966,816
2025,ARE,terrestrial,79409.372,794
2025,ARE,total,1334696.55,840
2025,ARG,dynamic,392859.962,914
2025,ARG,satellite,849285.348,908
2025,ARG,terrestrial,141772.502,743
2025,ARG,total,1383917.81,927
2025,ARM,dynamic,537.02985,5
2025,ARM,satellite,44.6814441,5
2025,ARM,terrestrial,191.327765,5
2025,ARM,total,773.039059,5
2025,ASM,dynamic,1361.0951,3
2025,ASM,satellite,52.4781793,2
2025,ASM,terrestrial,234.868457,3
2025,ASM,total,1648.44173,3
2025,ATF,dynamic,8512.92322,28
2025,ATF,satellite,7077.09505,27
2025,ATF,terrestrial,1732.78301,24
2025,ATF,total,17322.8013,28
2025,ATG,dynamic,1027040.73,416
2025,ATG,satellite,713210.138,416
2025,ATG,terrestrial,532860.595,421
2025,ATG,total,2273111.46,427
2025,AUS,dynamic,2455659.17,9572
2025,AUS,satellite,4242805.83,9688
2025,AUS,terrestrial,3453257.4,9573
2025,AUS,total,10151722.4,9887
2025,AUT,dynamic,63069.0341,784
2025,AUT,satellite,38085.196,767
2025,AUT,terrestrial,251504.01,799
2025,AUT,total,352658.24,802
2025,AZE,dynamic,74756.4427,68
2025,AZE,satellite,14565.1073,63
2025,AZE,terrestrial,51241.7759,74
2025,AZE,total,140563.326,80
2025,BDI,dynamic,50.7085113,3
2025,BDI,satellite,17.5700547,3
2025,BDI,terrestrial,22.0224068,2
2025,BDI,total,90.3009728,3
2025,BEL,dynamic,1814083.94,3629
2025,BEL,satellite,1121259.82,3608
2025,BEL,terrestrial,2030912.97,3677
2025,BEL,total,4966256.72,3701
2025,BEN,dynamic,199584.09,56
2025,BEN,satellite,58831.6555,55
2025,BEN,terrestrial,42344.7435,53
2025,BEN,total,300760.489,56
2025,BES,dynamic,555210.255,195
2025,BES,satellite,103959.044,192
2025,BES,terrestrial,153225.382,192
2025,BES,total,812394.681,197
2025,BFA,dynamic,608.488603,6
2025,BFA,satellite,71.7640515,3
2025,BFA,terrestrial,209.622346,6
2025,BFA,total,889.875001,6
2025,BGD,dynamic,694242.089,225
2025,BGD,satellite,304713.128,217
2025,BGD,terrestrial,97312.1631,213
2025,BGD,total,1096267.38,227
2025,BGR,dynamic,80660.6828,445
2025,BGR,satellite,44611.8009,413
2025,BGR,terrestrial,270645.658,455
2025,BGR,total,395918.142,459
2025,BHR,dynamic,1858035.09,3191
2025,BHR,satellite,368061.377,2963
2025,BHR,terrestrial,102704.645,2485
2025,BHR,total,2328801.11,3199
2025,BHS,dynamic,13804070.2,1473
2025,BHS,satellite,13833094.5,1442
2025,BHS,terrestrial,3992429.04,1428
2025,BHS,total,31629593.7,1497
2025,BIH,dynamic,18002.4435,9
2025,BIH,satellite,420.479212,8
2025,BIH,terrestrial,703.184287,8
2025,BIH,total,19126.107,10
2025,BLR,dynamic,417.260643,5
2025,BLR,satellite,174.979381,5
2025,BLR,terrestrial,236.015719,5
2025,BLR,total,828.255744,5
2025,BLZ,dynamic,657965.165,669
2025,BLZ,satellite,322397.228,650
2025,BLZ,terrestrial,308598.361,646
2025,BLZ,total,1288960.75,672
2025,BMU,dynamic,2406905.51,239
2025,BMU,satellite,3024099.6,244
2025,BMU,terrestrial,756272.384,245
2025,BMU,total,6187277.49,255
2025,BOL,dynamic,39413.6745,57
2025,BOL,satellite,39135.867,59
2025,BOL,terrestrial,4982.03804,55
2025,BOL,total,83531.5796,59
2025,BRA,dynamic,2439460.22,2653
2025,BRA,satellite,1902068.36,2572
2025,BRA,terrestrial,292081.147,2392
2025,BRA,total,4633609.72,2667
2025,BRB,dynamic,2134137.8,607
2025,BRB,satellite,847159.547,605
2025,BRB,terrestrial,872378.164,600
2025,BRB,total,3853675.51,611
2025,BRN,dynamic,233831.798,76
2025,BRN,satellite,51687.2171,67
2025,BRN,terrestrial,65385.2997,75
2025,BRN,total,350904.315,77
2025,BTN,dynamic,13001.9182,75
2025,BTN,satellite,1172.38368,72
2025,BTN,terrestrial,3213.37869,73
2025,BTN,total,17387.6806,78
2025,BWA,dynamic,32768.4903,22
2025,BWA,satellite,7284.43382,22
2025,BWA,terrestrial,3496.41059,20
2025,BWA,total,43549.3347,22
2025,CAF,dynamic,3703.24448,70
2025,CAF,satellite,1258.09827,70
2025,CAF,terrestrial,2683.72188,70
2025,CAF,total,7645.06463,70
2025,CAN,dynamic,2557112.83,7478
2025,CAN,satellite,3142730.77,7636
2025,CAN,terrestrial,2196649.62,7102
2025,CAN,total,7896493.21,7799
2025,CCK,dynamic,1103.08437,9
2025,CCK,satellite,223.72968,6
2025,CCK,terrestrial,590.27695,9
2025,CCK,total,1917.091,9
2025,CHE,dynamic,341323.021,1242
2025,CHE,satellite,487061.061,1251
2025,CHE,terrestrial,912821.223,1272
2025,CHE,total,1741205.31,1288
2025,CHL,dynamic,312818.549,659
2025,CHL,satellite,1097633.42,663
2025,CHL,terrestrial,227368.291,595
2025,CHL,total,1637820.26,672
2025,CHN,dynamic,79148858.2,125723
2025,CHN,satellite,21800628.7,119884
2025,CHN,terrestrial,56314218.3,122933
2025,CHN,total,157263705,127910
2025,CIV,dynamic,13053.0959,16
2025,CIV,satellite,5849.90139,14
2025,CIV,terrestrial,647.996428,10
2025,CIV,total,19550.9937,16
2025,CMR,dynamic,704045.885,361
2025,CMR,satellite,277359.39,348
2025,CMR,terrestrial,222554.098,318
2025,CMR,total,1203959.37,364
2025,COD,dynamic,6258.27524,15
2025,COD,satellite,7690.42676,14
2025,COD,terrestrial,368.722598,7
2025,COD,total,14317.4246,16
2025,COG,dynamic,15373.8314,21
2025,COG,satellite,5122.38988,14
2025,COG,terrestrial,9452.44682,16
2025,COG,total,29948.6681,21
2025,COK,dynamic,846420.125,655
2025,COK,satellite,254322.893,615
2025,COK,terrestrial,550736.882,652
2025,COK,total,1651479.9,678
2025,COL,dynamic,218201.254,447
2025,COL,satellite,188996.517,444
2025,COL,terrestrial,40570.9902,405
2025,COL,total,447768.761,450
2025,COM,dynamic,2114009.88,862
2025,COM,satellite,542221.548,841
2025,COM,terrestrial,532636.62,816
2025,COM,total,3188868.05,872
2025,CPV,dynamic,15316.0925,41
2025,CPV,satellite,56080.8907,41
2025,CPV,terrestrial,4188.10976,38
2025,CPV,total,75585.0929,41
2025,CRI,dynamic,6940.07274,20
2025,CRI,satellite,5302.78273,20
2025,CRI,terrestrial,8330.82331,18
2025,CRI,total,20573.6788,20
2025,CUB,dynamic,66149.2474,51
2025,CUB,satellite,55244.7301,48
2025,CUB,terrestrial,3625.266,33
2025,CUB,total,125019.244,54
2025,CUW,dynamic,275806.563,51
2025,CUW,satellite,382056.294,51
2025,CUW,terrestrial,135025.347,50
2025,CUW,total,792888.204,51
2025,CXR,dynamic,154.403723,4
2025,CXR,satellite,26.3644438,4
2025,CXR,terrestrial,92.1771953,4
2025,CXR,total,272.945362,4
2025,CYM,dynamic,2744586.03,2015
2025,CYM,satellite,1725219.38,1963
2025,CYM,terrestrial,2885024.48,2015
2025,CYM,total,7354829.89,2030
2025,CYP,dynamic,5508440.74,1370
2025,CYP,satellite,4802805.03,1353
2025,CYP,terrestrial,2784905.01,1366
2025,CYP,total,13096150.8,1390
2025,CZE,dynamic,18552.792,135
2025,CZE,satellite,18262.0827,134
2025,CZE,terrestrial,64327.8654,136
2025,CZE,total,101142.74,137
2025,DEU,dynamic,10746131.8,18106
2025,DEU,satellite,9967532.55,18183
2025,DEU,terrestrial,9732511.14,18389
2025,DEU,total,30446175.5,18670
2025,DIS,dynamic,6902.72733,2
2025,DIS,satellite,2384.89367,2
2025,DIS,terrestrial,4935.7986,2
2025,DIS,total,14223.4196,2
2025,DJI,dynamic,256675.571,55
2025,DJI,satellite,54785.6328,52
2025,DJI,terrestrial,88804.2167,52
2025,DJI,total,400265.421,56
2025,DMA,dynamic,130665.4,168
2025,DMA,satellite,58804.1328,160
2025,DMA,terrestrial,86671.2724,165
2025,DMA,total,276140.805,171
2025,DNK,dynamic,7069343.01,6790
2025,DNK,satellite,4775636.36,6594
2025,DNK,terrestrial,3872602.59,6789
2025,DNK,total,15717582,6939
2025,DOM,dynamic,31047.9491,55
2025,DOM,satellite,26220.4885,55
2025,DOM,terrestrial,6879.03683,53
2025,DOM,total,64147.4744,56
2025,DZA,dynamic,205538.76,119
2025,DZA,satellite,30459.9234,111
2025,DZA,terrestrial,193201.093,117
2025,DZA,total,429199.777,119
2025,ECU,dynamic,414427.481,676
2025,ECU,satellite,533491.85,679
2025,ECU,terrestrial,537904.63,628
2025,ECU,total,1485823.96,692
2025,EGY,dynamic,507451.534,516
2025,EGY,satellite,83597.6567,457
2025,EGY,terrestrial,152282.507,500
2025,EGY,total,743331.697,518
2025,ERI,dynamic,5259.1595,12
2025,ERI,satellite,3683.20748,8
2025,ERI,terrestrial,1724.97283,11
2025,ERI,total,10667.3398,12
2025,ESP,dynamic,2055763.36,8467
2025,ESP,satellite,1585410.26,8261
2025,ESP,terrestrial,4278889.96,8612
2025,ESP,total,7920063.58,8646
2025,EST,dynamic,280213.487,503
2025,EST,satellite,178445.714,503
2025,EST,terrestrial,276260.107,508
2025,EST,total,734919.309,515
2025,ETH,dynamic,60129.5091,9
2025,ETH,satellite,15181.4139,9
2025,ETH,terrestrial,10297.2365,9
2025,ETH,total,85608.1595,9
2025,FIN,dynamic,1213076.27,2397
2025,FIN,satellite,573977.35,2376
2025,FIN,terrestrial,1546063.42,2389
2025,FIN,total,3333117.04,2435
2025,FJI,dynamic,7400.99576,102
2025,FJI,satellite,68658.8394,102
2025,FJI,terrestrial,11473.965,101
2025,FJI,total,87533.8002,106
2025,FLK,dynamic,12592.8954,40
2025,FLK,satellite,124126.063,41
2025,FLK,terrestrial,8727.83783,39
2025,FLK,total,145446.796,41
2025,FRA,dynamic,4051258.33,18649
2025,FRA,satellite,4009441.41,18575
2025,FRA,terrestrial,7853294.5,19193
2025,FRA,total,15913994.2,19314
2025,FRO,dynamic,338901.684,572
2025,FRO,satellite,398474.793,476
2025,FRO,terrestrial,316785.774,560
2025,FRO,total,1054162.25,575
2025,FSM,dynamic,9232.91702,52
2025,FSM,satellite,57024.3347,52
2025,FSM,terrestrial,7280.4104,51
2025,FSM,total,73537.6621,53
2025,GAB,dynamic,414247.193,161
2025,GAB,satellite,124579.114,159
2025,GAB,terrestrial,119854.482,155
2025,GAB,total,658680.788,165
2025,GBR,dynamic,5944755.74,23797
2025,GBR,satellite,4594407.29,23426
2025,GBR,terrestrial,11130281,24329
2025,GBR,total,21669444,24612
2025,GEO,dynamic,23601.7166,126
2025,GEO,satellite,41961.6143,123
2025,GEO,terrestrial,59222.7268,125
2025,GEO,total,124786.058,129
2025,GGY,dynamic,721.454077,1
2025,GGY,satellite,783.449157,1
2025,GGY,terrestrial,1596.17371,1
2025,GGY,total,3101.07695,1
2025,GHA,dynamic,51595.1434,103
2025,GHA,satellite,72084.3596,102
2025,GHA,terrestrial,281.501404,46
2025,GHA,total,123961.004,103
2025,GIB,dynamic,406394.111,408
2025,GIB,satellite,157136.047,397
2025,GIB,terrestrial,353152.572,405
2025,GIB,total,916682.73,419
2025,GIN,dynamic,669889.798,75
2025,GIN,satellite,103746.882,75
2025,GIN,terrestrial,151982.316,69
2025,GIN,total,925618.996,75
2025,GLP,dynamic,79220.4413,224
2025,GLP,satellite,48928.4303,222
2025,GLP,terrestrial,75582.465,231
2025,GLP,total,203731.337,235
2025,GMB,dynamic,1060794.05,220
2025,GMB,satellite,202850.516,220
2025,GMB,terrestrial,243495.083,217
2025,GMB,total,1507139.65,221
2025,GNB,dynamic,353328.098,162
2025,GNB,satellite,126219.462,154
2025,GNB,terrestrial,185865.864,155
2025,GNB,total,665413.424,165
2025,GNQ,dynamic,13924.0528,18
2025,GNQ,satellite,6718.03587,20
2025,GNQ,terrestrial,4422.78269,16
2025,GNQ,total,25064.8713,20
2025,GRC,dynamic,8273171.75,2752
2025,GRC,satellite,5355447.44,2624
2025,GRC,terrestrial,5120482.4,2802
2025,GRC,total,18749101.6,2812
2025,GRD,dynamic,5888.52305,15
2025,GRD,satellite,5397.5923,17
2025,GRD,terrestrial,5718.92459,15
2025,GRD,total,17005.0399,17
2025,GRL,dynamic,39043.9265,223
2025,GRL,satellite,381128.241,226
2025,GRL,terrestrial,60787.5861,206
2025,GRL,total,480959.754,231
2025,GTM,dynamic,9772.13584,21
2025,GTM,satellite,3772.73957,20
2025,GTM,terrestrial,1092.57767,20
2025,GTM,total,14637.4531,21
2025,GUF,dynamic,1446.05638,12
2025,GUF,satellite,3542.39183,13
2025,GUF,terrestrial,2171.50348,13
2025,GUF,total,7159.95168,14
2025,GUY,dynamic,570852.318,130
2025,GUY,satellite,113276.749,126
2025,GUY,terrestrial,76629.6371,116
2025,GUY,total,760758.704,131
2025,HKG,dynamic,24442633.9,3147
2025,HKG,satellite,21143615.4,3108
2025,HKG,terrestrial,6731107.88,3146
2025,HKG,total,52317357.2,3164
2025,HND,dynamic,132680.211,69
2025,HND,satellite,53710.1363,69
2025,HND,terrestrial,38507.7961,69
2025,HND,total,224898.143,69
2025,HRV,dynamic,468044.952,1612
2025,HRV,satellite,240653.324,1587
2025,HRV,terrestrial,2011141.62,1637
2025,HRV,total,2719839.9,1638
2025,HTI,dynamic,3000.8608,8
2025,HTI,satellite,379.898473,7
2025,HTI,terrestrial,641.644569,8
2025,HTI,total,4022.40384,8
2025,HUN,dynamic,3867.4156,40
2025,HUN,satellite,5896.49925,57
2025,HUN,terrestrial,28996.3285,66
2025,HUN,total,38760.2433,66
2025,IDN,dynamic,8074745.43,15125
2025,IDN,satellite,7877478.9,14431
2025,IDN,terrestrial,2479684.34,13474
2025,IDN,total,18431908.7,15224
2025,IMN,dynamic,1271878.41,180
2025,IMN,satellite,1052787.24,180
2025,IMN,terrestrial,442657.898,180
2025,IMN,total,2767323.55,182
2025,IND,dynamic,4781092.98,3128
2025,IND,satellite,1386504.34,2898
2025,IND,terrestrial,230437.89,1108
2025,IND,total,6398035.21,3133
2025,IRL,dynamic,188381.697,1074
2025,IRL,satellite,281629.527,1096
2025,IRL,terrestrial,384141.001,1106
2025,IRL,total,854152.225,1139
2025,IRN,dynamic,2070265.62,3418
2025,IRN,satellite,158130.436,2988
2025,IRN,terrestrial,243271.675,2765
2025,IRN,total,2471667.73,3422
2025,IRQ,dynamic,44825.7195,54
2025,IRQ,satellite,2297.02695,48
2025,IRQ,terrestrial,21967.3108,53
2025,IRQ,total,69090.0572,54
2025,ISL,dynamic,238738.366,1375
2025,ISL,satellite,1074356.25,1403
2025,ISL,terrestrial,20446.6868,1098
2025,ISL,total,1333541.3,1420
2025,ISR,dynamic,103951.13,349
2025,ISR,satellite,40514.6489,340
2025,ISR,terrestrial,283461.978,348
2025,ISR,total,427927.757,352
2025,ITA,dynamic,3362519.39,7553
2025,ITA,satellite,1713677.37,7239
2025,ITA,terrestrial,7167675.93,7648
2025,ITA,total,12243872.7,7655
2025,JAM,dynamic,401755.978,385
2025,JAM,satellite,271787.2,385
2025,JAM,terrestrial,344269.254,384
2025,JAM,total,1017812.43,389
2025,JEY,dynamic,8707.79672,15
2025,JEY,satellite,2640.31637,15
2025,JEY,terrestrial,14853.893,16
2025,JEY,total,26202.0061,16
2025,JOR,dynamic,67630.0347,47
2025,JOR,satellite,19197.3101,43
2025,JOR,terrestrial,22171.2656,47
2025,JOR,total,108998.61,47
2025,JPN,dynamic,12411344.9,11466
2025,JPN,satellite,10616798.5,11456
2025,JPN,terrestrial,7854010.67,10778
2025,JPN,total,30882154.1,11659
2025,KAZ,dynamic,25463.7309,35
2025,KAZ,satellite,2931.51165,35
2025,KAZ,terrestrial,4549.43659,34
2025,KAZ,total,32944.6792,35
2025,KEN,dynamic,9582.79436,27
2025,KEN,satellite,18551.8984,24
2025,KEN,terrestrial,400.981699,16
2025,KEN,total,28535.6745,27
2025,KGZ,dynamic,2082.44364,12
2025,KGZ,satellite,136.933696,9
2025,KGZ,terrestrial,485.493556,10
2025,KGZ,total,2704.87089,12
2025,KHM,dynamic,20219.4426,140
2025,KHM,satellite,25600.4404,57
2025,KHM,terrestrial,25067.8064,138
2025,KHM,total,70887.6894,142
2025,KIR,dynamic,56206.8323,103
2025,KIR,satellite,95681.5074,100
2025,KIR,terrestrial,24161.2818,96
2025,KIR,total,176049.621,106
2025,KNA,dynamic,1321601.6,834
2025,KNA,satellite,366170.458,811
2025,KNA,terrestrial,486325.195,792
2025,KNA,total,2174097.25,841
2025,KOR,dynamic,11170515,10373
2025,KOR,satellite,4818245.88,9645
2025,KOR,terrestrial,4122050.96,10200
2025,KOR,total,20110811.9,10693
2025,KWT,dynamic,1584894.69,1822
2025,KWT,satellite,175791.481,1483
2025,KWT,terrestrial,426808.34,1804
2025,KWT,total,2187494.51,1822
2025,LAO,dynamic,8592.47117,7
2025,LAO,satellite,6984.17714,7
2025,LAO,terrestrial,9417.28061,8
2025,LAO,total,24993.9289,8
2025,LBN,dynamic,60728.0145,56
2025,LBN,satellite,51519.3238,54
2025,LBN,terrestrial,50855.7534,56
2025,LBN,total,163103.092,56
2025,LBR,dynamic,56276012.4,6551
2025,LBR,satellite,46985707.4,6160
2025,LBR,terrestrial,15288605.1,6136
2025,LBR,total,118550325,6727
2025,LBY,dynamic,107061.055,60
2025,LBY,satellite,51795.3243,56
2025,LBY,terrestrial,87238.4796,58
2025,LBY,total,246094.859,62
2025,LCA,dynamic,1838.17213,4
2025,LCA,satellite,770.288426,5
2025,LCA,terrestrial,1127.74301,4
2025,LCA,total,3736.20356,5
2025,LIE,dynamic,1523.55213,7
2025,LIE,satellite,114.284632,6
2025,LIE,terrestrial,334.765311,6
2025,LIE,total,1972.60208,7
2025,LKA,dynamic,267058.483,2992
2025,LKA,satellite,133541.542,2823
2025,LKA,terrestrial,18628.453,2660
2025,LKA,total,419228.478,2995
2025,LSO,dynamic,5376.68653,6
2025,LSO,satellite,1245.35455,4
2025,LSO,terrestrial,3738.67572,5
2025,LSO,total,10360.7168,6
2025,LTU,dynamic,209324.007,206
2025,LTU,satellite,127389.326,206
2025,LTU,terrestrial,123569.466,202
2025,LTU,total,460282.799,208
2025,LUX,dynamic,409769.669,360
2025,LUX,satellite,323395.38,355
2025,LUX,terrestrial,419180.581,361
2025,LUX,total,1152345.63,367
2025,LVA,dynamic,157148.536,287
2025,LVA,satellite,128064.962,285
2025,LVA,terrestrial,115326.544,265
2025,LVA,total,400540.042,292
2025,MAC,dynamic,13885.1571,77
2025,MAC,satellite,22842.2486,79
2025,MAC,terrestrial,58195.5029,79
2025,MAC,total,94922.9086,79
2025,MAR,dynamic,192409.835,240
2025,MAR,satellite,112752.69,239
2025,MAR,terrestrial,110035.439,237
2025,MAR,total,415197.964,240
2025,MCO,dynamic,58045.071,152
2025,MCO,satellite,10243.8266,152
2025,MCO,terrestrial,126310.449,154
2025,MCO,total,194599.346,154
2025,MDA,dynamic,6471.79368,21
2025,MDA,satellite,792.522599,19
2025,MDA,terrestrial,1439.42893,19
2025,MDA,total,8703.74521,22
2025,MDG,dynamic,6644.90786,44
2025,MDG,satellite,18694.6526,44
2025,MDG,terrestrial,2075.7324,29
2025,MDG,total,27415.2929,46
2025,MDV,dynamic,42122.2817,60
2025,MDV,satellite,28095.0704,52
2025,MDV,terrestrial,2147.77584,37
2025,MDV,total,72365.128,61
2025,MEX,dynamic,483548.61,547
2025,MEX,satellite,552821.412,550
2025,MEX,terrestrial,84662.8347,512
2025,MEX,total,1121032.86,553
2025,MHL,dynamic,41173416.7,5868
2025,MHL,satellite,33142726.9,5580
2025,MHL,terrestrial,9910257.28,5527
2025,MHL,total,84226400.9,6009
2025,MKD,dynamic,879.174839,10
2025,MKD,satellite,277.501543,10
2025,MKD,terrestrial,498.553711,10
2025,MKD,total,1655.23009,10
2025,MLI,dynamic,37864.726,29
2025,MLI,satellite,6070.60679,25
2025,MLI,terrestrial,6111.8504,22
2025,MLI,total,50047.1832,29
2025,MLT,dynamic,18322556.7,4756
2025,MLT,satellite,15237413.8,4687
2025,MLT,terrestrial,10010356.8,4752
2025,MLT,total,43570327.3,4786
2025,MMR,dynamic,33632.6229,359
2025,MMR,satellite,90728.2358,175
2025,MMR,terrestrial,25102.7106,296
2025,MMR,total,149463.569,378
2025,MNE,dynamic,35086.2726,170
2025,MNE,satellite,47883.9594,169
2025,MNE,terrestrial,84221.6242,171
2025,MNE,total,167191.856,171
2025,MNG,dynamic,221386.834,364
2025,MNG,satellite,95267.3538,353
2025,MNG,terrestrial,113370.773,349
2025,MNG,total,430024.961,367
2025,MNP,dynamic,9645.24276,7
2025,MNP,satellite,224.383039,8
2025,MNP,terrestrial,228.098353,5
2025,MNP,total,10097.7241,8
2025,MOZ,dynamic,64442.8991,60
2025,MOZ,satellite,47223.2393,56
2025,MOZ,terrestrial,15148.1901,42
2025,MOZ,total,126814.329,61
2025,MRT,dynamic,31014.6675,79
2025,MRT,satellite,16265.3601,78
2025,MRT,terrestrial,7235.69497,63
2025,MRT,total,54515.7226,79
2025,MSR,dynamic,167.74488,5
2025,MSR,satellite,284.4301,5
2025,MSR,terrestrial,191.786542,5
2025,MSR,total,643.961522,5
2025,MTQ,dynamic,67761.6333,237
2025,MTQ,satellite,50753.2299,229
2025,MTQ,terrestrial,117198.417,243
2025,MTQ,total,235713.281,244
2025,MUS,dynamic,94173.3752,176
2025,MUS,satellite,101014.378,175
2025,MUS,terrestrial,25613.6112,159
2025,MUS,total,220801.365,176
2025,MWI,dynamic,165759.665,52
2025,MWI,satellite,41127.8374,50
2025,MWI,terrestrial,59499.4783,51
2025,MWI,total,266386.981,52
2025,MYS,dynamic,3575068.09,3670
2025,MYS,satellite,1228521.31,3047
2025,MYS,terrestrial,1562310.3,3651
2025,MYS,total,6365899.7,3761
2025,NAM,dynamic,104709.696,162
2025,NAM,satellite,199100.031,163
2025,NAM,terrestrial,1189.84228,118
2025,NAM,total,304999.569,163
2025,NCL,dynamic,88247.9742,285
2025,NCL,satellite,55996.2955,283
2025,NCL,terrestrial,44762.6302,283
2025,NCL,total,189006.9,294
2025,NER,dynamic,483.920252,5
2025,NER,satellite,349.555306,4
2025,NER,terrestrial,661.837573,5
2025,NER,total,1495.31313,5
2025,NGA,dynamic,831192.743,964
2025,NGA,satellite,896852.403,963
2025,NGA,terrestrial,229016.267,859
2025,NGA,total,1957061.41,968
2025,NIC,dynamic,3678.57266,10
2025,NIC,satellite,4167.72104,9
2025,NIC,terrestrial,3853.05817,9
2025,NIC,total,11699.3519,10
2025,NIS,dynamic,38168.8591,13
2025,NIS,satellite,29836.0983,13
2025,NIS,terrestrial,20518.0739,13
2025,NIS,total,88523.0312,13
2025,NIU,dynamic,91945.9377,109
2025,NIU,satellite,53123.9743,110
2025,NIU,terrestrial,44250.132,106
2025,NIU,total,189320.044,111
2025,NLD,dynamic,6002365.02,18814
2025,NLD,satellite,3618231.16,19468
2025,NLD,terrestrial,13537491.3,19630
2025,NLD,total,23158087.5,19922
2025,NOR,dynamic,15592741.4,14791
2025,NOR,satellite,6042279.41,14039
2025,NOR,terrestrial,6358149.44,13862
2025,NOR,total,27993170.3,14891
2025,NPL,dynamic,122.885076,3
2025,NPL,satellite,20.4879487,3
2025,NPL,terrestrial,52.9945491,3
2025,NPL,total,196.367573,3
2025,NRU,dynamic,18140.0904,46
2025,NRU,satellite,48125.2275,46
2025,NRU,terrestrial,11645.4196,40
2025,NRU,total,77910.7375,47
2025,NZL,dynamic,344957.867,2436
2025,NZL,satellite,1336265.99,2538
2025,NZL,terrestrial,1005508.7,2525
2025,NZL,total,2686732.56,2576
2025,OMN,dynamic,389712.856,165
2025,OMN,satellite,138551.18,164
2025,OMN,terrestrial,76898.2373,125
2025,OMN,total,605162.273,168
2025,PAK,dynamic,212590.605,197
2025,PAK,satellite,30322.0178,176
2025,PAK,terrestrial,11401.0942,93
2025,PAK,total,254313.717,197
2025,PAN,dynamic,51544280.3,8537
2025,PAN,satellite,36064283.4,8438
2025,PAN,terrestrial,14348268.1,8330
2025,PAN,total,101956832,8622
2025,PCN,dynamic,4679.05721,34
2025,PCN,satellite,925.9125,27
2025,PCN,terrestrial,4039.0737,33
2025,PCN,total,9644.04341,35
2025,PER,dynamic,293796.005,488
2025,PER,satellite,470799.336,487
2025,PER,terrestrial,20541.0569,396
2025,PER,total,785136.397,490
2025,PHL,dynamic,1371272.73,1242
2025,PHL,satellite,1462081.03,1233
2025,PHL,terrestrial,1173270.7,1215
2025,PHL,total,4006624.45,1252
2025,PLW,dynamic,1880171.03,801
2025,PLW,satellite,450196.279,761
2025,PLW,terrestrial,793371.891,752
2025,PLW,total,3123739.2,814
2025,PNG,dynamic,39310.1712,153
2025,PNG,satellite,202488.617,155
2025,PNG,terrestrial,6747.11494,114
2025,PNG,total,248545.903,155
2025,POL,dynamic,756019.599,3308
2025,POL,satellite,461039.787,3229
2025,POL,terrestrial,1207908.19,3295
2025,POL,total,2424967.58,3363
2025,PRI,dynamic,450.317453,3
2025,PRI,satellite,20.3742574,3
2025,PRI,terrestrial,195.445606,3
2025,PRI,total,666.137316,3
2025,PRK,dynamic,48179.1377,214
2025,PRK,satellite,8846.97565,208
2025,PRK,terrestrial,19027.234,207
2025,PRK,total,76053.3473,217
2025,PRT,dynamic,6762127.99,2581
2025,PRT,satellite,6352658.71,2566
2025,PRT,terrestrial,4245055.07,2571
2025,PRT,total,17359841.8,2656
2025,PRY,dynamic,22508.4617,111
2025,PRY,satellite,112063.871,115
2025,PRY,terrestrial,3628.94893,109
2025,PRY,total,138201.282,115
2025,PSE,dynamic,2618.00792,9
2025,PSE,satellite,76.0961665,9
2025,PSE,terrestrial,389.387141,9
2025,PSE,total,3083.49123,9
2025,PYF,dynamic,19583.3071,156
2025,PYF,satellite,125689.077,161
2025,PYF,terrestrial,49596.444,164
2025,PYF,total,194868.828,168
2025,QAT,dynamic,478962.522,955
2025,QAT,satellite,82422.1874,888
2025,QAT,terrestrial,247409.943,912
2025,QAT,total,808794.652,965
2025,REU,dynamic,11162.4095,91
2025,REU,satellite,30080.5903,88
2025,REU,terrestrial,26245.2976,93
2025,REU,total,67488.2974,96
2025,ROU,dynamic,62879.3823,407
2025,ROU,satellite,34145.8391,396
2025,ROU,terrestrial,261697.37,408
2025,ROU,total,358722.591,413
2025,RUS,dynamic,2482933.41,3710
2025,RUS,satellite,5864011.77,3475
2025,RUS,terrestrial,2083716.97,3371
2025,RUS,total,10430662.2,4201
2025,RWA,dynamic,120.733579,2
2025,RWA,satellite,24.2352053,2
2025,RWA,terrestrial,79.9764418,2
2025,RWA,total,224.945226,2
2025,SAU,dynamic,3787728.72,2050
2025,SAU,satellite,803782,1864
2025,SAU,terrestrial,408276.624,1787
2025,SAU,total,4999787.35,2068
2025,SDN,dynamic,392.924197,3
2025,SDN,satellite,46.4481261,3
2025,SDN,terrestrial,122.693498,3
2025,SDN,total,562.065821,3
2025,SEN,dynamic,83207.6592,82
2025,SEN,satellite,65083.2331,81
2025,SEN,terrestrial,4682.01736,78
2025,SEN,total,152972.91,82
2025,SGP,dynamic,31984450.4,5350
2025,SGP,satellite,23839973.9,5142
2025,SGP,terrestrial,7783643.87,5270
2025,SGP,total,63608068.2,5372
2025,SHN,dynamic,29473.6842,313
2025,SHN,satellite,6287.80808,309
2025,SHN,terrestrial,27764.8469,318
2025,SHN,total,63526.3391,321
2025,SJM,dynamic,1233.75001,1
2025,SJM,satellite,1848.67208,1
2025,SJM,terrestrial,354.038777,1
2025,SJM,total,3436.46086,1
2025,SLB,dynamic,3988.74895,20
2025,SLB,satellite,30236.2504,20
2025,SLB,terrestrial,3545.5426,19
2025,SLB,total,37770.542,20
2025,SLE,dynamic,1555599.76,607
2025,SLE,satellite,446660.176,580
2025,SLE,terrestrial,658700.519,588
2025,SLE,total,2660960.46,631
2025,SLV,dynamic,6026.46172,13
2025,SLV,satellite,9521.15804,13
2025,SLV,terrestrial,1294.65136,13
2025,SLV,total,16842.2711,13
2025,SMR,dynamic,410964.161,368
2025,SMR,satellite,116747.462,359
2025,SMR,terrestrial,244806.761,362
2025,SMR,total,772518.384,370
2025,SOM,dynamic,22198.4884,91
2025,SOM,satellite,5937.39527,86
2025,SOM,terrestrial,6671.40638,83
2025,SOM,total,34807.29,92
2025,SPM,dynamic,8860.37397,27
2025,SPM,satellite,24586.6585,27
2025,SPM,terrestrial,2424.58929,21
2025,SPM,total,35871.6217,27
2025,SRB,dynamic,1002.12278,25
2025,SRB,satellite,3625.25773,26
2025,SRB,terrestrial,9474.95333,26
2025,SRB,total,14102.3338,26
2025,SSD,dynamic,274.771077,3
2025,SSD,satellite,55.8479358,3
2025,SSD,terrestrial,96.7815566,3
2025,SSD,total,427.40057,3
2025,STP,dynamic,349720.032,171
2025,STP,satellite,94844.1537,170
2025,STP,terrestrial,140702.705,169
2025,STP,total,585266.891,175
2025,SUR,dynamic,1432.11824,8
2025,SUR,satellite,2043.87007,7
2025,SUR,terrestrial,461.619678,7
2025,SUR,total,3937.60799,8
2025,SVK,dynamic,13963.8317,156
2025,SVK,satellite,18667.8139,157
2025,SVK,terrestrial,84724.6986,161
2025,SVK,total,117356.344,162
2025,SVN,dynamic,28413.891,214
2025,SVN,satellite,7641.27428,212
2025,SVN,terrestrial,95920.4428,219
2025,SVN,total,131975.608,219
2025,SWE,dynamic,3056987.7,8053
2025,SWE,satellite,1768436.7,8023
2025,SWE,terrestrial,3382341.18,8082
2025,SWE,total,8207765.58,8206
2025,SWZ,dynamic,31731.2798,26
2025,SWZ,satellite,7615.26628,25
2025,SWZ,terrestrial,6369.37755,25
2025,SWZ,total,45715.9237,27
2025,SYC,dynamic,34966.0302,150
2025,SYC,satellite,65612.9108,147
2025,SYC,terrestrial,16829.1738,127
2025,SYC,total,117408.115,151
2025,SYR,dynamic,2307.89499,13
2025,SYR,satellite,280.689212,13
2025,SYR,terrestrial,919.994706,13
2025,SYR,total,3508.5789,13
2025,TCA,dynamic,506.098515,5
2025,TCA,satellite,74.940627,5
2025,TCA,terrestrial,482.063382,5
2025,TCA,total,1063.10252,5
2025,TCD,dynamic,394.562458,4
2025,TCD,satellite,31.303057,4
2025,TCD,terrestrial,167.050035,4
2025,TCD,total,592.91555,4
2025,TGO,dynamic,380465.719,316
2025,TGO,satellite,147886.502,310
2025,TGO,terrestrial,146503.911,290
2025,TGO,total,674856.132,316
2025,THA,dynamic,1709205.39,1603
2025,THA,satellite,508652.61,841
2025,THA,terrestrial,1305899.82,1604
2025,THA,total,3523757.82,1628
2025,TJK,dynamic,1716.21961,5
2025,TJK,satellite,233.531713,5
2025,TJK,terrestrial,506.112744,4
2025,TJK,total,2455.86407,5
2025,TKM,dynamic,1588.97598,6
2025,TKM,satellite,137.366508,5
2025,TKM,terrestrial,416.511404,7
2025,TKM,total,2142.85389,8
2025,TON,dynamic,69221.638,40
2025,TON,satellite,31130.2886,42
2025,TON,terrestrial,17726.3916,40
2025,TON,total,118078.318,43
2025,TTO,dynamic,68188.3575,75
2025,TTO,satellite,61636.316,75
2025,TTO,terrestrial,5797.62876,73
2025,TTO,total,135622.302,75
2025,TUN,dynamic,70327.6426,131
2025,TUN,satellite,22254.0441,129
2025,TUN,terrestrial,93351.7218,131
2025,TUN,total,185933.409,131
2025,TUR,dynamic,3923512.69,6087
2025,TUR,satellite,1251014.42,5274
2025,TUR,terrestrial,6933127.25,6100
2025,TUR,total,12107654.4,6258
2025,TUV,dynamic,567643.518,367
2025,TUV,satellite,211450.299,368
2025,TUV,terrestrial,124264.568,350
2025,TUV,total,903358.385,369
2025,TWN,dynamic,1964087.33,5723
2025,TWN,satellite,1448436.43,5187
2025,TWN,terrestrial,1681248.01,5681
2025,TWN,total,5093771.76,5806
2025,TZA,dynamic,621073.272,453
2025,TZA,satellite,425324.674,442
2025,TZA,terrestrial,270439.978,433
2025,TZA,total,1316837.92,455
2025,UGA,dynamic,2396.40197,3
2025,UGA,terrestrial,4329.50336,3
2025,UGA,total,6725.90534,3
2025,UKR,dynamic,10438.9873,62
2025,UKR,satellite,18378.2135,55
2025,UKR,terrestrial,24989.6484,67
2025,UKR,total,53806.8492,68
2025,UNK,dynamic,2912.4089,4
2025,UNK,satellite,881.427509,4
2025,UNK,terrestrial,1406.86354,4
2025,UNK,total,5200.69995,4
2025,URY,dynamic,156983.479,218
2025,URY,satellite,194413.605,209
2025,URY,terrestrial,10108.3019,184
2025,URY,total,361505.387,221
2025,USA,dynamic,15627425.6,44869
2025,USA,satellite,17442665.8,45333
2025,USA,terrestrial,16420943.2,45643
2025,USA,total,49491034.5,46589
2025,UZB,dynamic,110.120552,3
2025,UZB,satellite,21.0435544,2
2025,UZB,terrestrial,22.5585082,3
2025,UZB,total,153.722614,3
2025,VAT,dynamic,46.1129744,2
2025,VAT,satellite,4.12351673,2
2025,VAT,terrestrial,56.6605619,2
2025,VAT,total,106.897053,2
2025,VCT,dynamic,830320.797,953
2025,VCT,satellite,662891.294,934
2025,VCT,terrestrial,337786.541,853
2025,VCT,total,1830998.63,959
2025,VEN,dynamic,285142.301,1083
2025,VEN,satellite,435666.529,1026
2025,VEN,terrestrial,48103.2155,566
2025,VEN,total,768912.045,1121
2025,VGB,dynamic,294133.983,651
2025,VGB,satellite,168970.182,631
2025,VGB,terrestrial,464356.923,649
2025,VGB,total,927461.088,667
2025,VIR,dynamic,1501.12495,6
2025,VIR,satellite,7.73924705,6
2025,VIR,terrestrial,593.055776,6
2025,VIR,total,2101.91998,6
2025,VNM,dynamic,3259407.83,11985
2025,VNM,satellite,832713.05,10778
2025,VNM,terrestrial,1533486.91,11783
2025,VNM,total,5625607.78,12051
2025,VUT,dynamic,349737.231,431
2025,VUT,satellite,410698.657,424
2025,VUT,terrestrial,166061.735,410
2025,VUT,total,926497.622,435
2025,WLF,dynamic,34202.1749,12
2025,WLF,satellite,42296.5274,12
2025,WLF,terrestrial,31567.9287,11
2025,WLF,total,108066.631,12
2025,WSM,dynamic,1132.39046,13
2025,WSM,satellite,10457.7342,12
2025,WSM,terrestrial,2182.60129,12
2025,WSM,total,13772.726,13
2025,YEM,dynamic,4979.7382,18
2025,YEM,satellite,188.755966,17
2025,YEM,terrestrial,2215.21888,18
2025,YEM,total,7383.71305,18
2025,ZAF,dynamic,309264.319,796
2025,ZAF,satellite,363466.791,797
2025,ZAF,terrestrial,106263.425,766
2025,ZAF,total,778994.535,813
2025,ZMB,dynamic,1946.99592,9
2025,ZMB,satellite,267.43219,7
2025,ZMB,terrestrial,581.564673,8
2025,ZMB,total,2795.99278,9
2025,ZWE,dynamic,7161.25142,5
2025,ZWE,satellite,375.738326,5
2025,ZWE,terrestrial,1215.41484,5
2025,ZWE,total,8752.40459,5
2025,NA,dynamic,5571624.72,19243
2025,NA,satellite,1566329.55,17633
2025,NA,terrestrial,2930232.55,18355
2025,NA,total,10068186.8,19859
