year,vessel_class,registry_type,length_bin,emissions_co2_mt,distance_travelled_nm,vessel_hours,n_unique_vessels
2015,bunker,imo,0-25m,3235.37225,6482.78589,5492.78611,2
2015,bunker,imo,100-125m,69568.9944,673370.502,103642.511,16
2015,bunker,imo,25-50m,60345.9797,55384.1744,99287.7072,17
2015,bunker,imo,50-75m,26107.1772,21918.0693,44674.3344,10
2015,bunker,imo,75-100m,19431.0474,220851.299,36911.1378,7
2015,bunker,no_registry,0-25m,80539.6301,156266.717,147785.874,168
2015,bunker,no_registry,100-125m,413.101123,1207.85472,418.271944,9
2015,bunker,no_registry,25-50m,711095.753,1252149.08,1039468.4,1167
2015,bunker,no_registry,50-75m,312686.629,427390.915,311599.181,354
2015,bunker,no_registry,75-100m,22952.2998,52584.1745,35588.3711,51
2015,bunker,other_registry,100-125m,45614.7889,443866.573,71443.6814,14
2015,bunker,other_registry,25-50m,37553.6066,39568.2916,59272.6692,15
2015,bunker,other_registry,50-75m,16097.8951,31675.2743,24186.4261,5
2015,bunker,other_registry,75-100m,7978.93258,108131.18,16172.3839,2
2015,cargo.bulk_carrier,imo,0-25m,44.3457397,155.104779,420.304722,2
2015,cargo.bulk_carrier,imo,100-125m,641837.36,5543508.97,1239301.87,199
2015,cargo.bulk_carrier,imo,125-150m,1044432.99,6917688.71,1340446,224
2015,cargo.bulk_carrier,imo,150-175m,3294457.32,18782816.5,3530466.49,594
2015,cargo.bulk_carrier,imo,175-200m,19170897,92647711.3,15619392.3,2398
2015,cargo.bulk_carrier,imo,200-225m,10436035.3,41683818.1,6371926.63,977
2015,cargo.bulk_carrier,imo,225m+,35624208.1,105093674,13873127.2,2011
2015,cargo.bulk_carrier,imo,25-50m,42461.9249,453665.298,77124.6569,13
2015,cargo.bulk_carrier,imo,50-75m,50083.3493,548936.497,127530.647,22
2015,cargo.bulk_carrier,imo,75-100m,201034.929,2019253.18,499719.319,88
2015,cargo.bulk_carrier,no_registry,0-25m,372.156574,2829.15679,1760.28083,6
2015,cargo.bulk_carrier,no_registry,100-125m,296182.13,2701471.22,777102.861,179
2015,cargo.bulk_carrier,no_registry,125-150m,392114.383,2689808.72,762160.344,138
2015,cargo.bulk_carrier,no_registry,150-175m,1204558.46,6823087.4,1947599.93,326
2015,cargo.bulk_carrier,no_registry,175-200m,1736206.61,8277035.48,1865982.72,286
2015,cargo.bulk_carrier,no_registry,200-225m,1111012.77,4333051.54,850088.325,126
2015,cargo.bulk_carrier,no_registry,225m+,1471674.29,4545952.16,648178.749,104
2015,cargo.bulk_carrier,no_registry,25-50m,37383.482,313339.127,151837.854,413
2015,cargo.bulk_carrier,no_registry,50-75m,96982.0932,849054.369,386009.22,586
2015,cargo.bulk_carrier,no_registry,75-100m,99637.8311,940568.768,328665.279,174
2015,cargo.bulk_carrier,other_registry,0-25m,1624.37044,41030.1463,8406.27639,1
2015,cargo.bulk_carrier,other_registry,100-125m,267258.923,2384510.25,482587.892,80
2015,cargo.bulk_carrier,other_registry,125-150m,448945.36,3173709.08,562152.895,93
2015,cargo.bulk_carrier,other_registry,150-175m,1566729.47,8930923.72,1707696.13,276
2015,cargo.bulk_carrier,other_registry,175-200m,9489195.16,45642868.3,7721107.78,1144
2015,cargo.bulk_carrier,other_registry,200-225m,4974665.54,19824300.4,3098063.84,476
2015,cargo.bulk_carrier,other_registry,225m+,17461421.2,51262148.4,6782355.12,967
2015,cargo.bulk_carrier,other_registry,25-50m,10352.0733,180500.101,34374.2444,9
2015,cargo.bulk_carrier,other_registry,50-75m,28171.3809,400850.016,105041.437,16
2015,cargo.bulk_carrier,other_registry,75-100m,91322.1961,1045374.34,259937.013,44
2015,cargo.container,imo,100-125m,580329.871,3462165.62,598594.338,93
2015,cargo.container,imo,125-150m,3299726.94,16307449.5,2295797.11,340
2015,cargo.container,imo,150-175m,5081074.16,19218642.7,2605094.15,399
2015,cargo.container,imo,175-200m,5915701.54,18994001.4,2417737.9,368
2015,cargo.container,imo,200-225m,5976908.83,15842550,1817498.36,273
2015,cargo.container,imo,225m+,59616370.1,102859818,9668067.43,1356
2015,cargo.container,imo,50-75m,21667.0909,91694.8807,42487.4311,7
2015,cargo.container,imo,75-100m,157488.459,1184113.96,224471.177,38
2015,cargo.container,no_registry,100-125m,167446.564,966330.198,197772.053,45
2015,cargo.container,no_registry,125-150m,706558.486,3217356.95,528600.924,90
2015,cargo.container,no_registry,150-175m,1060013.12,3652366.65,590608.063,95
2015,cargo.container,no_registry,175-200m,781535.315,2426977.39,337226.872,57
2015,cargo.container,no_registry,200-225m,1183499.2,3140677.59,365023.805,54
2015,cargo.container,no_registry,225m+,5579298.26,10282565.1,967247.495,143
2015,cargo.container,no_registry,25-50m,108948.498,304055.55,191218.155,63
2015,cargo.container,no_registry,50-75m,327736.375,1191439.14,567367.593,179
2015,cargo.container,no_registry,75-100m,243127.381,1094499.61,396151.149,95
2015,cargo.container,other_registry,100-125m,255240.036,1487269.46,303593.886,52
2015,cargo.container,other_registry,125-150m,1635967.53,8088531.39,1090908.39,158
2015,cargo.container,other_registry,150-175m,2478937.12,9271069.5,1320626.42,205
2015,cargo.container,other_registry,175-200m,2981818.72,9393678.99,1215244.39,178
2015,cargo.container,other_registry,200-225m,2979605.03,7635582.02,898334.909,134
2015,cargo.container,other_registry,225m+,29850251.2,51335641,4785800.74,661
2015,cargo.container,other_registry,25-50m,2140.91641,10485.8583,4359.11639,1
2015,cargo.container,other_registry,50-75m,8407.05725,40712.6124,14245.0789,3
2015,cargo.container,other_registry,75-100m,38991.0297,317942.142,52744.2992,11
2015,cargo.general,imo,0-25m,2316.40318,124964.276,43936.8356,17
2015,cargo.general,imo,100-125m,5708681.68,45387731.4,11023661.3,1981
2015,cargo.general,imo,125-150m,5921358.5,31052002.6,5842608.19,952
2015,cargo.general,imo,150-175m,3545561.55,15173125.6,2662527.45,431
2015,cargo.general,imo,175-200m,2640389.32,10461861.4,1619515.57,239
2015,cargo.general,imo,200-225m,579074.933,2207343.62,300019.263,44
2015,cargo.general,imo,225m+,355657.321,924274.823,161962.815,30
2015,cargo.general,imo,25-50m,121249.58,1748596.19,794132.081,166
2015,cargo.general,imo,50-75m,591305.451,10410354.1,3632410,812
2015,cargo.general,imo,75-100m,3272087.86,45876468.6,12034107.5,2199
2015,cargo.general,no_registry,0-25m,31164.0782,107707.537,69164.9644,181
2015,cargo.general,no_registry,100-125m,2482416.2,16846157.1,4939642.8,1745
2015,cargo.general,no_registry,125-150m,1084662.95,5015195.69,1067760.71,211
2015,cargo.general,no_registry,150-175m,830717.128,3206059.47,695252.01,119
2015,cargo.general,no_registry,175-200m,210209.816,823616.053,134886.552,21
2015,cargo.general,no_registry,200-225m,16715.329,61129.057,12426.5731,3
2015,cargo.general,no_registry,225m+,71846.6537,159660.319,23600.7439,3
2015,cargo.general,no_registry,25-50m,2919344.85,14642024.6,8028868.51,7924
2015,cargo.general,no_registry,50-75m,7836443.79,52696716.9,24157562.4,16009
2015,cargo.general,no_registry,75-100m,3860600.67,30394801.6,10812514.2,5190
2015,cargo.general,other_registry,0-25m,1720.21977,81824.0749,42771.5161,11
2015,cargo.general,other_registry,100-125m,2884714.65,23401570.4,5725289.79,1034
2015,cargo.general,other_registry,125-150m,2797320.02,14527695.3,2842170.78,460
2015,cargo.general,other_registry,150-175m,1658835.7,7246114.4,1261751.88,210
2015,cargo.general,other_registry,175-200m,1404439.14,5722107.57,865531.873,130
2015,cargo.general,other_registry,200-225m,399673.61,1416095.3,198585.256,27
2015,cargo.general,other_registry,225m+,159381.992,416076.456,57257.95,12
2015,cargo.general,other_registry,25-50m,62760.5336,712488.324,377196.83,86
2015,cargo.general,other_registry,50-75m,216125.26,3872826.84,1473254.63,353
2015,cargo.general,other_registry,75-100m,1647019.97,23861221.2,6275321.34,1133
2015,cargo.refrigerated,imo,100-125m,82370.2664,231570.041,48640.9503,9
2015,cargo.refrigerated,imo,125-150m,482444.027,1288799.26,144908.966,22
2015,cargo.refrigerated,imo,150-175m,501553.098,1214706.13,132646.056,18
2015,cargo.refrigerated,imo,175-200m,109420.334,216145.513,24444.73,3
2015,cargo.refrigerated,imo,200-225m,76739.8999,114898.346,15218.2364,2
2015,cargo.refrigerated,imo,225m+,43857.6341,87349.6181,23006.9564,3
2015,cargo.refrigerated,imo,25-50m,95.6970622,1726.67122,362.435556,1
2015,cargo.refrigerated,imo,50-75m,21836.3482,109815.494,32379.4156,7
2015,cargo.refrigerated,imo,75-100m,37388.4105,179452.509,38895.06,8
2015,cargo.refrigerated,no_registry,125-150m,13744.1027,4491.65152,6300.70944,1
2015,cargo.refrigerated,no_registry,150-175m,37607.0723,108945.887,7843.35111,1
2015,cargo.refrigerated,no_registry,25-50m,11879.6158,59006.8992,17682.4686,18
2015,cargo.refrigerated,no_registry,50-75m,8029.397,45471.3083,12904.4656,13
2015,cargo.refrigerated,no_registry,75-100m,154.038071,1992.53514,234.430833,1
2015,cargo.refrigerated,other_registry,100-125m,37872.8463,112651.564,15573.6022,2
2015,cargo.refrigerated,other_registry,125-150m,287947.321,814666.875,81690.4994,12
2015,cargo.refrigerated,other_registry,150-175m,167816.586,369429.333,31769.2864,4
2015,cargo.refrigerated,other_registry,175-200m,48210.3585,109405.534,8721.59694,1
2015,cargo.refrigerated,other_registry,200-225m,71459.9983,102938.748,8681.07,1
2015,cargo.refrigerated,other_registry,225m+,68999.9942,115289.747,8638.98389,1
2015,cargo.refrigerated,other_registry,25-50m,165.945039,2217.59732,612.671667,1
2015,cargo.refrigerated,other_registry,50-75m,7054.34951,57902.6973,13097.2,2
2015,cargo.refrigerated,other_registry,75-100m,42508.7577,205883.954,35320.0114,5
2015,cargo.ro_ro,imo,0-25m,3356.80863,26634.2064,7692.48861,8
2015,cargo.ro_ro,imo,100-125m,420570.986,1977740.95,369677.151,55
2015,cargo.ro_ro,imo,125-150m,1308189.99,5042298.93,688752.571,104
2015,cargo.ro_ro,imo,150-175m,3632379.8,11113040,1218135.43,165
2015,cargo.ro_ro,imo,175-200m,4821344.46,14461400.4,1387189.69,192
2015,cargo.ro_ro,imo,200-225m,6812299.02,20698161.9,1886170.72,256
2015,cargo.ro_ro,imo,225m+,3784639.77,9064755.99,775705.126,107
2015,cargo.ro_ro,imo,25-50m,150683.439,534792.149,257179.114,68
2015,cargo.ro_ro,imo,50-75m,515246.934,1793301.63,787912.459,193
2015,cargo.ro_ro,imo,75-100m,202513.053,771690.127,274156.499,70
2015,cargo.ro_ro,no_registry,0-25m,12365.9073,12599.2575,22492.8475,8
2015,cargo.ro_ro,no_registry,100-125m,68248.3507,229687.067,64814.7486,27
2015,cargo.ro_ro,no_registry,125-150m,287628.88,983462.548,137904.508,37
2015,cargo.ro_ro,no_registry,150-175m,470633.316,1246259.59,147018.532,30
2015,cargo.ro_ro,no_registry,175-200m,273223.828,493409.442,64302.2467,14
2015,cargo.ro_ro,no_registry,200-225m,320141.534,860507.41,83526.9211,16
2015,cargo.ro_ro,no_registry,225m+,341250.317,691856.031,65538.4944,12
2015,cargo.ro_ro,no_registry,25-50m,333935.663,678144.095,507463.582,201
2015,cargo.ro_ro,no_registry,50-75m,239418.769,605307.386,346974.838,183
2015,cargo.ro_ro,no_registry,75-100m,61732.4833,170450.135,86247.5531,45
2015,cargo.ro_ro,other_registry,0-25m,8362.34275,18128.1541,13610.4792,4
2015,cargo.ro_ro,other_registry,100-125m,186599.258,804776.348,154151.786,27
2015,cargo.ro_ro,other_registry,125-150m,655363.818,2388956.8,314226.493,44
2015,cargo.ro_ro,other_registry,150-175m,1753008.35,5201369.57,567819.504,79
2015,cargo.ro_ro,other_registry,175-200m,2268545.19,6606187.28,649668.549,91
2015,cargo.ro_ro,other_registry,200-225m,3200452.19,9793406.52,900432.528,123
2015,cargo.ro_ro,other_registry,225m+,1754117.88,4162153.26,369687.129,51
2015,cargo.ro_ro,other_registry,25-50m,104132.848,306945.734,168179.101,46
2015,cargo.ro_ro,other_registry,50-75m,276279.731,742085.618,417450.586,97
2015,cargo.ro_ro,other_registry,75-100m,116258.039,550301.968,157030.919,34
2015,container_reefer,imo,125-150m,498533.509,1426611.72,125973.386,17
2015,container_reefer,imo,150-175m,1712839.56,4392334.23,369515.656,46
2015,container_reefer,imo,175-200m,388227.673,865425.343,67441.9397,8
2015,container_reefer,imo,200-225m,64905.2058,117426.214,8710.62972,1
2015,container_reefer,other_registry,125-150m,173944.842,498149.688,50062.1503,7
2015,container_reefer,other_registry,150-175m,814506.242,2041586.34,175600.54,22
2015,container_reefer,other_registry,175-200m,203419.588,436650.89,32516.9111,4
2015,dive_vessel,imo,100-125m,86345.3786,239655.088,222954.272,32
2015,dive_vessel,imo,125-150m,26430.7038,68391.9225,38939.4928,7
2015,dive_vessel,imo,25-50m,7565.18113,16016.9733,48260.3528,7
2015,dive_vessel,imo,50-75m,25727.0078,87361.9696,114662.629,23
2015,dive_vessel,imo,75-100m,226184.135,783370.053,768783.082,138
2015,dive_vessel,no_registry,100-125m,3684.09254,13151.2504,7725.90722,1
2015,dive_vessel,no_registry,150-175m,8126.26838,19519.8797,14411.5225,2
2015,dive_vessel,no_registry,25-50m,1343.09006,2755.97122,7731.31778,1
2015,dive_vessel,no_registry,50-75m,1393.00618,2430.54276,8511.39583,2
2015,dive_vessel,no_registry,75-100m,13011.6645,39649.9871,42489.0047,8
2015,dive_vessel,other_registry,100-125m,38606.5915,118334.066,119837.678,20
2015,dive_vessel,other_registry,125-150m,9284.46655,21439.8621,31990.1747,4
2015,dive_vessel,other_registry,150-175m,14947.6464,38923.2336,15932.4381,3
2015,dive_vessel,other_registry,50-75m,15722.774,60009.9627,68127.6728,13
2015,dive_vessel,other_registry,75-100m,105686.441,327949.371,360235.473,62
2015,dredge_fishing,imo,0-25m,2306.7936,70014.6539,61185.5853,67
2015,dredge_fishing,imo,25-50m,56436.7857,212577.495,282501.106,52
2015,dredge_fishing,no_registry,0-25m,1423.14069,13916.4103,33299.7556,22
2015,dredge_fishing,no_registry,25-50m,20598.1391,87560.1213,101046.767,22
2015,dredge_fishing,other_registry,0-25m,765.395082,11983.2182,18127.5103,31
2015,dredge_fishing,other_registry,25-50m,59057.9257,207042.338,264049.877,43
2015,dredge_non_fishing,imo,0-25m,1694.4997,8969.42241,28264.5589,8
2015,dredge_non_fishing,imo,100-125m,214419.513,1133847.49,501135.074,83
2015,dredge_non_fishing,imo,125-150m,223955.033,760675.84,255612.386,41
2015,dredge_non_fishing,imo,150-175m,43686.2596,150059.251,66572.4722,10
2015,dredge_non_fishing,imo,175-200m,34814.304,71808.0103,27079.4694,4
2015,dredge_non_fishing,imo,200-225m,25681.2707,58914.1747,15791.3078,2
2015,dredge_non_fishing,imo,225m+,2021.7195,10676.2866,8604.78111,1
2015,dredge_non_fishing,imo,25-50m,51673.3967,223655.637,413254.643,76
2015,dredge_non_fishing,imo,50-75m,148681.185,794730.11,975417.902,206
2015,dredge_non_fishing,imo,75-100m,275514.991,1771403.19,953503.809,166
2015,dredge_non_fishing,no_registry,0-25m,4183.35067,19809.1894,42896.7503,17
2015,dredge_non_fishing,no_registry,100-125m,11705.6291,81224.623,58088.9758,21
2015,dredge_non_fishing,no_registry,125-150m,5079.61631,23702.3852,22128.3567,7
2015,dredge_non_fishing,no_registry,150-175m,614.248457,1184.87064,3829.85694,2
2015,dredge_non_fishing,no_registry,25-50m,88697.9584,306966.005,649605.757,208
2015,dredge_non_fishing,no_registry,50-75m,213763.188,777929.277,1478562.28,515
2015,dredge_non_fishing,no_registry,75-100m,85263.6586,217121.685,586280.105,165
2015,dredge_non_fishing,other_registry,0-25m,370.99241,328.350197,2798.44361,2
2015,dredge_non_fishing,other_registry,100-125m,74131.023,390549.129,191656.344,34
2015,dredge_non_fishing,other_registry,125-150m,65506.8267,278235.098,98507.6078,13
2015,dredge_non_fishing,other_registry,150-175m,68784.4461,216455.294,77128.6386,11
2015,dredge_non_fishing,other_registry,175-200m,3741.35522,9546.09973,8323.15444,1
2015,dredge_non_fishing,other_registry,200-225m,3337.0596,8045.98655,8463.15139,1
2015,dredge_non_fishing,other_registry,225m+,8008.99619,27535.6398,16496.5925,2
2015,dredge_non_fishing,other_registry,25-50m,40606.9563,188443.594,298810.599,54
2015,dredge_non_fishing,other_registry,50-75m,72470.265,396974.977,450554.375,90
2015,dredge_non_fishing,other_registry,75-100m,138627.296,853305.453,461745.956,79
2015,drifting_longlines,imo,0-25m,114798.803,3526195.14,1121399.85,505
2015,drifting_longlines,imo,100-125m,5226.82689,45198.0058,7770.60833,2
2015,drifting_longlines,imo,125-150m,2997.6106,45184.2242,7568.99278,1
2015,drifting_longlines,imo,150-175m,17039.35,369234.506,58113.2092,8
2015,drifting_longlines,imo,175-200m,3855.05661,84471.342,14803.2744,2
2015,drifting_longlines,imo,200-225m,2923.28766,51960.4437,11253.6744,2
2015,drifting_longlines,imo,225m+,1886.988,39583.2849,7779.93972,1
2015,drifting_longlines,imo,25-50m,356832.243,9104128.69,2219957.5,484
2015,drifting_longlines,imo,50-75m,407700.012,7430991.05,1557304.13,283
2015,drifting_longlines,imo,75-100m,772.613344,19441.2028,4799.64056,4
2015,drifting_longlines,no_registry,0-25m,35814.7147,765174.445,371278.758,750
2015,drifting_longlines,no_registry,25-50m,63087.9801,752831.578,264426.167,402
2015,drifting_longlines,no_registry,50-75m,14332.6385,154158.755,48624.5647,44
2015,drifting_longlines,other_registry,0-25m,50348.1412,1536282.99,488209.767,225
2015,drifting_longlines,other_registry,125-150m,1963.5583,40876.6675,7179.325,1
2015,drifting_longlines,other_registry,150-175m,1844.80521,43136.9684,6797.02861,1
2015,drifting_longlines,other_registry,200-225m,6056.06024,98133.9685,15929.9192,2
2015,drifting_longlines,other_registry,25-50m,197979.824,4658017.97,1140457.05,255
2015,drifting_longlines,other_registry,50-75m,179725.709,3211496.51,686253.58,129
2015,drifting_longlines,other_registry,75-100m,353.335643,6533.59364,2330.32167,3
2015,driftnets,imo,0-25m,48.2657358,986.542526,645.431944,3
2015,driftnets,imo,25-50m,1259.14739,22974.6819,9326.04028,10
2015,driftnets,imo,50-75m,209.628504,3210.37785,607.04,3
2015,driftnets,no_registry,0-25m,343728.464,4284670.16,2721135.23,3155
2015,driftnets,no_registry,100-125m,14.5857795,102.393933,45.4077778,1
2015,driftnets,no_registry,25-50m,663907.85,5768170.35,2921445.02,4428
2015,driftnets,no_registry,50-75m,29229.2149,178106.168,108461.132,278
2015,driftnets,no_registry,75-100m,3148.79737,18496.4787,11205.9064,39
2015,driftnets,other_registry,0-25m,125.464845,1812.56113,1880.75667,3
2015,driftnets,other_registry,25-50m,531.649839,6711.81558,3026.99639,7
2015,fish_factory,imo,125-150m,1699.87227,16596.4875,7944.57583,1
2015,other_fishing,imo,0-25m,0.450460483,10.2228777,11.2469444,1
2015,other_fishing,no_registry,0-25m,23.1856684,835.440098,405.936944,4
2015,other_fishing,no_registry,25-50m,266.195789,795.252524,805.724722,3
2015,other_not_fishing,imo,0-25m,2924.29169,2817.74527,16807.4831,6
2015,other_not_fishing,imo,100-125m,142732.128,235708.801,532632.298,102
2015,other_not_fishing,imo,125-150m,113980.777,197431.91,299807.329,52
2015,other_not_fishing,imo,150-175m,81136.5477,109328.445,108231.746,21
2015,other_not_fishing,imo,175-200m,25398.3277,40489.3561,53112.4825,9
2015,other_not_fishing,imo,200-225m,3082.37265,2770.24175,17800.8694,5
2015,other_not_fishing,imo,225m+,2069.9559,965.604308,11134.6106,2
2015,other_not_fishing,imo,25-50m,43343.2511,32134.9911,251271.119,59
2015,other_not_fishing,imo,50-75m,86813.3384,67207.0379,498213.143,117
2015,other_not_fishing,imo,75-100m,135120.102,135295.655,723200.439,152
2015,other_not_fishing,no_registry,0-25m,919.644502,213.365487,5474.61333,1
2015,other_not_fishing,no_registry,100-125m,22692.1588,15979.9383,124125.997,25
2015,other_not_fishing,no_registry,125-150m,4393.20307,1488.31959,25929.0522,6
2015,other_not_fishing,no_registry,150-175m,2901.36454,1590.84658,16548.4,4
2015,other_not_fishing,no_registry,175-200m,5256.68743,2080.19845,30747.0125,10
2015,other_not_fishing,no_registry,200-225m,7834.77509,469.545208,46634.1533,12
2015,other_not_fishing,no_registry,25-50m,21303.5507,8083.89615,124645.577,40
2015,other_not_fishing,no_registry,50-75m,73068.6266,56247.6217,421703.959,114
2015,other_not_fishing,no_registry,75-100m,63177.6055,48215.433,366429.332,101
2015,other_not_fishing,other_registry,0-25m,1305.005,2132.50434,7338.81472,2
2015,other_not_fishing,other_registry,100-125m,53379.9886,88279.0118,214779.332,37
2015,other_not_fishing,other_registry,125-150m,83157.1156,168346.604,136580.47,23
2015,other_not_fishing,other_registry,150-175m,14515.3269,25753.2579,15126.1981,3
2015,other_not_fishing,other_registry,175-200m,2441.30912,872.750847,14455.5153,3
2015,other_not_fishing,other_registry,200-225m,1503.65939,0.25239612,8766.3675,1
2015,other_not_fishing,other_registry,225m+,1522.70227,64.3335996,9078.815,2
2015,other_not_fishing,other_registry,25-50m,24255.7596,32539.566,137746.974,30
2015,other_not_fishing,other_registry,50-75m,49481.3035,55892.9205,274635.27,67
2015,other_not_fishing,other_registry,75-100m,88624.6344,111333.856,417949.441,82
2015,other_purse_seines,imo,0-25m,2231.04121,113897.158,44757.365,17
2015,other_purse_seines,imo,25-50m,13054.264,261995.735,88220.4114,31
2015,other_purse_seines,imo,50-75m,2866.65729,20278.415,4592.34194,2
2015,other_purse_seines,no_registry,25-50m,7873.14421,75708.6889,21421.3764,6
2015,other_purse_seines,other_registry,0-25m,643.141052,36648.5704,13717.8292,6
2015,other_purse_seines,other_registry,25-50m,10363.4239,149329.943,51985.0053,19
2015,other_purse_seines,other_registry,50-75m,505.343771,6792.66939,1823.72639,1
2015,other_seines,imo,0-25m,23582.0379,273292.984,494073.822,97
2015,other_seines,imo,25-50m,2737.42931,20256.7663,12798.4044,2
2015,other_seines,no_registry,0-25m,394.293706,2362.9862,6626.15056,1
2015,other_seines,other_registry,0-25m,12020.4152,149911.539,228864.789,52
2015,other_seines,other_registry,25-50m,1684.2512,12494.0418,13597.0606,2
2015,passenger,imo,0-25m,3137745.48,5739062.03,5820024.29,4701
2015,passenger,imo,100-125m,1843561.76,5543943.87,1083319.62,158
2015,passenger,imo,125-150m,1542975.72,3389588.34,488274.625,68
2015,passenger,imo,150-175m,2383153.14,4398804.64,487994.594,65
2015,passenger,imo,175-200m,1369224.38,2639290.21,272328.041,35
2015,passenger,imo,200-225m,819134.769,1322653.73,139657.865,18
2015,passenger,imo,225m+,7103908.2,6917533.24,652164.266,83
2015,passenger,imo,25-50m,5882043.34,16411914.7,8873640,2052
2015,passenger,imo,50-75m,3361557.25,10525316.7,4441806.84,768
2015,passenger,imo,75-100m,2016008.81,6617539.84,1914183.4,287
2015,passenger,no_registry,0-25m,27284984.2,43244641.6,51085411,46056
2015,passenger,no_registry,100-125m,418172.709,1171530.3,309230.894,71
2015,passenger,no_registry,125-150m,94918.6778,177397.886,55853.1492,18
2015,passenger,no_registry,150-175m,36216.1002,72713.2618,12075.1419,5
2015,passenger,no_registry,175-200m,16903.3224,8836.7321,9016.66,3
2015,passenger,no_registry,200-225m,63122.5437,87038.3238,9415.87722,4
2015,passenger,no_registry,25-50m,19251403.9,30339913.8,28707734.2,10559
2015,passenger,no_registry,50-75m,2491143.83,5062758.66,2950961.12,1064
2015,passenger,no_registry,75-100m,633611.226,1701640.89,615943.611,216
2015,passenger,other_registry,0-25m,1599762.37,3005079.85,2981214.62,2307
2015,passenger,other_registry,100-125m,711767.719,2272887.02,439721.477,67
2015,passenger,other_registry,125-150m,914687.57,2350414.29,324835.316,50
2015,passenger,other_registry,150-175m,779426.47,1320720.68,134868.946,17
2015,passenger,other_registry,175-200m,769112.523,1407387.93,140221.861,18
2015,passenger,other_registry,200-225m,185448.256,320956.839,31310.7903,5
2015,passenger,other_registry,225m+,2860483.22,2986576.37,285253.208,35
2015,passenger,other_registry,25-50m,3201111.27,9069225.91,4719995.1,1028
2015,passenger,other_registry,50-75m,1308994.72,3904209.09,1739891.74,295
2015,passenger,other_registry,75-100m,912894.133,2991487.2,786682.039,120
2015,patrol_vessel,imo,0-25m,6688.02508,38876.9896,42496.2044,20
2015,patrol_vessel,imo,100-125m,31446.0542,167536.016,62189.4322,22
2015,patrol_vessel,imo,125-150m,4654.14254,20436.2771,7431.685,3
2015,patrol_vessel,imo,150-175m,61.1196913,193.715902,209.391667,1
2015,patrol_vessel,imo,175-200m,11.3452472,36.1417087,76.8661111,1
2015,patrol_vessel,imo,25-50m,67274.5687,519608.565,388042.228,100
2015,patrol_vessel,imo,50-75m,60400.8517,465734.032,237661.708,83
2015,patrol_vessel,imo,75-100m,63391.2764,434975.179,168479.145,52
2015,patrol_vessel,no_registry,0-25m,92061.447,532476.407,555805.255,392
2015,patrol_vessel,no_registry,100-125m,90349.9107,487118.194,139868.657,134
2015,patrol_vessel,no_registry,125-150m,24672.9022,111027.473,25136.9042,20
2015,patrol_vessel,no_registry,150-175m,17673.791,71477.4409,14225.2486,11
2015,patrol_vessel,no_registry,25-50m,355805.692,2225995.26,2083913.49,888
2015,patrol_vessel,no_registry,50-75m,86710.8124,767460.997,307877.6,251
2015,patrol_vessel,no_registry,75-100m,77686.4109,628859.964,197321.929,171
2015,patrol_vessel,other_registry,0-25m,1709.47143,8849.55095,10845.8767,6
2015,patrol_vessel,other_registry,100-125m,10863.8316,49051.4771,21648.4625,8
2015,patrol_vessel,other_registry,125-150m,2216.10248,6239.03191,5075.07722,3
2015,patrol_vessel,other_registry,150-175m,3027.29879,5280.92053,764.263333,1
2015,patrol_vessel,other_registry,175-200m,240.516478,711.595189,945.489444,1
2015,patrol_vessel,other_registry,25-50m,26977.1891,189879.128,145941.005,37
2015,patrol_vessel,other_registry,50-75m,28017.5897,234801.119,128862.949,42
2015,patrol_vessel,other_registry,75-100m,21732.8883,116849.093,62335.2767,26
2015,pole_and_line,imo,0-25m,27908.6293,361421.503,438155.464,185
2015,pole_and_line,imo,25-50m,12949.1037,310377.779,111860.102,39
2015,pole_and_line,imo,50-75m,19891.5616,316110.322,54161.9086,8
2015,pole_and_line,no_registry,0-25m,12131.7756,66615.7249,67689.6006,81
2015,pole_and_line,no_registry,25-50m,2215.35836,26804.558,7207.65528,18
2015,pole_and_line,no_registry,50-75m,50.1423449,418.689203,145.833889,2
2015,pole_and_line,other_registry,0-25m,21015.556,157034.869,205226.566,86
2015,pole_and_line,other_registry,25-50m,10318.7667,249313.41,77889.7517,25
2015,pole_and_line,other_registry,50-75m,16408.2737,277843.341,49791.8003,7
2015,pots_and_traps,imo,0-25m,23163.2694,719198.556,779518.606,384
2015,pots_and_traps,imo,25-50m,26056.6076,447822.665,184430.426,41
2015,pots_and_traps,no_registry,0-25m,17169.5682,477008.98,513421.791,411
2015,pots_and_traps,no_registry,25-50m,18014.208,55697.8619,59806.7258,62
2015,pots_and_traps,other_registry,0-25m,11560.4664,394046.756,363758.353,180
2015,pots_and_traps,other_registry,25-50m,19723.1354,232410.165,105777.719,24
2015,research,imo,0-25m,952.243447,7127.85247,5087.71611,3
2015,research,imo,25-50m,10206.1138,86373.4846,50752.8844,10
2015,research,imo,50-75m,21859.5571,213786.287,74589.3783,11
2015,research,imo,75-100m,4000.34529,32572.7582,14910.0628,3
2015,research,no_registry,25-50m,4231.58682,32091.567,21411.0233,4
2015,research,no_registry,50-75m,4203.14257,17645.361,16765.9244,2
2015,research,other_registry,0-25m,200.196649,31601.7668,8131.87194,1
2015,research,other_registry,25-50m,7178.43292,38228.5282,45059.6725,6
2015,research,other_registry,50-75m,10304.3558,95475.2601,30834.8325,5
2015,research,other_registry,75-100m,382.380132,5.20005284,2368.99167,1
2015,seismic_vessel,imo,0-25m,1416.47411,11075.4496,8399.98444,4
2015,seismic_vessel,imo,100-125m,185494.014,948586.36,362114.788,63
2015,seismic_vessel,imo,125-150m,47565.9434,180380.902,85924.7519,14
2015,seismic_vessel,imo,150-175m,13073.7423,79195.8355,27405.8681,4
2015,seismic_vessel,imo,175-200m,16151.8102,45046.3582,12059.6697,2
2015,seismic_vessel,imo,200-225m,3492.3968,15332.5779,3431.56917,1
2015,seismic_vessel,imo,25-50m,155845.203,1088574.14,839210.819,145
2015,seismic_vessel,imo,50-75m,394059.91,3256265.73,1418804.71,239
2015,seismic_vessel,imo,75-100m,355319.239,2052745.69,849956.076,140
2015,seismic_vessel,no_registry,0-25m,2795.43727,13433.489,15603.6436,5
2015,seismic_vessel,no_registry,100-125m,10456.0205,44143.2733,19801.2386,6
2015,seismic_vessel,no_registry,125-150m,3355.61745,13177.0334,8876.0725,4
2015,seismic_vessel,no_registry,150-175m,1616.82641,8078.81937,4011.66778,1
2015,seismic_vessel,no_registry,175-200m,95.6727257,257.818997,152.462222,1
2015,seismic_vessel,no_registry,25-50m,88363.9832,463808.202,500995.904,121
2015,seismic_vessel,no_registry,50-75m,35004.2612,276857.533,128776.928,42
2015,seismic_vessel,no_registry,75-100m,36229.4055,193532.65,93907.0897,31
2015,seismic_vessel,other_registry,0-25m,2286.99843,6540.81573,13183.4081,2
2015,seismic_vessel,other_registry,100-125m,85351.0905,514643.338,138291.779,23
2015,seismic_vessel,other_registry,125-150m,21810.8235,69968.004,32762.5781,4
2015,seismic_vessel,other_registry,150-175m,14831.7608,57232.5985,12903.8353,2
2015,seismic_vessel,other_registry,25-50m,92718.1453,618767.064,482387.127,82
2015,seismic_vessel,other_registry,50-75m,152494.891,1299095.72,546879.829,93
2015,seismic_vessel,other_registry,75-100m,147560.515,898872.844,351410.529,57
2015,set_gillnets,imo,0-25m,39048.2354,2006565.53,1230527.72,551
2015,set_gillnets,imo,25-50m,782.192781,33943.679,14338.3367,6
2015,set_gillnets,imo,50-75m,8.8036817,823.783838,293.741111,2
2015,set_gillnets,imo,75-100m,56.1715806,1104.6071,1776.41028,2
2015,set_gillnets,no_registry,0-25m,43055.974,920956.85,824768.685,962
2015,set_gillnets,no_registry,25-50m,162933.065,623622.042,508160.075,484
2015,set_gillnets,other_registry,0-25m,16198.8029,928879.522,542918.152,278
2015,set_gillnets,other_registry,25-50m,516.085056,27713.2846,11066.8739,3
2015,set_gillnets,other_registry,50-75m,98.4927488,9349.42853,3350.42194,2
2015,set_gillnets,other_registry,75-100m,0.967846804,135.227168,33.2983333,1
2015,set_longlines,imo,0-25m,19564.9035,561128.528,399716.139,116
2015,set_longlines,imo,25-50m,113691.484,1547556.81,617805.467,113
2015,set_longlines,imo,50-75m,87719.6308,822907.288,285611.042,44
2015,set_longlines,imo,75-100m,2.34748638,61.9380273,30.6627778,1
2015,set_longlines,no_registry,0-25m,435.062992,16528.6525,7576.05,8
2015,set_longlines,no_registry,25-50m,2749.17825,30053.1673,14503.3147,14
2015,set_longlines,no_registry,50-75m,1904.01479,23643.8958,5774.06194,1
2015,set_longlines,other_registry,0-25m,12483.3166,394292.314,264412.373,69
2015,set_longlines,other_registry,100-125m,8.20472257,213.184466,166.156389,1
2015,set_longlines,other_registry,25-50m,42962.0768,589913.258,243308.323,42
2015,set_longlines,other_registry,50-75m,16408.6932,172958.786,59577.8122,13
2015,set_longlines,other_registry,75-100m,13.3635625,647.688433,203.488333,1
2015,specialized_reefer,imo,100-125m,723020.606,2933983.05,576927.128,93
2015,specialized_reefer,imo,125-150m,1078038.62,3115024.68,482943.686,74
2015,specialized_reefer,imo,150-175m,265431.202,465482.026,97421.4383,16
2015,specialized_reefer,imo,25-50m,6937.37044,88978.1656,17164.08,7
2015,specialized_reefer,imo,50-75m,97413.24,603853.223,161024.569,39
2015,specialized_reefer,imo,75-100m,406055.312,2218466.27,526797.385,92
2015,specialized_reefer,no_registry,100-125m,8982.63708,9781.68795,4076.81083,1
2015,specialized_reefer,no_registry,125-150m,27422.2275,79113.2581,8186.89694,1
2015,specialized_reefer,no_registry,50-75m,4165.19194,13294.7925,7170.24972,3
2015,specialized_reefer,no_registry,75-100m,12.2772492,15.4483286,5.29055556,1
2015,specialized_reefer,other_registry,100-125m,398126.139,1595419.54,309269.959,53
2015,specialized_reefer,other_registry,125-150m,834419.464,2470279.2,364743.216,52
2015,specialized_reefer,other_registry,150-175m,149207.993,271767.253,54422.7731,9
2015,specialized_reefer,other_registry,25-50m,1150.17384,10798.2024,1896.83139,3
2015,specialized_reefer,other_registry,50-75m,75256.5166,504592.238,131634.044,25
2015,specialized_reefer,other_registry,75-100m,190068.984,1066674.24,253973.087,49
2015,squid_jigger,imo,125-150m,2300.49462,12002.7205,2370.20194,1
2015,squid_jigger,imo,25-50m,69976.7378,606085.823,315294.927,90
2015,squid_jigger,imo,50-75m,339545.775,3012020.08,1013910.04,252
2015,squid_jigger,imo,75-100m,7674.61748,73009.3915,19002.3253,4
2015,squid_jigger,no_registry,0-25m,76.6860889,2259.55761,1219.96639,6
2015,squid_jigger,no_registry,25-50m,27645.3445,240201.047,98904.0542,65
2015,squid_jigger,no_registry,50-75m,23232.1244,202910.581,71094.2525,32
2015,squid_jigger,other_registry,25-50m,39821.7297,340401.826,191627.995,52
2015,squid_jigger,other_registry,50-75m,135148.347,1155447.86,410252.031,102
2015,squid_jigger,other_registry,75-100m,10320.2652,110741.959,22892.0444,4
2015,supply_vessel,imo,0-25m,16414.3837,79074.3456,95967.5906,33
2015,supply_vessel,imo,100-125m,96274.918,407795.813,230012.321,33
2015,supply_vessel,imo,125-150m,1878.26504,11299.2926,8825.09194,2
2015,supply_vessel,imo,150-175m,9328.81796,34649.9688,8422.93639,1
2015,supply_vessel,imo,25-50m,734621.506,5622542.43,3606013.95,767
2015,supply_vessel,imo,50-75m,965640.86,6461169.96,3870703.84,681
2015,supply_vessel,imo,75-100m,1157484.96,5974168.69,3326712.04,517
2015,supply_vessel,no_registry,0-25m,28469.4671,174407.876,133460.492,70
2015,supply_vessel,no_registry,100-125m,9514.21298,29033.7522,8296.64389,4
2015,supply_vessel,no_registry,25-50m,771970.103,5170124.55,3867550.6,1050
2015,supply_vessel,no_registry,50-75m,112422.414,676758.018,502102.014,111
2015,supply_vessel,no_registry,75-100m,88250.9063,448108.42,247126.915,44
2015,supply_vessel,other_registry,0-25m,4452.55,10152.877,28546.2842,10
2015,supply_vessel,other_registry,100-125m,33949.4168,154041.315,80743.2847,10
2015,supply_vessel,other_registry,150-175m,6656.83051,30590.3052,15475.9469,2
2015,supply_vessel,other_registry,25-50m,345486.22,2634640.74,1711245.37,370
2015,supply_vessel,other_registry,50-75m,445503.263,2979148.65,1804721.54,328
2015,supply_vessel,other_registry,75-100m,615784.526,3163583.09,1682782.63,257
2015,tanker.chemical,imo,0-25m,3497.65556,1224.71314,5290.90278,3
2015,tanker.chemical,imo,100-125m,4476133.15,21020321.9,4163350.89,652
2015,tanker.chemical,imo,125-150m,4461493.01,16272484.4,2857876.07,447
2015,tanker.chemical,imo,150-175m,6252245.75,19072604.5,2900455.58,443
2015,tanker.chemical,imo,175-200m,11406207.6,30946670.4,4617078.84,695
2015,tanker.chemical,imo,200-225m,1907316.13,4905885.38,703277.589,105
2015,tanker.chemical,imo,225m+,689030.111,1363804.76,198439.802,29
2015,tanker.chemical,imo,25-50m,41507.5656,167929.854,34123.5414,6
2015,tanker.chemical,imo,50-75m,670867.631,4707426.53,959030.875,129
2015,tanker.chemical,imo,75-100m,1191499.46,6952533.8,1572445.55,255
2015,tanker.chemical,no_registry,100-125m,576399.736,2249197.53,618796.925,231
2015,tanker.chemical,no_registry,125-150m,206889.946,709049.754,121099.306,23
2015,tanker.chemical,no_registry,150-175m,396228.372,1102799.27,187432.021,31
2015,tanker.chemical,no_registry,175-200m,468371.548,1272073.62,200949.538,32
2015,tanker.chemical,no_registry,200-225m,266540.568,666060.451,84525.8003,14
2015,tanker.chemical,no_registry,225m+,106524.944,218924.672,32662.24,5
2015,tanker.chemical,no_registry,25-50m,43387.7069,143247.712,64581.4969,27
2015,tanker.chemical,no_registry,50-75m,318598.631,1993512.26,480581.971,101
2015,tanker.chemical,no_registry,75-100m,554571.928,2696786.98,810668.964,180
2015,tanker.chemical,other_registry,100-125m,2232445.93,10147731,2072437.53,323
2015,tanker.chemical,other_registry,125-150m,1895178.61,6821537.04,1185640.52,187
2015,tanker.chemical,other_registry,150-175m,3142900.22,9554625.41,1430067.2,225
2015,tanker.chemical,other_registry,175-200m,5632617.74,15462566.3,2297256.12,346
2015,tanker.chemical,other_registry,200-225m,649472.829,1689923.57,247989.581,42
2015,tanker.chemical,other_registry,225m+,385934.981,846741.468,105598.093,16
2015,tanker.chemical,other_registry,25-50m,46614.9751,179225.912,40072.5825,6
2015,tanker.chemical,other_registry,50-75m,266346.358,2093427.73,396350.354,56
2015,tanker.chemical,other_registry,75-100m,591458.553,3494074.17,771421.389,121
2015,tanker.liquefied_gas,imo,100-125m,846198.52,3754834.44,647614.779,96
2015,tanker.liquefied_gas,imo,125-150m,461738.929,1816387.15,301227.15,49
2015,tanker.liquefied_gas,imo,150-175m,1144737.35,3513585.59,478481.644,74
2015,tanker.liquefied_gas,imo,175-200m,911228.846,2431535.29,328380.314,55
2015,tanker.liquefied_gas,imo,200-225m,1216774.79,2847064.91,318442.937,54
2015,tanker.liquefied_gas,imo,225m+,19424370.4,25870104.8,2392596.92,375
2015,tanker.liquefied_gas,imo,25-50m,2053.08973,22277.3117,5335.97028,3
2015,tanker.liquefied_gas,imo,50-75m,369507.52,1713350.91,352234.791,42
2015,tanker.liquefied_gas,imo,75-100m,362447.382,1719246.58,336265.613,51
2015,tanker.liquefied_gas,no_registry,100-125m,36846.7052,125005.402,27967.0186,11
2015,tanker.liquefied_gas,no_registry,125-150m,28901.4445,129500.688,14823.2203,6
2015,tanker.liquefied_gas,no_registry,150-175m,85364.893,236284.015,39547.3669,9
2015,tanker.liquefied_gas,no_registry,175-200m,90528.8134,102016.276,37244.2644,7
2015,tanker.liquefied_gas,no_registry,200-225m,80055.0157,201967.497,20493.3033,4
2015,tanker.liquefied_gas,no_registry,225m+,655470.849,939810.218,84896.6781,13
2015,tanker.liquefied_gas,no_registry,50-75m,52134.1633,238122.722,51371.9269,8
2015,tanker.liquefied_gas,no_registry,75-100m,50516.1154,202492.485,46857.9319,8
2015,tanker.liquefied_gas,other_registry,100-125m,541466.182,2174766.21,423980.983,64
2015,tanker.liquefied_gas,other_registry,125-150m,287126.577,1170382.11,178449.953,30
2015,tanker.liquefied_gas,other_registry,150-175m,799517.721,2498599.47,350220.171,54
2015,tanker.liquefied_gas,other_registry,175-200m,466755.482,1235954.72,181035.36,26
2015,tanker.liquefied_gas,other_registry,200-225m,650908.209,1553668.78,198105.109,35
2015,tanker.liquefied_gas,other_registry,225m+,8551711.48,11248119.7,1095618.55,169
2015,tanker.liquefied_gas,other_registry,25-50m,19068.4388,18829.4561,18012.8431,3
2015,tanker.liquefied_gas,other_registry,50-75m,294694.527,1236750.51,237051.569,32
2015,tanker.liquefied_gas,other_registry,75-100m,253541.516,885976.054,229615.518,32
2015,tanker.oil,imo,0-25m,254.92041,280.875916,514.195278,3
2015,tanker.oil,imo,100-125m,3103099.58,9964872.73,2949363.49,537
2015,tanker.oil,imo,125-150m,2003603.03,4704567.31,1322802.23,286
2015,tanker.oil,imo,150-175m,1837289.21,2698314.16,715532.522,134
2015,tanker.oil,imo,175-200m,5242720.43,8492199.87,1616403.66,263
2015,tanker.oil,imo,200-225m,6602244.45,9025365.47,1681629.6,268
2015,tanker.oil,imo,225m+,46391698.1,59914674.3,8395173.83,1271
2015,tanker.oil,imo,25-50m,427513.631,758868.536,600199.893,124
2015,tanker.oil,imo,50-75m,1908296.04,5796128.14,2784324.04,532
2015,tanker.oil,imo,75-100m,3241130.3,9390151.97,4227725.33,785
2015,tanker.oil,no_registry,0-25m,15634.7275,7903.66261,14218.4375,11
2015,tanker.oil,no_registry,100-125m,1448050.1,5164424.59,1739468.62,325
2015,tanker.oil,no_registry,125-150m,808198.856,1653810.12,505351.587,98
2015,tanker.oil,no_registry,150-175m,573577.137,834967.043,214304.893,37
2015,tanker.oil,no_registry,175-200m,281528.169,497205.842,87793.6872,21
2015,tanker.oil,no_registry,200-225m,349664.054,618012.533,95017.1736,25
2015,tanker.oil,no_registry,225m+,1860522.37,2237559.73,331054.112,68
2015,tanker.oil,no_registry,25-50m,3088758.66,5366627.94,4457807.29,1130
2015,tanker.oil,no_registry,50-75m,3343478.42,8823843.36,4959823.62,1214
2015,tanker.oil,no_registry,75-100m,2829662.99,9409987.92,4185440.51,765
2015,tanker.oil,other_registry,0-25m,8635.85988,23350.818,16637.8122,2
2015,tanker.oil,other_registry,100-125m,1536912.98,4905349.23,1432635.98,252
2015,tanker.oil,other_registry,125-150m,1094136.84,1923344.41,608214.448,127
2015,tanker.oil,other_registry,150-175m,859337.384,1529444.28,347504.702,62
2015,tanker.oil,other_registry,175-200m,3015056.99,4553830.4,892479.463,138
2015,tanker.oil,other_registry,200-225m,2949772.5,3778581.08,768785.177,123
2015,tanker.oil,other_registry,225m+,23886994.4,30858228.1,4263048,633
2015,tanker.oil,other_registry,25-50m,154538.134,197243.933,245968.388,50
2015,tanker.oil,other_registry,50-75m,901871.381,2712406.06,1335358.51,275
2015,tanker.oil,other_registry,75-100m,1796105.94,5473507.13,2297247.05,430
2015,tanker.other,imo,100-125m,6139.94807,23900.295,6127.94306,1
2015,tanker.other,imo,25-50m,18346.7592,70259.5906,17810.8628,3
2015,tanker.other,imo,50-75m,38034.4173,38949.9412,33044.5394,4
2015,tanker.other,imo,75-100m,10843.7404,6960.671,8599.07139,1
2015,tanker.other,no_registry,100-125m,364.972983,750.85876,332.568056,1
2015,tanker.other,no_registry,25-50m,105169.317,66438.498,84181.6553,12
2015,tanker.other,no_registry,50-75m,36414.8351,20319.2296,29070.1961,5
2015,tanker.other,other_registry,50-75m,9129.8464,23592.5662,8533.06944,1
2015,tanker.other,other_registry,75-100m,21975.8196,25153.3088,16978.2069,2
2015,trawlers,imo,0-25m,1335662.69,22051418.3,15470268.9,5131
2015,trawlers,imo,100-125m,587174.302,1233779.89,394762.348,91
2015,trawlers,imo,125-150m,90828.7874,174132.29,44439.5939,9
2015,trawlers,imo,25-50m,2091410.58,15157832.7,7867559.79,2107
2015,trawlers,imo,50-75m,2478794.28,9719695.69,3418659.09,616
2015,trawlers,imo,75-100m,570457.461,1850607.14,551483.762,105
2015,trawlers,no_registry,0-25m,1568932.47,18897631.9,12447742.2,15669
2015,trawlers,no_registry,100-125m,5792.93319,13188.9681,3141.15889,1
2015,trawlers,no_registry,125-150m,1.01589666,11.2188787,2.22361111,1
2015,trawlers,no_registry,25-50m,3319150.53,21701539.2,10878425.7,17023
2015,trawlers,no_registry,50-75m,173452.531,867026.751,423561.958,1071
2015,trawlers,no_registry,75-100m,35865.6409,112602.473,57003.7044,87
2015,trawlers,other_registry,0-25m,712603.203,10910318.8,7589989.17,2571
2015,trawlers,other_registry,100-125m,340148.577,745825.065,224150.485,49
2015,trawlers,other_registry,125-150m,52189.6837,90264.3347,26802.4611,5
2015,trawlers,other_registry,225m+,1634.02195,8420.50208,5259.60889,1
2015,trawlers,other_registry,25-50m,1185957.25,8336349.5,4231444.59,1086
2015,trawlers,other_registry,50-75m,1129906.89,4607343.11,1615132.5,300
2015,trawlers,other_registry,75-100m,246771.446,873234.498,288434.406,55
2015,trollers,imo,0-25m,6404.65197,172507.192,192582.361,94
2015,trollers,imo,25-50m,375.412677,1802.55393,1930.72472,2
2015,trollers,no_registry,0-25m,96.6272147,4186.92236,4087.73,8
2015,trollers,other_registry,0-25m,4637.23143,94239.8158,105351.605,44
2015,trollers,other_registry,25-50m,128.541965,4244.1274,2276.20056,2
2015,tug,imo,0-25m,523499.657,6394299.54,5237507.42,1222
2015,tug,imo,100-125m,15655.6395,121212.607,94549.47,22
2015,tug,imo,125-150m,3107.58575,23704.8462,29747.9211,8
2015,tug,imo,150-175m,6959.15363,36861.5863,49982.4567,8
2015,tug,imo,175-200m,1915.4153,7811.78139,13763.98,3
2015,tug,imo,200-225m,22475.6797,23696.2992,9484.31028,2
2015,tug,imo,225m+,15794.2882,42110.6905,11432.8211,2
2015,tug,imo,25-50m,2606890.3,21714563,21204683.6,4115
2015,tug,imo,50-75m,564937.134,4923547.8,4083167.69,844
2015,tug,imo,75-100m,232634,1562731.93,1090250.22,221
2015,tug,no_registry,0-25m,503399.386,4737539.48,5828469.31,3138
2015,tug,no_registry,100-125m,9417.19087,73479.6408,46899.0825,19
2015,tug,no_registry,125-150m,660.150266,4048.80858,8644.35861,5
2015,tug,no_registry,150-175m,873.33135,4265.34182,7236.785,1
2015,tug,no_registry,175-200m,102.188586,786.23914,802.707778,1
2015,tug,no_registry,25-50m,3289352.82,29220287.2,30386487.7,10955
2015,tug,no_registry,50-75m,549689.038,6274828.34,3859270.49,1953
2015,tug,no_registry,75-100m,69228.4862,699886.652,330998.549,99
2015,tug,other_registry,0-25m,269076.142,3298889.84,2668087.16,614
2015,tug,other_registry,100-125m,13917.5078,101227.322,54075.4331,13
2015,tug,other_registry,125-150m,14871.7089,58358.5143,7463.28611,1
2015,tug,other_registry,150-175m,3295.354,16481.2057,20384.8144,3
2015,tug,other_registry,175-200m,9648.38213,41353.4789,13674.3267,2
2015,tug,other_registry,200-225m,1550.04678,3401.49765,7397.43972,1
2015,tug,other_registry,225m+,3550.22083,10872.9032,16464.5639,2
2015,tug,other_registry,25-50m,1305789.28,10800536.3,10591321.1,1995
2015,tug,other_registry,50-75m,266589.34,2451054.39,2002415.44,408
2015,tug,other_registry,75-100m,141998.125,979428.062,622781.088,121
2015,tuna_purse_seines,imo,100-125m,13517.443,72399.7078,13175.3167,5
2015,tuna_purse_seines,imo,200-225m,1196.15092,7162.87355,1754.10194,1
2015,tuna_purse_seines,imo,25-50m,14612.0401,141927.194,52281.5853,15
2015,tuna_purse_seines,imo,50-75m,606102.919,5091031.87,1080687.19,186
2015,tuna_purse_seines,imo,75-100m,236532.239,1759957.12,336470.206,76
2015,tuna_purse_seines,no_registry,25-50m,10367.7818,78998.4026,27680.7508,8
2015,tuna_purse_seines,no_registry,50-75m,6049.13598,35943.8463,8619.5375,5
2015,tuna_purse_seines,other_registry,100-125m,3081.93506,10996.9492,3526.32389,4
2015,tuna_purse_seines,other_registry,150-175m,733.563033,4253.28696,877.211667,1
2015,tuna_purse_seines,other_registry,25-50m,23756.4596,186946.677,64910.3728,15
2015,tuna_purse_seines,other_registry,50-75m,252971.175,2097480.59,445920.584,75
2015,tuna_purse_seines,other_registry,75-100m,104878.851,809759.267,150923.437,33
2015,well_boat,imo,0-25m,1169.97393,6172.12126,8738.26444,1
2015,well_boat,imo,25-50m,41245.8701,623028.303,162635.24,20
2015,well_boat,imo,50-75m,52497.6322,730096.366,178484.994,22
2015,well_boat,imo,75-100m,16324.2811,106487.657,33858.8494,5
2015,well_boat,other_registry,25-50m,23186.892,382664.307,88520.3419,12
2015,well_boat,other_registry,50-75m,24882.2908,323276.638,84773.2856,10
2015,well_boat,other_registry,75-100m,2022.5262,15075.7673,7522.60528,1
2016,bunker,imo,0-25m,3039.27717,6412.56065,5130.49194,2
2016,bunker,imo,100-125m,73252.9953,719511.237,101782.68,16
2016,bunker,imo,125-150m,83.8420082,227.25395,54.3738889,1
2016,bunker,imo,25-50m,69173.1815,68323.052,114524.231,19
2016,bunker,imo,50-75m,20699.2542,13059.7515,35528.5592,8
2016,bunker,imo,75-100m,19496.191,233922.138,35892.3697,5
2016,bunker,no_registry,0-25m,101740.032,195686.852,184341.112,219
2016,bunker,no_registry,100-125m,471.829605,1325.83177,540.730556,7
2016,bunker,no_registry,25-50m,980870.507,1845242.58,1410515.24,1367
2016,bunker,no_registry,50-75m,458295.222,578421.885,465515.773,399
2016,bunker,no_registry,75-100m,41013.0171,75803.5894,53633.2689,50
2016,bunker,other_registry,100-125m,45856.6581,451632.389,75094.8397,11
2016,bunker,other_registry,25-50m,46195.546,46262.0042,73818.4192,12
2016,bunker,other_registry,50-75m,15291.3933,5638.0542,23156.2756,3
2016,bunker,other_registry,75-100m,7461.42773,107498.057,17035.9547,2
2016,cargo.bulk_carrier,imo,100-125m,608300.496,5187463.69,1168011.16,196
2016,cargo.bulk_carrier,imo,125-150m,942214.001,6278060.53,1203889,204
2016,cargo.bulk_carrier,imo,150-175m,3129267.69,17812098.8,3301360.44,544
2016,cargo.bulk_carrier,imo,175-200m,21709357.4,104320293,17559491,2553
2016,cargo.bulk_carrier,imo,200-225m,10989984.3,43705930.3,6738124.99,1041
2016,cargo.bulk_carrier,imo,225m+,37937700.9,112115170,14463313.5,2066
2016,cargo.bulk_carrier,imo,25-50m,39367.4027,358229.577,54335.6225,12
2016,cargo.bulk_carrier,imo,50-75m,39222.371400000004,487417.645,108105.165,22
2016,cargo.bulk_carrier,imo,75-100m,205778.9,2142964.35,512990.645,85
2016,cargo.bulk_carrier,no_registry,0-25m,526.265916,4730.02165,2110.21833,7
2016,cargo.bulk_carrier,no_registry,100-125m,337937.876,3049880.1,925376.114,192
2016,cargo.bulk_carrier,no_registry,125-150m,418175.231,2918382.12,782962.743,134
2016,cargo.bulk_carrier,no_registry,150-175m,1233312.43,7085290.71,2027324.62,318
2016,cargo.bulk_carrier,no_registry,175-200m,1637319.58,7633766.07,1842225.76,276
2016,cargo.bulk_carrier,no_registry,200-225m,1040394.04,3950660.22,838551,125
2016,cargo.bulk_carrier,no_registry,225m+,1421601.6,4376283.79,618651.905,97
2016,cargo.bulk_carrier,no_registry,25-50m,78205.9075,611723.272,333626.908,581
2016,cargo.bulk_carrier,no_registry,50-75m,219911.074,1840278.71,870954.056,723
2016,cargo.bulk_carrier,no_registry,75-100m,177803.975,1568722.35,602152.525,209
2016,cargo.bulk_carrier,other_registry,0-25m,473.47325,9007.58808,2729.54167,1
2016,cargo.bulk_carrier,other_registry,100-125m,247766.001,2145922.15,474694.897,84
2016,cargo.bulk_carrier,other_registry,125-150m,394820.819,2786268.94,507212.302,88
2016,cargo.bulk_carrier,other_registry,150-175m,1503118.13,8522362.78,1655861.39,281
2016,cargo.bulk_carrier,other_registry,175-200m,10297154.5,49496993.7,8392252.45,1251
2016,cargo.bulk_carrier,other_registry,200-225m,5373102.13,21691798.2,3316160.68,492
2016,cargo.bulk_carrier,other_registry,225m+,18373132.1,54658233.8,7061867.48,1022
2016,cargo.bulk_carrier,other_registry,25-50m,13671.045,196960.321,35718.2753,8
2016,cargo.bulk_carrier,other_registry,50-75m,27137.7339,386994.842,103226.312,17
2016,cargo.bulk_carrier,other_registry,75-100m,89673.6389,991361.505,261632.964,41
2016,cargo.container,imo,100-125m,571986.608,3383529.35,593779.829,95
2016,cargo.container,imo,125-150m,3448243.07,16734394.4,2359996.69,353
2016,cargo.container,imo,150-175m,5058614.33,19148068.6,2601319.3,392
2016,cargo.container,imo,175-200m,6173745.89,19373960.3,2525805.29,373
2016,cargo.container,imo,200-225m,6348453.01,16607519.5,1863912.51,265
2016,cargo.container,imo,225m+,63103031.5,105428038,9923002.29,1344
2016,cargo.container,imo,50-75m,23888.6464,69109.3207,44466.8175,9
2016,cargo.container,imo,75-100m,150977.287,1090945.76,223967.931,42
2016,cargo.container,no_registry,100-125m,165963.237,898663.326,212064.983,48
2016,cargo.container,no_registry,125-150m,502094.244,2255961.14,381870.364,80
2016,cargo.container,no_registry,150-175m,940381.626,3133971.22,524379.937,88
2016,cargo.container,no_registry,175-200m,663573.498,2075515.44,292636.467,52
2016,cargo.container,no_registry,200-225m,1062583.13,2734503.69,334183.878,52
2016,cargo.container,no_registry,225m+,4751704.72,8079601.06,800041.089,122
2016,cargo.container,no_registry,25-50m,129224.339,344760.475,220256.267,70
2016,cargo.container,no_registry,50-75m,470265.694,1692245.21,795123.809,224
2016,cargo.container,no_registry,75-100m,322799.994,1441813.22,529431.857,109
2016,cargo.container,other_registry,100-125m,240098.824,1331433.74,261278.015,48
2016,cargo.container,other_registry,125-150m,1605079.75,7883380.46,1060597.64,149
2016,cargo.container,other_registry,150-175m,2582998.56,9582057.93,1327667.3,199
2016,cargo.container,other_registry,175-200m,2960942.67,9358681.88,1227839.35,189
2016,cargo.container,other_registry,200-225m,3490709.65,8854806.67,995638.343,145
2016,cargo.container,other_registry,225m+,32336428.9,53506292.4,4964889.62,673
2016,cargo.container,other_registry,25-50m,2494.1069,16149.7478,5091.5875,1
2016,cargo.container,other_registry,50-75m,7944.54525,39002.8038,13647.2344,2
2016,cargo.container,other_registry,75-100m,58440.3642,417673.423,77351.5531,17
2016,cargo.general,imo,0-25m,2530.58649,109959.245,63492.51,21
2016,cargo.general,imo,100-125m,5699649.46,45362995.8,10934611.2,2013
2016,cargo.general,imo,125-150m,6064837.18,31266946.5,5975192.93,968
2016,cargo.general,imo,150-175m,3513450.83,14736069.1,2674236.44,443
2016,cargo.general,imo,175-200m,2839834.02,11147162.8,1689722.07,244
2016,cargo.general,imo,200-225m,595424.436,2285605.44,320480.313,48
2016,cargo.general,imo,225m+,306998.41,782051.012,127091.411,28
2016,cargo.general,imo,25-50m,101168.417,1587482.95,784093.716,167
2016,cargo.general,imo,50-75m,599108.596,10242543.4,3720588.78,815
2016,cargo.general,imo,75-100m,3353477.93,47625454.9,12508143.2,2337
2016,cargo.general,no_registry,0-25m,39349.167,138607.358,86017.4839,199
2016,cargo.general,no_registry,100-125m,3359966.19,20007993.5,6214008.49,1821
2016,cargo.general,no_registry,125-150m,1044057.16,4709464.37,1024146.78,202
2016,cargo.general,no_registry,150-175m,835486.607,3272626.06,715038.121,118
2016,cargo.general,no_registry,175-200m,212766.492,818358.506,131200.596,24
2016,cargo.general,no_registry,200-225m,12588.7807,49810.5752,8310.37389,2
2016,cargo.general,no_registry,225m+,86997.8333,173147.756,24417.4856,4
2016,cargo.general,no_registry,25-50m,5157508.47,21798374.5,12505482,9834
2016,cargo.general,no_registry,50-75m,14003950.3,77140928.6,37106286.9,18216
2016,cargo.general,no_registry,75-100m,6467158.26,41400848,15751461.5,5862
2016,cargo.general,other_registry,0-25m,1932.32695,87277.0344,49068.4219,10
2016,cargo.general,other_registry,100-125m,2871592.32,23399534.8,5692949.22,1040
2016,cargo.general,other_registry,125-150m,2883592.33,14888234.6,2893625.25,473
2016,cargo.general,other_registry,150-175m,1756401.21,7579024.65,1313994.01,215
2016,cargo.general,other_registry,175-200m,1626753.84,6486023.3,976037.475,139
2016,cargo.general,other_registry,200-225m,381412.788,1370225.01,188379.062,29
2016,cargo.general,other_registry,225m+,130503.33,354437.489,47316.7889,11
2016,cargo.general,other_registry,25-50m,62802.9743,725895.273,380538.406,91
2016,cargo.general,other_registry,50-75m,242629.869,4309852.64,1651205.1,362
2016,cargo.general,other_registry,75-100m,1617520.76,23817413.7,6269518.82,1149
2016,cargo.refrigerated,imo,100-125m,79642.2055,191284.861,45375.7803,8
2016,cargo.refrigerated,imo,125-150m,465314.523,1284496.39,140455.302,21
2016,cargo.refrigerated,imo,150-175m,483429.936,1201506.94,128849.853,17
2016,cargo.refrigerated,imo,175-200m,113530.473,236322.745,27197.2692,6
2016,cargo.refrigerated,imo,200-225m,76654.9608,118956.086,15979.0789,2
2016,cargo.refrigerated,imo,225m+,22303.9277,63831.0756,19873.2458,3
2016,cargo.refrigerated,imo,25-50m,137.974511,2488.17621,546.130556,1
2016,cargo.refrigerated,imo,50-75m,16400.4492,105401.79,21521.8669,6
2016,cargo.refrigerated,imo,75-100m,42946.6421,179465.431,47248.5147,6
2016,cargo.refrigerated,no_registry,125-150m,16394.5193,16035.1601,6814.77444,1
2016,cargo.refrigerated,no_registry,150-175m,36082.2697,101906.366,7526.40139,1
2016,cargo.refrigerated,no_registry,25-50m,24120.1335,122788.553,36178.8869,31
2016,cargo.refrigerated,no_registry,50-75m,26456.0771,86587.1577,31711.0436,25
2016,cargo.refrigerated,no_registry,75-100m,7310.8309,8694.53166,4075.25944,3
2016,cargo.refrigerated,other_registry,100-125m,41056.1693,111595.589,16953.7367,2
2016,cargo.refrigerated,other_registry,125-150m,279792.273,789951.194,75548.7261,11
2016,cargo.refrigerated,other_registry,150-175m,170150.498,382497.319,33376.6364,4
2016,cargo.refrigerated,other_registry,175-200m,47480.9457,105857.493,8783.78111,1
2016,cargo.refrigerated,other_registry,200-225m,84555.3969,118148.739,8784.11417,1
2016,cargo.refrigerated,other_registry,225m+,85329.0666,145657.785,14444.7347,2
2016,cargo.refrigerated,other_registry,25-50m,270.120941,1766.07374,953.635,1
2016,cargo.refrigerated,other_registry,50-75m,13213.7537,71364.0992,15596.2875,3
2016,cargo.refrigerated,other_registry,75-100m,43655.7499,165924.92,40571.9114,5
2016,cargo.ro_ro,imo,0-25m,8431.60372,20053.0163,14006.2039,7
2016,cargo.ro_ro,imo,100-125m,428065.338,1952349.96,369560.73,57
2016,cargo.ro_ro,imo,125-150m,1344774.38,5234000.83,701745.035,101
2016,cargo.ro_ro,imo,150-175m,3712513.55,11216879.7,1197526.19,167
2016,cargo.ro_ro,imo,175-200m,5059493.77,14824776.4,1423342.81,190
2016,cargo.ro_ro,imo,200-225m,7200092.98,21820985.7,1964114.31,263
2016,cargo.ro_ro,imo,225m+,3550344.51,8560371.23,756307.542,108
2016,cargo.ro_ro,imo,25-50m,158631.545,543456.558,268328.988,72
2016,cargo.ro_ro,imo,50-75m,589619.631,1957857.45,895013.239,200
2016,cargo.ro_ro,imo,75-100m,229790.195,872277.57,301464.611,77
2016,cargo.ro_ro,no_registry,0-25m,10103.759,7506.66941,19085.0428,8
2016,cargo.ro_ro,no_registry,100-125m,68563.056,254075.941,62187.0853,26
2016,cargo.ro_ro,no_registry,125-150m,266096.009,824710.935,125204.908,36
2016,cargo.ro_ro,no_registry,150-175m,365693.55,946681.938,103869.86,27
2016,cargo.ro_ro,no_registry,175-200m,251645.948,415939.468,52266.6739,17
2016,cargo.ro_ro,no_registry,200-225m,253589.665,685564.278,63556.2131,12
2016,cargo.ro_ro,no_registry,225m+,274656.66,543518.811,48859.8269,9
2016,cargo.ro_ro,no_registry,25-50m,387503.05,797970.576,599333.193,241
2016,cargo.ro_ro,no_registry,50-75m,318182.115,850639.997,462965.302,224
2016,cargo.ro_ro,no_registry,75-100m,64588.6955,166902.67,89962.5747,49
2016,cargo.ro_ro,other_registry,0-25m,8450.99052,20779.429,15041.4878,4
2016,cargo.ro_ro,other_registry,100-125m,201942.36,877832.344,166055.715,26
2016,cargo.ro_ro,other_registry,125-150m,689494.346,2563858.74,327655.379,44
2016,cargo.ro_ro,other_registry,150-175m,1819248.16,5320977.9,578363.449,78
2016,cargo.ro_ro,other_registry,175-200m,2254592.24,6510172.24,673737.263,90
2016,cargo.ro_ro,other_registry,200-225m,3457072.94,10600775.8,953502.42,127
2016,cargo.ro_ro,other_registry,225m+,1740434.58,4119355.57,366366.695,50
2016,cargo.ro_ro,other_registry,25-50m,113242.184,382425.674,192118.823,53
2016,cargo.ro_ro,other_registry,50-75m,276940.661,829955.193,420339.396,105
2016,cargo.ro_ro,other_registry,75-100m,114081.639,554460.739,155763.797,37
2016,container_reefer,imo,125-150m,477341.113,1398988.88,119684.717,16
2016,container_reefer,imo,150-175m,1693411.1,4357950.89,378681.533,45
2016,container_reefer,imo,175-200m,404163.13,909662.051,68785.6478,9
2016,container_reefer,imo,200-225m,64270.1842,112358.59,8711.94583,1
2016,container_reefer,other_registry,125-150m,176515.604,508368.416,50407.8697,6
2016,container_reefer,other_registry,150-175m,829687.351,2078605.89,178882.485,21
2016,container_reefer,other_registry,175-200m,215960.668,470670.133,33069.3953,4
2016,dive_vessel,imo,100-125m,82378.4416,220879.71,218836.125,36
2016,dive_vessel,imo,125-150m,36330.6599,99517.2325,62226.1936,9
2016,dive_vessel,imo,25-50m,8480.50172,17410.293,56889.8672,7
2016,dive_vessel,imo,50-75m,26015.6454,80274.8288,120722.601,25
2016,dive_vessel,imo,75-100m,243479.569,800364.144,862171.264,146
2016,dive_vessel,no_registry,100-125m,1962.68208,7231.8221,1704.77611,1
2016,dive_vessel,no_registry,150-175m,3973.33276,10525.0638,8330.11917,2
2016,dive_vessel,no_registry,25-50m,1343.77522,2374.48213,7775.31806,1
2016,dive_vessel,no_registry,50-75m,2674.01022,4426.11141,15832.445,4
2016,dive_vessel,no_registry,75-100m,6325.31135,9330.70474,33895.7878,11
2016,dive_vessel,other_registry,100-125m,45634.2699,131518.931,115768.007,20
2016,dive_vessel,other_registry,125-150m,18148.4856,46142.2142,38806.7019,6
2016,dive_vessel,other_registry,150-175m,17014.7695,43782.0577,22320.2411,3
2016,dive_vessel,other_registry,25-50m,461.928686,2954.98778,2512.00361,1
2016,dive_vessel,other_registry,50-75m,17039.8378,63100.2655,75918.3656,12
2016,dive_vessel,other_registry,75-100m,122108.674,369190.448,411909.855,70
2016,dredge_fishing,imo,0-25m,3172.42669,86452.8835,82628.2653,75
2016,dredge_fishing,imo,25-50m,62880.5524,257520.699,307472.084,53
2016,dredge_fishing,no_registry,0-25m,2434.19486,26762.2684,44522.4094,26
2016,dredge_fishing,no_registry,25-50m,20160.6422,78691.6268,95147.3761,18
2016,dredge_fishing,other_registry,0-25m,1101.02343,23231.0514,27170.1972,33
2016,dredge_fishing,other_registry,25-50m,60481.8654,217649.428,259945.336,44
2016,dredge_non_fishing,imo,0-25m,1958.39939,11559.3436,30713.4156,8
2016,dredge_non_fishing,imo,100-125m,218281.563,1161065.58,547897.516,87
2016,dredge_non_fishing,imo,125-150m,254776.444,865598.322,305582.097,42
2016,dredge_non_fishing,imo,150-175m,48207.4009,159212.897,71330.1436,11
2016,dredge_non_fishing,imo,175-200m,27262.8631,69057.9522,30699.3156,4
2016,dredge_non_fishing,imo,200-225m,10577.8757,30017.6062,17039.1167,2
2016,dredge_non_fishing,imo,225m+,2061.01856,6559.29194,8470.01556,1
2016,dredge_non_fishing,imo,25-50m,56099.9984,230176.394,450503.721,80
2016,dredge_non_fishing,imo,50-75m,153698.3,824531.674,1001441.84,205
2016,dredge_non_fishing,imo,75-100m,316125.154,2083196.51,1108808.52,179
2016,dredge_non_fishing,no_registry,0-25m,5491.45322,24197.1042,51160.4933,19
2016,dredge_non_fishing,no_registry,100-125m,18356.9712,122203.243,85992.5411,22
2016,dredge_non_fishing,no_registry,125-150m,7525.36905,43381.6882,21138.0842,6
2016,dredge_non_fishing,no_registry,150-175m,841.71271,1872.91958,5648.87056,2
2016,dredge_non_fishing,no_registry,25-50m,117509.946,402739.594,856849.567,231
2016,dredge_non_fishing,no_registry,50-75m,264459.034,978359.81,1817193.11,566
2016,dredge_non_fishing,no_registry,75-100m,114813.11,268506.513,777621.739,197
2016,dredge_non_fishing,other_registry,0-25m,111.007963,614.166032,773.828611,2
2016,dredge_non_fishing,other_registry,100-125m,73005.6466,390993.246,188041.724,32
2016,dredge_non_fishing,other_registry,125-150m,102994.847,396543.585,106436.988,13
2016,dredge_non_fishing,other_registry,150-175m,73284.2173,225213.269,84201.0139,10
2016,dredge_non_fishing,other_registry,175-200m,4045.94103,9026.22754,7080.66583,1
2016,dredge_non_fishing,other_registry,200-225m,2061.33773,5487.92093,7854.45889,1
2016,dredge_non_fishing,other_registry,225m+,10151.635,28314.4313,15891.0533,2
2016,dredge_non_fishing,other_registry,25-50m,45265.3196,208525.081,333795.211,54
2016,dredge_non_fishing,other_registry,50-75m,83821.4968,434752.846,524765.423,105
2016,dredge_non_fishing,other_registry,75-100m,147200.137,942648.346,522053.085,87
2016,drifting_longlines,imo,0-25m,197479.905,6064566.58,1871976.32,655
2016,drifting_longlines,imo,100-125m,1507.77156,14845.6039,2284.96417,2
2016,drifting_longlines,imo,125-150m,3194.13625,47984.363,7773.275,1
2016,drifting_longlines,imo,150-175m,18386.3011,396061.511,62997.6544,8
2016,drifting_longlines,imo,175-200m,3278.0722,76514.7577,12342.5878,2
2016,drifting_longlines,imo,200-225m,3592.90272,64169.5872,13487.9981,2
2016,drifting_longlines,imo,225m+,1774.29364,40870.3988,6873.51722,1
2016,drifting_longlines,imo,25-50m,458444.661,11843588.6,2852225.76,580
2016,drifting_longlines,imo,50-75m,545911.641,10280012.4,2062973.66,332
2016,drifting_longlines,imo,75-100m,149.656157,10968.1055,4010.37333,3
2016,drifting_longlines,no_registry,0-25m,52917.3784,1156824.63,554159.314,1013
2016,drifting_longlines,no_registry,25-50m,90812.8028,1162376.8,383676.225,445
2016,drifting_longlines,no_registry,50-75m,13216.3244,133923.297,45375.9831,55
2016,drifting_longlines,other_registry,0-25m,96069.6339,2789423.5,894577.85,305
2016,drifting_longlines,other_registry,125-150m,2137.90579,47694.1768,7551.78861,1
2016,drifting_longlines,other_registry,150-175m,2096.58373,49365.7303,7628.82972,1
2016,drifting_longlines,other_registry,200-225m,5605.24265,94787.5393,14405.2703,2
2016,drifting_longlines,other_registry,25-50m,262412.024,6492742.69,1534960.19,293
2016,drifting_longlines,other_registry,50-75m,226259.767,4167211.87,854132.264,134
2016,drifting_longlines,other_registry,75-100m,239.801106,10343.6084,3313.25972,3
2016,driftnets,imo,0-25m,379.576077,3077.64195,3758.87556,4
2016,driftnets,imo,25-50m,1498.05466,16704.1073,8536.38889,11
2016,driftnets,imo,50-75m,1006.9203,2967.3693,3466.4225,3
2016,driftnets,no_registry,0-25m,402710.509,5390048.34,3433695.03,3675
2016,driftnets,no_registry,100-125m,11.3554777,1.71317414,14.1994444,1
2016,driftnets,no_registry,25-50m,833727.766,7118738.27,3600791.35,5266
2016,driftnets,no_registry,50-75m,42647.3084,259990.607,155463.971,344
2016,driftnets,no_registry,75-100m,5304.59664,29891.4317,19011.3939,43
2016,driftnets,other_registry,0-25m,518.717718,10255.1377,6729.32222,4
2016,driftnets,other_registry,25-50m,116.085824,4029.89331,1768.93472,5
2016,fish_factory,imo,125-150m,1638.26719,15284.0571,8121.14111,1
2016,other_fishing,no_registry,0-25m,33.4559296,1192.19884,540.998056,3
2016,other_fishing,no_registry,25-50m,164.76133,684.566534,483.015556,2
2016,other_not_fishing,imo,0-25m,1110.31845,1038.50336,6380.81833,3
2016,other_not_fishing,imo,100-125m,153375.019,249388.636,586204.412,97
2016,other_not_fishing,imo,125-150m,123908.686,219111.041,316629.081,50
2016,other_not_fishing,imo,150-175m,69157.0585,101896.445,100470.538,20
2016,other_not_fishing,imo,175-200m,19261.5257,34438.2996,54706.4336,11
2016,other_not_fishing,imo,200-225m,2583.4419,4219.12574,11611.0997,5
2016,other_not_fishing,imo,225m+,2543.67003,500.264269,14127.9283,4
2016,other_not_fishing,imo,25-50m,50007.9303,54327.9467,286085.737,52
2016,other_not_fishing,imo,50-75m,85289.0872,61236.4323,490013.674,111
2016,other_not_fishing,imo,75-100m,152768.943,148934.692,836627.962,154
2016,other_not_fishing,no_registry,0-25m,1469.28033,404.939198,8725.26278,1
2016,other_not_fishing,no_registry,100-125m,24398.2002,19916.8923,131030.369,29
2016,other_not_fishing,no_registry,125-150m,5055.47255,1349.50614,29985.5981,6
2016,other_not_fishing,no_registry,150-175m,2441.89192,1388.18207,13971.7153,4
2016,other_not_fishing,no_registry,175-200m,5930.0416,2954.33884,34116.2369,7
2016,other_not_fishing,no_registry,200-225m,10500.1465,316.179861,62629.1036,10
2016,other_not_fishing,no_registry,25-50m,27494.3742,13223.8555,160662.867,43
2016,other_not_fishing,no_registry,50-75m,86364.82,40572.6585,506671.377,125
2016,other_not_fishing,no_registry,75-100m,78383.3556,53930.5833,454360.102,100
2016,other_not_fishing,other_registry,0-25m,1024.00648,2535.08429,5656.82889,2
2016,other_not_fishing,other_registry,100-125m,50501.4484,65220.6881,222763.871,36
2016,other_not_fishing,other_registry,125-150m,57992.6836,97925.201,141340.458,23
2016,other_not_fishing,other_registry,150-175m,11790.0748,14504.2403,21722.5844,3
2016,other_not_fishing,other_registry,175-200m,4805.2433,493.358865,28621.9428,5
2016,other_not_fishing,other_registry,200-225m,2127.76884,857.207742,12442.6214,2
2016,other_not_fishing,other_registry,225m+,1425.38386,1502.84289,8030.91722,2
2016,other_not_fishing,other_registry,25-50m,21875.1224,15708.1791,127222.986,23
2016,other_not_fishing,other_registry,50-75m,53289.7628,32209.7225,310700.619,61
2016,other_not_fishing,other_registry,75-100m,88666.7905,99651.7174,457413.448,83
2016,other_purse_seines,imo,0-25m,2717.8156,133787.492,53140.6736,18
2016,other_purse_seines,imo,25-50m,20725.2276,359602.301,117912.049,31
2016,other_purse_seines,imo,50-75m,5480.47206,41955.6697,9971.11056,3
2016,other_purse_seines,no_registry,25-50m,7009.88241,83340.0577,17870.5475,6
2016,other_purse_seines,other_registry,0-25m,758.925264,39666.9899,16152.5867,6
2016,other_purse_seines,other_registry,25-50m,18372.1135,262343.32,80509.0169,20
2016,other_purse_seines,other_registry,50-75m,1618.21234,18848.2951,5378.39889,1
2016,other_seines,imo,0-25m,26275.8087,317351.643,547940.347,100
2016,other_seines,imo,25-50m,3321.6516,20105.9599,15515.5525,2
2016,other_seines,no_registry,0-25m,130.457097,601.379064,2203.53778,1
2016,other_seines,other_registry,0-25m,15346.1437,177368.761,299627.685,55
2016,other_seines,other_registry,25-50m,2351.16208,16463.2967,16178.81,2
2016,passenger,imo,0-25m,4418566.73,8174734.57,8226083.76,5958
2016,passenger,imo,100-125m,1988669.85,6019917.03,1167979.92,162
2016,passenger,imo,125-150m,1603454.34,3596823.99,480661.828,64
2016,passenger,imo,150-175m,2254536.72,4147202.42,454385.918,61
2016,passenger,imo,175-200m,1406349.19,2721951.25,281405.337,36
2016,passenger,imo,200-225m,850337.72,1373496.01,144085.131,17
2016,passenger,imo,225m+,7812986.76,7594975.82,713763.629,88
2016,passenger,imo,25-50m,6602344.28,17798271.5,10024704.8,2237
2016,passenger,imo,50-75m,3576046.98,11136456.7,4734339.72,802
2016,passenger,imo,75-100m,2203222.91,7350455.51,2077567.79,293
2016,passenger,no_registry,0-25m,35348195.1,53624218.5,65869981.4,56495
2016,passenger,no_registry,100-125m,447195.665,1246822.37,332609.163,89
2016,passenger,no_registry,125-150m,117622.291,214548.243,66471.1019,22
2016,passenger,no_registry,150-175m,34150.6801,53191.0738,20494.7261,6
2016,passenger,no_registry,175-200m,28115.1034,5634.74254,15580.4231,5
2016,passenger,no_registry,200-225m,49840.2696,68723.2613,7063.39472,3
2016,passenger,no_registry,25-50m,22096571.8,34395976.2,32923451,11924
2016,passenger,no_registry,50-75m,2824429.49,5692475.41,3360903.02,1201
2016,passenger,no_registry,75-100m,752876.338,2104246.34,754628.504,240
2016,passenger,other_registry,0-25m,2116572.18,3784986.62,3948014.65,2870
2016,passenger,other_registry,100-125m,727743.574,2347522.6,470581.589,70
2016,passenger,other_registry,125-150m,1012809.64,2523094.69,358500.17,49
2016,passenger,other_registry,150-175m,882221.012,1540309.21,162869.173,22
2016,passenger,other_registry,175-200m,846877.282,1512876.52,151156.366,19
2016,passenger,other_registry,200-225m,143942.111,244400.231,24812.865,3
2016,passenger,other_registry,225m+,2899707.25,2952077.89,274348.942,36
2016,passenger,other_registry,25-50m,3564011.82,9784441.96,5307572.92,1129
2016,passenger,other_registry,50-75m,1333106.6,4089272.09,1792106.67,301
2016,passenger,other_registry,75-100m,978975.648,3122714.38,858231.003,132
2016,patrol_vessel,imo,0-25m,8677.82109,69033.6054,52342.3525,27
2016,patrol_vessel,imo,100-125m,34599.9195,163548.273,73532.5731,24
2016,patrol_vessel,imo,125-150m,2467.5078,10749.1479,5906.66528,3
2016,patrol_vessel,imo,25-50m,82197.08,713858.068,458969.623,107
2016,patrol_vessel,imo,50-75m,65271.3816,531019.275,233580.681,83
2016,patrol_vessel,imo,75-100m,64412.5866,429286.269,176375.206,59
2016,patrol_vessel,no_registry,0-25m,105116.549,597918.281,636218.045,450
2016,patrol_vessel,no_registry,100-125m,110666.956,585482.358,165383.583,143
2016,patrol_vessel,no_registry,125-150m,22085.6879,119128.934,28434.5436,24
2016,patrol_vessel,no_registry,150-175m,21773.9093,88157.9289,22370.4536,12
2016,patrol_vessel,no_registry,25-50m,373807.479,2322421.45,2182926.26,950
2016,patrol_vessel,no_registry,50-75m,83532.5446,743537.462,317288.071,260
2016,patrol_vessel,no_registry,75-100m,82540.0452,623179.407,218613.669,187
2016,patrol_vessel,other_registry,0-25m,2532.85171,11716.3905,16422.0597,12
2016,patrol_vessel,other_registry,100-125m,9737.99027,42819.952,27274.5472,9
2016,patrol_vessel,other_registry,125-150m,4043.98211,10759.9282,15342.2858,3
2016,patrol_vessel,other_registry,150-175m,6244.53542,11143.9655,2130.57889,1
2016,patrol_vessel,other_registry,175-200m,365.09777,1691.99579,1484.41639,1
2016,patrol_vessel,other_registry,25-50m,27978.3535,227506.892,157109.004,39
2016,patrol_vessel,other_registry,50-75m,24141.8621,204955.059,105508.611,49
2016,patrol_vessel,other_registry,75-100m,26705.7175,159823.836,73419.9614,27
2016,pole_and_line,imo,0-25m,38848.2419,455788.604,558435.891,213
2016,pole_and_line,imo,25-50m,12885.8692,296218.983,110203.88,38
2016,pole_and_line,imo,50-75m,25073.7589,408812.484,64244.7061,8
2016,pole_and_line,no_registry,0-25m,15823.7743,123639.15,105085.883,105
2016,pole_and_line,no_registry,25-50m,5720.76901,61759.0166,19196.0814,32
2016,pole_and_line,no_registry,50-75m,63.8256606,388.199397,228.156944,2
2016,pole_and_line,other_registry,0-25m,36465.318,228020.708,326566.868,109
2016,pole_and_line,other_registry,25-50m,10621.1817,255302.68,80454.8917,25
2016,pole_and_line,other_registry,50-75m,17283.5474,300591.982,50822.2456,7
2016,pots_and_traps,imo,0-25m,32538.155,892505.884,1203324.17,451
2016,pots_and_traps,imo,25-50m,25263.5675,425230.28,179158.301,41
2016,pots_and_traps,imo,50-75m,915.551034,5300.61265,1635.50361,1
2016,pots_and_traps,no_registry,0-25m,26462.4425,718272.579,780536.036,555
2016,pots_and_traps,no_registry,25-50m,32482.9425,93419.1224,93074.4808,75
2016,pots_and_traps,other_registry,0-25m,15250.3128,443056.905,525967.996,214
2016,pots_and_traps,other_registry,25-50m,19015.8333,204800.553,102718.179,26
2016,research,imo,0-25m,1947.23403,12867.4289,10572.8964,4
2016,research,imo,25-50m,9220.04961,87136.0883,46104.2931,10
2016,research,imo,50-75m,24012.6744,237197.17,77816.385,12
2016,research,imo,75-100m,6391.99734,53948.9159,22391.4453,3
2016,research,no_registry,0-25m,7.13767869,361.559196,318.830278,1
2016,research,no_registry,25-50m,4454.68422,32238.6269,22468.0711,6
2016,research,no_registry,50-75m,2979.45695,18315.721,8032.35361,1
2016,research,other_registry,0-25m,207.845387,33514.7968,8655.78472,1
2016,research,other_registry,25-50m,7871.9397,43478.0785,46758.2639,6
2016,research,other_registry,50-75m,12723.1502,112522.004,40038.5358,7
2016,research,other_registry,75-100m,1417.7959,18.0305453,8783.78972,1
2016,seismic_vessel,imo,0-25m,1833.84283,14330.7524,13595.175,4
2016,seismic_vessel,imo,100-125m,192027.153,881787.087,359142.009,61
2016,seismic_vessel,imo,125-150m,61769.0504,220358.953,111098.428,18
2016,seismic_vessel,imo,150-175m,14839.3061,90328.7745,27769.2117,5
2016,seismic_vessel,imo,175-200m,18879.4499,55690.8301,8759.06556,1
2016,seismic_vessel,imo,200-225m,5106.26487,18120.9012,8781.74389,1
2016,seismic_vessel,imo,25-50m,159320.57,1118244.32,863227.431,152
2016,seismic_vessel,imo,50-75m,348947.188,2826044.51,1325221.26,229
2016,seismic_vessel,imo,75-100m,375192.515,2105266.51,908214.995,157
2016,seismic_vessel,no_registry,0-25m,4028.46437,21036.6676,25847.7519,6
2016,seismic_vessel,no_registry,100-125m,7249.22393,27381.4158,12986.1725,9
2016,seismic_vessel,no_registry,125-150m,2747.35822,7078.3722,16052.3611,6
2016,seismic_vessel,no_registry,25-50m,98433.3204,526312.548,538654.92,124
2016,seismic_vessel,no_registry,50-75m,31499.5359,251920.293,120762.391,42
2016,seismic_vessel,no_registry,75-100m,42285.6035,238962.838,91264.1425,30
2016,seismic_vessel,other_registry,0-25m,2703.9497,6608.76465,15842.1972,2
2016,seismic_vessel,other_registry,100-125m,86504.8639,503686.529,137306.175,23
2016,seismic_vessel,other_registry,125-150m,32593.1342,106214.404,33470.1389,4
2016,seismic_vessel,other_registry,150-175m,23678.5578,86347.1842,14769.0497,2
2016,seismic_vessel,other_registry,175-200m,5460.1959,18498.5949,5608.0675,1
2016,seismic_vessel,other_registry,25-50m,96260.2665,654727.345,509037.358,77
2016,seismic_vessel,other_registry,50-75m,153046.853,1264088.45,548072.708,88
2016,seismic_vessel,other_registry,75-100m,127003.98,787781.33,314212.392,54
2016,set_gillnets,imo,0-25m,42587.1558,2270367.73,1374582.93,609
2016,set_gillnets,imo,25-50m,1124.33151,46845.071,21332.0722,8
2016,set_gillnets,imo,50-75m,19.6995473,2007.71989,856.490556,2
2016,set_gillnets,imo,75-100m,2.59734002,229.933476,91.4733333,2
2016,set_gillnets,no_registry,0-25m,48767.984,1211031.48,1127605.07,1268
2016,set_gillnets,no_registry,25-50m,202667.024,713920.243,596350.756,563
2016,set_gillnets,other_registry,0-25m,19104.1847,1079653.83,658005.706,303
2016,set_gillnets,other_registry,25-50m,550.315928,31579.9693,11129.3211,3
2016,set_gillnets,other_registry,50-75m,73.9101041,6947.43751,2579.67472,2
2016,set_gillnets,other_registry,75-100m,4.78893722,578.53108,154.044444,1
2016,set_longlines,imo,0-25m,25535.9939,683785.869,544496.362,123
2016,set_longlines,imo,25-50m,127392.983,1786826.36,693893.847,119
2016,set_longlines,imo,50-75m,95368.8233,902634.016,306685.575,47
2016,set_longlines,no_registry,0-25m,866.643602,13094.9318,8273.40222,10
2016,set_longlines,no_registry,25-50m,1378.36019,18139.8366,6877.07,13
2016,set_longlines,no_registry,50-75m,2560.01616,28020.618,7817.195,2
2016,set_longlines,other_registry,0-25m,16285.4233,459298.746,344391.037,76
2016,set_longlines,other_registry,100-125m,35.8056104,664.7865,748.505833,1
2016,set_longlines,other_registry,25-50m,46672.4112,664554.604,268700.996,43
2016,set_longlines,other_registry,50-75m,25070.7098,290680.761,87522.39,13
2016,set_longlines,other_registry,75-100m,55.5506745,1667.27636,940.609444,1
2016,specialized_reefer,imo,100-125m,737689.686,2802301.43,602052.571,90
2016,specialized_reefer,imo,125-150m,1110011.23,2997395.27,522317.983,75
2016,specialized_reefer,imo,150-175m,255119.033,381041.629,100483.49,16
2016,specialized_reefer,imo,25-50m,8940.30318,111713.66,21041.4839,8
2016,specialized_reefer,imo,50-75m,103350.19,630392.692,171655.429,42
2016,specialized_reefer,imo,75-100m,430788.115,2290024.31,548167.645,90
2016,specialized_reefer,no_registry,125-150m,26784.2001,78279.5748,8246.33278,2
2016,specialized_reefer,no_registry,50-75m,4784.8268,14079.3302,7919.24028,4
2016,specialized_reefer,no_registry,75-100m,6047.26421,9408.66695,2785.44806,2
2016,specialized_reefer,other_registry,100-125m,411455.233,1445840.37,333305.579,55
2016,specialized_reefer,other_registry,125-150m,747154.712,2002666.52,332669.442,47
2016,specialized_reefer,other_registry,150-175m,144707.648,257238.26,52417.9708,10
2016,specialized_reefer,other_registry,25-50m,4510.50568,33851.9659,7590.21194,4
2016,specialized_reefer,other_registry,50-75m,80363.2592,499671.931,141186.124,25
2016,specialized_reefer,other_registry,75-100m,172179.508,862638.147,244971.51,46
2016,squid_jigger,imo,125-150m,2203.8735,11135.3682,2377.02778,1
2016,squid_jigger,imo,25-50m,90250.3532,834118.313,417168.869,116
2016,squid_jigger,imo,50-75m,349012.717,3182853.8,1053932.9,273
2016,squid_jigger,imo,75-100m,6927.30497,73314.709,16261.5419,4
2016,squid_jigger,no_registry,0-25m,17.4800359,202.219268,239.114167,5
2016,squid_jigger,no_registry,25-50m,27609.4494,188732.595,96517.5669,60
2016,squid_jigger,no_registry,50-75m,25739.3254,176854.956,74428.1253,44
2016,squid_jigger,no_registry,75-100m,21.491393,77.6711257,53.5580556,1
2016,squid_jigger,other_registry,25-50m,52722.909,487203.332,242382.701,64
2016,squid_jigger,other_registry,50-75m,138553.666,1227164.43,419624.492,112
2016,squid_jigger,other_registry,75-100m,11254.0272,132452.673,24014.5894,4
2016,supply_vessel,imo,0-25m,16350.0017,98370.2078,95918.75,33
2016,supply_vessel,imo,100-125m,89622.567,376274.304,256156.096,36
2016,supply_vessel,imo,125-150m,2412.17135,8542.05168,12916.8339,2
2016,supply_vessel,imo,150-175m,6174.12753,20465.9547,8783.28028,1
2016,supply_vessel,imo,25-50m,799054.619,6162053.07,3818281.05,745
2016,supply_vessel,imo,50-75m,918335.594,6109949.82,3674391.28,629
2016,supply_vessel,imo,75-100m,1172879.97,5862555.55,3436848.69,508
2016,supply_vessel,no_registry,0-25m,30074.6676,165486.217,146978.962,66
2016,supply_vessel,no_registry,100-125m,3400.33635,14186.0538,8800.66361,4
2016,supply_vessel,no_registry,125-150m,1046.33053,3438.91284,2645.20972,1
2016,supply_vessel,no_registry,25-50m,804192.862,5820395.01,3852518.64,1005
2016,supply_vessel,no_registry,50-75m,95732.8892,510358.324,445058.622,96
2016,supply_vessel,no_registry,75-100m,74999.2576,402026.313,229005.885,43
2016,supply_vessel,other_registry,0-25m,4532.24758,12527.5514,23337.7933,7
2016,supply_vessel,other_registry,100-125m,37030.5286,176325.225,97381.2625,12
2016,supply_vessel,other_registry,150-175m,6535.45903,30977.7442,14201.9428,2
2016,supply_vessel,other_registry,25-50m,368115.85,2722697.24,1771070.72,353
2016,supply_vessel,other_registry,50-75m,404852.317,2685267.15,1607122.37,291
2016,supply_vessel,other_registry,75-100m,573777.199,3013719.17,1676147.82,252
2016,tanker.chemical,imo,100-125m,4611435.14,21370049.7,4277504.73,635
2016,tanker.chemical,imo,125-150m,4786131.4,17260469,3049713.53,455
2016,tanker.chemical,imo,150-175m,6941527.53,21114431.4,3184171.43,482
2016,tanker.chemical,imo,175-200m,13305190.5,36065141.5,5393678.71,765
2016,tanker.chemical,imo,200-225m,1866713.32,4752965.25,681336.14,104
2016,tanker.chemical,imo,225m+,734839.357,1473812.04,206135.474,33
2016,tanker.chemical,imo,25-50m,41204.1209,172832.347,33520.7947,5
2016,tanker.chemical,imo,50-75m,694234.068,4967559.44,1003851.28,134
2016,tanker.chemical,imo,75-100m,1257952.23,7113281.41,1648098.81,252
2016,tanker.chemical,no_registry,100-125m,801179.523,2899958.87,912740.275,254
2016,tanker.chemical,no_registry,125-150m,185527.857,553534.226,103781.894,21
2016,tanker.chemical,no_registry,150-175m,279265.813,750975.719,129224.74,27
2016,tanker.chemical,no_registry,175-200m,448510.986,1238581.94,187637.484,31
2016,tanker.chemical,no_registry,200-225m,230791.96,588624.156,78663.9969,12
2016,tanker.chemical,no_registry,225m+,57085.2614,102285.641,23945.4847,7
2016,tanker.chemical,no_registry,25-50m,72354.0685,209030.921,104854.488,33
2016,tanker.chemical,no_registry,50-75m,432158.923,2306348.81,638615.656,110
2016,tanker.chemical,no_registry,75-100m,720555.305,3042753.32,1029406.07,198
2016,tanker.chemical,other_registry,100-125m,2183005.76,9939327.2,2029811.34,320
2016,tanker.chemical,other_registry,125-150m,1928203.51,6887589.54,1225158.18,187
2016,tanker.chemical,other_registry,150-175m,3475409.53,10396784.1,1578296.72,224
2016,tanker.chemical,other_registry,175-200m,6680450.43,18299775.6,2690948.53,384
2016,tanker.chemical,other_registry,200-225m,654715.068,1674113.16,254754.416,41
2016,tanker.chemical,other_registry,225m+,420344.76,915547.925,112104.255,17
2016,tanker.chemical,other_registry,25-50m,74990.8004,321967.921,61201.9658,10
2016,tanker.chemical,other_registry,50-75m,289847.935,2177835.2,428003.471,63
2016,tanker.chemical,other_registry,75-100m,597476.867,3447307.64,776320.038,124
2016,tanker.liquefied_gas,imo,100-125m,912552.242,3896175.32,709886.11,100
2016,tanker.liquefied_gas,imo,125-150m,515427.987,1988455.15,340292.163,48
2016,tanker.liquefied_gas,imo,150-175m,1329570.22,4154390.35,578395.254,85
2016,tanker.liquefied_gas,imo,175-200m,984649.418,2657332.61,366963.715,62
2016,tanker.liquefied_gas,imo,200-225m,1446677.46,3330462.37,387927.535,60
2016,tanker.liquefied_gas,imo,225m+,21075998.4,28509140.7,2731332.76,401
2016,tanker.liquefied_gas,imo,25-50m,8.91199144,39.7360092,6.44944444,1
2016,tanker.liquefied_gas,imo,50-75m,359370.56,1728857.73,344051.601,41
2016,tanker.liquefied_gas,imo,75-100m,365351.843,1632438.17,332943.482,55
2016,tanker.liquefied_gas,no_registry,100-125m,47831.9969,137743.686,38728.7867,9
2016,tanker.liquefied_gas,no_registry,125-150m,28391.8537,73047.2643,15220.1814,8
2016,tanker.liquefied_gas,no_registry,150-175m,91497.3742,250401.771,43695.2356,10
2016,tanker.liquefied_gas,no_registry,175-200m,108355.754,130948.695,43069.4267,9
2016,tanker.liquefied_gas,no_registry,200-225m,54408.8947,105455.869,14356.9369,2
2016,tanker.liquefied_gas,no_registry,225m+,598993.218,886612.363,90132.8081,12
2016,tanker.liquefied_gas,no_registry,50-75m,58803.6393,237270.757,55572.3028,8
2016,tanker.liquefied_gas,no_registry,75-100m,52877.1966,200241.835,48174.3369,9
2016,tanker.liquefied_gas,other_registry,100-125m,576940.951,2250787.94,448076.047,62
2016,tanker.liquefied_gas,other_registry,125-150m,309246.197,1262528.31,204044.919,33
2016,tanker.liquefied_gas,other_registry,150-175m,800688.172,2524910.12,351944.381,54
2016,tanker.liquefied_gas,other_registry,175-200m,487962.13,1301080.91,196238.102,29
2016,tanker.liquefied_gas,other_registry,200-225m,857931.473,2075817.3,234221.193,38
2016,tanker.liquefied_gas,other_registry,225m+,9445081.95,12752686.6,1259124.1,182
2016,tanker.liquefied_gas,other_registry,25-50m,13967.9733,22013.5931,13202.2958,3
2016,tanker.liquefied_gas,other_registry,50-75m,253985.871,1259835.19,226989.018,29
2016,tanker.liquefied_gas,other_registry,75-100m,243196.312,887275.376,216074.412,29
2016,tanker.oil,imo,0-25m,955.211677,7172.93709,2642.41778,3
2016,tanker.oil,imo,100-125m,3174920.8,10137742.5,3067053.74,528
2016,tanker.oil,imo,125-150m,2247821.26,4887609.44,1502415.59,297
2016,tanker.oil,imo,150-175m,1714910.51,2593090.3,699597.042,133
2016,tanker.oil,imo,175-200m,5689954.39,8558501.33,1737137.56,267
2016,tanker.oil,imo,200-225m,6871966.95,9441367.42,1761592.02,272
2016,tanker.oil,imo,225m+,51061570.6,65677021.6,9227382.4,1364
2016,tanker.oil,imo,25-50m,474288.795,801778.905,642042.955,125
2016,tanker.oil,imo,50-75m,1854356.8,5749857.35,2774963.85,539
2016,tanker.oil,imo,75-100m,3478551.02,9745575.55,4495728.42,819
2016,tanker.oil,no_registry,0-25m,8613.38117,7978.08659,7555.94833,8
2016,tanker.oil,no_registry,100-125m,1603391.56,5605327.22,1935072.6,334
2016,tanker.oil,no_registry,125-150m,896052.448,1883022.39,577851.559,101
2016,tanker.oil,no_registry,150-175m,522048.677,661145.2,194881.946,35
2016,tanker.oil,no_registry,175-200m,269091.707,446165.728,85165.7119,17
2016,tanker.oil,no_registry,200-225m,360317.655,485616.305,97223.0769,26
2016,tanker.oil,no_registry,225m+,1610599.72,2140227.58,300066.893,53
2016,tanker.oil,no_registry,25-50m,3340028.05,5575010.16,4869788.22,1150
2016,tanker.oil,no_registry,50-75m,3773592.69,10122204.2,5604995.12,1197
2016,tanker.oil,no_registry,75-100m,3079562.46,9727878.83,4545797.31,797
2016,tanker.oil,other_registry,0-25m,9820.60263,12800.5699,17695.6317,3
2016,tanker.oil,other_registry,100-125m,1620084.04,5005414.14,1494242.33,254
2016,tanker.oil,other_registry,125-150m,1098236.8,1943865.49,643192.747,123
2016,tanker.oil,other_registry,150-175m,951447.582,1652319.04,392879.597,64
2016,tanker.oil,other_registry,175-200m,3077106.77,4404589.39,921945.14,143
2016,tanker.oil,other_registry,200-225m,3185763.55,3995540,828301.112,127
2016,tanker.oil,other_registry,225m+,26050070,33561968.8,4685578.88,680
2016,tanker.oil,other_registry,25-50m,162465.341,208773.049,258967.7,52
2016,tanker.oil,other_registry,50-75m,854809.115,2715016.72,1331594.01,258
2016,tanker.oil,other_registry,75-100m,1769595.23,5552267.48,2412292.66,433
2016,tanker.other,imo,100-125m,7188.24502,26555.8747,7180.83694,1
2016,tanker.other,imo,125-150m,2282.60035,56.077173,1711.07444,1
2016,tanker.other,imo,25-50m,13708.9818,8259.97151,11994.905,3
2016,tanker.other,imo,50-75m,33928.0308,28220.8512,28867.0569,4
2016,tanker.other,imo,75-100m,8763.51468,8157.28182,7051.26333,1
2016,tanker.other,no_registry,100-125m,231.798696,1018.59324,257.476389,1
2016,tanker.other,no_registry,25-50m,97168.9915,44967.3691,76643.8519,11
2016,tanker.other,no_registry,50-75m,33994.9675,14129.687,26607.8606,4
2016,tanker.other,other_registry,50-75m,10726.6073,1679.05793,8151.61278,1
2016,tanker.other,other_registry,75-100m,21824.0547,7851.27833,16788.2339,2
2016,trawlers,imo,0-25m,1528468.03,24856100.3,17805031.8,5796
2016,trawlers,imo,100-125m,658393.046,1452335.35,431688.514,84
2016,trawlers,imo,125-150m,102829.927,226361.993,49912.8647,8
2016,trawlers,imo,25-50m,2460746.75,18157672.3,9136879.09,2378
2016,trawlers,imo,50-75m,2616201.67,10439862,3653853.3,645
2016,trawlers,imo,75-100m,628524.247,2102825.27,617606.508,115
2016,trawlers,no_registry,0-25m,2068842.32,26012755.4,16960093.7,18313
2016,trawlers,no_registry,25-50m,4071222.59,27858800.4,13626151.1,18986
2016,trawlers,no_registry,50-75m,224730.444,1196825.65,608807.085,1294
2016,trawlers,no_registry,75-100m,44977.896,138598.607,84267.5197,115
2016,trawlers,other_registry,0-25m,812158.864,12192486.1,8749134.95,2882
2016,trawlers,other_registry,100-125m,368701.134,844269.704,235103.891,48
2016,trawlers,other_registry,125-150m,40126.1862,62754.1312,24864.6972,4
2016,trawlers,other_registry,225m+,4530.03761,20671.0877,8777.845,1
2016,trawlers,other_registry,25-50m,1334734.53,9600453.65,4760046.71,1234
2016,trawlers,other_registry,50-75m,1218009.97,4916237.39,1764996.77,303
2016,trawlers,other_registry,75-100m,299976.471,1079319.8,324777.441,58
2016,trollers,imo,0-25m,12272.2386,242893.924,324215.799,118
2016,trollers,imo,25-50m,1168.26646,10263.4474,11188.9908,3
2016,trollers,no_registry,0-25m,621.611188,14217.5764,19521.2828,11
2016,trollers,other_registry,0-25m,5269.46434,112347.854,120919.419,47
2016,trollers,other_registry,25-50m,177.580876,5108.65319,3125.11528,2
2016,tug,imo,0-25m,558712.594,6703979.37,5642284.74,1274
2016,tug,imo,100-125m,19518.5619,144772.541,105914.304,23
2016,tug,imo,125-150m,3752.05432,19659.3988,34751.3058,9
2016,tug,imo,150-175m,7039.01297,52252.3795,46142.746400000004,8
2016,tug,imo,175-200m,1898.82558,8754.25543,15256.15,3
2016,tug,imo,200-225m,620.969036,1865.04517,8342.3325,1
2016,tug,imo,225m+,564.421628,2136.07031,2019.98139,1
2016,tug,imo,25-50m,2802518.04,22989437.3,23338948.8,4313
2016,tug,imo,50-75m,549908.508,4694599.1,4236705.89,826
2016,tug,imo,75-100m,218163.376,1502982.91,1112270.51,202
2016,tug,no_registry,0-25m,536406.854,4796059.88,6326208.32,3344
2016,tug,no_registry,100-125m,10196.1715,90531.8377,54902.8831,18
2016,tug,no_registry,125-150m,834.062089,3562.93465,11896.6186,5
2016,tug,no_registry,150-175m,753.902184,4076.66431,7469.215,2
2016,tug,no_registry,25-50m,3624204.49,32073949.4,33949732.8,12449
2016,tug,no_registry,50-75m,631049.557,7158548.97,4637107.74,2209
2016,tug,no_registry,75-100m,72143.5355,711990.444,364222.468,101
2016,tug,other_registry,0-25m,294714.653,3509604.66,2985193.01,637
2016,tug,other_registry,100-125m,5074.5832,54672.3149,41443.1167,10
2016,tug,other_registry,125-150m,5461.6429,20856.2278,3455.51861,1
2016,tug,other_registry,150-175m,4977.49639,26923.1411,23479.5797,4
2016,tug,other_registry,175-200m,4079.25992,18482.7769,12670.3342,2
2016,tug,other_registry,200-225m,1402.4207,2706.58882,7162.64333,1
2016,tug,other_registry,225m+,3550.08477,10798.2955,15891.1878,2
2016,tug,other_registry,25-50m,1430444.97,11589190.4,11705827.9,2095
2016,tug,other_registry,50-75m,274367.706,2527522.43,2057860.52,403
2016,tug,other_registry,75-100m,138350.389,884293.175,615950.418,119
2016,tuna_purse_seines,imo,100-125m,11502.9039,45568.87,10260.2406,5
2016,tuna_purse_seines,imo,200-225m,1215.12447,6284.69902,1916.61278,1
2016,tuna_purse_seines,imo,25-50m,17097.7109,191433.522,57911.1178,24
2016,tuna_purse_seines,imo,50-75m,694732.557,5825773.21,1205237.82,198
2016,tuna_purse_seines,imo,75-100m,237588.437,1767555.32,327572.066,87
2016,tuna_purse_seines,no_registry,25-50m,36826.3358,201569.403,77986.6517,47
2016,tuna_purse_seines,no_registry,50-75m,9652.46679,53062.6454,13771.4464,8
2016,tuna_purse_seines,no_registry,75-100m,3183.60437,24681.8617,3533.01806,2
2016,tuna_purse_seines,other_registry,100-125m,5206.33891,22571.5577,5531.34472,4
2016,tuna_purse_seines,other_registry,150-175m,2653.84058,16211.1392,3508.43389,1
2016,tuna_purse_seines,other_registry,25-50m,28978.6161,247670.993,86044.4269,17
2016,tuna_purse_seines,other_registry,50-75m,279867.024,2352723.81,486711.787,83
2016,tuna_purse_seines,other_registry,75-100m,128052.624,977093.235,177097.917,37
2016,well_boat,imo,0-25m,1094.85364,4710.68143,8213.90528,1
2016,well_boat,imo,25-50m,40887.5363,610117.299,162329.982,21
2016,well_boat,imo,50-75m,55711.9969,731071.263,194177.658,25
2016,well_boat,imo,75-100m,20021.0603,126825.496,43389.8242,5
2016,well_boat,other_registry,25-50m,22410.1801,329339.828,92333.7567,11
2016,well_boat,other_registry,50-75m,26964.0196,332830.571,95348.2656,12
2016,well_boat,other_registry,75-100m,5470.34657,29924.8791,19475.8042,4
2017,bunker,imo,0-25m,3717.74901,9232.05892,6754.485,2
2017,bunker,imo,100-125m,62791.9369,661250.695,94168.9719,14
2017,bunker,imo,25-50m,65651.6519,64579.8588,106783.724,21
2017,bunker,imo,50-75m,19773.6569,13706.8532,33226.1075,8
2017,bunker,imo,75-100m,23488.1598,300694.497,40813.9214,6
2017,bunker,no_registry,0-25m,144087.282,305071.668,282039.733,275
2017,bunker,no_registry,100-125m,3006.13359,6463.02156,3253.91222,9
2017,bunker,no_registry,25-50m,1212239.66,2258794.13,1740838.37,1479
2017,bunker,no_registry,50-75m,584748.545,849148.895,609825.812,418
2017,bunker,no_registry,75-100m,53989.138,103012.719,70314.3011,54
2017,bunker,other_registry,100-125m,52321.9029,537377.403,87046.8639,14
2017,bunker,other_registry,25-50m,43631.1648,49858.0385,69756.7133,16
2017,bunker,other_registry,50-75m,18003.4602,7121.43963,27295.9003,4
2017,bunker,other_registry,75-100m,7219.16399,96314.1016,14348.3997,2
2017,cargo.bulk_carrier,imo,0-25m,210.75631,2494.78312,986.788056,1
2017,cargo.bulk_carrier,imo,100-125m,628459.085,5375150.45,1185941.85,184
2017,cargo.bulk_carrier,imo,125-150m,878566.05,5918194.09,1169098.78,185
2017,cargo.bulk_carrier,imo,150-175m,2871947.76,16527259.2,3137200.15,514
2017,cargo.bulk_carrier,imo,175-200m,23345180.4,112451778,19049364.8,2692
2017,cargo.bulk_carrier,imo,200-225m,11590043.9,46416288.4,7146526.69,1033
2017,cargo.bulk_carrier,imo,225m+,40155432.7,118405498,15301420.3,2110
2017,cargo.bulk_carrier,imo,25-50m,38800.3093,341209.065,54778.5558,12
2017,cargo.bulk_carrier,imo,50-75m,39430.6178,538652.846,112971.828,21
2017,cargo.bulk_carrier,imo,75-100m,187002.137,2139698.62,514351.326,80
2017,cargo.bulk_carrier,no_registry,0-25m,962.386359,7764.16151,4104.86083,8
2017,cargo.bulk_carrier,no_registry,100-125m,424363.631,3794476.4,1166630.1,201
2017,cargo.bulk_carrier,no_registry,125-150m,471185.134,3402974.98,843148.432,138
2017,cargo.bulk_carrier,no_registry,150-175m,1327572.35,7875058.31,2090583.47,312
2017,cargo.bulk_carrier,no_registry,175-200m,1693712.7,8092357.94,1829977.62,272
2017,cargo.bulk_carrier,no_registry,200-225m,968059.508,3790039.1,798588.262,125
2017,cargo.bulk_carrier,no_registry,225m+,1288657.61,3990788.59,558507.423,98
2017,cargo.bulk_carrier,no_registry,25-50m,160562.051,1224012.83,691575.459,710
2017,cargo.bulk_carrier,no_registry,50-75m,351235.637,2888078.55,1397034.45,835
2017,cargo.bulk_carrier,no_registry,75-100m,229376.934,1977932.92,801294.543,219
2017,cargo.bulk_carrier,other_registry,100-125m,250406.881,2156076.98,471520.411,82
2017,cargo.bulk_carrier,other_registry,125-150m,361084.483,2621821.86,505458.619,78
2017,cargo.bulk_carrier,other_registry,150-175m,1553064.1,9022678.92,1762359.97,277
2017,cargo.bulk_carrier,other_registry,175-200m,11296480.2,54517977.8,9220026.32,1322
2017,cargo.bulk_carrier,other_registry,200-225m,5474746.76,22063410.2,3469107.25,512
2017,cargo.bulk_carrier,other_registry,225m+,19304682.5,57710385.7,7484791.11,1021
2017,cargo.bulk_carrier,other_registry,25-50m,12719.5242,154340.319,30905.1383,8
2017,cargo.bulk_carrier,other_registry,50-75m,26610.0719,380761.784,104761.501,17
2017,cargo.bulk_carrier,other_registry,75-100m,90515.8205,960609.978,255427.021,40
2017,cargo.container,imo,0-25m,1025.07413,3364.68021,3953.31972,1
2017,cargo.container,imo,100-125m,581857.856,3383711.77,608678.972,98
2017,cargo.container,imo,125-150m,3552615.66,17405718.6,2443168.9,351
2017,cargo.container,imo,150-175m,5202391.84,19735080.6,2682110.94,420
2017,cargo.container,imo,175-200m,6323062.51,19659397.8,2602042.51,399
2017,cargo.container,imo,200-225m,6520882.15,16881377.2,1895612.73,293
2017,cargo.container,imo,225m+,67550253.7,108715479,10060379.5,1413
2017,cargo.container,imo,50-75m,19077.0583,44330.1931,34684.5719,6
2017,cargo.container,imo,75-100m,163754.468,1161677.25,254680.907,41
2017,cargo.container,no_registry,100-125m,159345.998,834534.718,219945.94,43
2017,cargo.container,no_registry,125-150m,364672.191,1647697.06,277139.359,60
2017,cargo.container,no_registry,150-175m,845016.941,2898798.95,468218.817,79
2017,cargo.container,no_registry,175-200m,493423.95,1549266.6,214533.531,41
2017,cargo.container,no_registry,200-225m,739175.253,1874302.3,236095.677,50
2017,cargo.container,no_registry,225m+,3995685.25,6622243.59,630842.424,106
2017,cargo.container,no_registry,25-50m,172430.692,490826.287,291334.064,77
2017,cargo.container,no_registry,50-75m,597981.392,2093905.73,1019363.57,240
2017,cargo.container,no_registry,75-100m,399441.627,1821785.1,653853.597,121
2017,cargo.container,other_registry,100-125m,203871.107,1164884.38,243487.555,44
2017,cargo.container,other_registry,125-150m,1624390.97,8022316.08,1089100.6,152
2017,cargo.container,other_registry,150-175m,2569946.67,9470465.74,1306019.15,200
2017,cargo.container,other_registry,175-200m,3205184.94,9965149.55,1308323.86,205
2017,cargo.container,other_registry,200-225m,3607180.35,9156028.62,1026562.55,148
2017,cargo.container,other_registry,225m+,35679616.4,56807710.9,5192992.65,712
2017,cargo.container,other_registry,25-50m,2495.20534,10759.9815,4314.79889,2
2017,cargo.container,other_registry,50-75m,7679.36261,34390.5791,13126.8253,2
2017,cargo.container,other_registry,75-100m,75104.5509,493327.056,102321.47,18
2017,cargo.general,imo,0-25m,2829.86655,122489.419,66687.7456,20
2017,cargo.general,imo,100-125m,5705358.3,45468533.3,11038245.3,1955
2017,cargo.general,imo,125-150m,6333723.86,33120860.6,6316156.05,991
2017,cargo.general,imo,150-175m,3669579.37,15343970.4,2852664.28,466
2017,cargo.general,imo,175-200m,2878758.78,11429588.8,1777666.04,253
2017,cargo.general,imo,200-225m,568546.415,2271050.59,308217.909,46
2017,cargo.general,imo,225m+,328917.314,796285.174,133948.936,24
2017,cargo.general,imo,25-50m,88057.127,1462514.19,746377.899,170
2017,cargo.general,imo,50-75m,600437.477,10687863.6,3828431.56,781
2017,cargo.general,imo,75-100m,3448722.26,48948239.7,12847114.2,2254
2017,cargo.general,no_registry,0-25m,64080.6429,207983.409,130435.946,228
2017,cargo.general,no_registry,100-125m,4812013.94,24665715.7,8485857.74,1907
2017,cargo.general,no_registry,125-150m,1024346.72,4740208.81,1024479.2,200
2017,cargo.general,no_registry,150-175m,819807.779,3253434.96,692283.168,108
2017,cargo.general,no_registry,175-200m,203660.928,788656.686,130004.892,24
2017,cargo.general,no_registry,200-225m,14072.6212,56746.9634,8862.72917,2
2017,cargo.general,no_registry,225m+,90532.7805,187137.914,24333.975,3
2017,cargo.general,no_registry,25-50m,8291868.81,31507957.4,18805532.7,11382
2017,cargo.general,no_registry,50-75m,20111102.2,99896306.4,49634327,19656
2017,cargo.general,no_registry,75-100m,8980929.63,51889269,20899752.3,6306
2017,cargo.general,other_registry,0-25m,1969.2604,94052.2844,44031.3703,10
2017,cargo.general,other_registry,100-125m,2877957.21,23406953.8,5715742.41,996
2017,cargo.general,other_registry,125-150m,2964686.72,15355569.4,3101056.72,487
2017,cargo.general,other_registry,150-175m,1645491.93,6967651.29,1288997.77,203
2017,cargo.general,other_registry,175-200m,1651390.21,6694712.17,1008590.06,136
2017,cargo.general,other_registry,200-225m,404045.235,1362752.27,196590.316,27
2017,cargo.general,other_registry,225m+,119232.57,344749.941,54461.5933,9
2017,cargo.general,other_registry,25-50m,62754.697,809869.358,442536.077,93
2017,cargo.general,other_registry,50-75m,241462.859,4400813.92,1653728.54,356
2017,cargo.general,other_registry,75-100m,1659661.04,24714018.1,6508618.92,1132
2017,cargo.refrigerated,imo,100-125m,78429.9865,176065.44,48361.9328,8
2017,cargo.refrigerated,imo,125-150m,389864.771,1022728.9,122530.93,18
2017,cargo.refrigerated,imo,150-175m,440547.477,1096571.36,117902.334,18
2017,cargo.refrigerated,imo,175-200m,99969.9407,195021.184,29079.2867,6
2017,cargo.refrigerated,imo,200-225m,69653.8621,100470.582,16318.4597,4
2017,cargo.refrigerated,imo,225m+,26478.2927,61605.298,19391.6572,3
2017,cargo.refrigerated,imo,25-50m,149.497448,3181.0283,614.951111,1
2017,cargo.refrigerated,imo,50-75m,14661.8353,97297.7516,18404.3522,6
2017,cargo.refrigerated,imo,75-100m,46015.2495,217009.969,48501.8575,9
2017,cargo.refrigerated,no_registry,125-150m,17512.2735,26345.7841,6495.00444,1
2017,cargo.refrigerated,no_registry,150-175m,40241.2727,115017.062,8416.88861,1
2017,cargo.refrigerated,no_registry,25-50m,28370.7492,147018.765,43258.8669,44
2017,cargo.refrigerated,no_registry,50-75m,44040.5087,154354.015,48709.4747,43
2017,cargo.refrigerated,no_registry,75-100m,1818.39915,4391.83587,856.343056,1
2017,cargo.refrigerated,other_registry,100-125m,41913.6206,131103.253,16042.0297,2
2017,cargo.refrigerated,other_registry,125-150m,278983.071,756604.881,74781.3917,10
2017,cargo.refrigerated,other_registry,150-175m,152456.897,334532.818,30350.2658,4
2017,cargo.refrigerated,other_registry,175-200m,16914.3169,25134.7087,5617.35306,1
2017,cargo.refrigerated,other_registry,200-225m,76156.4405,107130.068,8758.575,1
2017,cargo.refrigerated,other_registry,225m+,96128.9057,168579.629,16232.7583,2
2017,cargo.refrigerated,other_registry,25-50m,416.849889,2466.97235,1478.09,1
2017,cargo.refrigerated,other_registry,50-75m,17262.6447,95193.2181,20021.6197,3
2017,cargo.refrigerated,other_registry,75-100m,36502.9764,131124.649,35264.9328,5
2017,cargo.ro_ro,imo,0-25m,4276.55192,22623.4252,7891.18833,7
2017,cargo.ro_ro,imo,100-125m,436936.768,1981328.92,371585.959,62
2017,cargo.ro_ro,imo,125-150m,1448053.02,5539768.44,741888.144,103
2017,cargo.ro_ro,imo,150-175m,3887379.13,11617188.1,1226526.44,171
2017,cargo.ro_ro,imo,175-200m,5151615.54,15106621.2,1427541.85,190
2017,cargo.ro_ro,imo,200-225m,7562441.23,22832452.6,2023852.76,262
2017,cargo.ro_ro,imo,225m+,3526072.8,8666744.99,747587.922,102
2017,cargo.ro_ro,imo,25-50m,170289.943,651636.811,288570.219,72
2017,cargo.ro_ro,imo,50-75m,638392.634,2109448.52,992408.605,204
2017,cargo.ro_ro,imo,75-100m,274914.265,1033543.45,377171.493,84
2017,cargo.ro_ro,no_registry,0-25m,15295.7986,13000.0025,27324.9061,9
2017,cargo.ro_ro,no_registry,100-125m,79788.8111,272118.31,79060.2339,34
2017,cargo.ro_ro,no_registry,125-150m,206917.651,590109.758,101512.758,34
2017,cargo.ro_ro,no_registry,150-175m,348773.505,871876.976,90549.4503,26
2017,cargo.ro_ro,no_registry,175-200m,289397.394,539664.417,61216.4092,19
2017,cargo.ro_ro,no_registry,200-225m,210553.542,545622.428,49366.9003,14
2017,cargo.ro_ro,no_registry,225m+,115113.543,237865.392,22164.9125,7
2017,cargo.ro_ro,no_registry,25-50m,544852.252,1034845.2,825804.864,261
2017,cargo.ro_ro,no_registry,50-75m,434940.573,1134304.03,632781.534,256
2017,cargo.ro_ro,no_registry,75-100m,83130.5169,203376.598,117024.638,52
2017,cargo.ro_ro,other_registry,0-25m,7717.57285,21442.4859,13302.1408,4
2017,cargo.ro_ro,other_registry,100-125m,209435.628,895070.883,171840.469,28
2017,cargo.ro_ro,other_registry,125-150m,665998.572,2479905.45,307567.345,45
2017,cargo.ro_ro,other_registry,150-175m,1807479.96,5361483.46,542839.083,76
2017,cargo.ro_ro,other_registry,175-200m,2380764.34,7049288.05,696422.049,96
2017,cargo.ro_ro,other_registry,200-225m,3570871.69,11040901,967522.048,128
2017,cargo.ro_ro,other_registry,225m+,1713999.71,4091856.06,359012.463,52
2017,cargo.ro_ro,other_registry,25-50m,142799.626,463008.706,233218.581,53
2017,cargo.ro_ro,other_registry,50-75m,333816.575,1061353.26,512386.881,114
2017,cargo.ro_ro,other_registry,75-100m,105118.779,396255.205,150129.457,36
2017,container_reefer,imo,125-150m,451118.897,1294731.75,115642.176,16
2017,container_reefer,imo,150-175m,1547360.36,3898719.89,354402.712,47
2017,container_reefer,imo,175-200m,431563.895,971869.71,77374.2308,9
2017,container_reefer,imo,200-225m,66503.1078,120738.517,8760.09417,1
2017,container_reefer,other_registry,125-150m,174510.27,508900.297,49420.5425,6
2017,container_reefer,other_registry,150-175m,759194.675,1899759.18,169945.251,21
2017,container_reefer,other_registry,175-200m,213392.768,459687.937,34691.4761,4
2017,dive_vessel,imo,100-125m,110570.533,309541.585,264664.859,38
2017,dive_vessel,imo,125-150m,46228.2167,125919.384,89817.12,13
2017,dive_vessel,imo,25-50m,7627.51739,19674.1443,51417.0992,7
2017,dive_vessel,imo,50-75m,29175.0207,95099.7132,134589.41,23
2017,dive_vessel,imo,75-100m,266526.947,873600.829,939293.322,136
2017,dive_vessel,no_registry,150-175m,4320.86417,9594.10238,14670.6108,3
2017,dive_vessel,no_registry,25-50m,1510.1811,2876.86332,8731.35028,1
2017,dive_vessel,no_registry,50-75m,4541.08727,19879.1775,20907.6033,8
2017,dive_vessel,no_registry,75-100m,9659.7639,21739.8235,35319.1136,9
2017,dive_vessel,other_registry,100-125m,40588.9423,111705.253,108478.017,19
2017,dive_vessel,other_registry,125-150m,24741.3638,65820.55,44031.4692,8
2017,dive_vessel,other_registry,150-175m,14798.2409,35288.3039,22180.5236,3
2017,dive_vessel,other_registry,25-50m,296.337312,1210.61578,1670.7625,1
2017,dive_vessel,other_registry,50-75m,19561.8898,80455.3433,79244.115,11
2017,dive_vessel,other_registry,75-100m,134573.495,404741.277,451650.099,69
2017,dredge_fishing,imo,0-25m,3729.71836,95661.1802,94620.7406,74
2017,dredge_fishing,imo,25-50m,69771.609,283426.281,340187.751,54
2017,dredge_fishing,no_registry,0-25m,1885.10526,24175.247,40689.4664,23
2017,dredge_fishing,no_registry,25-50m,21922.0994,89023.1096,111837.022,18
2017,dredge_fishing,other_registry,0-25m,2479.86232,37964.7305,41617.885,35
2017,dredge_fishing,other_registry,25-50m,61313.1506,234047.088,257520.212,41
2017,dredge_non_fishing,imo,0-25m,2345.46583,15544.7279,36559.2831,8
2017,dredge_non_fishing,imo,100-125m,244074.257,1327123.33,633620.991,94
2017,dredge_non_fishing,imo,125-150m,239810.669,911473.926,349995.912,54
2017,dredge_non_fishing,imo,150-175m,89834.4429,264719.206,93597.2419,13
2017,dredge_non_fishing,imo,175-200m,39201.7622,90210.8375,32063.6058,4
2017,dredge_non_fishing,imo,200-225m,12860.7982,32834.3107,16061.6678,2
2017,dredge_non_fishing,imo,225m+,5047.77222,17739.8072,6555.595,1
2017,dredge_non_fishing,imo,25-50m,56220.3252,233161.373,449854.502,84
2017,dredge_non_fishing,imo,50-75m,166327.598,884333.582,1095310.27,220
2017,dredge_non_fishing,imo,75-100m,344404.22,2232382.15,1224475.05,195
2017,dredge_non_fishing,no_registry,0-25m,5516.21385,30494.4538,56041.6656,22
2017,dredge_non_fishing,no_registry,100-125m,24125.4473,169063.402,106038.62,27
2017,dredge_non_fishing,no_registry,125-150m,7932.91376,45591.6568,23020.8203,7
2017,dredge_non_fishing,no_registry,150-175m,1244.37373,4662.86733,8094.27278,3
2017,dredge_non_fishing,no_registry,25-50m,134469.462,439422.705,995945.223,251
2017,dredge_non_fishing,no_registry,50-75m,327706.986,1062644.19,2283859.88,652
2017,dredge_non_fishing,no_registry,75-100m,136368.343,272653.621,960943.569,238
2017,dredge_non_fishing,other_registry,0-25m,139.727516,179.810486,1033.85278,2
2017,dredge_non_fishing,other_registry,100-125m,81282.5671,469922.662,212304.918,35
2017,dredge_non_fishing,other_registry,125-150m,76354.5276,321646.164,113813.436,14
2017,dredge_non_fishing,other_registry,150-175m,74698.7794,263204.918,86136.4414,13
2017,dredge_non_fishing,other_registry,175-200m,4302.49842,11603.9486,8676.94056,2
2017,dredge_non_fishing,other_registry,200-225m,7067.5329,27551.4349,8533.21944,1
2017,dredge_non_fishing,other_registry,225m+,23665.4241,52903.332,13199.2544,2
2017,dredge_non_fishing,other_registry,25-50m,42889.513,212319.201,317704.681,56
2017,dredge_non_fishing,other_registry,50-75m,87958.854,452008.541,562306.196,103
2017,dredge_non_fishing,other_registry,75-100m,161187.643,980695.293,591713.084,94
2017,drifting_longlines,imo,0-25m,258940.119,8044334.9,2482975.99,759
2017,drifting_longlines,imo,100-125m,14.2967803,215.345841,218.824444,1
2017,drifting_longlines,imo,125-150m,3574.40563,55966.7666,8390.29944,1
2017,drifting_longlines,imo,150-175m,18022.4634,394287.795,61459.9942,9
2017,drifting_longlines,imo,175-200m,3647.22676,82657.2693,13957.7689,2
2017,drifting_longlines,imo,200-225m,4288.94371,82693.8202,15509.2747,2
2017,drifting_longlines,imo,225m+,2248.36477,57306.7933,7813.085,1
2017,drifting_longlines,imo,25-50m,597207.617,15503246.9,3570575.45,650
2017,drifting_longlines,imo,50-75m,598133.013,12033318.1,2244576.47,353
2017,drifting_longlines,imo,75-100m,157.301767,12900.1515,4301.16417,3
2017,drifting_longlines,no_registry,0-25m,88155.9279,2123859.72,930387.609,1487
2017,drifting_longlines,no_registry,25-50m,107401.024,1531604.74,467550.218,508
2017,drifting_longlines,no_registry,50-75m,15781.0337,180967.294,54097.0536,60
2017,drifting_longlines,other_registry,0-25m,127058.37,3751962.46,1166705.54,346
2017,drifting_longlines,other_registry,125-150m,2045.71235,45701.439,7176.68917,1
2017,drifting_longlines,other_registry,150-175m,2147.16635,50766.3936,7618.24028,1
2017,drifting_longlines,other_registry,200-225m,5908.50558,101902.541,15132.9181,2
2017,drifting_longlines,other_registry,25-50m,297368.616,7521799.64,1680222.64,317
2017,drifting_longlines,other_registry,50-75m,241961.068,4772434.33,903088.121,140
2017,drifting_longlines,other_registry,75-100m,627.881674,21077.444,5599.9925,3
2017,driftnets,imo,0-25m,856.316267,8148.49673,5988.70556,5
2017,driftnets,imo,25-50m,1835.12797,21136.3888,9927.61278,12
2017,driftnets,imo,50-75m,1174.75795,12824.8142,3698.09306,4
2017,driftnets,no_registry,0-25m,455331.434,6009880.5,3959926.08,4078
2017,driftnets,no_registry,25-50m,1075157.07,8147047.94,4605365.36,5856
2017,driftnets,no_registry,50-75m,72759.668,528711.437,264491.6,384
2017,driftnets,no_registry,75-100m,7708.71762,52218.295,28423.6328,46
2017,driftnets,other_registry,0-25m,738.792791,18556.586,9383.40833,6
2017,driftnets,other_registry,25-50m,627.026786,9751.72289,5011.55167,6
2017,driftnets,other_registry,50-75m,21.6869795,722.874955,83.0572222,1
2017,fish_factory,imo,125-150m,1840.05446,18453.8743,8727.09722,1
2017,other_fishing,imo,0-25m,34.7274479,340.949451,687.780833,1
2017,other_fishing,imo,25-50m,1.10759534,98.516454,20.5866667,1
2017,other_fishing,no_registry,0-25m,104.819859,1983.76093,1816.16557,10
2017,other_fishing,no_registry,25-50m,334.806828,1522.92269,1265.76833,5
2017,other_not_fishing,imo,0-25m,397.287933,379.57147,2263.00861,1
2017,other_not_fishing,imo,100-125m,155789.466,239178.316,600795.994,92
2017,other_not_fishing,imo,125-150m,114921.256,196922.364,342355.68,47
2017,other_not_fishing,imo,150-175m,80723.4966,96888.8862,112746.633,17
2017,other_not_fishing,imo,175-200m,16712.9831,21434.7859,58438.3992,9
2017,other_not_fishing,imo,200-225m,1017.80872,561.428957,4091.72278,4
2017,other_not_fishing,imo,225m+,5321.02311,6522.49645,28100.7667,4
2017,other_not_fishing,imo,25-50m,49662.1224,57610.8883,284630.889,60
2017,other_not_fishing,imo,50-75m,99080.7902,69688.7571,572086.584,119
2017,other_not_fishing,imo,75-100m,171845.167,170630.113,951142.412,161
2017,other_not_fishing,no_registry,0-25m,230.671032,94.3413326,1362.29111,1
2017,other_not_fishing,no_registry,100-125m,26422.6839,22420.96,141067.325,27
2017,other_not_fishing,no_registry,125-150m,3951.31901,1980.32233,23122.7578,4
2017,other_not_fishing,no_registry,150-175m,3264.24484,982.333655,18606.0742,3
2017,other_not_fishing,no_registry,175-200m,6591.34527,1590.94564,39217.42,6
2017,other_not_fishing,no_registry,200-225m,13381.9421,958.93109,79672.1619,17
2017,other_not_fishing,no_registry,225m+,495.982526,14.6104891,2958.88167,1
2017,other_not_fishing,no_registry,25-50m,34266.3894,17426.9471,200491.17,55
2017,other_not_fishing,no_registry,50-75m,104995.437,54735.1506,614951.891,138
2017,other_not_fishing,no_registry,75-100m,84257.2448,58296.0679,486549.068,95
2017,other_not_fishing,other_registry,100-125m,63684.9399,115659.602,227915.115,40
2017,other_not_fishing,other_registry,125-150m,68154.3869,117556.267,172711.32,24
2017,other_not_fishing,other_registry,150-175m,7004.69999,7969.69309,16390.7267,3
2017,other_not_fishing,other_registry,175-200m,7886.05082,3476.8007,45894.8564,7
2017,other_not_fishing,other_registry,200-225m,2566.00033,2.86707323,15103.8256,2
2017,other_not_fishing,other_registry,225m+,197.106123,168.99807,1159.13694,1
2017,other_not_fishing,other_registry,25-50m,25523.4386,17618.4345,148424.392,24
2017,other_not_fishing,other_registry,50-75m,55680.9803,51096.8684,319123.302,57
2017,other_not_fishing,other_registry,75-100m,92808.5747,83747.9555,511918.023,86
2017,other_purse_seines,imo,0-25m,2909.32695,147652.458,55765.0922,18
2017,other_purse_seines,imo,25-50m,21716.2338,390767.68,126478.883,34
2017,other_purse_seines,imo,50-75m,12394.5216,82472.0646,28848.0781,4
2017,other_purse_seines,no_registry,25-50m,9418.65798,93343.6003,25732.1261,6
2017,other_purse_seines,other_registry,0-25m,778.552093,41223.9,16683.7494,6
2017,other_purse_seines,other_registry,25-50m,21835.617,280730.371,93621.3267,22
2017,other_purse_seines,other_registry,50-75m,1458.21944,17182.2179,4899.74833,1
2017,other_seines,imo,0-25m,31687.0802,349561.255,635933.789,104
2017,other_seines,imo,25-50m,3729.58302,22308.6394,17517.4931,2
2017,other_seines,no_registry,0-25m,65.7563023,3495.8285,2282.93778,2
2017,other_seines,other_registry,0-25m,18499.2087,175307.627,343860.981,58
2017,other_seines,other_registry,25-50m,2485.72362,19448.9233,17270.4683,2
2017,passenger,imo,0-25m,5864812.67,10344217.4,10873953,7333
2017,passenger,imo,100-125m,2098862.73,6428537.72,1205172.97,167
2017,passenger,imo,125-150m,1657060.95,3798431.41,491518.308,69
2017,passenger,imo,150-175m,2234349.21,4077154.92,449706.951,60
2017,passenger,imo,175-200m,1504216.48,2908806.89,300053.686,36
2017,passenger,imo,200-225m,917631.73,1509925.42,154887.171,18
2017,passenger,imo,225m+,8394272.04,8145157.92,757582.032,91
2017,passenger,imo,25-50m,7228573.98,19857671.6,11073983.3,2378
2017,passenger,imo,50-75m,3842882.76,12491696.1,5194622.75,856
2017,passenger,imo,75-100m,2318786.08,8010607.92,2198893.84,312
2017,passenger,no_registry,0-25m,45407935.6,70451658,84512381.8,68529
2017,passenger,no_registry,100-125m,523087.284,1487121.47,393658.175,109
2017,passenger,no_registry,125-150m,123993.774,225676.155,67474.1242,20
2017,passenger,no_registry,150-175m,30973.9263,47635.3278,20308.8247,10
2017,passenger,no_registry,175-200m,21293.6004,2457.04491,11951.1294,3
2017,passenger,no_registry,200-225m,1918.44559,3106.57542,329.135833,2
2017,passenger,no_registry,225m+,74179.9793,67403.9975,6553.04667,1
2017,passenger,no_registry,25-50m,26371679.5,42820311.2,39071093.4,13581
2017,passenger,no_registry,50-75m,3352708.34,6854670.49,3992792.41,1426
2017,passenger,no_registry,75-100m,912382.445,2453753.45,924621.242,266
2017,passenger,other_registry,0-25m,2779510.28,4828033.22,5143348.79,3550
2017,passenger,other_registry,100-125m,711042.073,2276656.8,483752.826,73
2017,passenger,other_registry,125-150m,1043411.7,2647818.29,366758.995,53
2017,passenger,other_registry,150-175m,951778.126,1629856.17,179325.277,24
2017,passenger,other_registry,175-200m,863531.759,1577255.99,148124.653,19
2017,passenger,other_registry,200-225m,143241.29,245696.708,25552.7717,3
2017,passenger,other_registry,225m+,3216922.53,3246379.91,293820.778,36
2017,passenger,other_registry,25-50m,3927682.53,11248605.1,5865767.93,1194
2017,passenger,other_registry,50-75m,1495274.45,4571555.95,2027219.44,331
2017,passenger,other_registry,75-100m,1025905.45,3476149.64,921754.274,138
2017,patrol_vessel,imo,0-25m,12301.9892,84003.8824,76173.7906,38
2017,patrol_vessel,imo,100-125m,31047.8871,139800.079,56539.9014,22
2017,patrol_vessel,imo,125-150m,1935.59721,11124.9868,4367.23222,3
2017,patrol_vessel,imo,25-50m,83514.812,779605.796,475944.55,108
2017,patrol_vessel,imo,50-75m,65587.6924,540937.357,240667.861,85
2017,patrol_vessel,imo,75-100m,70581.8719,447915.715,191096.947,65
2017,patrol_vessel,no_registry,0-25m,126388.974,715818.26,774837.397,542
2017,patrol_vessel,no_registry,100-125m,119732.189,597053.063,182763.671,149
2017,patrol_vessel,no_registry,125-150m,33480.4429,168630.782,32357.7186,27
2017,patrol_vessel,no_registry,150-175m,25012.1265,100788.322,19779.16,14
2017,patrol_vessel,no_registry,25-50m,440934.671,2856109.15,2578455.55,1054
2017,patrol_vessel,no_registry,50-75m,87281.6063,801898.124,332920.338,297
2017,patrol_vessel,no_registry,75-100m,99878.1179,748727.868,243306.161,196
2017,patrol_vessel,other_registry,0-25m,3993.19658,15281.6285,25555.3756,15
2017,patrol_vessel,other_registry,100-125m,9077.6902,37608.1217,26594.3372,10
2017,patrol_vessel,other_registry,125-150m,3577.25279,9313.10083,12048.6219,3
2017,patrol_vessel,other_registry,150-175m,3360.77816,5418.00206,850.854722,1
2017,patrol_vessel,other_registry,175-200m,705.077711,1812.38407,3677.16833,1
2017,patrol_vessel,other_registry,25-50m,32941.7828,276342.113,188353.086,48
2017,patrol_vessel,other_registry,50-75m,28661.0746,265217.978,119852.649,53
2017,patrol_vessel,other_registry,75-100m,23283.1084,140089.089,77346.3739,28
2017,pole_and_line,imo,0-25m,49832.9821,564104.627,696192.933,228
2017,pole_and_line,imo,25-50m,16314.4329,455417.13,135799.404,39
2017,pole_and_line,imo,50-75m,31617.714,500073.329,81969.2153,12
2017,pole_and_line,no_registry,0-25m,24176.3218,213415.215,149370.486,137
2017,pole_and_line,no_registry,25-50m,9966.70438,117111.458,34804.5856,41
2017,pole_and_line,no_registry,50-75m,228.163959,913.175172,636.642222,3
2017,pole_and_line,other_registry,0-25m,40995.1888,300395.205,407709.042,122
2017,pole_and_line,other_registry,25-50m,12654.0951,305388.389,92399.6031,25
2017,pole_and_line,other_registry,50-75m,17406.8236,312336.223,50238.0928,7
2017,pots_and_traps,imo,0-25m,41400.4525,1051614.63,1622110.43,502
2017,pots_and_traps,imo,25-50m,28814.8902,482264.674,199821.086,46
2017,pots_and_traps,imo,50-75m,2020.02726,9040.23656,3928.84194,1
2017,pots_and_traps,no_registry,0-25m,40417.2258,1051283.36,1055283.57,699
2017,pots_and_traps,no_registry,25-50m,44558.2828,146469.638,126480.817,101
2017,pots_and_traps,other_registry,0-25m,18176.1038,525740.375,720407.793,254
2017,pots_and_traps,other_registry,25-50m,22347.8863,249531.894,122098.387,27
2017,research,imo,0-25m,2695.75239,24774.634,13291.2881,5
2017,research,imo,25-50m,10748.0623,102751.106,52545.1733,10
2017,research,imo,50-75m,24085.5558,216998.92,77334.8008,12
2017,research,imo,75-100m,7253.73349,62189.2902,24681.9611,3
2017,research,no_registry,0-25m,25.8993897,1207.44267,1214.43917,1
2017,research,no_registry,25-50m,4868.78075,37405.1067,24068.5367,6
2017,research,no_registry,50-75m,1426.44852,11906.8547,1970.81833,1
2017,research,other_registry,0-25m,281.281783,28932.348,9116.92222,2
2017,research,other_registry,25-50m,7603.23637,34597.1079,46745.255,6
2017,research,other_registry,50-75m,17400.074,159482.962,53084.5308,8
2017,research,other_registry,75-100m,1346.71254,113.820314,8310.95111,1
2017,seismic_vessel,imo,0-25m,1714.76141,19675.9565,15709.1206,4
2017,seismic_vessel,imo,100-125m,232100.176,1102907.3,381883.091,58
2017,seismic_vessel,imo,125-150m,86491.4669,298381.097,129596.804,20
2017,seismic_vessel,imo,150-175m,33082.275,104927.614,30944.1303,5
2017,seismic_vessel,imo,175-200m,13336.5477,38962.1689,8605.0925,1
2017,seismic_vessel,imo,200-225m,3572.51992,12258.154,8736.93944,1
2017,seismic_vessel,imo,25-50m,171526.588,1194350.13,921791.186,144
2017,seismic_vessel,imo,50-75m,352788.539,2903292.29,1306034.98,214
2017,seismic_vessel,imo,75-100m,405706.033,2318929.37,1002347.26,168
2017,seismic_vessel,no_registry,0-25m,5200.75808,26770.6628,37129.8928,6
2017,seismic_vessel,no_registry,100-125m,5591.52262,23557.4172,15116.8481,10
2017,seismic_vessel,no_registry,125-150m,10280.1361,27083.6041,17841.1689,7
2017,seismic_vessel,no_registry,25-50m,100790.43,561899.604,558125.731,128
2017,seismic_vessel,no_registry,50-75m,29765.0065,210195.477,122640.955,37
2017,seismic_vessel,no_registry,75-100m,33971.6154,189742.745,77226.0725,31
2017,seismic_vessel,other_registry,0-25m,2976.13478,9388.80553,17002.9428,2
2017,seismic_vessel,other_registry,100-125m,72958.6094,465319.053,130878.689,22
2017,seismic_vessel,other_registry,125-150m,38372.9823,124399.151,34029.48,5
2017,seismic_vessel,other_registry,150-175m,18425.8027,73381.5967,14328.9653,2
2017,seismic_vessel,other_registry,175-200m,11017.3391,36356.0562,8201.68917,1
2017,seismic_vessel,other_registry,25-50m,93827.9005,649655.806,497180.676,73
2017,seismic_vessel,other_registry,50-75m,156112.157,1301907.97,559542.716,91
2017,seismic_vessel,other_registry,75-100m,136137.328,805888.67,344561.342,56
2017,set_gillnets,imo,0-25m,45475.6106,2380545.58,1518040.89,639
2017,set_gillnets,imo,25-50m,1318.05069,48178.3837,24757.0889,8
2017,set_gillnets,imo,50-75m,95.6263848,9620.77171,3485.25889,2
2017,set_gillnets,imo,75-100m,25.3051641,1328.28001,981.450556,2
2017,set_gillnets,no_registry,0-25m,76842.6381,1813992.64,1596690.49,1651
2017,set_gillnets,no_registry,25-50m,252884.047,895364.486,737068.489,633
2017,set_gillnets,no_registry,50-75m,255.453925,1175.03608,587.113056,2
2017,set_gillnets,other_registry,0-25m,19219.0567,1084147.63,667503.981,303
2017,set_gillnets,other_registry,25-50m,437.372272,23103.6822,8986.83694,3
2017,set_gillnets,other_registry,50-75m,152.994469,8377.27572,5590.57861,2
2017,set_gillnets,other_registry,75-100m,2.75874732,312.676323,87.2172222,1
2017,set_longlines,imo,0-25m,28171.7892,741345.863,652148.001,128
2017,set_longlines,imo,25-50m,126782.67,1797008.67,681996.159,118
2017,set_longlines,imo,50-75m,99417.8377,1019340.04,316474.33,46
2017,set_longlines,imo,75-100m,10.9426724,292.966409,154.9875,1
2017,set_longlines,no_registry,0-25m,2778.13555,26880.2646,21839.9831,18
2017,set_longlines,no_registry,25-50m,2920.98551,34943.5725,13462.0867,16
2017,set_longlines,no_registry,50-75m,1437.93782,18200.9104,4419.16556,1
2017,set_longlines,other_registry,0-25m,20344.9143,514138.718,399409.001,79
2017,set_longlines,other_registry,100-125m,22.6756547,626.648805,459.242778,1
2017,set_longlines,other_registry,25-50m,51477.2268,726799.959,279271.776,48
2017,set_longlines,other_registry,50-75m,27473.7574,323420.705,96403.4553,14
2017,set_longlines,other_registry,75-100m,105.356744,5322.05501,1654.42306,1
2017,specialized_reefer,imo,100-125m,767451.27,2831273.02,632172.267,92
2017,specialized_reefer,imo,125-150m,1183788.56,3063170.93,569364.206,83
2017,specialized_reefer,imo,150-175m,249636.023,389820.693,92640.7253,17
2017,specialized_reefer,imo,25-50m,15862.4693,167006.112,32497.6358,10
2017,specialized_reefer,imo,50-75m,108284.276,655730.898,178488.092,40
2017,specialized_reefer,imo,75-100m,457064.998,2540187.05,589774.403,94
2017,specialized_reefer,no_registry,100-125m,837.42783,1296.69701,357.415833,2
2017,specialized_reefer,no_registry,125-150m,26926.6382,80037.4499,8361.98972,2
2017,specialized_reefer,no_registry,50-75m,536.204463,3286.05615,376.756944,2
2017,specialized_reefer,no_registry,75-100m,16615.3124,30478.2852,7430.35861,3
2017,specialized_reefer,other_registry,100-125m,510279.105,1722358.31,402996.327,56
2017,specialized_reefer,other_registry,125-150m,693081.072,1875667.53,310771.339,46
2017,specialized_reefer,other_registry,150-175m,168907.139,301563.109,60987.5042,9
2017,specialized_reefer,other_registry,25-50m,8241.22886,62301.9103,13931.5603,5
2017,specialized_reefer,other_registry,50-75m,96104.992,541594.19,166322.624,29
2017,specialized_reefer,other_registry,75-100m,153492.449,783882.663,215220.837,40
2017,squid_jigger,imo,0-25m,127.546029,5046.78621,3144.0725,3
2017,squid_jigger,imo,125-150m,2731.94953,16188.5067,2802.01972,1
2017,squid_jigger,imo,25-50m,112749.185,1370934.27,510731.208,121
2017,squid_jigger,imo,50-75m,445279.619,4619654.44,1311380.33,287
2017,squid_jigger,imo,75-100m,9882.37026,111026.061,22546.9625,6
2017,squid_jigger,no_registry,0-25m,353.991766,3421.01801,2934.52667,27
2017,squid_jigger,no_registry,100-125m,55.3621272,123.715087,85.3430556,1
2017,squid_jigger,no_registry,25-50m,26418.3167,230994.967,89742.9911,68
2017,squid_jigger,no_registry,50-75m,37168.3269,284653.329,109455.653,51
2017,squid_jigger,no_registry,75-100m,168.189901,231.908059,576.677778,1
2017,squid_jigger,other_registry,0-25m,96.5157428,2919.69007,2049.77806,1
2017,squid_jigger,other_registry,25-50m,64906.6257,777273.486,293883.4,67
2017,squid_jigger,other_registry,50-75m,166049.707,1672650.51,500322.552,116
2017,squid_jigger,other_registry,75-100m,10368.2592,123835.844,21682.7467,4
2017,supply_vessel,imo,0-25m,18826.8918,114910.781,104475.38,26
2017,supply_vessel,imo,100-125m,106265.146,418872.028,285143.072,40
2017,supply_vessel,imo,125-150m,2485.44525,6746.70544,14431.7508,2
2017,supply_vessel,imo,150-175m,5743.03771,18764.1423,8760.71722,1
2017,supply_vessel,imo,200-225m,1260.3447,24.3356541,7807.35861,1
2017,supply_vessel,imo,25-50m,893522.227,7313304.32,4214455.46,724
2017,supply_vessel,imo,50-75m,877049.658,5964548.47,3380855.14,548
2017,supply_vessel,imo,75-100m,1222687.72,6013109.64,3469180.47,512
2017,supply_vessel,no_registry,0-25m,36804.5088,236411.033,185835.357,83
2017,supply_vessel,no_registry,100-125m,2844.12999,19947.6141,8740.74667,3
2017,supply_vessel,no_registry,125-150m,4910.82492,16689.4601,8760.02667,1
2017,supply_vessel,no_registry,175-200m,333.188858,1391.91586,518.527778,1
2017,supply_vessel,no_registry,25-50m,878692.304,6862409.71,4072909.68,1004
2017,supply_vessel,no_registry,50-75m,99099.0027,613212.827,442081.239,91
2017,supply_vessel,no_registry,75-100m,73641.7257,349522.307,215525.611,43
2017,supply_vessel,other_registry,0-25m,5760.43955,12503.2047,32061.4308,10
2017,supply_vessel,other_registry,100-125m,36714.5627,184958.212,90526.3458,13
2017,supply_vessel,other_registry,150-175m,1362.16066,7731.39457,2622.74417,2
2017,supply_vessel,other_registry,25-50m,407824.004,3204446.1,1917449.79,348
2017,supply_vessel,other_registry,50-75m,349979.532,2300399.46,1413658.61,239
2017,supply_vessel,other_registry,75-100m,603185.655,3060587.09,1650996,237
2017,tanker.chemical,imo,100-125m,4615095.28,21454954,4308419.74,637
2017,tanker.chemical,imo,125-150m,4983921.52,18046196.6,3223593.65,475
2017,tanker.chemical,imo,150-175m,7164800.89,21820963.4,3354936.68,487
2017,tanker.chemical,imo,175-200m,14436029.6,39267212.3,5972534.15,800
2017,tanker.chemical,imo,200-225m,1914576.53,4940086.23,704727.726,104
2017,tanker.chemical,imo,225m+,771794.389,1532424.85,219260.903,32
2017,tanker.chemical,imo,25-50m,38521.5802,196098.182,38926.0881,6
2017,tanker.chemical,imo,50-75m,726361.222,5129570.02,1047405.58,139
2017,tanker.chemical,imo,75-100m,1264720.74,7271486.65,1653302.93,251
2017,tanker.chemical,no_registry,100-125m,1380125.7,4191962.86,1587912.57,271
2017,tanker.chemical,no_registry,125-150m,114777.159,341383,65764.680300000007,21
2017,tanker.chemical,no_registry,150-175m,228802.063,624603.343,107140.066,23
2017,tanker.chemical,no_registry,175-200m,410754.404,1131702.35,179442.621,35
2017,tanker.chemical,no_registry,200-225m,159556.705,388797.29,54813.6317,16
2017,tanker.chemical,no_registry,225m+,33169.3096,37450.6339,15949.2611,5
2017,tanker.chemical,no_registry,25-50m,101324.719,287178.798,148950.786,32
2017,tanker.chemical,no_registry,50-75m,540686.787,2630992.13,784240.963,138
2017,tanker.chemical,no_registry,75-100m,914920.747,3665586.4,1260906.63,204
2017,tanker.chemical,other_registry,100-125m,2278010.12,10430595.1,2137631.73,320
2017,tanker.chemical,other_registry,125-150m,2102152.63,7455270.81,1343661.29,202
2017,tanker.chemical,other_registry,150-175m,3606936.46,10895033.3,1665188.23,245
2017,tanker.chemical,other_registry,175-200m,7355254.87,20223131.8,3035139.2,409
2017,tanker.chemical,other_registry,200-225m,650204.233,1656259.21,259765.927,38
2017,tanker.chemical,other_registry,225m+,369531.65,824800.904,100783.251,15
2017,tanker.chemical,other_registry,25-50m,79322.36,347361.556,66136.1739,11
2017,tanker.chemical,other_registry,50-75m,322500.605,2262377.92,471099.791,62
2017,tanker.chemical,other_registry,75-100m,624935.076,3725400.11,808807.773,122
2017,tanker.liquefied_gas,imo,100-125m,896862.817,3900650,704304.726,100
2017,tanker.liquefied_gas,imo,125-150m,548093.157,1959282.96,354042.634,51
2017,tanker.liquefied_gas,imo,150-175m,1402941.72,4432671.27,648748.354,92
2017,tanker.liquefied_gas,imo,175-200m,1189270.79,3271806.93,455124.445,71
2017,tanker.liquefied_gas,imo,200-225m,1781729.62,4168828.53,492974.736,72
2017,tanker.liquefied_gas,imo,225m+,23067263.5,31504376.9,3001071.9,425
2017,tanker.liquefied_gas,imo,25-50m,144.371542,92.6222004,123.608056,1
2017,tanker.liquefied_gas,imo,50-75m,390489.906,1919124.9,373087.978,46
2017,tanker.liquefied_gas,imo,75-100m,425585.487,1864325.78,374926.362,54
2017,tanker.liquefied_gas,no_registry,100-125m,31891.6561,93184.2747,26779.3039,8
2017,tanker.liquefied_gas,no_registry,125-150m,24998.4498,65830.9911,12272.9175,5
2017,tanker.liquefied_gas,no_registry,150-175m,57526.784,140447.062,29997.8572,8
2017,tanker.liquefied_gas,no_registry,175-200m,61249.5342,75703.3219,18876.4011,6
2017,tanker.liquefied_gas,no_registry,200-225m,57092.6797,124263.143,14930.6969,4
2017,tanker.liquefied_gas,no_registry,225m+,584304.848,815464.451,88584.1769,17
2017,tanker.liquefied_gas,no_registry,50-75m,56679.5931,207988.471,54384.1658,9
2017,tanker.liquefied_gas,no_registry,75-100m,60604.4302,246165.703,56281.8278,8
2017,tanker.liquefied_gas,other_registry,100-125m,602435.124,2466206.81,468664.995,65
2017,tanker.liquefied_gas,other_registry,125-150m,321910.034,1293516.74,214891.846,34
2017,tanker.liquefied_gas,other_registry,150-175m,761606.115,2445631.33,368088.333,59
2017,tanker.liquefied_gas,other_registry,175-200m,520566.909,1472096.56,221190.755,30
2017,tanker.liquefied_gas,other_registry,200-225m,947563.033,2085140.76,282452.106,37
2017,tanker.liquefied_gas,other_registry,225m+,10911530.4,14918954,1405482.45,198
2017,tanker.liquefied_gas,other_registry,25-50m,11337.245,2344.1985,9867.31222,3
2017,tanker.liquefied_gas,other_registry,50-75m,229925.151,1286113.46,224763.443,30
2017,tanker.liquefied_gas,other_registry,75-100m,237587.864,908070.298,210019.168,27
2017,tanker.oil,imo,0-25m,264.886608,2936.23932,933.964444,2
2017,tanker.oil,imo,100-125m,3246955.19,10230327.8,3141890.7,550
2017,tanker.oil,imo,125-150m,2418504.81,5026571.87,1643725.91,316
2017,tanker.oil,imo,150-175m,1971620.1,2672476.65,752955.777,133
2017,tanker.oil,imo,175-200m,6016195.93,8684225.3,1839836.04,279
2017,tanker.oil,imo,200-225m,7235374.48,9880540.14,1897801.61,286
2017,tanker.oil,imo,225m+,55152363,71931353.3,10230129.7,1487
2017,tanker.oil,imo,25-50m,463301.387,857385.999,658082.347,125
2017,tanker.oil,imo,50-75m,1984234.03,5560304.95,2811331.18,523
2017,tanker.oil,imo,75-100m,3488940.94,10307803.8,4674267.06,820
2017,tanker.oil,no_registry,0-25m,7202.20659,9628.37021,7771.94028,9
2017,tanker.oil,no_registry,100-125m,1777590.57,6331787.61,2136858.28,354
2017,tanker.oil,no_registry,125-150m,980080.929,2180575.7,637710.728,113
2017,tanker.oil,no_registry,150-175m,473053.756,557878.106,179526.551,34
2017,tanker.oil,no_registry,175-200m,210716.898,261547.387,67216.1939,17
2017,tanker.oil,no_registry,200-225m,341496.118,456398.066,95496.1633,25
2017,tanker.oil,no_registry,225m+,1671771.47,2131527.13,313892.279,61
2017,tanker.oil,no_registry,25-50m,3450486.39,5883062.39,5027708.57,1168
2017,tanker.oil,no_registry,50-75m,4128007.45,11387706.6,6188886.72,1238
2017,tanker.oil,no_registry,75-100m,3268157.21,10456589,4799273.36,818
2017,tanker.oil,other_registry,0-25m,9711.90681,12359.5641,17518.66,3
2017,tanker.oil,other_registry,100-125m,1568530.18,5088814.7,1542710.19,264
2017,tanker.oil,other_registry,125-150m,1097524.06,2003256.4,680734.258,127
2017,tanker.oil,other_registry,150-175m,1096789.88,1779082.98,445092.235,68
2017,tanker.oil,other_registry,175-200m,3037765.6,4535220.46,937248.861,144
2017,tanker.oil,other_registry,200-225m,3405754.74,4087893.25,891777.583,136
2017,tanker.oil,other_registry,225m+,28015071.1,36379118.2,5132286.6,739
2017,tanker.oil,other_registry,25-50m,169620.358,198841.126,272128.797,52
2017,tanker.oil,other_registry,50-75m,925348.193,2989546.05,1424698.53,263
2017,tanker.oil,other_registry,75-100m,2007934.13,5777189.84,2585849.51,429
2017,tanker.other,imo,100-125m,8748.60762,32524.8198,8724.89722,1
2017,tanker.other,imo,125-150m,11670.135,259.67848,8760.02306,1
2017,tanker.other,imo,25-50m,17539.0201,12575.788,15739.3917,2
2017,tanker.other,imo,50-75m,32265.47,30620.9019,28119.3728,4
2017,tanker.other,imo,75-100m,8805.53887,7509.3828,6927.25222,1
2017,tanker.other,no_registry,25-50m,100954.948,53017.7131,79779.8764,11
2017,tanker.other,no_registry,50-75m,40126.3427,20388.5255,31533.5614,4
2017,tanker.other,other_registry,50-75m,8199.35721,20635.3069,7829.06472,1
2017,tanker.other,other_registry,75-100m,19868.6253,6751.89057,15294.53,2
2017,trawlers,imo,0-25m,1718840.63,27050335.6,20331105.3,6180
2017,trawlers,imo,100-125m,777157.721,1817841.53,496630.994,85
2017,trawlers,imo,125-150m,111111.8,222475.632,50180.1736,7
2017,trawlers,imo,150-175m,449.420756,3505.83504,3020.02694,2
2017,trawlers,imo,25-50m,2654593.77,19935630.2,10009118.9,2530
2017,trawlers,imo,50-75m,2831859,12264789.3,4003180.69,652
2017,trawlers,imo,75-100m,790165.902,2555323.96,731324.289,121
2017,trawlers,no_registry,0-25m,2534309.18,33207081.8,21188133.9,21606
2017,trawlers,no_registry,100-125m,2123.58912,75.8466227,8194.50944,2
2017,trawlers,no_registry,125-150m,185.026178,698.645059,385.730556,1
2017,trawlers,no_registry,25-50m,4617533.62,30452722.4,15259299.4,20563
2017,trawlers,no_registry,50-75m,354852.675,2079789.94,949455.064,1488
2017,trawlers,no_registry,75-100m,36887.1901,154174.706,88304.0383,118
2017,trawlers,other_registry,0-25m,892227.524,13217556.1,9926106.48,3064
2017,trawlers,other_registry,100-125m,457785.241,1039094.09,285536.164,48
2017,trawlers,other_registry,125-150m,60151.0006,94658.7985,33262.7017,4
2017,trawlers,other_registry,225m+,2378.21405,11098.1588,4696.61639,1
2017,trawlers,other_registry,25-50m,1419571.28,10670147.6,5117966.74,1304
2017,trawlers,other_registry,50-75m,1360192.47,5843046.56,1964630.41,318
2017,trawlers,other_registry,75-100m,347433.693,1273500.55,375427.028,60
2017,trollers,imo,0-25m,15262.7204,305977.189,383119.332,134
2017,trollers,imo,25-50m,606.69174,4313.81751,5048.24972,3
2017,trollers,no_registry,0-25m,1211.88704,26415.365,32181.8006,16
2017,trollers,other_registry,0-25m,6966.15649,141133.902,152880.45,56
2017,trollers,other_registry,25-50m,250.747686,6448.37971,6409.79778,2
2017,tug,imo,0-25m,616409.244,7424972.58,6198267.32,1323
2017,tug,imo,100-125m,21248.0634,167982.133,107673.586,25
2017,tug,imo,125-150m,4373.94142,29845.434,31707.0156,6
2017,tug,imo,150-175m,5708.61042,31675.8454,41185.6725,9
2017,tug,imo,175-200m,1405.45768,7510.90848,12036.14,2
2017,tug,imo,200-225m,605.318247,1948.63465,8218.25333,1
2017,tug,imo,225m+,3727.40002,9235.60999,7506.89417,1
2017,tug,imo,25-50m,3033750.12,25273128.9,25456800.2,4420
2017,tug,imo,50-75m,546419.667,4781886.22,4233794.28,804
2017,tug,imo,75-100m,201259.438,1382202.57,1048006.56,189
2017,tug,no_registry,0-25m,611942.347,5637670.49,7150860.47,3803
2017,tug,no_registry,100-125m,9524.27071,81486.8648,60809.7889,21
2017,tug,no_registry,125-150m,927.633237,5260.34921,12818.6958,5
2017,tug,no_registry,150-175m,672.237012,2762.43913,6801.82083,1
2017,tug,no_registry,25-50m,4244431.52,39659530.6,40086814.9,14491
2017,tug,no_registry,50-75m,737524.429,8686038.23,5604000.67,2516
2017,tug,no_registry,75-100m,69106.2264,740450.36,379927.192,109
2017,tug,other_registry,0-25m,314514.027,3752257.27,3209428.32,660
2017,tug,other_registry,100-125m,6462.72014,59006.0568,46031.8939,14
2017,tug,other_registry,125-150m,919.304931,5671.56294,8134.88278,3
2017,tug,other_registry,150-175m,4562.48775,25540.0384,22064.3022,3
2017,tug,other_registry,175-200m,3778.29447,27327.0991,18147.88,3
2017,tug,other_registry,200-225m,1540.29589,2981.23326,8359.94139,1
2017,tug,other_registry,225m+,3328.44468,11405.1327,17335.8367,2
2017,tug,other_registry,25-50m,1520079.05,12521253.4,12596314,2161
2017,tug,other_registry,50-75m,251587.085,2321897.93,1999200.01,370
2017,tug,other_registry,75-100m,127089.709,829739.412,629802.178,110
2017,tuna_purse_seines,imo,100-125m,12026.6811,39399.5488,11440.0972,5
2017,tuna_purse_seines,imo,200-225m,2780.90548,20686.9342,3943.67667,1
2017,tuna_purse_seines,imo,25-50m,24414.9484,253784.77,72764.8578,24
2017,tuna_purse_seines,imo,50-75m,696652.205,5965298.1,1202539.45,216
2017,tuna_purse_seines,imo,75-100m,241484.65,1687424.07,333020.374,88
2017,tuna_purse_seines,no_registry,25-50m,63023.1107,391032.026,131961.107,49
2017,tuna_purse_seines,no_registry,50-75m,13017.9711,76298.9305,18573.9469,12
2017,tuna_purse_seines,no_registry,75-100m,245.626974,2826.4006,305.126111,1
2017,tuna_purse_seines,other_registry,100-125m,8492.29878,29089.3979,9067.81528,4
2017,tuna_purse_seines,other_registry,150-175m,3886.62468,28817.4418,4905.6575,1
2017,tuna_purse_seines,other_registry,25-50m,29556.5602,255025.32,86717.8794,21
2017,tuna_purse_seines,other_registry,50-75m,297972.145,2640763.84,526497.034,90
2017,tuna_purse_seines,other_registry,75-100m,131515.306,943688.633,182992.553,37
2017,well_boat,imo,0-25m,1137.61128,7831.42993,8446.00583,1
2017,well_boat,imo,25-50m,45557.0673,677832.702,179326.904,22
2017,well_boat,imo,50-75m,61542.5801,821916.986,203685.264,24
2017,well_boat,imo,75-100m,24379.6689,160142.427,55434.1164,7
2017,well_boat,other_registry,25-50m,23496.2126,365320.421,93899.1617,11
2017,well_boat,other_registry,50-75m,29472.793,369342.466,100333.742,12
2017,well_boat,other_registry,75-100m,20307.4615,112050.791,53803.5111,7
2018,bunker,imo,0-25m,2451.37337,5860.21738,4246.84667,2
2018,bunker,imo,100-125m,60146.7906,609048.98,84690.8694,14
2018,bunker,imo,125-150m,9235.31005,53213.9682,7284.785,1
2018,bunker,imo,25-50m,71334.6036,68518.9231,116817.396,24
2018,bunker,imo,50-75m,30774.506,26924.6635,51479.8236,10
2018,bunker,imo,75-100m,18347.0777,259517.875,38085.61,5
2018,bunker,no_registry,0-25m,176628.827,352672.67,341705.263,304
2018,bunker,no_registry,100-125m,3182.08283,5285.48142,3506.59667,11
2018,bunker,no_registry,25-50m,1404785.1,2393349.38,2076344.41,1581
2018,bunker,no_registry,50-75m,514245.494,716582.233,543985.497,402
2018,bunker,no_registry,75-100m,50243.1534,75268.0188,60600.0167,50
2018,bunker,other_registry,0-25m,791.365501,2458.3694,1554.24528,1
2018,bunker,other_registry,100-125m,42576.0796,403521.42,70817.0872,11
2018,bunker,other_registry,25-50m,49477.4018,56981.2725,79192.2936,16
2018,bunker,other_registry,50-75m,10280.7946,4198.91908,15466.9881,4
2018,bunker,other_registry,75-100m,4255.36196,58987.2447,8752.55917,1
2018,cargo.bulk_carrier,imo,100-125m,601325.794,5181694.84,1165550.05,176
2018,cargo.bulk_carrier,imo,125-150m,820344.985,5563401.74,1110408.75,170
2018,cargo.bulk_carrier,imo,150-175m,2793375.33,16244800.5,3148182.94,471
2018,cargo.bulk_carrier,imo,175-200m,23491113.7,113616246,19671666.3,2624
2018,cargo.bulk_carrier,imo,200-225m,11111370.1,44679252.5,7090272.58,962
2018,cargo.bulk_carrier,imo,225m+,39980844.8,118960770,15793658.9,2070
2018,cargo.bulk_carrier,imo,25-50m,52058.7467,453662.377,68647.5347,9
2018,cargo.bulk_carrier,imo,50-75m,32932.5885,459530.645,101006.968,19
2018,cargo.bulk_carrier,imo,75-100m,188848.038,2184971.73,500146.525,79
2018,cargo.bulk_carrier,no_registry,0-25m,1175.72801,7162.37815,5873.00083,10
2018,cargo.bulk_carrier,no_registry,100-125m,473985.464,4061405.45,1294560.69,221
2018,cargo.bulk_carrier,no_registry,125-150m,491925.349,3504963.23,910194.003,161
2018,cargo.bulk_carrier,no_registry,150-175m,1312875,7672381.03,2119304.94,332
2018,cargo.bulk_carrier,no_registry,175-200m,2240946.45,10631899.5,2347935.71,438
2018,cargo.bulk_carrier,no_registry,200-225m,1220708.24,4699676.15,1006172.71,197
2018,cargo.bulk_carrier,no_registry,225m+,1777358.17,5614910.46,777859.373,188
2018,cargo.bulk_carrier,no_registry,25-50m,175461.651,1295231.78,773882.989,748
2018,cargo.bulk_carrier,no_registry,50-75m,373796.459,3019081.46,1507844.67,847
2018,cargo.bulk_carrier,no_registry,75-100m,234186.373,2021956.99,830625.398,222
2018,cargo.bulk_carrier,other_registry,100-125m,226782.379,1989130.13,425003.744,67
2018,cargo.bulk_carrier,other_registry,125-150m,366307.251,2605322.81,497199.626,81
2018,cargo.bulk_carrier,other_registry,150-175m,1468467.55,8524893.73,1668240.26,257
2018,cargo.bulk_carrier,other_registry,175-200m,11590430.1,56084465.3,9614852.45,1283
2018,cargo.bulk_carrier,other_registry,200-225m,5503246.43,22055691.7,3511723.83,481
2018,cargo.bulk_carrier,other_registry,225m+,19167013.5,57725337.5,7704868.13,1012
2018,cargo.bulk_carrier,other_registry,25-50m,11721.472,176612.37,36426.3533,9
2018,cargo.bulk_carrier,other_registry,50-75m,30914.6829,465666.822,111821.46,16
2018,cargo.bulk_carrier,other_registry,75-100m,85748.4779,935480.05,234989.628,39
2018,cargo.container,imo,0-25m,1697.54907,44390.2412,8139.63472,1
2018,cargo.container,imo,100-125m,585524.807,3470014.36,619598.14,91
2018,cargo.container,imo,125-150m,3565820.11,17449706.6,2466691.92,346
2018,cargo.container,imo,150-175m,5037468.21,18929458.9,2671872.75,389
2018,cargo.container,imo,175-200m,6555959.88,20400844.9,2689550.98,393
2018,cargo.container,imo,200-225m,6751017.68,17332200.6,1976570.58,285
2018,cargo.container,imo,225m+,69958776.6,112424993,10471386.4,1377
2018,cargo.container,imo,25-50m,9835.88716,8290.22394,6775.86361,1
2018,cargo.container,imo,50-75m,25815.4425,102126.548,47524.0619,8
2018,cargo.container,imo,75-100m,154770.468,1000614.23,238553.139,40
2018,cargo.container,no_registry,100-125m,215177.213,1158311.85,287751.027,54
2018,cargo.container,no_registry,125-150m,340233.731,1472194.79,278739.744,71
2018,cargo.container,no_registry,150-175m,809354.735,2761563.25,471538.178,97
2018,cargo.container,no_registry,175-200m,429509.002,1364704.38,224931.099,50
2018,cargo.container,no_registry,200-225m,625936.223,1642713.42,223530.903,48
2018,cargo.container,no_registry,225m+,4629769.37,7316513.66,694152.472,163
2018,cargo.container,no_registry,25-50m,194018.045,552996.473,325051.83,85
2018,cargo.container,no_registry,50-75m,611951.026,2239577.79,1046977.54,240
2018,cargo.container,no_registry,75-100m,456117.737,2066772.5,744703.532,128
2018,cargo.container,other_registry,100-125m,200557.253,1236052.43,248628.296,39
2018,cargo.container,other_registry,125-150m,1580595.99,7834065.87,1081412.81,143
2018,cargo.container,other_registry,150-175m,2495357.18,9232688.44,1271710.94,193
2018,cargo.container,other_registry,175-200m,3330987.5,10333317.4,1356242.56,194
2018,cargo.container,other_registry,200-225m,3511102.71,8959301.95,1014288.75,145
2018,cargo.container,other_registry,225m+,37587342.8,59892551.2,5482767.21,712
2018,cargo.container,other_registry,25-50m,2403.11625,7656.22713,4617.09222,2
2018,cargo.container,other_registry,50-75m,7433.58306,39387.3192,12506.955,2
2018,cargo.container,other_registry,75-100m,76450.3996,539099.276,115339.384,18
2018,cargo.general,imo,0-25m,2254.46197,101533.533,55152.2311,24
2018,cargo.general,imo,100-125m,5716003.07,45411998.4,11099250.2,1766
2018,cargo.general,imo,125-150m,6287385.94,32770898.3,6438498.39,968
2018,cargo.general,imo,150-175m,3525577.25,14872362.4,2825060.26,426
2018,cargo.general,imo,175-200m,2790568.02,10997340.7,1796689.58,244
2018,cargo.general,imo,200-225m,543162.564,2110983.28,312962.912,45
2018,cargo.general,imo,225m+,386982.759,937808.343,169865.482,29
2018,cargo.general,imo,25-50m,85183.6642,1352431.48,779336.528,165
2018,cargo.general,imo,50-75m,599890.733,10794647.6,3782824.5,730
2018,cargo.general,imo,75-100m,3418269.83,48517300.5,12795736.8,2026
2018,cargo.general,no_registry,0-25m,66229.3703,211874.941,148650.56,247
2018,cargo.general,no_registry,100-125m,5054966.53,25164784.3,8955014.1,2098
2018,cargo.general,no_registry,125-150m,1086719.51,4770178.39,1124326.94,228
2018,cargo.general,no_registry,150-175m,846087.53,3290209.82,766440.434,136
2018,cargo.general,no_registry,175-200m,193008.518,732702.558,130741.875,33
2018,cargo.general,no_registry,200-225m,28454.9974,97621.8496,17779.6869,6
2018,cargo.general,no_registry,225m+,84380.5114,161479.672,27728.2067,5
2018,cargo.general,no_registry,25-50m,8298040.24,30990372.4,19100648.8,11651
2018,cargo.general,no_registry,50-75m,20595682.4,101558205,51456334.3,20339
2018,cargo.general,no_registry,75-100m,9044552.92,53782398.7,21547140.1,6936
2018,cargo.general,other_registry,0-25m,6224.21366,139007.777,65760.3822,14
2018,cargo.general,other_registry,100-125m,2839957.91,23144438.4,5630762.72,901
2018,cargo.general,other_registry,125-150m,2985188.95,15499820.3,3135470.07,469
2018,cargo.general,other_registry,150-175m,1753137.23,7453105.89,1377952.71,195
2018,cargo.general,other_registry,175-200m,1607472.71,6531013.16,1016401.15,137
2018,cargo.general,other_registry,200-225m,415075.794,1456424.19,202789.996,28
2018,cargo.general,other_registry,225m+,102323.513,273466.43,52768.0775,12
2018,cargo.general,other_registry,25-50m,64888.1326,880829.151,496534.608,96
2018,cargo.general,other_registry,50-75m,241856.306,4448819.81,1676125.84,334
2018,cargo.general,other_registry,75-100m,1628037.55,24582934.7,6539466.52,1038
2018,cargo.refrigerated,imo,100-125m,97498.0852,261122.957,67476.5247,11
2018,cargo.refrigerated,imo,125-150m,278348.346,730070.892,88120.6878,13
2018,cargo.refrigerated,imo,150-175m,347753.78,866901.737,90095.9286,13
2018,cargo.refrigerated,imo,175-200m,79999.9943,155172.372,23320.45,3
2018,cargo.refrigerated,imo,200-225m,79147.4161,119215.495,15976.2344,2
2018,cargo.refrigerated,imo,225m+,30489.0523,89500.2615,17713.5814,3
2018,cargo.refrigerated,imo,50-75m,19455.9991,123098.997,27014.2461,6
2018,cargo.refrigerated,imo,75-100m,35478.3853,153131.401,34975.7375,7
2018,cargo.refrigerated,no_registry,125-150m,20437.5754,23554.8663,8372.63306,1
2018,cargo.refrigerated,no_registry,150-175m,6295.79239,16392.0407,1735.72028,1
2018,cargo.refrigerated,no_registry,25-50m,36180.7483,178723.748,50490.2914,55
2018,cargo.refrigerated,no_registry,50-75m,47572.1796,198905.066,57987.4117,60
2018,cargo.refrigerated,no_registry,75-100m,2414.29493,5321.8503,1400.58611,4
2018,cargo.refrigerated,other_registry,100-125m,40334.7438,112347.848,15660.2597,2
2018,cargo.refrigerated,other_registry,125-150m,281088.504,764310.551,76119.4308,10
2018,cargo.refrigerated,other_registry,150-175m,108899.876,241730.471,25827.2908,4
2018,cargo.refrigerated,other_registry,200-225m,83433.9322,114784.781,8701.52944,1
2018,cargo.refrigerated,other_registry,225m+,75305.9844,121606.351,11862.1769,2
2018,cargo.refrigerated,other_registry,25-50m,260.723901,2938.50576,990.401389,1
2018,cargo.refrigerated,other_registry,50-75m,17816.9957,94017.6748,18469.5169,3
2018,cargo.refrigerated,other_registry,75-100m,42482.3435,169560.2,40190.1467,5
2018,cargo.ro_ro,imo,0-25m,14234.6244,44795.7318,23053.4647,11
2018,cargo.ro_ro,imo,100-125m,441141.586,1954667.91,378610.53,58
2018,cargo.ro_ro,imo,125-150m,1335784.33,5154410.88,681241.206,99
2018,cargo.ro_ro,imo,150-175m,3787983.77,11274927.4,1205468.67,157
2018,cargo.ro_ro,imo,175-200m,5089664.8,15173409.7,1443754.64,187
2018,cargo.ro_ro,imo,200-225m,7648041.22,23465172,2091446.43,274
2018,cargo.ro_ro,imo,225m+,3323823.73,8298333.85,724718.336,103
2018,cargo.ro_ro,imo,25-50m,179542.094,632330.286,300313.703,72
2018,cargo.ro_ro,imo,50-75m,689927.747,2343722.76,1070674.76,219
2018,cargo.ro_ro,imo,75-100m,307356.434,1102355.36,425942.047,77
2018,cargo.ro_ro,no_registry,0-25m,14137.6125,15891.7664,28568.2547,17
2018,cargo.ro_ro,no_registry,100-125m,88287.793,304107.246,91071.1331,39
2018,cargo.ro_ro,no_registry,125-150m,219172.572,665513.108,121896.315,39
2018,cargo.ro_ro,no_registry,150-175m,291652.021,697411.248,72833.9017,22
2018,cargo.ro_ro,no_registry,175-200m,358086.294,645576.922,72763.6028,21
2018,cargo.ro_ro,no_registry,200-225m,255611.858,657985.005,64882.9389,21
2018,cargo.ro_ro,no_registry,225m+,125687.929,233481.896,25971.3097,15
2018,cargo.ro_ro,no_registry,25-50m,592376.916,1082579.28,893268.408,325
2018,cargo.ro_ro,no_registry,50-75m,477091.87,1260619.4,703106.288,300
2018,cargo.ro_ro,no_registry,75-100m,104450.094,214554.279,149867.249,68
2018,cargo.ro_ro,other_registry,0-25m,10040.0119,28067.1016,17827.4081,4
2018,cargo.ro_ro,other_registry,100-125m,209141.686,890901.749,171842.29,25
2018,cargo.ro_ro,other_registry,125-150m,652687.899,2403453.01,297276.551,39
2018,cargo.ro_ro,other_registry,150-175m,1828852.06,5297675.34,560105.064,70
2018,cargo.ro_ro,other_registry,175-200m,2501988.3,7555752.83,741574.728,97
2018,cargo.ro_ro,other_registry,200-225m,3633719.71,11178177.2,1008681.32,129
2018,cargo.ro_ro,other_registry,225m+,1731290.11,4215138.02,369206.942,51
2018,cargo.ro_ro,other_registry,25-50m,163352.187,421200.852,261620.799,57
2018,cargo.ro_ro,other_registry,50-75m,357559.069,1162161.63,551686.769,119
2018,cargo.ro_ro,other_registry,75-100m,100513.26,347728.274,148210.011,32
2018,container_reefer,imo,125-150m,382950.46,1090405.34,97254.5558,15
2018,container_reefer,imo,150-175m,1614382.99,4061887.66,354642.127,45
2018,container_reefer,imo,175-200m,367124.83,778085.211,72424.9583,11
2018,container_reefer,imo,200-225m,57666.468,99316.0846,8639.16222,1
2018,container_reefer,other_registry,125-150m,194335.643,562486.218,53411.9478,7
2018,container_reefer,other_registry,150-175m,731934.767,1797972.26,163036.593,21
2018,container_reefer,other_registry,175-200m,204168.768,402435.84,33487.6592,4
2018,dive_vessel,imo,100-125m,105958.12,300104.456,272772.442,35
2018,dive_vessel,imo,125-150m,68268.9449,192785.679,115632.996,15
2018,dive_vessel,imo,25-50m,6732.11683,14736.7724,46608.2031,7
2018,dive_vessel,imo,50-75m,33288.1528,115104.706,154089.165,24
2018,dive_vessel,imo,75-100m,293972.097,996431.404,997251.421,138
2018,dive_vessel,no_registry,100-125m,851.857865,2342.72192,2535.89694,1
2018,dive_vessel,no_registry,150-175m,2933.77516,7699.6604,9069.71778,3
2018,dive_vessel,no_registry,25-50m,1494.72866,1853.24943,8760.00278,1
2018,dive_vessel,no_registry,50-75m,6821.11098,28629.7162,34146.4867,9
2018,dive_vessel,no_registry,75-100m,26341.8547,86060.0137,85204.6336,22
2018,dive_vessel,other_registry,100-125m,54861.6366,142428.95,137980.907,20
2018,dive_vessel,other_registry,125-150m,26905.0637,79932.7536,66093.4842,8
2018,dive_vessel,other_registry,150-175m,9805.75395,20724.6375,17071.5089,2
2018,dive_vessel,other_registry,50-75m,22123.0688,85231.8044,90346.0378,13
2018,dive_vessel,other_registry,75-100m,144485.052,461201.688,466035.447,67
2018,dredge_fishing,imo,0-25m,3097.09979,78503.0127,83039.2497,69
2018,dredge_fishing,imo,25-50m,69497.9309,242311.418,339887.444,52
2018,dredge_fishing,no_registry,0-25m,2438.32782,23818.3388,52554.8208,28
2018,dredge_fishing,no_registry,25-50m,19687.2659,81190.9759,99424.8447,16
2018,dredge_fishing,other_registry,0-25m,3617.00528,36931.6327,42830.9178,34
2018,dredge_fishing,other_registry,25-50m,62415.2802,209750.271,264609.807,41
2018,dredge_non_fishing,imo,0-25m,2173.75146,19826.0962,33175.9211,7
2018,dredge_non_fishing,imo,100-125m,246932.621,1365088.77,649944.257,101
2018,dredge_non_fishing,imo,125-150m,300920.68,1163981.59,381478.267,54
2018,dredge_non_fishing,imo,150-175m,71652.5816,187755.609,92417.5253,13
2018,dredge_non_fishing,imo,175-200m,41416.8975,99719.4512,33502.1506,4
2018,dredge_non_fishing,imo,200-225m,3692.63234,5747.73379,17147.1894,2
2018,dredge_non_fishing,imo,225m+,10437.9919,41771.8144,9754.68583,2
2018,dredge_non_fishing,imo,25-50m,63838.2951,275130.381,454028.738,88
2018,dredge_non_fishing,imo,50-75m,170536.579,877289.071,1128172.08,215
2018,dredge_non_fishing,imo,75-100m,353753.53,2230178.61,1304839.93,193
2018,dredge_non_fishing,no_registry,0-25m,4333.58495,26406.6212,44782.9172,21
2018,dredge_non_fishing,no_registry,100-125m,25466.8965,216265.269,96425.0767,23
2018,dredge_non_fishing,no_registry,125-150m,7240.48897,43624.6506,20956.1022,6
2018,dredge_non_fishing,no_registry,150-175m,1839.93727,3389.6404900000002,13186.4461,3
2018,dredge_non_fishing,no_registry,25-50m,154330.311,479415.317,1144781.09,282
2018,dredge_non_fishing,no_registry,50-75m,361748.868,973341.066,2563121.32,708
2018,dredge_non_fishing,no_registry,75-100m,162372.706,373364.311,1121753.13,254
2018,dredge_non_fishing,other_registry,0-25m,285.869041,95.4747185,2156.00306,2
2018,dredge_non_fishing,other_registry,100-125m,90868.8172,522265.847,214159.928,37
2018,dredge_non_fishing,other_registry,125-150m,73369.5986,315901.025,103924.479,13
2018,dredge_non_fishing,other_registry,150-175m,70052.4235,250725.046,95932.8758,13
2018,dredge_non_fishing,other_registry,175-200m,8327.29429,25750.4535,13692.0639,2
2018,dredge_non_fishing,other_registry,200-225m,854.928356,3932.44155,2736.42722,1
2018,dredge_non_fishing,other_registry,225m+,21195.5118,52754.7865,17383.7644,2
2018,dredge_non_fishing,other_registry,25-50m,41649.3092,203841.853,310030.68,55
2018,dredge_non_fishing,other_registry,50-75m,82816.492800000007,404029.233,543676.054,98
2018,dredge_non_fishing,other_registry,75-100m,152352.931,969062.932,562040.688,93
2018,drifting_longlines,imo,0-25m,315026.643,10100369.7,2969091.57,808
2018,drifting_longlines,imo,100-125m,7.66950496,115.768911,117.648611,1
2018,drifting_longlines,imo,125-150m,2501.53741,39352.5132,5805.33611,1
2018,drifting_longlines,imo,150-175m,20900.1051,460115.204,72244.2961,10
2018,drifting_longlines,imo,175-200m,3995.85613,90606.5435,14861.6111,2
2018,drifting_longlines,imo,200-225m,4075.63439,89125.7251,14229.1428,2
2018,drifting_longlines,imo,225m+,2046.00635,50092.9047,7682.35722,1
2018,drifting_longlines,imo,25-50m,669101.49,17885186.1,3911204.47,676
2018,drifting_longlines,imo,50-75m,640629.006,13280344.6,2364045.24,344
2018,drifting_longlines,imo,75-100m,112.21728,8853.21623,3078.675,3
2018,drifting_longlines,no_registry,0-25m,145810.359,4076059.94,1669012.48,1911
2018,drifting_longlines,no_registry,25-50m,118088.164,1753503.13,558522.934,540
2018,drifting_longlines,no_registry,50-75m,17868.9318,267271.35,71957.0936,81
2018,drifting_longlines,no_registry,75-100m,366.890517,1630.79003,950.672222,1
2018,drifting_longlines,other_registry,0-25m,154583.416,4548122.55,1388124.75,367
2018,drifting_longlines,other_registry,125-150m,2054.69892,43509.0233,7283.59583,1
2018,drifting_longlines,other_registry,150-175m,4131.02364,91772.5601,14722.6797,2
2018,drifting_longlines,other_registry,200-225m,5850.25061,97378.497,15470.1489,2
2018,drifting_longlines,other_registry,25-50m,329626.468,8584073.31,1855095.32,338
2018,drifting_longlines,other_registry,50-75m,269367.131,5579693.61,991485.91,144
2018,drifting_longlines,other_registry,75-100m,930.171929,22435.0074,6697.35861,3
2018,driftnets,imo,0-25m,952.165881,9053.17492,7077.88222,7
2018,driftnets,imo,25-50m,1359.12585,19757.2446,8265.36833,14
2018,driftnets,imo,50-75m,2647.17798,16569.2011,8410.84583,5
2018,driftnets,no_registry,0-25m,510566.533,6614115.38,4469017.18,4606
2018,driftnets,no_registry,25-50m,1287488.84,8593002.97,5582903.19,6434
2018,driftnets,no_registry,50-75m,74543.8204,536306.359,267698.419,423
2018,driftnets,no_registry,75-100m,6653.49342,45917.7901,24890.9775,47
2018,driftnets,other_registry,0-25m,1004.43972,28100.6914,13259.3492,8
2018,driftnets,other_registry,25-50m,524.750429,6647.17302,5857.54806,7
2018,driftnets,other_registry,50-75m,36.8520391,251.192526,141.136667,1
2018,fish_factory,imo,125-150m,1455.56626,15501.1544,7981.465,1
2018,other_fishing,imo,0-25m,214.89727,2890.73302,4190.28278,4
2018,other_fishing,imo,25-50m,6.52788105,10.3795342,121.3325,1
2018,other_fishing,no_registry,0-25m,159.500138,2894.39475,2581.64472,28
2018,other_fishing,no_registry,25-50m,118.395835,1416.49754,1016.16639,3
2018,other_fishing,other_registry,0-25m,14.4878174,97.017126,209.265,2
2018,other_not_fishing,imo,0-25m,2347.48911,3949.52118,13367.72,3
2018,other_not_fishing,imo,100-125m,178193.906,271132.739,651559.031,89
2018,other_not_fishing,imo,125-150m,119933.722,202237.762,334936.681,45
2018,other_not_fishing,imo,150-175m,65470.2436,87727.3995,109415.386,18
2018,other_not_fishing,imo,175-200m,13292.2811,13382.9835,51721.3856,7
2018,other_not_fishing,imo,200-225m,1061.87325,2718.20546,4353.43917,1
2018,other_not_fishing,imo,225m+,5596.44569,7500.28143,23998.4525,5
2018,other_not_fishing,imo,25-50m,53756.1592,46912.8442,311665.091,53
2018,other_not_fishing,imo,50-75m,115132.392,103657.712,651331.616,116
2018,other_not_fishing,imo,75-100m,177359.888,157148.141,985662.268,157
2018,other_not_fishing,no_registry,100-125m,31136.1703,37100.1087,148821.559,30
2018,other_not_fishing,no_registry,125-150m,10061.0643,16651.077,35130.9647,10
2018,other_not_fishing,no_registry,150-175m,2940.40151,678.622164,17519.9853,2
2018,other_not_fishing,no_registry,175-200m,6736.8535,936.006964,40158.1433,7
2018,other_not_fishing,no_registry,200-225m,16395.6048,854.62765,97060.1267,18
2018,other_not_fishing,no_registry,225m+,411.240466,13.290947,2450.055,1
2018,other_not_fishing,no_registry,25-50m,35485.2564,17502.0886,208636.781,57
2018,other_not_fishing,no_registry,50-75m,112904.339,64801.996,660302.116,144
2018,other_not_fishing,no_registry,75-100m,93335.5821,75375.5078,534303.598,119
2018,other_not_fishing,other_registry,100-125m,63350.9311,138675.431,223192.212,37
2018,other_not_fishing,other_registry,125-150m,82260.8603,141671.463,183219.331,26
2018,other_not_fishing,other_registry,150-175m,17567.5813,23011.2671,25289.0122,5
2018,other_not_fishing,other_registry,175-200m,5299.84428,3267.47672,29777.1839,6
2018,other_not_fishing,other_registry,200-225m,2971.09408,7.34077737,17520.58,2
2018,other_not_fishing,other_registry,25-50m,24779.1995,15705.3121,144275.158,25
2018,other_not_fishing,other_registry,50-75m,62489.2329,38996.7658,363926.334,59
2018,other_not_fishing,other_registry,75-100m,108617.351,146700.946,558651.278,89
2018,other_purse_seines,imo,0-25m,2736.88707,139527.942,51291.4914,17
2018,other_purse_seines,imo,25-50m,25367.3146,423276.61,130693.861,33
2018,other_purse_seines,imo,50-75m,14348.5237,72981.632,34013.4114,4
2018,other_purse_seines,no_registry,25-50m,13926.4902,140532.437,37412.2619,8
2018,other_purse_seines,other_registry,0-25m,721.111791,42607.477,16214.7961,6
2018,other_purse_seines,other_registry,25-50m,27294.0932,350128.282,108748.319,24
2018,other_purse_seines,other_registry,50-75m,1427.99853,20067.4206,4563.4575,1
2018,other_seines,imo,0-25m,31403.6661,351188.917,649552.8,104
2018,other_seines,imo,25-50m,3717.89592,20080.1098,17564.7525,3
2018,other_seines,no_registry,0-25m,169.244009,2416.12143,6944.80194,2
2018,other_seines,no_registry,25-50m,207.72632,758.646856,2647.87944,1
2018,other_seines,other_registry,0-25m,17135.3537,186485.929,338520.494,59
2018,other_seines,other_registry,25-50m,2482.52332,17536.8,17451.1303,2
2018,passenger,imo,0-25m,7420405.68,12784668.4,13795350.3,8774
2018,passenger,imo,100-125m,2140121.64,6507710.82,1251438.77,171
2018,passenger,imo,125-150m,1677894.07,3738396.66,501126.167,71
2018,passenger,imo,150-175m,2203507.39,4086635.55,454896.036,63
2018,passenger,imo,175-200m,1409866.4,2752696.89,285094.83,35
2018,passenger,imo,200-225m,941547.084,1534172.13,156114.934,18
2018,passenger,imo,225m+,8753538.76,8440706.46,790509.915,96
2018,passenger,imo,25-50m,7760170.09,21293675.7,11951024.4,2498
2018,passenger,imo,50-75m,4142692.33,12832161.5,5643209.15,892
2018,passenger,imo,75-100m,2408878.74,8137010.49,2312500.11,328
2018,passenger,no_registry,0-25m,54394694.2,82483985.3,101658128,81126
2018,passenger,no_registry,100-125m,610931.019,1699564.91,449114.987,142
2018,passenger,no_registry,125-150m,187080.907,357387.245,97281.8211,22
2018,passenger,no_registry,150-175m,145904.361,246199.459,39420.135,8
2018,passenger,no_registry,175-200m,54451.1852,50816.1738,19195.6922,9
2018,passenger,no_registry,200-225m,74177.5721,95405.893,13880.1744,6
2018,passenger,no_registry,225m+,126008.798,111192.193,13000.7578,7
2018,passenger,no_registry,25-50m,29106320.2,47033912.1,43486820.9,14894
2018,passenger,no_registry,50-75m,3742006.11,7473092.75,4561737.47,1605
2018,passenger,no_registry,75-100m,1045271.37,2740853.94,1107158.75,310
2018,passenger,other_registry,0-25m,3558727.55,6049257.28,6602444.15,4289
2018,passenger,other_registry,100-125m,684556.268,2248252.9,476881.765,68
2018,passenger,other_registry,125-150m,981630.842,2464356.25,354160.626,53
2018,passenger,other_registry,150-175m,922874.084,1604023.57,164954.644,21
2018,passenger,other_registry,175-200m,862079.449,1586530.04,146919.358,18
2018,passenger,other_registry,200-225m,157256.256,269032.203,28321.5061,4
2018,passenger,other_registry,225m+,3309783.53,3320701.68,302307.112,36
2018,passenger,other_registry,25-50m,4139054.94,11572224.3,6158692.17,1265
2018,passenger,other_registry,50-75m,1619700.1,4746232.51,2207861.11,342
2018,passenger,other_registry,75-100m,1059997.6,3544528.84,962648.924,136
2018,patrol_vessel,imo,0-25m,14680.1209,100899.411,90402.6303,45
2018,patrol_vessel,imo,100-125m,22891.3114,102164.697,54151.8164,21
2018,patrol_vessel,imo,125-150m,1304.54877,7629.21941,2896.01667,3
2018,patrol_vessel,imo,150-175m,62.7899497,1484.8391,171.185833,1
2018,patrol_vessel,imo,225m+,114.612408,438.708878,797.071111,1
2018,patrol_vessel,imo,25-50m,93374.5051,913224.519,522308.301,114
2018,patrol_vessel,imo,50-75m,67305.0962,539444.434,253222.384,86
2018,patrol_vessel,imo,75-100m,71589.9586,484620.896,193913.084,63
2018,patrol_vessel,no_registry,0-25m,142428.548,801904.124,877896.232,606
2018,patrol_vessel,no_registry,100-125m,160202.946,872779.204,243399.238,182
2018,patrol_vessel,no_registry,125-150m,35490.9484,173771.165,28599.2311,22
2018,patrol_vessel,no_registry,150-175m,32661.0775,113550.079,16628.2147,15
2018,patrol_vessel,no_registry,25-50m,473273.734,3045822.69,2779655.7,1165
2018,patrol_vessel,no_registry,50-75m,97953.165,927178.385,381290.154,322
2018,patrol_vessel,no_registry,75-100m,116311.382,868347.098,266075.117,209
2018,patrol_vessel,other_registry,0-25m,5697.18304,38798.9138,34099.2806,21
2018,patrol_vessel,other_registry,100-125m,11538.5666,49423.3078,27633.4567,9
2018,patrol_vessel,other_registry,125-150m,2889.15306,8769.42642,10700.3322,3
2018,patrol_vessel,other_registry,150-175m,2253.3963,4798.78919,1413.29972,1
2018,patrol_vessel,other_registry,25-50m,36834.8696,331293.033,206626.573,49
2018,patrol_vessel,other_registry,50-75m,33706.3051,322909.222,135301.904,56
2018,patrol_vessel,other_registry,75-100m,17956.0102,112230.471,64969.6828,32
2018,pole_and_line,imo,0-25m,57771.2641,614221.11,776593.602,244
2018,pole_and_line,imo,25-50m,13956.2047,360033.918,112759.428,39
2018,pole_and_line,imo,50-75m,36406.8515,574960.648,94068.1044,12
2018,pole_and_line,no_registry,0-25m,27798.1635,316858.657,191084.344,192
2018,pole_and_line,no_registry,25-50m,11782.1441,151561.311,41578.5425,49
2018,pole_and_line,no_registry,50-75m,438.173457,2013.60189,1427.41361,2
2018,pole_and_line,other_registry,0-25m,44101.3239,335533.693,429390.063,126
2018,pole_and_line,other_registry,25-50m,11838.9503,252212.386,82904.2875,26
2018,pole_and_line,other_registry,50-75m,17694.3381,308858.498,51760.3731,7
2018,pots_and_traps,imo,0-25m,41897.3955,1027962.77,1600837.56,537
2018,pots_and_traps,imo,25-50m,29434.7887,457716.346,206059.024,51
2018,pots_and_traps,imo,50-75m,1891.49727,8417.04905,3675.47611,1
2018,pots_and_traps,no_registry,0-25m,49493.3602,1262294.74,1227948.49,852
2018,pots_and_traps,no_registry,25-50m,49103.1329,160343.164,137956.766,111
2018,pots_and_traps,other_registry,0-25m,20305.7042,570620.995,793515.436,285
2018,pots_and_traps,other_registry,25-50m,21928.7386,257505.386,123250.693,28
2018,research,imo,0-25m,4563.03795,52136.8724,21033.5161,5
2018,research,imo,25-50m,11198.9386,113036.463,54175.8803,10
2018,research,imo,50-75m,25492.4188,235087.767,82690.9792,12
2018,research,imo,75-100m,6136.60433,48691.796,22505.3397,3
2018,research,no_registry,0-25m,42.0864628,1758.48067,2165.63556,1
2018,research,no_registry,25-50m,6562.18279,55889.4191,31445.1686,8
2018,research,other_registry,0-25m,207.691669,28226.697,8757.14667,2
2018,research,other_registry,25-50m,8205.9069,40056.4154,49145.8028,7
2018,research,other_registry,50-75m,19696.7185,172900.897,66530.2328,10
2018,research,other_registry,75-100m,888.836076,115.131545,5433.62722,1
2018,seismic_vessel,imo,0-25m,3704.57017,24509.7687,28764.4789,5
2018,seismic_vessel,imo,100-125m,220460.44,1033530.87,384456.22,56
2018,seismic_vessel,imo,125-150m,83117.402,280162.669,110500.567,17
2018,seismic_vessel,imo,150-175m,36078.9635,112255.621,35834.9247,5
2018,seismic_vessel,imo,175-200m,11202.523,31758.273,8538.28917,1
2018,seismic_vessel,imo,200-225m,4831.89943,18302.4274,7266.70417,1
2018,seismic_vessel,imo,25-50m,173781.287,1293086.29,941620.38,146
2018,seismic_vessel,imo,50-75m,350829.568,2875505.01,1326204.24,208
2018,seismic_vessel,imo,75-100m,435560.699,2394949.75,1047977.98,167
2018,seismic_vessel,no_registry,0-25m,4749.72657,24027.7178,34860.4186,6
2018,seismic_vessel,no_registry,100-125m,13413.0117,57672.3761,25972.5547,10
2018,seismic_vessel,no_registry,125-150m,7654.16011,22728.6071,18755.4022,6
2018,seismic_vessel,no_registry,150-175m,289.560641,723.072026,2637.17472,1
2018,seismic_vessel,no_registry,25-50m,102589.79,613809.335,579852.511,138
2018,seismic_vessel,no_registry,50-75m,38335.1457,278501.077,140857.832,52
2018,seismic_vessel,no_registry,75-100m,47619.5718,297015.236,121753.456,48
2018,seismic_vessel,other_registry,0-25m,2496.68483,13025.0899,13626.1147,2
2018,seismic_vessel,other_registry,100-125m,95784.6813,546499.077,142201.023,20
2018,seismic_vessel,other_registry,125-150m,33347.1422,101545.661,38454.0367,6
2018,seismic_vessel,other_registry,150-175m,20841.1195,82650.3991,16632.6439,2
2018,seismic_vessel,other_registry,175-200m,9314.56466,38590.6805,8550.44528,1
2018,seismic_vessel,other_registry,25-50m,85434.5291,617460.999,458906.63,72
2018,seismic_vessel,other_registry,50-75m,159136.022,1327517.34,565242.857,87
2018,seismic_vessel,other_registry,75-100m,148377.295,866064.156,377334.55,57
2018,set_gillnets,imo,0-25m,46178.0782,2321214.12,1541192.88,685
2018,set_gillnets,imo,25-50m,1119.634,46895.0774,21496.5531,8
2018,set_gillnets,imo,50-75m,52.8430267,5981.95171,1801.20972,2
2018,set_gillnets,imo,75-100m,32.2019594,1767.95659,1195.19056,2
2018,set_gillnets,no_registry,0-25m,99568.6685,2263315.2,2044001.52,2053
2018,set_gillnets,no_registry,25-50m,276878.582,970121.868,843250.089,630
2018,set_gillnets,no_registry,50-75m,379.002373,1756.49715,866.901111,2
2018,set_gillnets,other_registry,0-25m,19115.6055,1078740.09,672390.749,313
2018,set_gillnets,other_registry,25-50m,430.200622,21305.897,9060.88722,3
2018,set_gillnets,other_registry,50-75m,197.951681,10990.4716,7307,2
2018,set_gillnets,other_registry,75-100m,0.036424373,7.36536062,1.04194444,1
2018,set_longlines,imo,0-25m,29147.1832,806812.986,677946.356,133
2018,set_longlines,imo,25-50m,138545.088,1991728.96,740269.895,119
2018,set_longlines,imo,50-75m,107892.703,1128486.44,330646.764,48
2018,set_longlines,no_registry,0-25m,4063.52965,35255.2247,33964.6197,26
2018,set_longlines,no_registry,25-50m,4285.2524,56345.1938,24203.9194,18
2018,set_longlines,other_registry,0-25m,23735.8491,562653.375,421531.628,81
2018,set_longlines,other_registry,100-125m,21.1950515,473.273726,442.282222,1
2018,set_longlines,other_registry,25-50m,58784.7167,862551.069,323364.658,50
2018,set_longlines,other_registry,50-75m,33075.5099,391051.612,110760.682,15
2018,set_longlines,other_registry,75-100m,33.4970578,1486.36864,518.954167,1
2018,specialized_reefer,imo,100-125m,717394.224,2649592.61,579017.514,85
2018,specialized_reefer,imo,125-150m,1099362.19,2869526.92,531135.178,75
2018,specialized_reefer,imo,150-175m,239171.297,450277.332,84894.3778,16
2018,specialized_reefer,imo,25-50m,22363.0713,220330.251,43118.7781,13
2018,specialized_reefer,imo,50-75m,127961.49,697329.578,212194.141,49
2018,specialized_reefer,imo,75-100m,468900.46,2509036.48,605986.342,96
2018,specialized_reefer,no_registry,100-125m,1156.51659,3070.91578,825.090833,1
2018,specialized_reefer,no_registry,125-150m,1962.76828,4548.87801,673.907222,1
2018,specialized_reefer,no_registry,25-50m,17.5022136,94.7263997,27.2669444,1
2018,specialized_reefer,no_registry,50-75m,2500.63237,10451.3617,3744.29333,4
2018,specialized_reefer,no_registry,75-100m,5091.66293,7465.3414,3658.24278,3
2018,specialized_reefer,other_registry,100-125m,526462.166,1856299.01,415287.1,59
2018,specialized_reefer,other_registry,125-150m,711115.308,1904017.21,325049.573,45
2018,specialized_reefer,other_registry,150-175m,164073.991,305899.349,59828.5572,9
2018,specialized_reefer,other_registry,25-50m,12835.0898,99080.8719,21666.6706,8
2018,specialized_reefer,other_registry,50-75m,105923.618,622387.274,182417.859,31
2018,specialized_reefer,other_registry,75-100m,152889.296,819633.068,216212.202,35
2018,squid_jigger,imo,0-25m,246.82039,8702.03723,6757.51167,4
2018,squid_jigger,imo,125-150m,2615.48216,14972.7355,2694.68083,1
2018,squid_jigger,imo,25-50m,125178.289,1483048.05,556642.687,121
2018,squid_jigger,imo,50-75m,506977.71,4842780.78,1519071.24,323
2018,squid_jigger,imo,75-100m,19490.2478,199612.764,46886.7325,8
2018,squid_jigger,no_registry,0-25m,1445.15114,23668.1047,16523.7731,57
2018,squid_jigger,no_registry,100-125m,1486.96713,4999.11249,2306.18861,1
2018,squid_jigger,no_registry,25-50m,26949.6713,180853.585,94855.3511,79
2018,squid_jigger,no_registry,50-75m,39787.3062,313946.616,124803.242,63
2018,squid_jigger,no_registry,75-100m,335.265253,3561.51597,1059.44583,2
2018,squid_jigger,other_registry,0-25m,58.7856344,1701.24598,1337.55861,3
2018,squid_jigger,other_registry,25-50m,68328.1694,802174.65,308345.738,66
2018,squid_jigger,other_registry,50-75m,202167.752,1934809.38,609268.457,132
2018,squid_jigger,other_registry,75-100m,13830.5362,158799.66,29426.4306,5
2018,supply_vessel,imo,0-25m,21078.8551,106057.833,120298.455,26
2018,supply_vessel,imo,100-125m,131748.457,550798.329,325117.1,40
2018,supply_vessel,imo,125-150m,5242.81728,10260.9708,18026.0292,4
2018,supply_vessel,imo,150-175m,4876.73092,16342.1793,8759.86944,1
2018,supply_vessel,imo,200-225m,1430.75084,260.513211,8749.11083,1
2018,supply_vessel,imo,25-50m,948926.371,8233491.76,4395427.97,740
2018,supply_vessel,imo,50-75m,877493.616,6015646,3323040.49,504
2018,supply_vessel,imo,75-100m,1262346.76,6154630.61,3523108.43,489
2018,supply_vessel,no_registry,0-25m,54070.8187,389817.571,280386.698,99
2018,supply_vessel,no_registry,100-125m,5119.28621,27466.8717,12312.7078,4
2018,supply_vessel,no_registry,125-150m,4187.07201,13286.6106,8760.04444,1
2018,supply_vessel,no_registry,25-50m,963679.018,7874530.13,4444475.91,1042
2018,supply_vessel,no_registry,50-75m,114520.35,747173.044,511943.994,114
2018,supply_vessel,no_registry,75-100m,96961.7774,452873.841,296489.498,67
2018,supply_vessel,other_registry,0-25m,5282.847,10948.9506,29504.6647,7
2018,supply_vessel,other_registry,100-125m,33171.1865,181633.211,83560.8169,11
2018,supply_vessel,other_registry,125-150m,3440.51166,9678.43404,7663.13306,1
2018,supply_vessel,other_registry,25-50m,426916.842,3617357.53,1985879.94,354
2018,supply_vessel,other_registry,50-75m,364722.706,2462340.09,1445939.11,237
2018,supply_vessel,other_registry,75-100m,677464.76,3315068.96,1810311.33,249
2018,tanker.chemical,imo,0-25m,109.858946,348.383055,306.968056,1
2018,tanker.chemical,imo,100-125m,4599062.68,20953652.7,4321808.08,632
2018,tanker.chemical,imo,125-150m,5039468.32,17979057.6,3296835.37,465
2018,tanker.chemical,imo,150-175m,7030065.45,21502039.9,3363744.16,472
2018,tanker.chemical,imo,175-200m,14765100.4,40249633.7,6264389.66,810
2018,tanker.chemical,imo,200-225m,1810173.93,4596184.66,706338.182,95
2018,tanker.chemical,imo,225m+,676944.55,1309982.61,206202.536,33
2018,tanker.chemical,imo,25-50m,43141.4589,229046.62,41442.5294,6
2018,tanker.chemical,imo,50-75m,719368.327,4892268.2,1032339.11,133
2018,tanker.chemical,imo,75-100m,1276365.36,7373217.61,1697487.45,242
2018,tanker.chemical,no_registry,100-125m,1540780.05,4461809.77,1749208.87,331
2018,tanker.chemical,no_registry,125-150m,165048.801,513681.028,102507.984,40
2018,tanker.chemical,no_registry,150-175m,422260.155,1182681.48,194106.683,56
2018,tanker.chemical,no_registry,175-200m,576309.662,1579659.47,249995.504,74
2018,tanker.chemical,no_registry,200-225m,120513.506,304502.334,44638.5383,14
2018,tanker.chemical,no_registry,225m+,23666.9846,28488.567,10958.5878,10
2018,tanker.chemical,no_registry,25-50m,110571.558,269327.937,160117.247,34
2018,tanker.chemical,no_registry,50-75m,646083.863,2963932.53,919091.988,155
2018,tanker.chemical,no_registry,75-100m,988158.828,3755007.56,1355752.61,231
2018,tanker.chemical,other_registry,100-125m,2300377.32,10431406,2160687.6,306
2018,tanker.chemical,other_registry,125-150m,2157573.89,7584206.84,1412331.59,200
2018,tanker.chemical,other_registry,150-175m,3600419.6,10952286.7,1708634.05,237
2018,tanker.chemical,other_registry,175-200m,7491886.49,20787227.4,3173058.54,415
2018,tanker.chemical,other_registry,200-225m,675888.673,1803181.38,269563.634,39
2018,tanker.chemical,other_registry,225m+,379689.016,863645.969,112680.472,17
2018,tanker.chemical,other_registry,25-50m,114024.342,427589.365,79158.2258,11
2018,tanker.chemical,other_registry,50-75m,319853.142,2153218.17,467330.415,61
2018,tanker.chemical,other_registry,75-100m,644698.373,3905646.73,841003.821,123
2018,tanker.liquefied_gas,imo,100-125m,897108.71,3831343.56,706553.597,101
2018,tanker.liquefied_gas,imo,125-150m,525098.092,1938162.26,338103.011,51
2018,tanker.liquefied_gas,imo,150-175m,1405502.26,4439956.2,633489.857,93
2018,tanker.liquefied_gas,imo,175-200m,1285124.27,3532187.05,507086.293,68
2018,tanker.liquefied_gas,imo,200-225m,1838527.83,4378340.84,516964.445,69
2018,tanker.liquefied_gas,imo,225m+,25934900.6,34786362.3,3240659.38,437
2018,tanker.liquefied_gas,imo,50-75m,412029.039,1957242.29,392083.238,47
2018,tanker.liquefied_gas,imo,75-100m,458963.849,1874849.3,391483.261,52
2018,tanker.liquefied_gas,no_registry,100-125m,5781.55776,17771.7771,4857.70806,9
2018,tanker.liquefied_gas,no_registry,125-150m,21702.0009,64656.239,13731.6922,4
2018,tanker.liquefied_gas,no_registry,150-175m,48922.8679,139007.121,26886.7083,11
2018,tanker.liquefied_gas,no_registry,175-200m,76251.9671,114726.97,29428.2822,10
2018,tanker.liquefied_gas,no_registry,200-225m,101320.034,226659.081,24479.8997,8
2018,tanker.liquefied_gas,no_registry,225m+,909517.378,1247699.31,141576.616,45
2018,tanker.liquefied_gas,no_registry,25-50m,5920.46555,6185.85257,6446.07056,3
2018,tanker.liquefied_gas,no_registry,50-75m,87181.5121,278159.094,107579.145,44
2018,tanker.liquefied_gas,no_registry,75-100m,64589.3864,244788.094,62195.7933,18
2018,tanker.liquefied_gas,other_registry,100-125m,599014.644,2395288.44,467360.951,67
2018,tanker.liquefied_gas,other_registry,125-150m,386308.426,1422662.42,249191.557,34
2018,tanker.liquefied_gas,other_registry,150-175m,826047.159,2704389.68,395784.395,53
2018,tanker.liquefied_gas,other_registry,175-200m,558317.379,1644308.86,232868.094,29
2018,tanker.liquefied_gas,other_registry,200-225m,938358.22,2221204.93,278509.759,42
2018,tanker.liquefied_gas,other_registry,225m+,12608002.6,17012199.6,1532663.39,200
2018,tanker.liquefied_gas,other_registry,25-50m,11029.5035,6047.70894,10102.9806,3
2018,tanker.liquefied_gas,other_registry,50-75m,275290.299,1385727.05,251179.917,32
2018,tanker.liquefied_gas,other_registry,75-100m,246194.947,861752.847,220530.083,30
2018,tanker.oil,imo,0-25m,4116.18677,1246.05179,7991.38361,4
2018,tanker.oil,imo,100-125m,3457764.44,10065628.4,3145692.02,537
2018,tanker.oil,imo,125-150m,2296203.94,5248464.1,1633957.11,294
2018,tanker.oil,imo,150-175m,2086735.79,2711085.8,783424.796,134
2018,tanker.oil,imo,175-200m,5945897.4,8583747.72,1862657.31,282
2018,tanker.oil,imo,200-225m,6586467.85,9137475.62,1809610.17,267
2018,tanker.oil,imo,225m+,56477152.1,75199532.1,10797088.7,1484
2018,tanker.oil,imo,25-50m,502749.9,770053.289,672874.687,125
2018,tanker.oil,imo,50-75m,2054088.13,5466333.21,2793397.92,488
2018,tanker.oil,imo,75-100m,3262803.77,9894153.91,4449594.81,784
2018,tanker.oil,no_registry,0-25m,10951.9538,10754.3481,10012.2714,9
2018,tanker.oil,no_registry,100-125m,2020391.96,6686253.76,2340207.94,404
2018,tanker.oil,no_registry,125-150m,1243104.97,2573702.93,780257.547,144
2018,tanker.oil,no_registry,150-175m,612727.774,735667.243,232907.025,59
2018,tanker.oil,no_registry,175-200m,290074.425,420492.428,91349.3975,34
2018,tanker.oil,no_registry,200-225m,431284.771,336167.031,102836.243,44
2018,tanker.oil,no_registry,225m+,3184218.84,4050681,593942.077,227
2018,tanker.oil,no_registry,25-50m,3588431.79,5989586.29,5291691.17,1268
2018,tanker.oil,no_registry,50-75m,4375229.72,11364354.2,6569960.83,1407
2018,tanker.oil,no_registry,75-100m,3587856.27,10850407.3,5185158.41,913
2018,tanker.oil,other_registry,0-25m,9824.45424,10027.0735,17520.9903,3
2018,tanker.oil,other_registry,100-125m,1467372.01,5162543.01,1514182.95,259
2018,tanker.oil,other_registry,125-150m,1101022.76,2111014.35,733332.718,125
2018,tanker.oil,other_registry,150-175m,1094094.06,1669427.37,442214.172,72
2018,tanker.oil,other_registry,175-200m,2894517.63,4181671.21,927597.168,140
2018,tanker.oil,other_registry,200-225m,3023568.83,3499185.37,821130.475,121
2018,tanker.oil,other_registry,225m+,28219113.5,37435099.4,5369292.15,736
2018,tanker.oil,other_registry,25-50m,174252.347,211515.293,281128.342,50
2018,tanker.oil,other_registry,50-75m,1049465.68,2983154.85,1494343.86,259
2018,tanker.oil,other_registry,75-100m,1912028.19,5674348.22,2527863.55,418
2018,tanker.other,imo,100-125m,9702.38879,22540.9364,8759.69,1
2018,tanker.other,imo,125-150m,11488.0779,229.676264,8609.48944,1
2018,tanker.other,imo,25-50m,14721.6082,12946.7302,13210.8442,2
2018,tanker.other,imo,50-75m,37592.683,27015.0727,31751.4686,4
2018,tanker.other,imo,75-100m,11376.145,11361.095,9367.32806,2
2018,tanker.other,no_registry,25-50m,93661.3675,52612.9828,74306.0806,11
2018,tanker.other,no_registry,50-75m,40224.6352,20972.5994,31590.5625,4
2018,tanker.other,other_registry,50-75m,9348.65335,19398.8281,8427.02417,1
2018,tanker.other,other_registry,75-100m,17090.8785,7170.88366,13284.0061,2
2018,trawlers,imo,0-25m,1843463.93,27555226,21309257.3,6400
2018,trawlers,imo,100-125m,789675.241,1952530.68,486779.724,82
2018,trawlers,imo,125-150m,95559.3603,179634.704,47141.4486,10
2018,trawlers,imo,150-175m,397.370458,4223.91609,1745.88306,2
2018,trawlers,imo,25-50m,2918587.22,22191125.2,10956583.9,2682
2018,trawlers,imo,50-75m,3039440.63,13773026.8,4289794.4,660
2018,trawlers,imo,75-100m,918248.16,2997064.82,802389.256,125
2018,trawlers,no_registry,0-25m,2916889.07,37598924.2,24648652.6,24913
2018,trawlers,no_registry,100-125m,3491.97014,3887.17407,9858.00167,2
2018,trawlers,no_registry,125-150m,51.8638875,124.953239,112.5525,1
2018,trawlers,no_registry,150-175m,1010.13634,2973.11802,419.295833,1
2018,trawlers,no_registry,25-50m,5051168.77,32986613.9,17717035.1,22338
2018,trawlers,no_registry,50-75m,371493.031,2134504.85,1002678.9,1639
2018,trawlers,no_registry,75-100m,32895.3767,128505.537,86057.1158,119
2018,trawlers,other_registry,0-25m,944563.454,13558100.2,10388322.7,3232
2018,trawlers,other_registry,100-125m,496160.779,1163357.47,313465.124,54
2018,trawlers,other_registry,125-150m,37274.399,66886.3446,20886.7939,5
2018,trawlers,other_registry,225m+,1645.2768,7453.01936,4004.695,1
2018,trawlers,other_registry,25-50m,1514905.03,11416873.3,5488415.26,1324
2018,trawlers,other_registry,50-75m,1405307.08,6412364.28,2044706.8,320
2018,trawlers,other_registry,75-100m,357163.702,1324695.62,366132.565,62
2018,trollers,imo,0-25m,18885.7165,323226.958,470186.954,151
2018,trollers,imo,25-50m,1070.14309,7592.8664,10721.9311,3
2018,trollers,no_registry,0-25m,2494.48801,52578.5137,66514.4397,25
2018,trollers,other_registry,0-25m,8729.4549,170895.445,205548.444,62
2018,trollers,other_registry,25-50m,207.799345,2373.33961,6332.45611,2
2018,tug,imo,0-25m,705058.077,8481947.76,7018705.74,1378
2018,tug,imo,100-125m,30162.5047,166022.355,113637.088,21
2018,tug,imo,125-150m,4437.66601,25453.1506,29260.0353,7
2018,tug,imo,150-175m,6409.09403,29759.7803,49859.4633,9
2018,tug,imo,175-200m,708.823406,2964.67479,8159.1,1
2018,tug,imo,200-225m,2053.6947,5685.82178,13974.4411,2
2018,tug,imo,225m+,6091.46101,14808.1486,11287.8908,2
2018,tug,imo,25-50m,3172727.75,26710209.3,26711317.2,4415
2018,tug,imo,50-75m,564676.904,5022498.53,4354791.64,750
2018,tug,imo,75-100m,212559.886,1471054.74,1071370.49,175
2018,tug,no_registry,0-25m,670544.395,6158783.77,7922575.7,4041
2018,tug,no_registry,100-125m,10612.74,73178.406,62801.4533,22
2018,tug,no_registry,125-150m,5825.64113,26791.2122,35416.1458,9
2018,tug,no_registry,150-175m,1084.10473,3988.68863,8891.83222,3
2018,tug,no_registry,25-50m,4612564.84,43227657.8,43957856.4,15509
2018,tug,no_registry,50-75m,786820.275,9058113.8,6099313.57,2623
2018,tug,no_registry,75-100m,86418.3446,877527.053,473328.525,119
2018,tug,other_registry,0-25m,344436.116,4083553.65,3546272.47,683
2018,tug,other_registry,100-125m,9602.40738,71760.5561,50110.9361,11
2018,tug,other_registry,125-150m,4317.34019,30192.0688,24170.4331,3
2018,tug,other_registry,150-175m,5727.37677,30899.2689,25593.1639,3
2018,tug,other_registry,175-200m,4114.06139,26654.2188,17450.7711,3
2018,tug,other_registry,200-225m,81.0696618,107.192903,721.710833,1
2018,tug,other_registry,225m+,3625.33814,12494.8833,17025.2864,2
2018,tug,other_registry,25-50m,1591601,13092063.5,13155810.1,2149
2018,tug,other_registry,50-75m,252980.856,2242846.3,2023797.65,343
2018,tug,other_registry,75-100m,122368.867,774502.992,600116.627,102
2018,tuna_purse_seines,imo,100-125m,14473.588,33879.6489,14859.1214,7
2018,tuna_purse_seines,imo,200-225m,3512.5753,24427.103,5100.13306,1
2018,tuna_purse_seines,imo,25-50m,29392.8771,310701.858,84753.085,28
2018,tuna_purse_seines,imo,50-75m,720404.353,6089139.33,1261673.43,228
2018,tuna_purse_seines,imo,75-100m,257556.57,1778924.67,358490.381,89
2018,tuna_purse_seines,no_registry,25-50m,69019.0058,441798.094,144756.791,48
2018,tuna_purse_seines,no_registry,50-75m,12932.1394,81145.7564,22241.7658,13
2018,tuna_purse_seines,other_registry,100-125m,10467.3761,36093.421,11491.0581,4
2018,tuna_purse_seines,other_registry,150-175m,2810.75489,18425.5193,3674.85167,1
2018,tuna_purse_seines,other_registry,25-50m,32854.4492,304052.441,98174.8247,21
2018,tuna_purse_seines,other_registry,50-75m,283564.097,2442145.15,505956.464,90
2018,tuna_purse_seines,other_registry,75-100m,134269.219,964413.444,181257.769,39
2018,well_boat,imo,0-25m,1204.43416,19854.9276,8692.42972,1
2018,well_boat,imo,25-50m,45298.8836,653076.421,186471.289,24
2018,well_boat,imo,50-75m,60462.3238,766391.74,210054.024,26
2018,well_boat,imo,75-100m,25294.6038,173674.741,61319.9578,7
2018,well_boat,other_registry,25-50m,21925.4673,321091.369,90991.0472,13
2018,well_boat,other_registry,50-75m,28311.7436,330572.723,104186.552,12
2018,well_boat,other_registry,75-100m,25039.0658,140209.43,64111.4961,8
2019,bunker,imo,0-25m,6657.27458,11862.2182,11438.2,3
2019,bunker,imo,100-125m,61296.9069,616971.903,82917.8267,13
2019,bunker,imo,125-150m,10166.1936,65408.4563,8741.41917,1
2019,bunker,imo,25-50m,79961.2088,81018.7885,132808.04,26
2019,bunker,imo,50-75m,27788.0739,22196.9044,45817.2936,10
2019,bunker,imo,75-100m,15583.6948,213637.502,32451.9111,5
2019,bunker,no_registry,0-25m,234324.412,352522.162,447629.564,342
2019,bunker,no_registry,100-125m,2755.01658,3338.16953,2285.655,11
2019,bunker,no_registry,225m+,709.498443,110.405683,158.863056,1
2019,bunker,no_registry,25-50m,1748639.1,2427296.03,2639255.71,1772
2019,bunker,no_registry,50-75m,503445.247,622048.568,535770.917,395
2019,bunker,no_registry,75-100m,58699.053,51308.0508,70917.0706,54
2019,bunker,other_registry,0-25m,549.218285,1985.43913,1206.50333,1
2019,bunker,other_registry,100-125m,40501.3867,385442.557,64492.2172,10
2019,bunker,other_registry,25-50m,51979.2282,57726.2477,82457.4617,16
2019,bunker,other_registry,50-75m,8180.9526,2960.48266,12438.7353,4
2019,bunker,other_registry,75-100m,4001.09842,54413.1272,8234.2525,1
2019,cargo.bulk_carrier,imo,0-25m,920.534566,63851.7411,8367.94917,1
2019,cargo.bulk_carrier,imo,100-125m,555216.186,4790037.26,1098836.2,157
2019,cargo.bulk_carrier,imo,125-150m,757543.958,5187764.53,1023250.46,164
2019,cargo.bulk_carrier,imo,150-175m,2555354.24,15075309,2899492.68,442
2019,cargo.bulk_carrier,imo,175-200m,22453694,110495210,18885521.5,2553
2019,cargo.bulk_carrier,imo,200-225m,10122141.5,41302089,6521225.87,888
2019,cargo.bulk_carrier,imo,225m+,36960893.6,111552195,15189978.1,1996
2019,cargo.bulk_carrier,imo,25-50m,25395.3827,297368.146,61207.1083,10
2019,cargo.bulk_carrier,imo,50-75m,32303.8749,442588.324,105114.364,16
2019,cargo.bulk_carrier,imo,75-100m,194062.525,2209975.53,508249.407,78
2019,cargo.bulk_carrier,no_registry,0-25m,1042.15083,7347.88189,4875.60806,10
2019,cargo.bulk_carrier,no_registry,100-125m,556424.354,4680029.95,1437909.49,262
2019,cargo.bulk_carrier,no_registry,125-150m,592609.516,4243850.68,1074495.47,190
2019,cargo.bulk_carrier,no_registry,150-175m,1563467.7,9171263.26,2349271.16,387
2019,cargo.bulk_carrier,no_registry,175-200m,4412249.69,21113676.8,4133399,729
2019,cargo.bulk_carrier,no_registry,200-225m,2649805.67,10296861.2,1924904.74,351
2019,cargo.bulk_carrier,no_registry,225m+,5136159.54,16286146.9,2199831.2,426
2019,cargo.bulk_carrier,no_registry,25-50m,173763.441,1316955.05,768383.25,751
2019,cargo.bulk_carrier,no_registry,50-75m,383171.273,3146925.65,1542421.35,909
2019,cargo.bulk_carrier,no_registry,75-100m,253700.143,2197955.12,896399.281,249
2019,cargo.bulk_carrier,other_registry,100-125m,214129.954,1878792.9,394211.933,63
2019,cargo.bulk_carrier,other_registry,125-150m,367083.528,2638656.32,498608.314,78
2019,cargo.bulk_carrier,other_registry,150-175m,1343819.63,7876250.99,1576792.44,235
2019,cargo.bulk_carrier,other_registry,175-200m,11030840.4,54378088.6,9272229.82,1246
2019,cargo.bulk_carrier,other_registry,200-225m,4915229.14,19745543.3,3183640.11,446
2019,cargo.bulk_carrier,other_registry,225m+,17499269.6,53884809,7356464.25,989
2019,cargo.bulk_carrier,other_registry,25-50m,20033.7228,168114.855,34526.5519,8
2019,cargo.bulk_carrier,other_registry,50-75m,30024.635,424548.39,109366.268,16
2019,cargo.bulk_carrier,other_registry,75-100m,84823.9369,889030.907,229533.656,38
2019,cargo.container,imo,0-25m,1629.25282,39300.2428,7705.60194,1
2019,cargo.container,imo,100-125m,555436.343,3267063.26,602221.337,86
2019,cargo.container,imo,125-150m,3276943.84,16225048.8,2285815.45,324
2019,cargo.container,imo,150-175m,4465706.68,16925819.8,2419459.6,359
2019,cargo.container,imo,175-200m,6132969.41,19514006.4,2621184.57,366
2019,cargo.container,imo,200-225m,6074001.78,15910848.9,1873566.85,264
2019,cargo.container,imo,225m+,63184134,104238947,9963647.23,1324
2019,cargo.container,imo,25-50m,1588.61618,61.436073,1246.11972,1
2019,cargo.container,imo,50-75m,23846.2808,69482.6864,44082.3781,8
2019,cargo.container,imo,75-100m,151915.637,1003171.25,230149.402,42
2019,cargo.container,no_registry,0-25m,516.570823,776.65037,535.560833,1
2019,cargo.container,no_registry,100-125m,314280.326,1627392.38,401330.658,70
2019,cargo.container,no_registry,125-150m,580509.108,2599227.8,456420.809,84
2019,cargo.container,no_registry,150-175m,1337077.54,4825327.03,764262.218,135
2019,cargo.container,no_registry,175-200m,872202.143,2905880.41,428309.688,76
2019,cargo.container,no_registry,200-225m,1186891.86,3289662.51,417342.527,82
2019,cargo.container,no_registry,225m+,11028943.1,17956890.6,1709008.82,297
2019,cargo.container,no_registry,25-50m,202511.185,594900.195,338800.28,84
2019,cargo.container,no_registry,50-75m,621965.537,2489742.78,1064027.29,272
2019,cargo.container,no_registry,75-100m,498769.68,2425695.97,795877.317,150
2019,cargo.container,other_registry,100-125m,172060.594,1086084.63,217226.619,39
2019,cargo.container,other_registry,125-150m,1468640.81,7369511.37,1051458.58,140
2019,cargo.container,other_registry,150-175m,2211024.67,8258412.73,1180559.64,171
2019,cargo.container,other_registry,175-200m,3101917.33,9817229.03,1297134.61,184
2019,cargo.container,other_registry,200-225m,3154572.28,8302551.37,960780.494,129
2019,cargo.container,other_registry,225m+,33945760.1,55718822.4,5241639.75,696
2019,cargo.container,other_registry,25-50m,6418.42438,38535.6364,6820.44028,2
2019,cargo.container,other_registry,50-75m,8474.80179,42665.5152,14529.4722,3
2019,cargo.container,other_registry,75-100m,77841.9162,496661.639,116306.059,20
2019,cargo.general,imo,0-25m,3015.87265,120893.722,71911.0664,25
2019,cargo.general,imo,100-125m,5286061.33,41349212,10472754.4,1711
2019,cargo.general,imo,125-150m,5904575.82,30806341.9,6220635.75,943
2019,cargo.general,imo,150-175m,3395743.19,14616876.8,2768006.68,411
2019,cargo.general,imo,175-200m,2735063.62,11024667.5,1794873.81,244
2019,cargo.general,imo,200-225m,551735.182,2179677.84,338447.352,50
2019,cargo.general,imo,225m+,306865.201,786103.302,177088.715,32
2019,cargo.general,imo,25-50m,92669.7581,1429914.93,844681.884,172
2019,cargo.general,imo,50-75m,576867.783,10278059.7,3728430.64,711
2019,cargo.general,imo,75-100m,3208801.76,45243147.1,12147478.9,1964
2019,cargo.general,no_registry,0-25m,71482.0294,239532.723,156111.904,251
2019,cargo.general,no_registry,100-125m,5877767.01,31463030.4,10281526.9,2660
2019,cargo.general,no_registry,125-150m,1533961.18,6788974.46,1534307.14,318
2019,cargo.general,no_registry,150-175m,1026509.98,4029463.46,923263.709,150
2019,cargo.general,no_registry,175-200m,426497.967,1645660.14,286775.983,54
2019,cargo.general,no_registry,200-225m,31056.4262,114364.812,22251.4556,7
2019,cargo.general,no_registry,225m+,73720.157,160984.102,26750.9683,5
2019,cargo.general,no_registry,25-50m,8013028.24,30752969.1,18903797.7,12383
2019,cargo.general,no_registry,50-75m,20862973.8,106963250,53078613.9,21940
2019,cargo.general,no_registry,75-100m,10025659.9,65859108.5,24232888.7,8502
2019,cargo.general,other_registry,0-25m,6675.87953,154919.319,69991.0439,15
2019,cargo.general,other_registry,100-125m,2621805.12,21140160.5,5328464.7,857
2019,cargo.general,other_registry,125-150m,2862041.38,14832103.2,3080008.38,471
2019,cargo.general,other_registry,150-175m,1631769.95,6978334.37,1316440.76,197
2019,cargo.general,other_registry,175-200m,1472787.55,6102738.25,938473.169,134
2019,cargo.general,other_registry,200-225m,358050.957,1346963.38,191483.62,30
2019,cargo.general,other_registry,225m+,99727.0945,284272.962,59442.0586,11
2019,cargo.general,other_registry,25-50m,65227.0118,883703.302,482726.806,94
2019,cargo.general,other_registry,50-75m,223156.743,3986393.82,1557669.18,316
2019,cargo.general,other_registry,75-100m,1533731.62,23072641,6239512.64,981
2019,cargo.refrigerated,imo,100-125m,115279.352,413883.823,85006.0686,11
2019,cargo.refrigerated,imo,125-150m,258945.954,668016.449,91567.9581,15
2019,cargo.refrigerated,imo,150-175m,300348.041,643041.374,85459.0664,11
2019,cargo.refrigerated,imo,175-200m,87811.737,189303.54,24955.2989,3
2019,cargo.refrigerated,imo,200-225m,78129.7748,115814.826,19117.5792,3
2019,cargo.refrigerated,imo,225m+,57968.5296,140273.873,16677.8975,4
2019,cargo.refrigerated,imo,50-75m,21851.6055,122028.131,30361.1769,7
2019,cargo.refrigerated,imo,75-100m,35937.1549,163545.791,31457.3636,5
2019,cargo.refrigerated,no_registry,100-125m,77.9989175,636.467094,72.8369444,1
2019,cargo.refrigerated,no_registry,125-150m,16809.0759,5507.41637,7766.40833,1
2019,cargo.refrigerated,no_registry,25-50m,25097.2088,105982.069,34681.7133,49
2019,cargo.refrigerated,no_registry,50-75m,40943.3372,172656.917,52677.4144,61
2019,cargo.refrigerated,no_registry,75-100m,4109.38154,6574.1928,2031.16278,3
2019,cargo.refrigerated,other_registry,100-125m,37808.9473,98946.3203,15588.2686,3
2019,cargo.refrigerated,other_registry,125-150m,278188.076,722751.724,82701.2444,10
2019,cargo.refrigerated,other_registry,150-175m,108465.863,234030.144,25287.2628,3
2019,cargo.refrigerated,other_registry,200-225m,70988.1696,99766.3406,8759.52722,1
2019,cargo.refrigerated,other_registry,225m+,65735.5035,115325.432,11797.4058,2
2019,cargo.refrigerated,other_registry,25-50m,403.479837,7381.13539,1614.26944,1
2019,cargo.refrigerated,other_registry,50-75m,11212.5299,47631.1728,16878.2061,3
2019,cargo.refrigerated,other_registry,75-100m,34463.1672,174855.941,29215.2119,5
2019,cargo.ro_ro,imo,0-25m,17634.3533,61630.2622,28684.6392,11
2019,cargo.ro_ro,imo,100-125m,410041.822,1718573.45,369149.099,60
2019,cargo.ro_ro,imo,125-150m,1287479.74,5033698.26,660243.419,91
2019,cargo.ro_ro,imo,150-175m,3529335.42,10428903.1,1125631.64,152
2019,cargo.ro_ro,imo,175-200m,4834900.34,14422248.6,1421244.8,189
2019,cargo.ro_ro,imo,200-225m,7516736.46,23470045.3,2123090.86,269
2019,cargo.ro_ro,imo,225m+,2794300.65,7152097.83,664851.051,92
2019,cargo.ro_ro,imo,25-50m,156728.612,481180.088,268568.764,70
2019,cargo.ro_ro,imo,50-75m,637933.823,2149705.94,990509.385,211
2019,cargo.ro_ro,imo,75-100m,290879.487,1057704.62,412383.04,81
2019,cargo.ro_ro,no_registry,0-25m,17346.0634,24901.1968,36935.755,13
2019,cargo.ro_ro,no_registry,100-125m,122873.145,446798.537,121329.346,42
2019,cargo.ro_ro,no_registry,125-150m,290341.67,923246.917,168272.589,54
2019,cargo.ro_ro,no_registry,150-175m,554532.175,1508445.34,158918.76,44
2019,cargo.ro_ro,no_registry,175-200m,725436.657,1543430.58,154495.011,34
2019,cargo.ro_ro,no_registry,200-225m,522744.192,1432150.17,140744.983,34
2019,cargo.ro_ro,no_registry,225m+,482521.824,880980.039,85405.2336,18
2019,cargo.ro_ro,no_registry,25-50m,704936.105,1279485.61,1090708.18,452
2019,cargo.ro_ro,no_registry,50-75m,570182.05,1658189.06,856798.126,392
2019,cargo.ro_ro,no_registry,75-100m,152839.147,376993.109,210410.515,89
2019,cargo.ro_ro,other_registry,0-25m,10028.188,26586.8725,17759.6922,4
2019,cargo.ro_ro,other_registry,100-125m,209437.808,889786.981,181217.093,27
2019,cargo.ro_ro,other_registry,125-150m,597365.609,2234704.38,285873.3,39
2019,cargo.ro_ro,other_registry,150-175m,1653258.62,4729961.48,493672.703,66
2019,cargo.ro_ro,other_registry,175-200m,2469391.45,7535212.7,752597.376,98
2019,cargo.ro_ro,other_registry,200-225m,3629301.15,11342401.2,1023397.95,128
2019,cargo.ro_ro,other_registry,225m+,1556184.3,3882989.38,360260.597,49
2019,cargo.ro_ro,other_registry,25-50m,176318.065,469612.369,285163.548,56
2019,cargo.ro_ro,other_registry,50-75m,338270.331,1111263.24,522636.242,112
2019,cargo.ro_ro,other_registry,75-100m,96490.5715,399597.308,141856.672,32
2019,container_reefer,imo,125-150m,334231.456,957650.104,84591.6231,13
2019,container_reefer,imo,150-175m,1374691.81,3359956.44,311211.059,41
2019,container_reefer,imo,175-200m,399840.77,910138.863,86692.7742,10
2019,container_reefer,imo,200-225m,58246.2219,102423.388,8725.77639,1
2019,container_reefer,other_registry,125-150m,214217.271,616930.165,60437.9072,8
2019,container_reefer,other_registry,150-175m,697323.826,1720461,155555.472,21
2019,container_reefer,other_registry,175-200m,181792.262,420961.379,35028.1261,4
2019,dive_vessel,imo,100-125m,110980.298,317682.341,262720.998,33
2019,dive_vessel,imo,125-150m,53649.169,146512.122,106279.121,14
2019,dive_vessel,imo,25-50m,7065.09308,11745.8722,49156.6519,7
2019,dive_vessel,imo,50-75m,24678.5325,89452.3662,118433.758,22
2019,dive_vessel,imo,75-100m,276151.96,913578.5,985819.541,137
2019,dive_vessel,no_registry,100-125m,16964.5877,44696.5985,46547.3914,9
2019,dive_vessel,no_registry,150-175m,2652.77923,5460.32244,8751.23083,1
2019,dive_vessel,no_registry,25-50m,1463.44249,1798.77117,8569.84778,2
2019,dive_vessel,no_registry,50-75m,6802.99754,32561.6615,31457.6381,11
2019,dive_vessel,no_registry,75-100m,55152.1658,189173.24,187000.542,31
2019,dive_vessel,other_registry,100-125m,64414.3861,177375.455,147167.844,19
2019,dive_vessel,other_registry,125-150m,28438.9809,71581.9616,73293.6894,9
2019,dive_vessel,other_registry,150-175m,19822.915,51395.6666,17294.4164,2
2019,dive_vessel,other_registry,25-50m,18.3879022,194.34055,92.7011111,1
2019,dive_vessel,other_registry,50-75m,17689.6272,67139.7921,77750.1136,13
2019,dive_vessel,other_registry,75-100m,129130.365,413022.293,453306.017,64
2019,dredge_fishing,imo,0-25m,5631.44219,99712.1843,106975.095,73
2019,dredge_fishing,imo,25-50m,69574.7801,240801.427,330579.268,52
2019,dredge_fishing,no_registry,0-25m,2520.37574,21802.2983,55279.0567,30
2019,dredge_fishing,no_registry,25-50m,20102.6585,73049.69,100986.315,16
2019,dredge_fishing,other_registry,0-25m,4029.62628,41700.1918,50554.5839,32
2019,dredge_fishing,other_registry,25-50m,63440.3083,223160.801,265873.164,40
2019,dredge_non_fishing,imo,0-25m,1864.92095,17286.0013,28313.895,7
2019,dredge_non_fishing,imo,100-125m,210321.424,1120797.85,566224.937,87
2019,dredge_non_fishing,imo,125-150m,240953.998,866614.258,366224.148,46
2019,dredge_non_fishing,imo,150-175m,67152.5307,186982.14,100649.659,13
2019,dredge_non_fishing,imo,175-200m,26384.7407,66773.1167,33644.2131,4
2019,dredge_non_fishing,imo,200-225m,9131.64525,19122.6666,14412.3322,2
2019,dredge_non_fishing,imo,225m+,5190.03463,22841.8809,8714.09028,1
2019,dredge_non_fishing,imo,25-50m,68531.8669,303558.598,495847.816,89
2019,dredge_non_fishing,imo,50-75m,177250.126,861190.538,1180650.65,213
2019,dredge_non_fishing,imo,75-100m,332213.767,2109790.97,1239876.55,187
2019,dredge_non_fishing,no_registry,0-25m,6348.9167,45990.8584,65479.5469,21
2019,dredge_non_fishing,no_registry,100-125m,32834.2871,194780.099,132243.348,27
2019,dredge_non_fishing,no_registry,125-150m,10371.0442,46278.2859,28159.0706,8
2019,dredge_non_fishing,no_registry,150-175m,6400.85246,15069.9881,20864.9883,4
2019,dredge_non_fishing,no_registry,175-200m,2390.90084,6083.08088,4409.25778,1
2019,dredge_non_fishing,no_registry,25-50m,156772.893,449785.835,1172546.15,274
2019,dredge_non_fishing,no_registry,50-75m,398606.121,1309883.86,2781018,737
2019,dredge_non_fishing,no_registry,75-100m,178426.377,430942.952,1209049.01,280
2019,dredge_non_fishing,other_registry,0-25m,17.5625474,103.443614,122.456111,2
2019,dredge_non_fishing,other_registry,100-125m,97822.5015,516676.248,214608.227,37
2019,dredge_non_fishing,other_registry,125-150m,71885.2756,320300.756,101751.104,12
2019,dredge_non_fishing,other_registry,150-175m,67689.8917,237391.962,83053.1017,11
2019,dredge_non_fishing,other_registry,175-200m,22050.9237,47775.673,10243.7739,2
2019,dredge_non_fishing,other_registry,200-225m,2.47955794,12.0107819,16.7130556,1
2019,dredge_non_fishing,other_registry,225m+,13312.6473,35806.253,16585.4347,2
2019,dredge_non_fishing,other_registry,25-50m,44177.5507,222901.165,325145.72,53
2019,dredge_non_fishing,other_registry,50-75m,80877.0447,413709.521,523140.052,100
2019,dredge_non_fishing,other_registry,75-100m,150772.072,946894.252,559623.691,88
2019,drifting_longlines,imo,0-25m,321732.353,10168510.5,3034455.44,824
2019,drifting_longlines,imo,100-125m,5.76245919,166.342584,86.6811111,1
2019,drifting_longlines,imo,125-150m,2449.21838,36810.9555,5780.70639,1
2019,drifting_longlines,imo,150-175m,21018.5958,460246.824,71367.3408,10
2019,drifting_longlines,imo,175-200m,4296.34131,93637.3813,15887.1256,2
2019,drifting_longlines,imo,200-225m,3789.86642,74418.4022,13841.5558,2
2019,drifting_longlines,imo,225m+,1990.21988,48960.7101,7278.95083,1
2019,drifting_longlines,imo,25-50m,731684.129,19176133,4152827.63,711
2019,drifting_longlines,imo,50-75m,627607.033,12767815,2330077.65,357
2019,drifting_longlines,imo,75-100m,118.580288,8794.55869,3283.085,3
2019,drifting_longlines,no_registry,0-25m,182463.185,5165229.18,2161864.04,2350
2019,drifting_longlines,no_registry,25-50m,120732.219,1862719.2,596454.788,610
2019,drifting_longlines,no_registry,50-75m,20271.4691,370339.677,97086.9819,92
2019,drifting_longlines,no_registry,75-100m,208.776472,785.450308,520.972222,1
2019,drifting_longlines,other_registry,0-25m,163489.061,4754338.1,1467169.04,389
2019,drifting_longlines,other_registry,125-150m,2713.6147,60413.2425,9602.2825,2
2019,drifting_longlines,other_registry,150-175m,4550.0102,101503.859,15536.6256,2
2019,drifting_longlines,other_registry,175-200m,1284.07945,34109.0292,4795.57639,1
2019,drifting_longlines,other_registry,200-225m,6177.1464,106077.762,15131.23,2
2019,drifting_longlines,other_registry,25-50m,352351.541,9019501.9,1936815.71,364
2019,drifting_longlines,other_registry,50-75m,255885.039,5088835.13,948901.152,147
2019,drifting_longlines,other_registry,75-100m,95.8451262,9200.84065,2980.75083,2
2019,driftnets,imo,0-25m,1763.45429,17938.5548,12410.3831,10
2019,driftnets,imo,25-50m,2548.58287,24833.3388,13764.1567,17
2019,driftnets,imo,50-75m,664.477391,2552.75812,2016.22722,2
2019,driftnets,no_registry,0-25m,531399.561,6733964.88,4808763.08,4776
2019,driftnets,no_registry,100-125m,360.587783,2585.23579,1452.48778,1
2019,driftnets,no_registry,25-50m,1499897.13,9027525.11,6572032.74,7015
2019,driftnets,no_registry,50-75m,75326.8299,508448.384,275827.62,457
2019,driftnets,no_registry,75-100m,7613.75932,47554.8476,26952.1564,50
2019,driftnets,other_registry,0-25m,1313.44663,33582.1612,15263.7858,9
2019,driftnets,other_registry,25-50m,825.968949,13662.0485,5346.65528,10
2019,fish_factory,imo,125-150m,1748.47396,20907.9628,8457.63556,1
2019,other_fishing,imo,0-25m,588.658481,11053.646,10370.3083,5
2019,other_fishing,imo,25-50m,77.9366963,534.819573,1436.21306,1
2019,other_fishing,no_registry,0-25m,180.539266,3693.63408,3189.28833,32
2019,other_fishing,no_registry,25-50m,327.504311,2694.45192,3310.53056,7
2019,other_fishing,other_registry,0-25m,254.636161,1754.38271,3677.64806,1
2019,other_not_fishing,imo,0-25m,3590.9147,5131.1163,20480.0125,4
2019,other_not_fishing,imo,100-125m,168382.604,272664.69,624277.594,86
2019,other_not_fishing,imo,125-150m,104755.689,165060.384,317500.124,41
2019,other_not_fishing,imo,150-175m,77502.3021,87066.0677,103122.263,16
2019,other_not_fishing,imo,175-200m,16030.7055,23486.1035,46095.3661,7
2019,other_not_fishing,imo,200-225m,3811.3018,3370.9062,20633.8267,3
2019,other_not_fishing,imo,225m+,4685.68662,4467.32137,25284.4953,4
2019,other_not_fishing,imo,25-50m,54703.8513,45399.897,317338.641,53
2019,other_not_fishing,imo,50-75m,109251.729,64179.5157,634233.843,111
2019,other_not_fishing,imo,75-100m,167495.032,158082.171,922038.294,152
2019,other_not_fishing,no_registry,100-125m,41571.629,47282.5967,210247.469,41
2019,other_not_fishing,no_registry,125-150m,21826.5602,50151.9455,50924.21,12
2019,other_not_fishing,no_registry,150-175m,2975.9009,1981.0371,17519.8122,2
2019,other_not_fishing,no_registry,175-200m,8830.40614,2010.5258,52228.8953,11
2019,other_not_fishing,no_registry,200-225m,19755.6595,1612.93006,117323.74,21
2019,other_not_fishing,no_registry,225m+,159.486786,4.85251715,931.612778,1
2019,other_not_fishing,no_registry,25-50m,40524.1464,19911.9189,237687.74,56
2019,other_not_fishing,no_registry,50-75m,136076.299,105952.455,786277.878,180
2019,other_not_fishing,no_registry,75-100m,131676.936,143576.421,714121.768,152
2019,other_not_fishing,other_registry,100-125m,50977.3383,80929.6898,219686.127,37
2019,other_not_fishing,other_registry,125-150m,75948.2296,125718.643,174647.014,25
2019,other_not_fishing,other_registry,150-175m,15094.2452,27866.6626,32908.0836,6
2019,other_not_fishing,other_registry,175-200m,4674.13471,743.218365,27861.7464,4
2019,other_not_fishing,other_registry,200-225m,2971.14198,2.30784261,17520.16,2
2019,other_not_fishing,other_registry,25-50m,22766.3302,11223.3623,132947.951,23
2019,other_not_fishing,other_registry,50-75m,56681.2406,42064.471,328748.104,57
2019,other_not_fishing,other_registry,75-100m,108994.555,129662.432,561432.404,85
2019,other_purse_seines,imo,0-25m,2603.42137,131594.126,48564.6658,18
2019,other_purse_seines,imo,25-50m,24256.3269,393193.92,122565.901,33
2019,other_purse_seines,imo,50-75m,12815.9327,84847.9957,28635.7278,4
2019,other_purse_seines,no_registry,25-50m,12925.1654,142302.229,33633.7817,9
2019,other_purse_seines,other_registry,0-25m,687.012489,41443.3453,15074.1458,6
2019,other_purse_seines,other_registry,25-50m,26795.5834,328873.444,109513.183,25
2019,other_purse_seines,other_registry,50-75m,1654.62213,26280.5285,5262.39694,1
2019,other_seines,imo,0-25m,35429.6331,359513.93,696904.229,107
2019,other_seines,imo,25-50m,2831.64293,14607.4545,16710.7594,3
2019,other_seines,no_registry,0-25m,126.856242,1479.56621,5783.3125,2
2019,other_seines,no_registry,25-50m,163.550817,1114.56164,2055.16222,1
2019,other_seines,other_registry,0-25m,19013.7304,201693.108,371945.324,60
2019,other_seines,other_registry,25-50m,2471.83754,18480.5368,17314.2953,2
2019,passenger,imo,0-25m,9115317.84,14721797.7,17050174,10330
2019,passenger,imo,100-125m,2035446.55,6097677.51,1197154.48,173
2019,passenger,imo,125-150m,1660700.76,3734372.83,500912.347,67
2019,passenger,imo,150-175m,2198047.33,4138119.82,454255.446,62
2019,passenger,imo,175-200m,1346541.77,2603929.88,272373.239,33
2019,passenger,imo,200-225m,888350.823,1452831.9,152783.333,18
2019,passenger,imo,225m+,8938413.16,8517399.67,788312.556,94
2019,passenger,imo,25-50m,7907903.25,21523073,12221858.5,2507
2019,passenger,imo,50-75m,4085499.75,12483966.5,5568764.28,869
2019,passenger,imo,75-100m,2341495.74,7778169.11,2258305.62,328
2019,passenger,no_registry,0-25m,63503831.8,93902008.3,119108055,93731
2019,passenger,no_registry,100-125m,916805.087,2569627.05,650016.536,189
2019,passenger,no_registry,125-150m,290815.622,618303.607,134553.616,33
2019,passenger,no_registry,150-175m,344402.656,550128.763,71969.5169,14
2019,passenger,no_registry,175-200m,194429.747,291268.44,47350.1583,12
2019,passenger,no_registry,200-225m,215234.861,312419.862,36518.2828,8
2019,passenger,no_registry,225m+,459566.602,444718.821,50934.2067,15
2019,passenger,no_registry,25-50m,31939077.3,51816279.2,48015472.6,16089
2019,passenger,no_registry,50-75m,4513016.06,9325156.68,5632744.18,1809
2019,passenger,no_registry,75-100m,1321469.72,3817511.64,1390266.02,370
2019,passenger,other_registry,0-25m,4466374.14,6969347.68,8299585.02,5029
2019,passenger,other_registry,100-125m,695263.519,2273427.63,459899.833,73
2019,passenger,other_registry,125-150m,940557.433,2394607.39,345238.46,51
2019,passenger,other_registry,150-175m,891394.53,1483745.18,169740.962,20
2019,passenger,other_registry,175-200m,827958.469,1506205.2,147453.945,18
2019,passenger,other_registry,200-225m,143854.42,250320.74,25555.2289,3
2019,passenger,other_registry,225m+,3288737.39,3267997.68,300382.389,36
2019,passenger,other_registry,25-50m,4237174.88,11315019,6432082.14,1298
2019,passenger,other_registry,50-75m,1623948.02,4683662.03,2188894.47,342
2019,passenger,other_registry,75-100m,1109011.28,3606362.38,1024409.44,140
2019,patrol_vessel,imo,0-25m,15834.1331,120354.512,102039.592,52
2019,patrol_vessel,imo,100-125m,28803.3191,123033.796,56934.0822,22
2019,patrol_vessel,imo,125-150m,3507.56358,15239.9252,4319.40278,3
2019,patrol_vessel,imo,175-200m,25.2283852,143.014653,68.2533333,1
2019,patrol_vessel,imo,25-50m,97912.8355,986487.693,553400.918,114
2019,patrol_vessel,imo,50-75m,64172.2243,500378.602,250400.894,89
2019,patrol_vessel,imo,75-100m,75570.3652,541201.43,204342.55,66
2019,patrol_vessel,no_registry,0-25m,148220.28,818554.069,920802.648,629
2019,patrol_vessel,no_registry,100-125m,149165.68,839071.745,233333.748,193
2019,patrol_vessel,no_registry,125-150m,30855.3618,156073.908,27300.3675,22
2019,patrol_vessel,no_registry,150-175m,30397.6472,104558.565,13943.0058,15
2019,patrol_vessel,no_registry,25-50m,509316.509,3338727.9,2995216.57,1197
2019,patrol_vessel,no_registry,50-75m,116701.125,964530.417,484108.014,335
2019,patrol_vessel,no_registry,75-100m,120278.372,908378.187,324038.6,230
2019,patrol_vessel,other_registry,0-25m,9155.03171,52429.5846,53940.1381,23
2019,patrol_vessel,other_registry,100-125m,12173.7036,55904.3514,21557.9919,9
2019,patrol_vessel,other_registry,125-150m,2625.48862,8657.074,8096.9525,3
2019,patrol_vessel,other_registry,150-175m,3436.70241,7928.26122,1482.1575,1
2019,patrol_vessel,other_registry,25-50m,36705.5608,324909.36,206862.017,50
2019,patrol_vessel,other_registry,50-75m,37209.9046,344903.357,156855.165,54
2019,patrol_vessel,other_registry,75-100m,22833.234,146698.453,73350.1511,32
2019,pole_and_line,imo,0-25m,66222.5705,673276.846,882274.575,250
2019,pole_and_line,imo,25-50m,15103.4759,405164.545,120267.752,39
2019,pole_and_line,imo,50-75m,37068.064,603576.243,95143.4581,12
2019,pole_and_line,no_registry,0-25m,37736.9593,341751.433,235417.253,224
2019,pole_and_line,no_registry,25-50m,11907.0095,182187.563,50821.3294,55
2019,pole_and_line,no_registry,50-75m,154.470725,1604.86394,537.945556,3
2019,pole_and_line,other_registry,0-25m,48083.414,363750.969,503365.018,141
2019,pole_and_line,other_registry,25-50m,11652.4378,266329.061,81292.0739,27
2019,pole_and_line,other_registry,50-75m,15518.5808,284435.328,44081.0389,7
2019,pots_and_traps,imo,0-25m,48752.0485,1162463.28,1827397.1,585
2019,pots_and_traps,imo,25-50m,35340.2598,533657.986,234943.627,53
2019,pots_and_traps,imo,50-75m,2495.35845,10824.4143,4859.09,1
2019,pots_and_traps,no_registry,0-25m,53034.6216,1285937.97,1334526.82,933
2019,pots_and_traps,no_registry,25-50m,37089.9902,129981.608,106035.983,99
2019,pots_and_traps,other_registry,0-25m,23042.0841,597167.101,948771.395,321
2019,pots_and_traps,other_registry,25-50m,21591.3198,293833.206,123775.606,28
2019,research,imo,0-25m,3648.82001,29357.513,18340.4969,5
2019,research,imo,25-50m,12077.8806,110029.808,59502.4703,11
2019,research,imo,50-75m,22576.407,182548.016,85747.5567,12
2019,research,imo,75-100m,7260.25384,65657.3525,24767.6531,3
2019,research,no_registry,0-25m,125.111256,2567.45379,1770.03472,2
2019,research,no_registry,25-50m,7492.22444,52861.1793,38767.1769,8
2019,research,no_registry,50-75m,1165.44773,11668.2371,3939.995,1
2019,research,other_registry,0-25m,238.719734,35194.9283,8802.615,2
2019,research,other_registry,25-50m,9388.00919,54533.6063,53092.9933,7
2019,research,other_registry,50-75m,23338.4582,203008.38,77885.9603,11
2019,research,other_registry,75-100m,2467.56765,9197.47808,8759.90722,1
2019,seismic_vessel,imo,0-25m,6613.35821,61791.5945,39765.4808,5
2019,seismic_vessel,imo,100-125m,212337.662,996010.459,363553.061,55
2019,seismic_vessel,imo,125-150m,71192.1903,241123.794,110806.179,16
2019,seismic_vessel,imo,150-175m,29515.9392,100055.551,34321.6939,5
2019,seismic_vessel,imo,175-200m,535.465742,129.899306,3146.6525,1
2019,seismic_vessel,imo,200-225m,2375.42248,10575.9044,5350.95028,1
2019,seismic_vessel,imo,25-50m,167128.545,1235621.05,915362.31,139
2019,seismic_vessel,imo,50-75m,334531.313,2869708.55,1236011.29,194
2019,seismic_vessel,imo,75-100m,449373.475,2554059.91,1018052.72,163
2019,seismic_vessel,no_registry,0-25m,4718.93373,18461.846,29405.9722,5
2019,seismic_vessel,no_registry,100-125m,15630.7641,66726.39,36177.2722,15
2019,seismic_vessel,no_registry,125-150m,18772.8614,65632.6889,33765.8728,10
2019,seismic_vessel,no_registry,150-175m,5070.52076,20644.4055,7373.37111,2
2019,seismic_vessel,no_registry,25-50m,128469.097,744327.18,691217.283,154
2019,seismic_vessel,no_registry,50-75m,55936.3741,381951.75,228617.216,59
2019,seismic_vessel,no_registry,75-100m,79814.7054,478399.652,198431.313,61
2019,seismic_vessel,other_registry,0-25m,3136.66288,14519.9194,17410.4928,2
2019,seismic_vessel,other_registry,100-125m,96562.2579,587711.868,147914.264,20
2019,seismic_vessel,other_registry,125-150m,33252.9171,103438.444,39761.3092,5
2019,seismic_vessel,other_registry,150-175m,13002.964,47672.3773,12708.7953,2
2019,seismic_vessel,other_registry,175-200m,11688.2585,40285.2818,8482.39806,1
2019,seismic_vessel,other_registry,25-50m,78097.9375,545227.811,431252.022,66
2019,seismic_vessel,other_registry,50-75m,154476.73,1322824.72,534835.941,86
2019,seismic_vessel,other_registry,75-100m,161616.367,982162.005,379864.579,54
2019,set_gillnets,imo,0-25m,50800.393,2515643.6,1652422.43,734
2019,set_gillnets,imo,25-50m,1159.16265,50922.7637,21500.1003,8
2019,set_gillnets,imo,50-75m,14.1408429,1378.42087,498.396111,2
2019,set_gillnets,imo,75-100m,4.87436193,240.630138,217.507778,1
2019,set_gillnets,no_registry,0-25m,109532.751,2480497.52,2219675.74,2280
2019,set_gillnets,no_registry,25-50m,254925.122,920576.89,800121.132,625
2019,set_gillnets,no_registry,50-75m,88.1842001,565.148575,188.913611,1
2019,set_gillnets,other_registry,0-25m,19010.5747,1067973.1,702658.699,334
2019,set_gillnets,other_registry,25-50m,352.785229,18052.2787,7438.78583,3
2019,set_gillnets,other_registry,50-75m,174.306653,8100.63355,6450.45861,2
2019,set_gillnets,other_registry,75-100m,1.07850278,43.1922785,37.3702778,1
2019,set_longlines,imo,0-25m,32521.968,835026.069,757448.694,140
2019,set_longlines,imo,25-50m,145844.84,2108235.37,780332.937,120
2019,set_longlines,imo,50-75m,109723.849,1086682.41,338198.861,48
2019,set_longlines,imo,75-100m,1.14417674,28.863792,16.4836111,1
2019,set_longlines,no_registry,0-25m,7036.92277,107918.877,92503.1422,55
2019,set_longlines,no_registry,25-50m,4795.67786,66349.2314,29836.3747,25
2019,set_longlines,other_registry,0-25m,28216.3128,618502.07,471565.233,88
2019,set_longlines,other_registry,100-125m,13.9443433,777.172826,269.110556,1
2019,set_longlines,other_registry,25-50m,58862.9624,941411.6,333669.88,49
2019,set_longlines,other_registry,50-75m,34757.7553,410965.637,115989.85,17
2019,set_longlines,other_registry,75-100m,37.9383915,1560.00717,622.290278,1
2019,specialized_reefer,imo,100-125m,684518.876,2311614.58,575156.262,88
2019,specialized_reefer,imo,125-150m,983345.525,2486372.71,493406.28,71
2019,specialized_reefer,imo,150-175m,251306.84,442710.361,93074.0172,13
2019,specialized_reefer,imo,25-50m,34752.0613,284463.387,61221.7178,17
2019,specialized_reefer,imo,50-75m,151800.674,876568.187,253195.697,54
2019,specialized_reefer,imo,75-100m,410731.008,2056680.32,528062.119,87
2019,specialized_reefer,no_registry,25-50m,1721.37521,10411.159,2329.72139,2
2019,specialized_reefer,no_registry,50-75m,519.018738,1335.37798,510.816667,2
2019,specialized_reefer,no_registry,75-100m,5644.54236,8756.35059,4065.37556,3
2019,specialized_reefer,other_registry,100-125m,509384.328,1737797.84,400837.444,59
2019,specialized_reefer,other_registry,125-150m,634029.036,1551596.48,311094.966,43
2019,specialized_reefer,other_registry,150-175m,127992.109,212364.341,51417.0103,8
2019,specialized_reefer,other_registry,25-50m,20363.4038,153929.134,34033.7711,10
2019,specialized_reefer,other_registry,50-75m,106276.519,634954.993,183520.77,32
2019,specialized_reefer,other_registry,75-100m,159539.038,804019.748,232966.936,41
2019,squid_jigger,imo,0-25m,216.390604,6260.50654,4988.42806,4
2019,squid_jigger,imo,125-150m,2458.95119,11442.2089,2746.07306,1
2019,squid_jigger,imo,25-50m,118578.628,1477736.27,525112.246,119
2019,squid_jigger,imo,50-75m,597053.811,5607805.85,1753888.18,375
2019,squid_jigger,imo,75-100m,20977.4795,224684.913,51380.6539,10
2019,squid_jigger,no_registry,0-25m,1322.76181,26937.0076,22741.6931,78
2019,squid_jigger,no_registry,100-125m,786.908546,8539.13991,1114.39333,1
2019,squid_jigger,no_registry,25-50m,19469.7274,159949.562,75252.7828,96
2019,squid_jigger,no_registry,50-75m,33091.3504,251628.03,104987.173,82
2019,squid_jigger,no_registry,75-100m,829.441236,7798.86979,1913.61306,3
2019,squid_jigger,other_registry,0-25m,1103.15688,27670.9797,18300.285,6
2019,squid_jigger,other_registry,25-50m,62120.2598,786768.99,277993.036,65
2019,squid_jigger,other_registry,50-75m,238105.241,2272005.76,713752.596,164
2019,squid_jigger,other_registry,75-100m,16861.902,197927.729,35821.5256,5
2019,supply_vessel,imo,0-25m,17996.5094,96726.7104,100218.281,27
2019,supply_vessel,imo,100-125m,115713.901,493387.712,311135.737,40
2019,supply_vessel,imo,125-150m,9135.94217,25978.8875,20584.7,3
2019,supply_vessel,imo,150-175m,3790.58064,15887.6613,8760.05389,1
2019,supply_vessel,imo,200-225m,1413.96442,63.474721,8760.02528,1
2019,supply_vessel,imo,25-50m,937099.053,8305161.92,4370861.34,724
2019,supply_vessel,imo,50-75m,870614.915,6161015.71,3320421.07,506
2019,supply_vessel,imo,75-100m,1228716.95,6060949.82,3466736.52,469
2019,supply_vessel,no_registry,0-25m,65115.0138,496938.747,346356.086,103
2019,supply_vessel,no_registry,100-125m,16404.6274,64268.7405,46338.6353,11
2019,supply_vessel,no_registry,125-150m,4796.86184,16278.4769,8759.99361,1
2019,supply_vessel,no_registry,25-50m,1029142.5,8462396.75,4788004.88,1101
2019,supply_vessel,no_registry,50-75m,160706.827,1112667.85,700035.496,147
2019,supply_vessel,no_registry,75-100m,208293.48,1033131.39,605234.036,112
2019,supply_vessel,other_registry,0-25m,7844.99317,34444.1147,41715.5264,10
2019,supply_vessel,other_registry,100-125m,30816.7276,165098.414,70934.14,10
2019,supply_vessel,other_registry,125-150m,4118.15286,11947.0001,8759.96861,1
2019,supply_vessel,other_registry,25-50m,419209.291,3697075.61,1968113.89,346
2019,supply_vessel,other_registry,50-75m,378531.583,2571108.62,1491767.25,232
2019,supply_vessel,other_registry,75-100m,664395.083,3280094.3,1821432.33,247
2019,tanker.chemical,imo,0-25m,908.150959,90.7761516,1313.08556,1
2019,tanker.chemical,imo,100-125m,4481458.3,20405146.5,4220242.62,591
2019,tanker.chemical,imo,125-150m,4926419.81,17529885.1,3240028.83,472
2019,tanker.chemical,imo,150-175m,6419400.1,20002241,3102465.15,438
2019,tanker.chemical,imo,175-200m,14089163.4,38413364.9,6067671.4,804
2019,tanker.chemical,imo,200-225m,1570443.93,3961924.08,630276.63,89
2019,tanker.chemical,imo,225m+,681570.797,1324042.27,190816.07,30
2019,tanker.chemical,imo,25-50m,51582.0529,261379.406,47616.5686,7
2019,tanker.chemical,imo,50-75m,691107.378,4553297.16,994750.638,124
2019,tanker.chemical,imo,75-100m,1228515.57,7420639.24,1644351.18,229
2019,tanker.chemical,no_registry,100-125m,1782204.5,5944262.78,1952458.31,372
2019,tanker.chemical,no_registry,125-150m,537255.039,1688359.07,320703.506,64
2019,tanker.chemical,no_registry,150-175m,1198925.36,3490445.17,550861.597,118
2019,tanker.chemical,no_registry,175-200m,2344946.21,6483248.93,1006602.81,188
2019,tanker.chemical,no_registry,200-225m,518666.158,1308839.21,205516.077,43
2019,tanker.chemical,no_registry,225m+,161931.121,318695.071,62654.2014,16
2019,tanker.chemical,no_registry,25-50m,112221.769,293094.773,159770.429,39
2019,tanker.chemical,no_registry,50-75m,724262.904,3531111.85,1032594.2,184
2019,tanker.chemical,no_registry,75-100m,1014724.34,4109391.86,1406636.53,249
2019,tanker.chemical,other_registry,100-125m,2182446.73,9949038.02,2061272.74,299
2019,tanker.chemical,other_registry,125-150m,2175302.28,7735476.63,1434116.27,209
2019,tanker.chemical,other_registry,150-175m,3287684.07,10270658.1,1580436.53,217
2019,tanker.chemical,other_registry,175-200m,7239196.56,20043874.2,3109958.63,412
2019,tanker.chemical,other_registry,200-225m,629006.484,1652711.92,252907.101,35
2019,tanker.chemical,other_registry,225m+,352305.767,790998.985,112204.952,17
2019,tanker.chemical,other_registry,25-50m,115594.102,428548.115,80656.2756,10
2019,tanker.chemical,other_registry,50-75m,324045.716,2143097.85,472895.788,58
2019,tanker.chemical,other_registry,75-100m,623643.458,3840867.08,814069.701,115
2019,tanker.liquefied_gas,imo,100-125m,863914.213,3603370.39,683773.093,97
2019,tanker.liquefied_gas,imo,125-150m,484428.817,1867010.62,322953.495,46
2019,tanker.liquefied_gas,imo,150-175m,1308795.37,3988192.59,637951.109,88
2019,tanker.liquefied_gas,imo,175-200m,1254045.97,3414370.8,496361.361,64
2019,tanker.liquefied_gas,imo,200-225m,1879462.51,4555321.64,505566.246,70
2019,tanker.liquefied_gas,imo,225m+,27214983.7,36375364.9,3292737.76,433
2019,tanker.liquefied_gas,imo,25-50m,8005.03601,41920.4336,7131.38444,1
2019,tanker.liquefied_gas,imo,50-75m,406207.045,1825638.94,384849.771,46
2019,tanker.liquefied_gas,imo,75-100m,444793.386,1845467.88,384008.563,50
2019,tanker.liquefied_gas,no_registry,100-125m,79885.3424,288667.661,62334.8153,15
2019,tanker.liquefied_gas,no_registry,125-150m,43473.2341,141488.293,29765.5656,8
2019,tanker.liquefied_gas,no_registry,150-175m,86765.4949,245614.346,52474.0444,12
2019,tanker.liquefied_gas,no_registry,175-200m,227518.883,496483.589,71480.915,17
2019,tanker.liquefied_gas,no_registry,200-225m,307958.408,667444.519,73565.2908,17
2019,tanker.liquefied_gas,no_registry,225m+,3453289.31,4809956.28,473520.603,78
2019,tanker.liquefied_gas,no_registry,25-50m,3513.40021,4837.57825,4459.99806,3
2019,tanker.liquefied_gas,no_registry,50-75m,110803.165,364567.016,143074.178,48
2019,tanker.liquefied_gas,no_registry,75-100m,95589.1421,329472.758,93593.5778,23
2019,tanker.liquefied_gas,other_registry,100-125m,599920.04,2302791.5,467929.259,64
2019,tanker.liquefied_gas,other_registry,125-150m,403157.302,1393274.99,260024.348,35
2019,tanker.liquefied_gas,other_registry,150-175m,764317.462,2484887.03,388738.543,51
2019,tanker.liquefied_gas,other_registry,175-200m,569445.555,1736224.54,230747.045,29
2019,tanker.liquefied_gas,other_registry,200-225m,1013352.7,2416967.9,281270.179,36
2019,tanker.liquefied_gas,other_registry,225m+,12534168.8,16541836.7,1526959.89,196
2019,tanker.liquefied_gas,other_registry,25-50m,9655.75884,7539.00731,8889.29444,2
2019,tanker.liquefied_gas,other_registry,50-75m,280410.929,1363476.79,253209.651,32
2019,tanker.liquefied_gas,other_registry,75-100m,210158.477,712186.822,193267.554,28
2019,tanker.oil,imo,0-25m,2792.80899,17307.3683,7637.98889,3
2019,tanker.oil,imo,100-125m,3320787.4,9453562.47,2960830.76,494
2019,tanker.oil,imo,125-150m,2077308.36,5008452.15,1608969.6,285
2019,tanker.oil,imo,150-175m,1910290.86,2523651.31,734307.409,119
2019,tanker.oil,imo,175-200m,5490621.91,7840745.22,1725816.09,263
2019,tanker.oil,imo,200-225m,5973258.41,8045852.01,1619484.35,236
2019,tanker.oil,imo,225m+,52509219.3,69444498.1,10068694.9,1429
2019,tanker.oil,imo,25-50m,521692.571,793861.526,670648.93,122
2019,tanker.oil,imo,50-75m,1951699.12,5185115.29,2660121.6,467
2019,tanker.oil,imo,75-100m,3135234.79,9205074.49,4210991.91,737
2019,tanker.oil,no_registry,0-25m,19735.0816,14433.3162,14903.4258,10
2019,tanker.oil,no_registry,100-125m,2314842.54,8088550.9,2607630.4,453
2019,tanker.oil,no_registry,125-150m,1729734.27,3742425.42,1041355.52,178
2019,tanker.oil,no_registry,150-175m,1087655.29,1499206.51,402871.779,83
2019,tanker.oil,no_registry,175-200m,746221.827,1116117.36,236911.369,59
2019,tanker.oil,no_registry,200-225m,1021755.64,1248714.06,259455.686,62
2019,tanker.oil,no_registry,225m+,12568554.1,16329020.5,2289887.14,424
2019,tanker.oil,no_registry,25-50m,3744283.41,6004100.83,5520120.76,1286
2019,tanker.oil,no_registry,50-75m,4667466.03,11876656.8,7110729.18,1480
2019,tanker.oil,no_registry,75-100m,3828398.23,11895850.1,5565436.04,951
2019,tanker.oil,other_registry,0-25m,10209.9385,13163.3805,18384.9169,4
2019,tanker.oil,other_registry,100-125m,1360441.52,5019738.18,1464455.35,233
2019,tanker.oil,other_registry,125-150m,998293.059,2146105.19,696603.974,114
2019,tanker.oil,other_registry,150-175m,951510.71,1472637.62,382708.518,62
2019,tanker.oil,other_registry,175-200m,2625213.5,3993183.09,865298.542,130
2019,tanker.oil,other_registry,200-225m,2413991.13,3193497.94,683734.092,107
2019,tanker.oil,other_registry,225m+,26688350,34808536,5074088.18,712
2019,tanker.oil,other_registry,25-50m,180500.891,203962.272,288877.559,51
2019,tanker.oil,other_registry,50-75m,979526.894,2910262.49,1445602.75,237
2019,tanker.oil,other_registry,75-100m,1874362.16,5250190.59,2467272.83,400
2019,tanker.other,imo,100-125m,9101.67029,28140.611,8748.28333,1
2019,tanker.other,imo,125-150m,11653.7375,230.300082,8736.30028,1
2019,tanker.other,imo,25-50m,16797.3421,11373.7365,14972.1142,2
2019,tanker.other,imo,50-75m,38529.7201,32646.065,32947.2267,4
2019,tanker.other,imo,75-100m,10864.5284,10130.6788,8593.82833,1
2019,tanker.other,no_registry,25-50m,82145.7974,39661.2562,64847.4317,13
2019,tanker.other,no_registry,50-75m,43004.7446,23199.5881,33840.9914,5
2019,tanker.other,other_registry,50-75m,9819.66323,19483.7304,8760.01861,1
2019,tanker.other,other_registry,75-100m,21522.1682,6445.36711,16783.3972,2
2019,trawlers,imo,0-25m,1917719.56,28227684.2,22530450.8,6619
2019,trawlers,imo,100-125m,845417.514,2021953.08,522647.358,82
2019,trawlers,imo,125-150m,114415.344,240408.37,50150.2689,7
2019,trawlers,imo,150-175m,467.251436,4868.7433,1973.16167,1
2019,trawlers,imo,25-50m,3037938.76,22945715.8,11503005.7,2753
2019,trawlers,imo,50-75m,3062227.23,13717091.2,4335497.01,679
2019,trawlers,imo,75-100m,961870.15,2909843.45,875376.681,136
2019,trawlers,no_registry,0-25m,3335695.65,42007604.5,27869919.3,26585
2019,trawlers,no_registry,100-125m,5003.77647,13110.1505,10822.0128,4
2019,trawlers,no_registry,125-150m,37.9817816,110.447653,80.9869444,1
2019,trawlers,no_registry,25-50m,5470828.98,35422988.1,20347603.4,23232
2019,trawlers,no_registry,50-75m,371545.368,2107620.31,1000781.02,1680
2019,trawlers,no_registry,75-100m,26891.3579,104284.65,68679.3169,113
2019,trawlers,other_registry,0-25m,992165.176,13969858,11007930.5,3307
2019,trawlers,other_registry,100-125m,566896.996,1290115.24,355453.686,58
2019,trawlers,other_registry,125-150m,37981.2578,61270.7899,23020.7567,4
2019,trawlers,other_registry,225m+,3615.80424,16305.2359,6868.40444,1
2019,trawlers,other_registry,25-50m,1545290.16,11637060.2,5683944.24,1338
2019,trawlers,other_registry,50-75m,1387893.37,6246507.33,2005432.56,321
2019,trawlers,other_registry,75-100m,359655.741,1301146.38,373006.738,62
2019,trollers,imo,0-25m,18791.1418,388399.608,481213.541,162
2019,trollers,imo,25-50m,708.815412,1949.88942,5927.59167,3
2019,trollers,no_registry,0-25m,3489.81017,70733.3212,90079.0478,34
2019,trollers,no_registry,25-50m,252.112617,2016.37981,631.417222,2
2019,trollers,other_registry,0-25m,9634.78177,172793.374,214696.073,73
2019,trollers,other_registry,25-50m,244.901233,4633.35416,7325.54028,2
2019,tug,imo,0-25m,725540.801,8421100.42,7317182.23,1462
2019,tug,imo,100-125m,35995.0863,228871.854,126070.211,21
2019,tug,imo,125-150m,12252.0361,68451.9788,18533.1431,7
2019,tug,imo,150-175m,7060.29144,28771.0347,37064.1133,7
2019,tug,imo,175-200m,742.932663,3166.12517,8346.39972,2
2019,tug,imo,200-225m,2526.86969,5607.22247,9312.6275,2
2019,tug,imo,225m+,8416.28966,29103.4099,16901.3308,3
2019,tug,imo,25-50m,3118027.03,25973164.5,26818635.1,4416
2019,tug,imo,50-75m,551706.892,4904275.48,4264631.52,724
2019,tug,imo,75-100m,209356.221,1393441.7,1005668.48,170
2019,tug,no_registry,0-25m,719849.343,6779968.65,8645423.47,4714
2019,tug,no_registry,100-125m,13769.2122,109082.189,81168.8414,27
2019,tug,no_registry,125-150m,4843.45211,25310.1669,45687.2339,11
2019,tug,no_registry,150-175m,2191.86738,6800.02273,17278.4156,4
2019,tug,no_registry,25-50m,4975036.24,46243744.2,48573045.8,17538
2019,tug,no_registry,50-75m,797233.156,9027401.85,6342436.97,2780
2019,tug,no_registry,75-100m,111363.012,1019403.54,617746.467,153
2019,tug,other_registry,0-25m,366425.897,4277988.88,3731513.9,720
2019,tug,other_registry,100-125m,8139.48486,68758.7987,62567.4708,11
2019,tug,other_registry,125-150m,4620.21858,27653.8618,29186.155,4
2019,tug,other_registry,150-175m,5275.24798,27408.6726,24279.4772,3
2019,tug,other_registry,175-200m,4032.47738,24755.3056,17492.9211,2
2019,tug,other_registry,225m+,3447.58486,13508.8921,17364.4297,2
2019,tug,other_registry,25-50m,1575985.61,12866073.9,13141979.6,2103
2019,tug,other_registry,50-75m,266144.68,2373452.18,2034577.96,347
2019,tug,other_registry,75-100m,105037.308,684334.531,531329.369,91
2019,tuna_purse_seines,imo,100-125m,14594.3726,23991.1114,15540.4608,6
2019,tuna_purse_seines,imo,200-225m,1969.86845,12495.7421,2989.11944,1
2019,tuna_purse_seines,imo,25-50m,36154.911,415900.676,111824.185,31
2019,tuna_purse_seines,imo,50-75m,777386.958,6483191.54,1371628.66,249
2019,tuna_purse_seines,imo,75-100m,260336.761,1707205.17,357940.282,94
2019,tuna_purse_seines,no_registry,25-50m,75247.8436,509900.916,154241.49,52
2019,tuna_purse_seines,no_registry,50-75m,24803.0605,155917.138,43804.5097,17
2019,tuna_purse_seines,other_registry,100-125m,10484.216,45272.8585,10883.9203,4
2019,tuna_purse_seines,other_registry,150-175m,2879.52097,23773.0374,3684.3375,1
2019,tuna_purse_seines,other_registry,25-50m,33779.257,352586.726,101958.853,24
2019,tuna_purse_seines,other_registry,50-75m,294673.422,2364527.97,521875.744,103
2019,tuna_purse_seines,other_registry,75-100m,119535.799,792054.863,165813.576,39
2019,well_boat,imo,0-25m,1074.31915,9422.11492,7946.52833,1
2019,well_boat,imo,25-50m,44424.9387,664469.245,178010.361,24
2019,well_boat,imo,50-75m,71152.5968,960671.82,218773.814,26
2019,well_boat,imo,75-100m,27354.5253,190430.189,60932.4419,7
2019,well_boat,other_registry,25-50m,27001.8472,443567.683,99196.8947,13
2019,well_boat,other_registry,50-75m,30729.1649,391113.822,104243.555,12
2019,well_boat,other_registry,75-100m,27460.3213,170502.233,69986.8975,8
2020,bunker,imo,0-25m,3296.7431,9220.71802,6135.65694,3
2020,bunker,imo,100-125m,57009.7689,591743.956,87658.0864,12
2020,bunker,imo,125-150m,8654.24603,61964.1468,8779.63944,1
2020,bunker,imo,25-50m,71897.5552,70895.0107,119811.161,25
2020,bunker,imo,50-75m,19872.0047,17788.5688,32803.3058,8
2020,bunker,imo,75-100m,20061.8808,274243.048,40514.7911,7
2020,bunker,no_registry,0-25m,339242.266,384360.282,621692.548,389
2020,bunker,no_registry,100-125m,5488.92535,1668.27139,5708.51306,8
2020,bunker,no_registry,125-150m,1399.52921,331.549676,825.64,2
2020,bunker,no_registry,25-50m,2256454.3,2182474.82,3466898.69,1885
2020,bunker,no_registry,50-75m,454786.768,428687.917,531031.541,351
2020,bunker,no_registry,75-100m,63501.5736,28621.8211,83259.3917,50
2020,bunker,other_registry,0-25m,640.556367,1766.33023,1334.55611,1
2020,bunker,other_registry,100-125m,49673.3398,440002.685,72101.3917,10
2020,bunker,other_registry,175-200m,7106.9732,25960.717,4307.78389,1
2020,bunker,other_registry,25-50m,50187.0221,53378.7701,79288.3731,17
2020,bunker,other_registry,50-75m,8657.78513,4384.97558,13398.8169,5
2020,bunker,other_registry,75-100m,4593.79726,63075.8476,8781.04139,1
2020,cargo.bulk_carrier,imo,0-25m,915.004693,50165.8479,8647.90361,1
2020,cargo.bulk_carrier,imo,100-125m,531264.752,4578075.94,1070181.83,154
2020,cargo.bulk_carrier,imo,125-150m,710613.609,4965260.41,1018310.86,145
2020,cargo.bulk_carrier,imo,150-175m,2338665.59,13750941.4,2806342.47,418
2020,cargo.bulk_carrier,imo,175-200m,20973928.6,103897438,18225310.5,2418
2020,cargo.bulk_carrier,imo,200-225m,9349742.88,38212774.2,6195158.84,835
2020,cargo.bulk_carrier,imo,225m+,34659865.2,105486761,14795874.9,1932
2020,cargo.bulk_carrier,imo,25-50m,22858.7724,283235.637,69229.7939,10
2020,cargo.bulk_carrier,imo,50-75m,37098.1981,464722.123,109460.072,18
2020,cargo.bulk_carrier,imo,75-100m,177850.744,1985854.51,478056.893,75
2020,cargo.bulk_carrier,no_registry,0-25m,1603.0384,10629.3611,7970.36417,12
2020,cargo.bulk_carrier,no_registry,100-125m,662438.027,5416622.36,1672364.06,325
2020,cargo.bulk_carrier,no_registry,125-150m,656109.615,4608505.82,1232691.24,213
2020,cargo.bulk_carrier,no_registry,150-175m,1722345.84,9917003.73,2596096.58,443
2020,cargo.bulk_carrier,no_registry,175-200m,6766774.62,32506611.6,6243658.81,978
2020,cargo.bulk_carrier,no_registry,200-225m,4215402.76,16459665.6,2941642.88,471
2020,cargo.bulk_carrier,no_registry,225m+,9738596.23,30663318.3,4075007.69,645
2020,cargo.bulk_carrier,no_registry,25-50m,193171.556,1417034.87,874047.678,790
2020,cargo.bulk_carrier,no_registry,50-75m,424457.253,3395823.28,1763025.34,1047
2020,cargo.bulk_carrier,no_registry,75-100m,269999.612,2342006.45,951688.565,318
2020,cargo.bulk_carrier,other_registry,100-125m,212786.552,1849752.11,391558.345,58
2020,cargo.bulk_carrier,other_registry,125-150m,351569.81,2475854.6,482223.126,73
2020,cargo.bulk_carrier,other_registry,150-175m,1216496.06,7211539.79,1510922.23,218
2020,cargo.bulk_carrier,other_registry,175-200m,10402795,51578930.9,8945259.57,1185
2020,cargo.bulk_carrier,other_registry,200-225m,4635715.39,18688950.8,3118250.04,414
2020,cargo.bulk_carrier,other_registry,225m+,16568425.1,51273746.3,7195720.27,948
2020,cargo.bulk_carrier,other_registry,25-50m,17441.6707,162079.055,37030.8406,7
2020,cargo.bulk_carrier,other_registry,50-75m,29770.1395,406859.905,110710.974,18
2020,cargo.bulk_carrier,other_registry,75-100m,87033.9969,976066.517,242252.849,37
2020,cargo.container,imo,0-25m,1438.91692,20584.7764,6357.53694,1
2020,cargo.container,imo,100-125m,482092.755,2818414.57,568214.933,85
2020,cargo.container,imo,125-150m,3138164.87,15524932.8,2207503.88,297
2020,cargo.container,imo,150-175m,4113675.99,15634497.1,2320943.5,321
2020,cargo.container,imo,175-200m,5652056.1,17654727.7,2546389.92,354
2020,cargo.container,imo,200-225m,5495730.77,14380112.1,1818530.77,254
2020,cargo.container,imo,225m+,57698028.1,94278566.5,9614497.52,1248
2020,cargo.container,imo,50-75m,25406.1237,71875.7499,47190.6592,6
2020,cargo.container,imo,75-100m,138408.711,851255.847,200578.021,38
2020,cargo.container,no_registry,100-125m,382989.734,1926229.1,492273.028,79
2020,cargo.container,no_registry,125-150m,718947.226,3241753.12,572922.982,93
2020,cargo.container,no_registry,150-175m,1814654.32,6540120.82,1048729.69,157
2020,cargo.container,no_registry,175-200m,1353755.44,4444766.58,650777.927,113
2020,cargo.container,no_registry,200-225m,2008108.87,5516749.63,721919.401,132
2020,cargo.container,no_registry,225m+,15607956,25430430.3,2563606.19,398
2020,cargo.container,no_registry,25-50m,194318.378,584318.185,328295.059,95
2020,cargo.container,no_registry,50-75m,674620.063,2696346.11,1156816.57,319
2020,cargo.container,no_registry,75-100m,578463.096,2829870.32,938440.294,168
2020,cargo.container,other_registry,100-125m,170261.204,1002503.88,223114.755,34
2020,cargo.container,other_registry,125-150m,1397719.49,6947585.93,1029067.74,130
2020,cargo.container,other_registry,150-175m,2068997.03,7636862.79,1099381.3,156
2020,cargo.container,other_registry,175-200m,2956938.33,9432559.07,1305929.98,176
2020,cargo.container,other_registry,200-225m,2770335.81,7199221.98,920310.517,126
2020,cargo.container,other_registry,225m+,30598058.9,49710690,5041771.86,655
2020,cargo.container,other_registry,25-50m,16250.5215,118799.797,13444.8758,2
2020,cargo.container,other_registry,50-75m,8586.28005,49732.2622,14052.4561,3
2020,cargo.container,other_registry,75-100m,76522.265,510938.46,117538.665,21
2020,cargo.general,imo,0-25m,3951.66306,140196.506,81970.9967,25
2020,cargo.general,imo,100-125m,4923149.4,38081458.8,9902247.91,1503
2020,cargo.general,imo,125-150m,5708536.91,29410270.2,6261189.36,901
2020,cargo.general,imo,150-175m,3029378.25,12817323.8,2639225.43,378
2020,cargo.general,imo,175-200m,2599791.79,10498391,1772187.96,241
2020,cargo.general,imo,200-225m,571466.885,2267524,346749.361,45
2020,cargo.general,imo,225m+,261948.253,719772.22,168591.305,27
2020,cargo.general,imo,25-50m,100791.675,1598284.38,921576.453,176
2020,cargo.general,imo,50-75m,553222.926,9447139.66,3646612.46,677
2020,cargo.general,imo,75-100m,2998962.28,42301321.7,11573310.8,1817
2020,cargo.general,no_registry,0-25m,85730.956,287935.983,193548.871,265
2020,cargo.general,no_registry,100-125m,6268571.03,33558904.8,11039288.8,3065
2020,cargo.general,no_registry,125-150m,1845783.51,8059924.62,1909570.96,386
2020,cargo.general,no_registry,150-175m,1163501.62,4584048.53,1063663.92,193
2020,cargo.general,no_registry,175-200m,678427.686,2782654.7,449608.253,75
2020,cargo.general,no_registry,200-225m,47171.362,169659.022,29039.4158,8
2020,cargo.general,no_registry,225m+,62618.5691,144063.048,23802.225,4
2020,cargo.general,no_registry,25-50m,8254178.21,30435951.5,19558371.8,12947
2020,cargo.general,no_registry,50-75m,21092017.9,105964299,54043468.8,23330
2020,cargo.general,no_registry,75-100m,9952407.33,66018059.3,25303591.1,9328
2020,cargo.general,other_registry,0-25m,7260.66857,148191.876,70236.1161,18
2020,cargo.general,other_registry,100-125m,2437676.25,19383487.3,5069853.92,764
2020,cargo.general,other_registry,125-150m,2649935.61,13611165.3,2982885.03,443
2020,cargo.general,other_registry,150-175m,1511285.08,6511759.1,1253466.58,184
2020,cargo.general,other_registry,175-200m,1337133.29,5424943.56,894879.145,125
2020,cargo.general,other_registry,200-225m,352511.372,1326188.12,200968.238,28
2020,cargo.general,other_registry,225m+,106962.132,285465.861,66315.5025,14
2020,cargo.general,other_registry,25-50m,57945.6209,816089.877,479119.292,94
2020,cargo.general,other_registry,50-75m,210859.673,3521330.32,1553818.94,306
2020,cargo.general,other_registry,75-100m,1422345.08,21485181,6040557.58,909
2020,cargo.refrigerated,imo,100-125m,132400.484,509136.846,96281.5881,12
2020,cargo.refrigerated,imo,125-150m,317937.659,824149.647,111574.399,15
2020,cargo.refrigerated,imo,150-175m,316358.427,756339.706,81757.5689,13
2020,cargo.refrigerated,imo,175-200m,84219.8412,188250.495,24205.2131,3
2020,cargo.refrigerated,imo,200-225m,75128.6741,116658.863,16112.2422,3
2020,cargo.refrigerated,imo,225m+,47792.416,112580.91,19117.7206,4
2020,cargo.refrigerated,imo,50-75m,20994.9372,73973.1368,30617.2667,5
2020,cargo.refrigerated,imo,75-100m,36471.5949,163068.578,34704.2508,5
2020,cargo.refrigerated,no_registry,100-125m,138.807696,928.527195,128.845833,1
2020,cargo.refrigerated,no_registry,125-150m,8192.13849,11918.6383,2971.30278,1
2020,cargo.refrigerated,no_registry,25-50m,19906.0365,84502.2999,23152.1881,43
2020,cargo.refrigerated,no_registry,50-75m,36335.0903,156663.755,45720.89,54
2020,cargo.refrigerated,no_registry,75-100m,2054.1705,1161.50669,1857.04056,3
2020,cargo.refrigerated,other_registry,100-125m,50110.3853,122198.557,26002.4786,3
2020,cargo.refrigerated,other_registry,125-150m,276842.17,724044.905,85977.6581,10
2020,cargo.refrigerated,other_registry,150-175m,97464.1026,206020.281,24310.9144,3
2020,cargo.refrigerated,other_registry,200-225m,59582.7315,81169.3141,8783.79583,1
2020,cargo.refrigerated,other_registry,225m+,70502.2451,128458.678,11732.3461,2
2020,cargo.refrigerated,other_registry,25-50m,26.1577012,658.810956,112.008333,1
2020,cargo.refrigerated,other_registry,50-75m,12428.5844,60924.3367,15823.775,3
2020,cargo.refrigerated,other_registry,75-100m,33248.663,120746.391,31211.125,4
2020,cargo.ro_ro,imo,0-25m,20309.6822,56143.4948,34265.4147,13
2020,cargo.ro_ro,imo,100-125m,370483.558,1473926.59,348145.116,53
2020,cargo.ro_ro,imo,125-150m,1208564.1,4638558.72,648856.633,86
2020,cargo.ro_ro,imo,150-175m,3017406.98,8864987.16,1020574.43,137
2020,cargo.ro_ro,imo,175-200m,4265972.72,12401592.5,1367307.48,180
2020,cargo.ro_ro,imo,200-225m,6429667.72,19836105.7,2049115.07,264
2020,cargo.ro_ro,imo,225m+,2252976.46,5732815.54,592836.396,86
2020,cargo.ro_ro,imo,25-50m,160995.922,472520.09,277077.754,65
2020,cargo.ro_ro,imo,50-75m,633024.116,2087496.64,989116.97,212
2020,cargo.ro_ro,imo,75-100m,269436.462,855655.435,384290.434,80
2020,cargo.ro_ro,no_registry,0-25m,15969.5898,18047.6217,34884.4969,15
2020,cargo.ro_ro,no_registry,100-125m,99696.1762,394604.679,114380.433,40
2020,cargo.ro_ro,no_registry,125-150m,352810.89,1066814.05,199264.477,58
2020,cargo.ro_ro,no_registry,150-175m,733743.384,2106345.56,228887.369,37
2020,cargo.ro_ro,no_registry,175-200m,934223.518,1978722.23,229119.519,41
2020,cargo.ro_ro,no_registry,200-225m,647221.458,1725282.59,188125.913,39
2020,cargo.ro_ro,no_registry,225m+,516594.64,1011093.2,111495.056,23
2020,cargo.ro_ro,no_registry,25-50m,729943.933,1337631.47,1148347.99,529
2020,cargo.ro_ro,no_registry,50-75m,668537.834,1716376.28,1003588.53,429
2020,cargo.ro_ro,no_registry,75-100m,175897.834,433719.644,241680.583,103
2020,cargo.ro_ro,other_registry,0-25m,6872.95298,24329.4103,13710.4106,4
2020,cargo.ro_ro,other_registry,100-125m,196407.535,780392.668,186676.63,25
2020,cargo.ro_ro,other_registry,125-150m,551583.772,1983352.63,275574.113,37
2020,cargo.ro_ro,other_registry,150-175m,1381275.21,3981728.49,443786.169,61
2020,cargo.ro_ro,other_registry,175-200m,2071301.69,6166612.85,730485.642,97
2020,cargo.ro_ro,other_registry,200-225m,3026216.01,9333999.5,979896.195,128
2020,cargo.ro_ro,other_registry,225m+,1242086.25,3221799.06,335195.452,48
2020,cargo.ro_ro,other_registry,25-50m,165274.687,450120.391,275507.101,62
2020,cargo.ro_ro,other_registry,50-75m,329774.871,1120413.75,506926.969,108
2020,cargo.ro_ro,other_registry,75-100m,81829.418,291731.296,120235.721,29
2020,container_reefer,imo,125-150m,350748.077,992400.945,92442.2606,14
2020,container_reefer,imo,150-175m,1305734,3211432.27,295834.563,39
2020,container_reefer,imo,175-200m,431306.504,1028639.55,87134.3458,10
2020,container_reefer,imo,200-225m,51830.7755,88019.0515,8774.03333,1
2020,container_reefer,other_registry,125-150m,192223.075,540054.864,56035.81,8
2020,container_reefer,other_registry,150-175m,498775.466,1282160.34,115235.567,17
2020,container_reefer,other_registry,175-200m,178090.745,429387.615,34372.4117,4
2020,dive_vessel,imo,100-125m,97661.1281,303452.675,238211.782,31
2020,dive_vessel,imo,125-150m,56922.4384,158142.866,109274.848,14
2020,dive_vessel,imo,25-50m,7300.53313,7801.11299,51202.0742,7
2020,dive_vessel,imo,50-75m,23775.8264,84875.6075,114628.424,17
2020,dive_vessel,imo,75-100m,243013.273,805965.969,903619.009,129
2020,dive_vessel,no_registry,100-125m,37582.0247,109031.356,87945.6475,12
2020,dive_vessel,no_registry,125-150m,8849.96198,28874.8618,5556.94472,1
2020,dive_vessel,no_registry,150-175m,5509.97896,15415.9175,14792.0986,2
2020,dive_vessel,no_registry,25-50m,1520.20707,2488.9469,8830.54361,2
2020,dive_vessel,no_registry,50-75m,10950.4079,47777.9938,52346.4789,11
2020,dive_vessel,no_registry,75-100m,75653.2881,245760.346,263084.274,39
2020,dive_vessel,other_registry,100-125m,49326.2467,124109.519,152802.754,20
2020,dive_vessel,other_registry,125-150m,20324.4363,50458.2473,44456.1108,8
2020,dive_vessel,other_registry,150-175m,10227.9117,23194.9014,17568.1322,2
2020,dive_vessel,other_registry,50-75m,17669.2678,69802.1282,80716.6254,12
2020,dive_vessel,other_registry,75-100m,101833.062,276362.429,414886.848,59
2020,dredge_fishing,imo,0-25m,5112.17324,107830.063,121110.474,79
2020,dredge_fishing,imo,25-50m,65090.9536,203285.098,320862.516,54
2020,dredge_fishing,no_registry,0-25m,3827.91707,35426.3188,79074.7111,36
2020,dredge_fishing,no_registry,25-50m,18790.1023,62456.1278,98183.6792,15
2020,dredge_fishing,other_registry,0-25m,4298.66235,47725.5775,54148.8597,34
2020,dredge_fishing,other_registry,25-50m,62522.2475,197555.453,268541.138,41
2020,dredge_non_fishing,imo,0-25m,2414.70094,18917.6124,30652.9119,6
2020,dredge_non_fishing,imo,100-125m,214437.755,1161640.04,501916.766,80
2020,dredge_non_fishing,imo,125-150m,265551.961,1007009.23,352504.75,43
2020,dredge_non_fishing,imo,150-175m,100886.848,294547.316,107944.937,14
2020,dredge_non_fishing,imo,175-200m,19455.7275,45286.3398,30485.3036,5
2020,dredge_non_fishing,imo,200-225m,3442.59183,9926.18992,8566.35222,1
2020,dredge_non_fishing,imo,225m+,9441.6225,32536.4184,8412.88917,1
2020,dredge_non_fishing,imo,25-50m,73745.3331,318484.865,514910.728,88
2020,dredge_non_fishing,imo,50-75m,170913.608,797349.241,1151405.73,208
2020,dredge_non_fishing,imo,75-100m,312049.074,1915933.86,1200858.24,177
2020,dredge_non_fishing,no_registry,0-25m,7750.06827,45107.0372,69522.2292,28
2020,dredge_non_fishing,no_registry,100-125m,52542.7129,326040.911,177590.277,40
2020,dredge_non_fishing,no_registry,125-150m,23948.4498,96170.1987,46728.7722,11
2020,dredge_non_fishing,no_registry,150-175m,6195.418,16124.8226,18627.0861,5
2020,dredge_non_fishing,no_registry,175-200m,424.119087,2203.92337,2539.6425,1
2020,dredge_non_fishing,no_registry,25-50m,173445.257,505709.877,1294716.28,292
2020,dredge_non_fishing,no_registry,50-75m,443732.567,1386615.2,3123673.04,779
2020,dredge_non_fishing,no_registry,75-100m,205968.292,571095.338,1371895.84,320
2020,dredge_non_fishing,other_registry,0-25m,352.454601,1560.2567,2470.98194,2
2020,dredge_non_fishing,other_registry,100-125m,90153.5126,472599.889,206691.014,29
2020,dredge_non_fishing,other_registry,125-150m,79100.3498,319334.766,97254.6042,12
2020,dredge_non_fishing,other_registry,150-175m,82319.1988,302234.216,86674.3586,11
2020,dredge_non_fishing,other_registry,175-200m,11322.4491,27291.8039,8783.97556,1
2020,dredge_non_fishing,other_registry,225m+,13223.2264,38858.6936,16663.3683,2
2020,dredge_non_fishing,other_registry,25-50m,41816.069,206193.157,311171.628,50
2020,dredge_non_fishing,other_registry,50-75m,79346.5894,373994.362,522945.642,92
2020,dredge_non_fishing,other_registry,75-100m,142258.558,882296.359,536360.143,86
2020,drifting_longlines,imo,0-25m,336114.716,10382020.3,3179472.76,902
2020,drifting_longlines,imo,100-125m,10.8051427,251.959874,164.894167,1
2020,drifting_longlines,imo,125-150m,3020.66492,46699.8452,7221.86528,1
2020,drifting_longlines,imo,150-175m,24812.3645,548506.356,83017.8144,13
2020,drifting_longlines,imo,175-200m,4154.36035,100050.529,15585.6681,2
2020,drifting_longlines,imo,200-225m,2206.09773,44174.0903,7731.38472,2
2020,drifting_longlines,imo,225m+,2190.71483,57886.3221,7783.19917,1
2020,drifting_longlines,imo,25-50m,787163.719,20509857.7,4619028.69,888
2020,drifting_longlines,imo,50-75m,602075.419,12220949.7,2255839.87,343
2020,drifting_longlines,imo,75-100m,90.8355686,7239.43894,2415.90389,3
2020,drifting_longlines,no_registry,0-25m,185173.975,5104793.91,2175677.77,2656
2020,drifting_longlines,no_registry,25-50m,123601.253,2162851.53,714963.893,703
2020,drifting_longlines,no_registry,50-75m,23855.0695,412124.278,114214.333,105
2020,drifting_longlines,no_registry,75-100m,118.41749,696.049868,339.862778,2
2020,drifting_longlines,other_registry,0-25m,161068.466,4762463.54,1508475.35,417
2020,drifting_longlines,other_registry,125-150m,4139.7741,91953.3414,14716.3622,2
2020,drifting_longlines,other_registry,150-175m,3318.26617,77627.4038,11138.4547,2
2020,drifting_longlines,other_registry,175-200m,2316.84346,59696.6811,8663.27222,1
2020,drifting_longlines,other_registry,200-225m,4993.86708,80693.8891,12956.93,2
2020,drifting_longlines,other_registry,25-50m,383002.547,9760793.48,2233487.05,468
2020,drifting_longlines,other_registry,50-75m,235074.742,4704867.69,874035.734,141
2020,drifting_longlines,other_registry,75-100m,141.053924,15866.8931,4238.865,2
2020,driftnets,imo,0-25m,2203.0751,25019.1516,18006.3753,14
2020,driftnets,imo,25-50m,3953.66498,35953.9838,16497.0253,18
2020,driftnets,imo,50-75m,706.780369,3286.50246,2026.50361,2
2020,driftnets,no_registry,0-25m,521372.348,6554115.31,4848357.64,4857
2020,driftnets,no_registry,100-125m,195.709356,1414.94952,514.868056,3
2020,driftnets,no_registry,25-50m,1397652.65,8245647,6244203.72,7231
2020,driftnets,no_registry,50-75m,49609.5212,310515.49,172006.421,438
2020,driftnets,no_registry,75-100m,4442.82451,24923.6222,15655.2636,45
2020,driftnets,other_registry,0-25m,3099.49731,63081.0806,34220.5597,16
2020,driftnets,other_registry,25-50m,3099.55299,26830.2953,12279.4558,10
2020,fish_factory,imo,125-150m,1704.85789,20032.363,8704.73111,1
2020,other_fishing,imo,0-25m,481.827688,11288.1097,8806.42944,25
2020,other_fishing,imo,25-50m,57.4314711,883.628832,1117.79556,1
2020,other_fishing,no_registry,0-25m,551.786856,10529.3096,9270.31878,59
2020,other_fishing,no_registry,25-50m,237.685691,2781.62631,2628.94889,16
2020,other_fishing,other_registry,0-25m,720.088688,13182.0396,11823.7316,15
2020,other_fishing,other_registry,25-50m,79.5349683,1631.85099,1403.05972,2
2020,other_not_fishing,imo,0-25m,4427.3356,5878.63578,25211.6792,4
2020,other_not_fishing,imo,100-125m,146357.102,193967.663,635631.649,87
2020,other_not_fishing,imo,125-150m,87751.2774,135285.715,281747.669,39
2020,other_not_fishing,imo,150-175m,95385.7166,111048.326,98197.745,14
2020,other_not_fishing,imo,175-200m,17276.6745,27520.4386,46143.933900000004,7
2020,other_not_fishing,imo,200-225m,3066.14273,1367.93155,17568.3675,2
2020,other_not_fishing,imo,225m+,6092.62161,2666.33509,31755.9903,4
2020,other_not_fishing,imo,25-50m,44389.9508,32733.448,258268.65,50
2020,other_not_fishing,imo,50-75m,113636.081,65370.6606,663606.995,108
2020,other_not_fishing,imo,75-100m,167502.446,129717.223,932775.297,150
2020,other_not_fishing,no_registry,100-125m,47985.9274,51281.6624,250246.745,49
2020,other_not_fishing,no_registry,125-150m,18934.3099,34378.6161,73956.3889,12
2020,other_not_fishing,no_registry,150-175m,3072.44047,1123.11429,18170.9889,3
2020,other_not_fishing,no_registry,175-200m,8870.54648,2761.98037,52666.2019,11
2020,other_not_fishing,no_registry,200-225m,21937.8985,1087.1325200000001,130413.144,20
2020,other_not_fishing,no_registry,225m+,1165.296,54.4154165,6951.80694,2
2020,other_not_fishing,no_registry,25-50m,51791.899,18104.1218,304201.472,65
2020,other_not_fishing,no_registry,50-75m,163442.145,109893.328,954533.056,207
2020,other_not_fishing,no_registry,75-100m,169671.427,152060.414,964388.154,183
2020,other_not_fishing,other_registry,100-125m,56022.5228,89593.1039,233809.289,36
2020,other_not_fishing,other_registry,125-150m,62470.172,107786.686,168640.809,24
2020,other_not_fishing,other_registry,150-175m,34973.41,27601.9335,31975.8358,5
2020,other_not_fishing,other_registry,175-200m,5769.00625,559.60753,34203.2161,6
2020,other_not_fishing,other_registry,200-225m,2979.36242,5.22236482,17568.5186,2
2020,other_not_fishing,other_registry,25-50m,19304.4668,11293.4705,112309.262,20
2020,other_not_fishing,other_registry,50-75m,57054.1956,33334.8339,331703.87,59
2020,other_not_fishing,other_registry,75-100m,106170.347,101646.628,572803.194,83
2020,other_purse_seines,imo,0-25m,3068.56855,163381.855,54734.6469,18
2020,other_purse_seines,imo,25-50m,21637.1035,367861.273,114807.977,34
2020,other_purse_seines,imo,50-75m,11860.242,99550.5418,28482.5581,7
2020,other_purse_seines,no_registry,25-50m,13288.8468,141825.149,36172.6547,10
2020,other_purse_seines,other_registry,0-25m,604.319517,40160.7502,15291.44,7
2020,other_purse_seines,other_registry,25-50m,24079.5008,295530.6,100188.776,24
2020,other_purse_seines,other_registry,50-75m,1437.63866,23816.551,4433.41778,1
2020,other_seines,imo,0-25m,35671.6628,339436.202,673371.127,105
2020,other_seines,imo,25-50m,4175.17149,20763.4171,25804.1178,3
2020,other_seines,no_registry,0-25m,137.779319,1208.14921,6666.71444,2
2020,other_seines,no_registry,25-50m,576.720839,1957.13189,7295.20278,1
2020,other_seines,other_registry,0-25m,19049.4939,198944.481,374229.114,61
2020,other_seines,other_registry,25-50m,2390.72211,13343.6026,16409.5389,2
2020,passenger,imo,0-25m,9442775.61,11550155,17427530,10770
2020,passenger,imo,100-125m,1728007.42,4674170.61,1097438.54,157
2020,passenger,imo,125-150m,1372386.49,2692290.13,457985.302,64
2020,passenger,imo,150-175m,1858730.05,3047437.33,459262.333,60
2020,passenger,imo,175-200m,911292.03,1486373.37,242134.852,32
2020,passenger,imo,200-225m,539834.766,670230.677,138631.908,18
2020,passenger,imo,225m+,4207041.98,3335268.39,756006.671,93
2020,passenger,imo,25-50m,6716303.8,13803726.6,10586702.4,2405
2020,passenger,imo,50-75m,3622914.22,9128510.8,5185460.2,838
2020,passenger,imo,75-100m,2185193.34,5927867.83,2186078.02,318
2020,passenger,no_registry,0-25m,66611448.6,81236863.4,122634221,100808
2020,passenger,no_registry,100-125m,1167735.64,2974027.99,881045.206,209
2020,passenger,no_registry,125-150m,511751.478,937568.337,234424.082,51
2020,passenger,no_registry,150-175m,382554.284,577798.566,89392.2031,16
2020,passenger,no_registry,175-200m,162774.56,193583.575,55335.0119,13
2020,passenger,no_registry,200-225m,179944.137,161260.758,50619.7203,12
2020,passenger,no_registry,225m+,537629.204,359787.024,113291.569,22
2020,passenger,no_registry,25-50m,31096083.7,42970074.8,47108691.9,16525
2020,passenger,no_registry,50-75m,4407938.3,7658361.23,5782269.87,1865
2020,passenger,no_registry,75-100m,1458907.54,4023253.36,1575614,388
2020,passenger,other_registry,0-25m,4673442.06,5773024.09,8573341.55,5228
2020,passenger,other_registry,100-125m,564723.504,1507587.7,427020.241,65
2020,passenger,other_registry,125-150m,757629.437,1817109.01,303234.596,47
2020,passenger,other_registry,150-175m,710930.08,1103938.3,157075.153,20
2020,passenger,other_registry,175-200m,656481.876,1057636.53,141799.432,18
2020,passenger,other_registry,200-225m,77209.1553,86985.4941,25334.7625,3
2020,passenger,other_registry,225m+,1663516.64,1450497.54,291432.633,36
2020,passenger,other_registry,25-50m,3636643.21,7107524.75,5691075.1,1247
2020,passenger,other_registry,50-75m,1439771.26,3362167.23,2042610.09,341
2020,passenger,other_registry,75-100m,960530.769,2809248.35,993734.878,138
2020,patrol_vessel,imo,0-25m,17168.1854,106726.06,106267.285,55
2020,patrol_vessel,imo,100-125m,33816.2419,140400.311,47287.0931,21
2020,patrol_vessel,imo,125-150m,5473.1213,23592.5492,3573.26278,3
2020,patrol_vessel,imo,175-200m,10.4398256,119.879827,20.7497222,1
2020,patrol_vessel,imo,25-50m,93383.8971,824388.513,537930.116,114
2020,patrol_vessel,imo,50-75m,61672.9717,467207.974,240516.73,89
2020,patrol_vessel,imo,75-100m,74444.8261,527195.556,196211.667,64
2020,patrol_vessel,no_registry,0-25m,150050.171,845342.441,933927.604,717
2020,patrol_vessel,no_registry,100-125m,131117.603,768168.293,213289.006,200
2020,patrol_vessel,no_registry,125-150m,23591.8207,129993.261,35617.2456,26
2020,patrol_vessel,no_registry,150-175m,10206.2389,41006.8574,12517.0769,11
2020,patrol_vessel,no_registry,25-50m,527889.612,3284367.98,3193254.29,1246
2020,patrol_vessel,no_registry,50-75m,121455.028,987115.348,526005.331,344
2020,patrol_vessel,no_registry,75-100m,116412.169,832556.455,344158.941,248
2020,patrol_vessel,other_registry,0-25m,8771.45605,49311.3617,52766.9459,23
2020,patrol_vessel,other_registry,100-125m,7600.84377,38046.4805,16297.7644,10
2020,patrol_vessel,other_registry,125-150m,2146.93283,9300.79018,5596.3375,3
2020,patrol_vessel,other_registry,150-175m,3255.91807,9186.81378,1815.90083,1
2020,patrol_vessel,other_registry,25-50m,33427.5621,282433.54,192298.676,51
2020,patrol_vessel,other_registry,50-75m,34713.2212,339740.623,144288.437,55
2020,patrol_vessel,other_registry,75-100m,24623.7323,170927.668,80981.305,33
2020,pole_and_line,imo,0-25m,79250.9713,803585.121,1004541.62,279
2020,pole_and_line,imo,25-50m,13422.4912,371800.235,105370.081,40
2020,pole_and_line,imo,50-75m,37545.4231,610093.055,95151.15,12
2020,pole_and_line,no_registry,0-25m,41774.6054,414080.199,267603.905,247
2020,pole_and_line,no_registry,25-50m,16434.7142,283274.19,82688.2533,72
2020,pole_and_line,no_registry,50-75m,123.030751,2713.07897,1076.52722,4
2020,pole_and_line,other_registry,0-25m,47684.538,450373.325,549093.175,155
2020,pole_and_line,other_registry,25-50m,10898.2951,253248.213,75313.7036,27
2020,pole_and_line,other_registry,50-75m,15330.5942,286324.108,43261.3544,6
2020,pots_and_traps,imo,0-25m,51012.6543,1105200.35,1896799.88,612
2020,pots_and_traps,imo,25-50m,38278.1703,506880.687,232378.511,53
2020,pots_and_traps,imo,50-75m,3257.29887,10534.0439,6827.67167,1
2020,pots_and_traps,no_registry,0-25m,57725.3115,1304503.51,1356940.48,1004
2020,pots_and_traps,no_registry,25-50m,22155.3853,76986.1269,72172.9503,86
2020,pots_and_traps,other_registry,0-25m,24086.8405,558029.075,940373.447,333
2020,pots_and_traps,other_registry,25-50m,20790.6339,276400.511,124731.549,27
2020,research,imo,0-25m,3707.05043,23341.7542,19160.9031,5
2020,research,imo,25-50m,11652.0113,75569.5473,61072.1578,12
2020,research,imo,50-75m,19800.2735,116205.544,89770.7133,12
2020,research,imo,75-100m,6543.14832,49307.9956,24532.3819,3
2020,research,no_registry,0-25m,69.935327,1313.08474,1078.15861,2
2020,research,no_registry,25-50m,7210.76421,45101.7176,38024.1572,6
2020,research,no_registry,50-75m,1789.46043,20246.484,5582.39083,1
2020,research,other_registry,0-25m,328.32374,29249.47,9548.85694,2
2020,research,other_registry,25-50m,7328.18228,29269.3138,47383.3394,6
2020,research,other_registry,50-75m,19967.5475,136333.167,80417.4306,10
2020,research,other_registry,75-100m,2667.6194,9306.27451,8783.81,1
2020,seismic_vessel,imo,0-25m,6125.84963,35698.7841,38545.4908,5
2020,seismic_vessel,imo,100-125m,185626.639,816802.586,342306.047,51
2020,seismic_vessel,imo,125-150m,62662.8933,215761.954,91612.8822,13
2020,seismic_vessel,imo,150-175m,24363.2375,75119.4248,36215.3731,5
2020,seismic_vessel,imo,175-200m,18399.7625,55081.4282,8196.45,1
2020,seismic_vessel,imo,200-225m,4124.59154,17421.9132,7609.77278,1
2020,seismic_vessel,imo,25-50m,147038.209,977386.633,803309.081,133
2020,seismic_vessel,imo,50-75m,303430.357,2324517.35,1170881.02,181
2020,seismic_vessel,imo,75-100m,383474.66,2131947.61,947598.611,150
2020,seismic_vessel,no_registry,0-25m,5021.18468,27558.7117,35719.3361,5
2020,seismic_vessel,no_registry,100-125m,18510.7142,95052.2018,56167.3694,14
2020,seismic_vessel,no_registry,125-150m,26338.9326,84785.614,51194.78,12
2020,seismic_vessel,no_registry,150-175m,3475.51384,12024.0081,7461.32722,2
2020,seismic_vessel,no_registry,175-200m,93.6515357,103.41497,470.557222,1
2020,seismic_vessel,no_registry,25-50m,137577.507,811744.602,761481.185,171
2020,seismic_vessel,no_registry,50-75m,74329.3715,548027.555,297953.428,74
2020,seismic_vessel,no_registry,75-100m,105235.58,623240.683,298120.334,69
2020,seismic_vessel,other_registry,0-25m,2456.35197,7701.21787,13722.7,2
2020,seismic_vessel,other_registry,100-125m,81998.9446,456180.224,145335.305,20
2020,seismic_vessel,other_registry,125-150m,35483.4171,122644.35,40508.9833,5
2020,seismic_vessel,other_registry,150-175m,14506.6802,53328.2165,12478.0347,2
2020,seismic_vessel,other_registry,175-200m,13615.5177,44024.308,5832.25611,1
2020,seismic_vessel,other_registry,25-50m,73480.2078,467608.694,411877.461,71
2020,seismic_vessel,other_registry,50-75m,135448.319,1048256.54,512455.875,81
2020,seismic_vessel,other_registry,75-100m,126158.012,732574.974,337562.663,51
2020,set_gillnets,imo,0-25m,54468.5348,2610661.39,1723597.21,779
2020,set_gillnets,imo,25-50m,1356.95356,60532.2534,25328.3783,8
2020,set_gillnets,imo,50-75m,5.23608175,244.313778,170.969167,2
2020,set_gillnets,imo,75-100m,19.0340866,771.7122,616.782778,2
2020,set_gillnets,no_registry,0-25m,120226.739,2646792.61,2382180.42,2544
2020,set_gillnets,no_registry,25-50m,200131.595,727855.642,663124.741,579
2020,set_gillnets,no_registry,50-75m,4.77347485,53.2939897,10.7497222,1
2020,set_gillnets,other_registry,0-25m,19642.675,1116706.15,723989.527,355
2020,set_gillnets,other_registry,25-50m,366.796827,22509.3653,7584.15917,3
2020,set_gillnets,other_registry,50-75m,85.6332751,5972.50792,3004.54361,2
2020,set_gillnets,other_registry,75-100m,18.5984914,2370.94024,611.645556,1
2020,set_longlines,imo,0-25m,37518.3424,936800.575,834148.489,154
2020,set_longlines,imo,25-50m,149272.275,2094174.57,832331.333,130
2020,set_longlines,imo,50-75m,101981.78,997742.471,310317.114,46
2020,set_longlines,no_registry,0-25m,11233.9627,249151.774,179615.476,77
2020,set_longlines,no_registry,25-50m,8824.48785,137689.621,64272.8182,34
2020,set_longlines,other_registry,0-25m,27694.008,617788.702,479401.468,85
2020,set_longlines,other_registry,100-125m,15.3831209,616.463308,318.805278,1
2020,set_longlines,other_registry,25-50m,55930.6116,849801.411,326918.923,50
2020,set_longlines,other_registry,50-75m,40198.023,440783.226,134752.187,19
2020,set_longlines,other_registry,75-100m,15.7045814,550.96170300000006,255.275278,1
2020,specialized_reefer,imo,100-125m,621068.123,2173371.34,530461.219,76
2020,specialized_reefer,imo,125-150m,1033750.23,2599994.1,515943.356,67
2020,specialized_reefer,imo,150-175m,243002.085,390842.943,92966.6833,12
2020,specialized_reefer,imo,25-50m,46347.2069,384725.478,84084.7258,21
2020,specialized_reefer,imo,50-75m,159484.743,914778.038,266821.855,52
2020,specialized_reefer,imo,75-100m,404537.037,1918732.25,536767.656,77
2020,specialized_reefer,no_registry,100-125m,398.582016,722.900372,187.9475,1
2020,specialized_reefer,no_registry,125-150m,1369.83915,1826.92155,591.865556,1
2020,specialized_reefer,no_registry,150-175m,1129.8272,2964.65888,288.073889,1
2020,specialized_reefer,no_registry,25-50m,5917.60495,38029.9706,8570.74917,3
2020,specialized_reefer,no_registry,75-100m,1899.74347,8128.35103,2498.08889,3
2020,specialized_reefer,other_registry,100-125m,529935.451,1729016.2,426334.225,59
2020,specialized_reefer,other_registry,125-150m,573846.124,1477151,286105.528,38
2020,specialized_reefer,other_registry,150-175m,106507.561,193264.934,41541.8425,9
2020,specialized_reefer,other_registry,25-50m,21023.4299,156314.773,34717.94,11
2020,specialized_reefer,other_registry,50-75m,108115.208,564522.063,185338.017,33
2020,specialized_reefer,other_registry,75-100m,186403.825,887026.937,269822.947,40
2020,squid_jigger,imo,0-25m,20934.4191,399891.665,358781.969,145
2020,squid_jigger,imo,125-150m,4288.84747,19225.808,4706.58778,1
2020,squid_jigger,imo,25-50m,161800.126,2247259.37,1120112.61,317
2020,squid_jigger,imo,50-75m,728311.726,6721965.77,2149736.3,405
2020,squid_jigger,imo,75-100m,25118.136,275933.437,59203.9106,10
2020,squid_jigger,no_registry,0-25m,13453.0761,261114.11,191436.38,223
2020,squid_jigger,no_registry,25-50m,38499.1444,454466.555,304958.666,245
2020,squid_jigger,no_registry,50-75m,34939.7744,294209.069,131709.773,104
2020,squid_jigger,no_registry,75-100m,218.499314,3112.90822,531.173333,2
2020,squid_jigger,other_registry,0-25m,8100.04683,175227.93,142906.141,76
2020,squid_jigger,other_registry,25-50m,89674.9305,1227692.22,607745.661,173
2020,squid_jigger,other_registry,50-75m,286187.046,2691064.57,858265.997,167
2020,squid_jigger,other_registry,75-100m,13809.7536,148512.464,31278.8878,5
2020,supply_vessel,imo,0-25m,20326.5231,93203.9413,119158.41,26
2020,supply_vessel,imo,100-125m,111859.017,460816.329,301804.449,40
2020,supply_vessel,imo,125-150m,7829.79999,23573.7676,16569.3758,3
2020,supply_vessel,imo,150-175m,4577.52953,14980.0883,8783.9575,1
2020,supply_vessel,imo,200-225m,1417.93259,16.168766,8784.63556,1
2020,supply_vessel,imo,25-50m,827848.84,6900003.98,3945593,669
2020,supply_vessel,imo,50-75m,769005.879,5184266.37,3050223.47,464
2020,supply_vessel,imo,75-100m,1113684.35,5381378.37,3267831.96,439
2020,supply_vessel,no_registry,0-25m,69621.9116,544993.278,377428.882,112
2020,supply_vessel,no_registry,100-125m,23423.8384,92001.9918,64682.2269,14
2020,supply_vessel,no_registry,125-150m,6459.60405,19120.0802,11133.3131,2
2020,supply_vessel,no_registry,25-50m,1061267.91,8449546.57,5065742.41,1192
2020,supply_vessel,no_registry,50-75m,191677.842,1270309.41,830655.279,174
2020,supply_vessel,no_registry,75-100m,215084.814,1034251.37,726576.467,123
2020,supply_vessel,other_registry,0-25m,6983.5638,45121.102,38159.2991,12
2020,supply_vessel,other_registry,100-125m,27826.5065,145543.109,73642.3931,9
2020,supply_vessel,other_registry,125-150m,5522.5042,20758.3507,11417.8572,2
2020,supply_vessel,other_registry,25-50m,387637.349,3263108.43,1837276.84,326
2020,supply_vessel,other_registry,50-75m,330611.158,2108006.91,1352422.48,210
2020,supply_vessel,other_registry,75-100m,613686.932,2979000.46,1767327.02,233
2020,tanker.chemical,imo,0-25m,14249.0251,46974.8525,11970.0075,2
2020,tanker.chemical,imo,100-125m,4299855.36,19472877.5,4109220.47,559
2020,tanker.chemical,imo,125-150m,4746935.3,16692936.2,3189388.3,434
2020,tanker.chemical,imo,150-175m,5929025.3,18355545,2929219.27,395
2020,tanker.chemical,imo,175-200m,13299593.6,35602474.7,5818896.74,755
2020,tanker.chemical,imo,200-225m,1426576.14,3498845.66,584141.848,82
2020,tanker.chemical,imo,225m+,705691.112,1273369.84,200622.618,31
2020,tanker.chemical,imo,25-50m,53704.7409,231372.825,50576.0794,8
2020,tanker.chemical,imo,50-75m,641520.841,4042096.54,937148.953,120
2020,tanker.chemical,imo,75-100m,1183203.25,6892918.81,1604567.64,224
2020,tanker.chemical,no_registry,100-125m,1909381.83,6960305.21,2058172.98,431
2020,tanker.chemical,no_registry,125-150m,934724.642,2798255.88,540120.118,98
2020,tanker.chemical,no_registry,150-175m,2253484.33,6569244.51,1053363.42,178
2020,tanker.chemical,no_registry,175-200m,4141036,11218428.2,1787010.19,260
2020,tanker.chemical,no_registry,200-225m,949386.566,2282479.1,396770.829,71
2020,tanker.chemical,no_registry,225m+,275842.8,586866.735,101022.266,21
2020,tanker.chemical,no_registry,25-50m,110310.083,276235.504,155206.544,39
2020,tanker.chemical,no_registry,50-75m,803124.674,3892807.25,1149570.13,204
2020,tanker.chemical,no_registry,75-100m,991165.216,4249869.46,1409116.84,261
2020,tanker.chemical,other_registry,100-125m,2056105.57,9170106.85,1960083.7,271
2020,tanker.chemical,other_registry,125-150m,2225105.39,7716588.47,1457399,199
2020,tanker.chemical,other_registry,150-175m,2984473.83,9199752.77,1460206.68,205
2020,tanker.chemical,other_registry,175-200m,6944650.29,18994579.4,3025704.87,392
2020,tanker.chemical,other_registry,200-225m,545972.983,1338362.8,229749.131,32
2020,tanker.chemical,other_registry,225m+,347860.448,772238.425,112842.066,16
2020,tanker.chemical,other_registry,25-50m,110715,423330.568,88080.4533,12
2020,tanker.chemical,other_registry,50-75m,335094.738,2016736.34,478074.695,61
2020,tanker.chemical,other_registry,75-100m,584208.979,3439084.33,784546.451,108
2020,tanker.liquefied_gas,imo,100-125m,847837,3593021.23,677018.39,93
2020,tanker.liquefied_gas,imo,125-150m,478126.543,1859839.68,338936.677,47
2020,tanker.liquefied_gas,imo,150-175m,1301168.76,4249836.48,627631.744,82
2020,tanker.liquefied_gas,imo,175-200m,1215320.44,3457862.15,485396.107,62
2020,tanker.liquefied_gas,imo,200-225m,1998128.14,4838866.01,536658.749,69
2020,tanker.liquefied_gas,imo,225m+,27778910.6,36981241.5,3372506.92,432
2020,tanker.liquefied_gas,imo,25-50m,9911.57703,46017.7316,8220.79611,1
2020,tanker.liquefied_gas,imo,50-75m,394267.664,1551185.07,370002.533,45
2020,tanker.liquefied_gas,imo,75-100m,451081.444,1770594.72,392389.738,53
2020,tanker.liquefied_gas,no_registry,100-125m,147693.139,593683.07,111162.962,25
2020,tanker.liquefied_gas,no_registry,125-150m,71012.4301,239671.762,46346.9781,12
2020,tanker.liquefied_gas,no_registry,150-175m,172015.584,496455.261,95038.5608,17
2020,tanker.liquefied_gas,no_registry,175-200m,451808.904,1050797.27,136013.791,23
2020,tanker.liquefied_gas,no_registry,200-225m,675610.81,1523353.72,164029.014,24
2020,tanker.liquefied_gas,no_registry,225m+,6043161.43,8652084.99,788400.098,126
2020,tanker.liquefied_gas,no_registry,25-50m,1757.63835,3603.00966,1862.08167,3
2020,tanker.liquefied_gas,no_registry,50-75m,128215.738,461356.875,129974.897,53
2020,tanker.liquefied_gas,no_registry,75-100m,142229.451,407426.321,127594.398,29
2020,tanker.liquefied_gas,other_registry,100-125m,549814.36,2119323.43,444150.839,61
2020,tanker.liquefied_gas,other_registry,125-150m,386473.102,1471680.76,251067.059,35
2020,tanker.liquefied_gas,other_registry,150-175m,722831.366,2428488.55,374269.363,51
2020,tanker.liquefied_gas,other_registry,175-200m,546055.04,1617262.01,232081.861,29
2020,tanker.liquefied_gas,other_registry,200-225m,976422.953,2306450.93,285212.713,38
2020,tanker.liquefied_gas,other_registry,225m+,12738226,16841018.2,1536458.94,196
2020,tanker.liquefied_gas,other_registry,25-50m,11223.0321,4830.6917,10138.8183,2
2020,tanker.liquefied_gas,other_registry,50-75m,280334.052,1127998.68,235500.177,32
2020,tanker.liquefied_gas,other_registry,75-100m,200312.964,625147.057,183645.305,24
2020,tanker.oil,imo,0-25m,3031.56354,25542.7573,9559.9675,6
2020,tanker.oil,imo,100-125m,3134532.19,8680517.4,2842335.12,437
2020,tanker.oil,imo,125-150m,1854018.47,4443694.61,1482051.47,255
2020,tanker.oil,imo,150-175m,1831221.97,2297396.88,720768.87,111
2020,tanker.oil,imo,175-200m,5198273.92,6835155.3,1685067.5,247
2020,tanker.oil,imo,200-225m,5389327.93,7067167.92,1502080.52,212
2020,tanker.oil,imo,225m+,49653716.7,62896119.5,9742141.23,1340
2020,tanker.oil,imo,25-50m,519564.002,834310.071,682026.453,118
2020,tanker.oil,imo,50-75m,2054833.17,4658948.6,2572165.03,423
2020,tanker.oil,imo,75-100m,2945155.22,8824221.77,4011395.32,687
2020,tanker.oil,no_registry,0-25m,27274.8755,18574.8524,20152.1608,13
2020,tanker.oil,no_registry,100-125m,2670201.57,8660667.98,2907135.95,493
2020,tanker.oil,no_registry,125-150m,2192456.86,4039302.29,1255395.07,211
2020,tanker.oil,no_registry,150-175m,1708387.12,1990643.51,620364.16,116
2020,tanker.oil,no_registry,175-200m,1183619.21,1650191.27,383945.431,85
2020,tanker.oil,no_registry,200-225m,1660367.28,1832684.89,443179.659,101
2020,tanker.oil,no_registry,225m+,20082479.8,24541887.6,3659523.8,637
2020,tanker.oil,no_registry,25-50m,3714917.24,5663242.37,5434481.77,1315
2020,tanker.oil,no_registry,50-75m,4932920.29,11541317.7,7446477.97,1540
2020,tanker.oil,no_registry,75-100m,4212747.06,12436681.2,6105654.29,1042
2020,tanker.oil,other_registry,0-25m,12017.1424,9310.86491,20716.6639,3
2020,tanker.oil,other_registry,100-125m,1327004.63,4871757.71,1442909,227
2020,tanker.oil,other_registry,125-150m,904846.442,2005630.38,633125.189,115
2020,tanker.oil,other_registry,150-175m,818862.82,1321989.6,332198.747,56
2020,tanker.oil,other_registry,175-200m,2420977.45,3600373.12,809427.776,119
2020,tanker.oil,other_registry,200-225m,2233735.28,2721762.85,636685.995,92
2020,tanker.oil,other_registry,225m+,24797455.7,31355123.5,4834146.69,655
2020,tanker.oil,other_registry,25-50m,174805.523,201324.739,280947.294,48
2020,tanker.oil,other_registry,50-75m,925123.477,2562652.31,1386524.6,226
2020,tanker.oil,other_registry,75-100m,1841538.83,4965423.07,2419953.78,385
2020,tanker.other,imo,100-125m,9395.01286,26491.978,8780.65667,1
2020,tanker.other,imo,125-150m,2996.6987,53.8553278,2244.95528,1
2020,tanker.other,imo,25-50m,19170.4623,13462.3678,17397.7511,2
2020,tanker.other,imo,50-75m,41956.6686,26119.2577,35007.3633,4
2020,tanker.other,imo,75-100m,12995.4145,7011.44991,10018.2617,2
2020,tanker.other,no_registry,25-50m,98337.5269,47816.958,77887.5619,11
2020,tanker.other,no_registry,50-75m,52846.3904,22205.2912,40968.1361,5
2020,tanker.other,no_registry,75-100m,583.166766,166.260526,461.353889,1
2020,tanker.other,other_registry,50-75m,10570.4866,10337.858,8584.08278,1
2020,tanker.other,other_registry,75-100m,21731.1039,6144.73656,16898.0144,2
2020,trawlers,imo,0-25m,1948964.73,27791245.8,23231101,6708
2020,trawlers,imo,100-125m,925636.402,2295929.27,566204.781,86
2020,trawlers,imo,125-150m,113723.456,223704.435,49891.8767,7
2020,trawlers,imo,150-175m,537.883921,4520.65784,2327.24611,1
2020,trawlers,imo,25-50m,3095709.49,23178489.8,11840124.3,2802
2020,trawlers,imo,50-75m,3275253.38,14863899.8,4619724.58,685
2020,trawlers,imo,75-100m,1065902.01,3181655.19,934689.756,144
2020,trawlers,no_registry,0-25m,3504968.93,42797874.4,29565315.5,28083
2020,trawlers,no_registry,100-125m,7955.81774,4608.46103,12970.9469,3
2020,trawlers,no_registry,125-150m,155.606422,388.720637,229.631389,1
2020,trawlers,no_registry,25-50m,5146032.19,33159529.9,20149977.1,23157
2020,trawlers,no_registry,50-75m,253253.076,1398433.28,681648.859,1533
2020,trawlers,no_registry,75-100m,15041.603,65588.9374,37723.0844,101
2020,trawlers,other_registry,0-25m,1012126.3,13705280.1,11269959.1,3360
2020,trawlers,other_registry,100-125m,619942.155,1481308.95,368669.412,52
2020,trawlers,other_registry,125-150m,45891.7372,57287.3614,22126.2856,3
2020,trawlers,other_registry,225m+,2072.31389,7566.29889,4466.71528,1
2020,trawlers,other_registry,25-50m,1642190.53,12380686.8,6122775.44,1366
2020,trawlers,other_registry,50-75m,1495172.97,6795349.53,2116104.24,332
2020,trawlers,other_registry,75-100m,374880.976,1238651.53,377143.346,59
2020,trollers,imo,0-25m,21218.9883,361175.642,517508.139,167
2020,trollers,imo,25-50m,446.241041,2012.15891,2544.7725,2
2020,trollers,no_registry,0-25m,4102.95193,66000.464,102963.715,34
2020,trollers,no_registry,25-50m,72.7005349,715.874749,175.95,2
2020,trollers,other_registry,0-25m,11177.2816,178748.206,238027.341,78
2020,trollers,other_registry,25-50m,185.946149,2092.10958,7305.98361,2
2020,tug,imo,0-25m,760889.148,8605419.71,7796783.43,1479
2020,tug,imo,100-125m,31256.9214,214791.484,154937.975,20
2020,tug,imo,125-150m,12491.334,71969.9284,30741.8836,7
2020,tug,imo,150-175m,13536.7386,47434.8085,45167.5769,7
2020,tug,imo,175-200m,637.644648,1840.58204,8638.31722,1
2020,tug,imo,200-225m,2677.06538,6786.29594,8788.67083,2
2020,tug,imo,225m+,4810.48158,16199.7068,20603.4897,3
2020,tug,imo,25-50m,3005274.19,24333268.9,26927720.5,4280
2020,tug,imo,50-75m,485769.069,4251633.67,4047963.04,682
2020,tug,imo,75-100m,169635.923,1124066.68,919101.167,150
2020,tug,no_registry,0-25m,760514.992,7308217.66,9390279.94,5216
2020,tug,no_registry,100-125m,11880.8719,85102.5599,81957.7469,24
2020,tug,no_registry,125-150m,4728.01971,21526.4018,56036.6067,13
2020,tug,no_registry,150-175m,1871.16281,5113.71818,21537.5658,3
2020,tug,no_registry,175-200m,27.2000464,108.00819,491.289167,1
2020,tug,no_registry,25-50m,5330316.22,49559349.1,53532335.4,18956
2020,tug,no_registry,50-75m,855356.503,9564749.5,7030530.83,3010
2020,tug,no_registry,75-100m,111881.8,968367.087,640076.009,155
2020,tug,other_registry,0-25m,368833.347,4166154.2,3826520.84,726
2020,tug,other_registry,100-125m,7821.78162,77850.1519,71180.3358,11
2020,tug,other_registry,125-150m,5236.17995,26744.9172,37974.1483,5
2020,tug,other_registry,150-175m,4461.2797,26249.3264,16931.6619,2
2020,tug,other_registry,175-200m,3858.70341,25976.7598,17540.3233,2
2020,tug,other_registry,225m+,3725.33963,15089.2493,17388.9842,2
2020,tug,other_registry,25-50m,1520832.41,12190426.5,13066226.4,2053
2020,tug,other_registry,50-75m,252408.879,2266464.6,2016365.03,332
2020,tug,other_registry,75-100m,89439.8871,607837.72,507336.36,87
2020,tuna_purse_seines,imo,100-125m,16426.0066,36344.1604,17780.4861,6
2020,tuna_purse_seines,imo,200-225m,1975.53425,14172.4357,2947.46314,1
2020,tuna_purse_seines,imo,25-50m,49075.5659,604984.634,151939.502,43
2020,tuna_purse_seines,imo,50-75m,748380.575,6125813.77,1347924.12,250
2020,tuna_purse_seines,imo,75-100m,240261.492,1620958.02,328425.331,96
2020,tuna_purse_seines,no_registry,125-150m,3815.25447,16534.375,2525.61278,1
2020,tuna_purse_seines,no_registry,25-50m,71468.0527,506856.982,146408.804,46
2020,tuna_purse_seines,no_registry,50-75m,31653.2801,212467.964,54882.1531,17
2020,tuna_purse_seines,no_registry,75-100m,7403.06678,67066.4086,10240.5011,4
2020,tuna_purse_seines,other_registry,100-125m,8855.75913,36737.3896,9108.88831,4
2020,tuna_purse_seines,other_registry,150-175m,3362.7787,26071.7088,4552.15083,1
2020,tuna_purse_seines,other_registry,25-50m,33924.0546,390164.762,104572.242,27
2020,tuna_purse_seines,other_registry,50-75m,300003.528,2562264.96,534348.275,104
2020,tuna_purse_seines,other_registry,75-100m,130977.817,928632.393,179594.109,41
2020,well_boat,imo,0-25m,1158.50464,15142.0916,8369.01944,1
2020,well_boat,imo,25-50m,46412.579,705473.457,186722.613,24
2020,well_boat,imo,50-75m,71215.7444,946632.752,227918.271,27
2020,well_boat,imo,75-100m,28045.7371,199718.669,68884.5211,9
2020,well_boat,other_registry,25-50m,28080.6426,460517.463,101736.92,13
2020,well_boat,other_registry,50-75m,30628.6601,396236.587,104057.905,12
2020,well_boat,other_registry,75-100m,23734.3317,147269.381,69862.5031,8
2021,bunker,imo,0-25m,4056.96962,6809.42337,6466.88845,3
2021,bunker,imo,100-125m,52164.6126,530152.391,73638.5788,12
2021,bunker,imo,125-150m,8977.41522,55840.2126,8175.50722,1
2021,bunker,imo,25-50m,74272.3106,103295.483,125796.58,22
2021,bunker,imo,50-75m,20024.0797,11639.6619,32803.6781,7
2021,bunker,imo,75-100m,12877.6324,171325.24,28160.1912,5
2021,bunker,no_registry,0-25m,295391.784,318554.264,547979.479,381
2021,bunker,no_registry,100-125m,14506.9689,6218.80366,13532.1458,9
2021,bunker,no_registry,125-150m,1844.2466,153.987658,1072.28262,2
2021,bunker,no_registry,25-50m,2116839.76,1972232.94,3262826.24,1798
2021,bunker,no_registry,50-75m,368103.338,335515.784,449517.663,288
2021,bunker,no_registry,75-100m,40588.0336,15906.6095,54571.4808,41
2021,bunker,other_registry,0-25m,706.376417,1311.76058,1264.18004,1
2021,bunker,other_registry,100-125m,51677.6664,519957.48,77559.0035,11
2021,bunker,other_registry,125-150m,2403.63462,21830.9671,3536.78111,1
2021,bunker,other_registry,175-200m,11713.1902,46307.3246,7759.16944,2
2021,bunker,other_registry,25-50m,44294.5833,37036.6067,68166.8973,16
2021,bunker,other_registry,50-75m,11186.3872,2587.48427,16989.0464,4
2021,bunker,other_registry,75-100m,3269.41495,47041.9124,6600.95194,1
2021,cargo.bulk_carrier,imo,0-25m,1034.56483,60555.7539,8529.40389,1
2021,cargo.bulk_carrier,imo,100-125m,532438.361,4479259.94,1019881.96,148
2021,cargo.bulk_carrier,imo,125-150m,719491.287,4927767.21,988582.456,143
2021,cargo.bulk_carrier,imo,150-175m,2333076.28,13456708.7,2729106.29,388
2021,cargo.bulk_carrier,imo,175-200m,20685112.7,98203151.4,17393548.4,2309
2021,cargo.bulk_carrier,imo,200-225m,9025430.15,35574068.6,5811603.44,802
2021,cargo.bulk_carrier,imo,225m+,34373730.7,101431439,14429720.6,1886
2021,cargo.bulk_carrier,imo,25-50m,26335.3217,258108.269,71582.8865,12
2021,cargo.bulk_carrier,imo,50-75m,40094.0813,437717.054,106292.843,16
2021,cargo.bulk_carrier,imo,75-100m,190700.553,2047514,480976.388,73
2021,cargo.bulk_carrier,no_registry,0-25m,897.941253,5241.72876,4614.99985,11
2021,cargo.bulk_carrier,no_registry,100-125m,893772.396,7315603.87,2061142.51,394
2021,cargo.bulk_carrier,no_registry,125-150m,853964.57,6106446.2,1488834.77,241
2021,cargo.bulk_carrier,no_registry,150-175m,2331267.27,13370550,3135712.16,506
2021,cargo.bulk_carrier,no_registry,175-200m,9807862.19,45480062.3,8501910.87,1301
2021,cargo.bulk_carrier,no_registry,200-225m,6277222.73,23768627.9,4169672.55,664
2021,cargo.bulk_carrier,no_registry,225m+,14811876.4,44568359.5,6108522.61,906
2021,cargo.bulk_carrier,no_registry,25-50m,191695.91,1234934.98,923257.027,817
2021,cargo.bulk_carrier,no_registry,50-75m,452348.889,3345119.06,1987336.33,1077
2021,cargo.bulk_carrier,no_registry,75-100m,305462.232,2687377.54,1059942.04,359
2021,cargo.bulk_carrier,other_registry,100-125m,233384.654,1939662.33,406440.354,61
2021,cargo.bulk_carrier,other_registry,125-150m,347604.544,2350851.14,474661.329,73
2021,cargo.bulk_carrier,other_registry,150-175m,1213674.04,7071042.19,1422055.6,209
2021,cargo.bulk_carrier,other_registry,175-200m,10169939,48128758.3,8536386.87,1131
2021,cargo.bulk_carrier,other_registry,200-225m,4290298.4,16714351.4,2842973.22,393
2021,cargo.bulk_carrier,other_registry,225m+,16299127.2,48884066.8,7006305.04,919
2021,cargo.bulk_carrier,other_registry,25-50m,18985.5769,104878.421,29345.1407,7
2021,cargo.bulk_carrier,other_registry,50-75m,39743.2521,481435.354,112597.209,17
2021,cargo.bulk_carrier,other_registry,75-100m,84557.7058,1019638.2,238784.339,35
2021,cargo.container,imo,0-25m,1312.88382,45451.4658,7222.63162,1
2021,cargo.container,imo,100-125m,536097.282,3227599.06,598258.28,86
2021,cargo.container,imo,125-150m,3015169.51,14814047.5,2111142.85,287
2021,cargo.container,imo,150-175m,3924306.34,14671650.2,2133981.41,311
2021,cargo.container,imo,175-200m,5705077.14,17926809.6,2404632.99,338
2021,cargo.container,imo,200-225m,5630056.77,14291397.4,1771991.6,254
2021,cargo.container,imo,225m+,58986112.9,90753418.5,9296071.67,1217
2021,cargo.container,imo,50-75m,27322.4553,81052.3893,50098.1587,6
2021,cargo.container,imo,75-100m,139236.873,900901.666,209290.619,38
2021,cargo.container,no_registry,100-125m,416866.078,2278996.14,545085.235,93
2021,cargo.container,no_registry,125-150m,961540.692,4287226.54,716944.939,126
2021,cargo.container,no_registry,150-175m,2325605.02,8388760.58,1260455.8,190
2021,cargo.container,no_registry,175-200m,2205628.15,7023656.82,984445.508,158
2021,cargo.container,no_registry,200-225m,3724985.02,9840055.74,1217059.47,211
2021,cargo.container,no_registry,225m+,24104651.2,37922672.2,3857916.32,591
2021,cargo.container,no_registry,25-50m,176684.618,491720.893,301694.641,100
2021,cargo.container,no_registry,50-75m,751006.549,2657354.98,1310566.05,360
2021,cargo.container,no_registry,75-100m,596135.045,2931779.58,986067.56,168
2021,cargo.container,other_registry,100-125m,161172.624,954286.961,201350.313,33
2021,cargo.container,other_registry,125-150m,1310974.14,6485434.93,955959.187,129
2021,cargo.container,other_registry,150-175m,2013414.35,7353416.71,1045327.36,150
2021,cargo.container,other_registry,175-200m,3019655.05,9469946.13,1275405.12,173
2021,cargo.container,other_registry,200-225m,2790909.71,7000802.54,883776.746,126
2021,cargo.container,other_registry,225m+,31631521.4,48947672.6,4951715.42,634
2021,cargo.container,other_registry,25-50m,3066.3726,24079.7617,2104.12806,1
2021,cargo.container,other_registry,50-75m,3942.25303,37674.4779,5639.70833,1
2021,cargo.container,other_registry,75-100m,95288.7295,627686.656,139342.904,21
2021,cargo.general,imo,0-25m,7006.55882,161732.082,85775.2704,29
2021,cargo.general,imo,100-125m,4706717.01,36362530.9,9330662.52,1452
2021,cargo.general,imo,125-150m,5686617.84,29471921.3,6154704.43,903
2021,cargo.general,imo,150-175m,2936489.35,12174991.3,2564255.57,370
2021,cargo.general,imo,175-200m,2627263.35,10268086.1,1771881.61,236
2021,cargo.general,imo,200-225m,593013.477,2280761.67,337756.506,45
2021,cargo.general,imo,225m+,289345.904,701619.591,158004.204,24
2021,cargo.general,imo,25-50m,101160.481,1603216.84,970628.075,186
2021,cargo.general,imo,50-75m,591013.818,9810790.27,3639709.25,669
2021,cargo.general,imo,75-100m,2972492.08,41652900.5,11326391.7,1797
2021,cargo.general,no_registry,0-25m,77604.6581,257615.877,186170.224,254
2021,cargo.general,no_registry,100-125m,6546914.49,37006831,11716643.8,3111
2021,cargo.general,no_registry,125-150m,2486716.65,11150408.2,2519863.23,470
2021,cargo.general,no_registry,150-175m,1546470.54,6256577.57,1389897.51,240
2021,cargo.general,no_registry,175-200m,889212.518,3528953.66,584905.168,95
2021,cargo.general,no_registry,200-225m,108459.195,376317.026,69656.882199999993,14
2021,cargo.general,no_registry,225m+,73669.279,163418.761,23520.323,4
2021,cargo.general,no_registry,25-50m,8450811.1,30334952.4,20673445.7,12890
2021,cargo.general,no_registry,50-75m,20532003.6,103057669,54401488.4,22754
2021,cargo.general,no_registry,75-100m,9916535.16,68280639.1,27393388.3,8938
2021,cargo.general,other_registry,0-25m,5851.35756,139771.346,66414.2903,18
2021,cargo.general,other_registry,100-125m,2310622.78,18145740.3,4694564.8,734
2021,cargo.general,other_registry,125-150m,2736332.32,14115854.6,3028078.67,444
2021,cargo.general,other_registry,150-175m,1494801.36,6251476.88,1235876.85,181
2021,cargo.general,other_registry,175-200m,1327440.56,5107474.65,883450.816,118
2021,cargo.general,other_registry,200-225m,321695.155,1132460.96,175883.373,24
2021,cargo.general,other_registry,225m+,164996.274,425628.751,85678.3823,16
2021,cargo.general,other_registry,25-50m,54437.2594,823411.335,499536.077,96
2021,cargo.general,other_registry,50-75m,213713.545,3714374.37,1499506.81,289
2021,cargo.general,other_registry,75-100m,1401220.89,21288020,5723329.53,887
2021,cargo.refrigerated,imo,100-125m,136867.386,520749.098,100711.624,13
2021,cargo.refrigerated,imo,125-150m,319812.166,862340.235,115663.739,17
2021,cargo.refrigerated,imo,150-175m,382242.025,908985.367,96149.4108,12
2021,cargo.refrigerated,imo,175-200m,92397.508,203780.649,25461.2091,3
2021,cargo.refrigerated,imo,200-225m,79426.3525,117007.55,16414.6,2
2021,cargo.refrigerated,imo,225m+,36836.6672,108333.943,20014.1515,3
2021,cargo.refrigerated,imo,50-75m,22026.2962,78651.4929,32064.3257,5
2021,cargo.refrigerated,imo,75-100m,41156.9898,176294.844,38939.1501,6
2021,cargo.refrigerated,no_registry,100-125m,127.37737,1024.97336,103.551389,1
2021,cargo.refrigerated,no_registry,125-150m,18683.6276,15183.5147,7901.27639,1
2021,cargo.refrigerated,no_registry,25-50m,11180.0913,48888.3116,14452.2405,33
2021,cargo.refrigerated,no_registry,50-75m,27245.7232,116213.495,32668.2691,51
2021,cargo.refrigerated,no_registry,75-100m,369.865783,695.1911,391.451389,1
2021,cargo.refrigerated,other_registry,100-125m,41175.7267,79708.4099,24389.4169,3
2021,cargo.refrigerated,other_registry,125-150m,272618.297,680163.483,87390.4635,13
2021,cargo.refrigerated,other_registry,150-175m,109623.555,254541.975,25077.4869,3
2021,cargo.refrigerated,other_registry,200-225m,86606.2948,132448.591,12465.7697,2
2021,cargo.refrigerated,other_registry,225m+,74463.0115,128725.944,11237.6564,2
2021,cargo.refrigerated,other_registry,50-75m,16999.3918,83136.5826,20892.9759,3
2021,cargo.refrigerated,other_registry,75-100m,26855.0864,109724.373,23170.9031,4
2021,cargo.ro_ro,imo,0-25m,28108.2902,82197.1852,47665.899,13
2021,cargo.ro_ro,imo,100-125m,367278.097,1408602.86,348261.546,53
2021,cargo.ro_ro,imo,125-150m,1170428.15,4523235.27,621197.379,82
2021,cargo.ro_ro,imo,150-175m,3031334.34,8940669.82,992271.113,128
2021,cargo.ro_ro,imo,175-200m,4701034.17,13888085.5,1382328.83,182
2021,cargo.ro_ro,imo,200-225m,7245612.37,22002023.3,2033669.41,265
2021,cargo.ro_ro,imo,225m+,2345379.96,5903534.95,559192.217,79
2021,cargo.ro_ro,imo,25-50m,152321.408,435596.638,259471.722,64
2021,cargo.ro_ro,imo,50-75m,663982.011,2268370.93,1038949.37,216
2021,cargo.ro_ro,imo,75-100m,266339.942,855391.276,388819.696,83
2021,cargo.ro_ro,no_registry,0-25m,16635.8146,22634.3254,38452.6218,14
2021,cargo.ro_ro,no_registry,100-125m,96210.9608,420877.507,102937.797,38
2021,cargo.ro_ro,no_registry,125-150m,438927.879,1397549.36,224564.443,64
2021,cargo.ro_ro,no_registry,150-175m,899599.631,2637989.31,272099.334,52
2021,cargo.ro_ro,no_registry,175-200m,1280416.2,2881101.57,301243.983,53
2021,cargo.ro_ro,no_registry,200-225m,1214375.59,3274261.5,323982.126,57
2021,cargo.ro_ro,no_registry,225m+,600948.565,1186617.57,127969.853,24
2021,cargo.ro_ro,no_registry,25-50m,763336.19,1553899.18,1205073.25,563
2021,cargo.ro_ro,no_registry,50-75m,731898.974,2144251.71,1131627.1,483
2021,cargo.ro_ro,no_registry,75-100m,186095.302,527472.012,269493.972,108
2021,cargo.ro_ro,other_registry,0-25m,6052.96655,25198.0152,12460.9083,4
2021,cargo.ro_ro,other_registry,100-125m,204410.454,837612.869,183780.902,30
2021,cargo.ro_ro,other_registry,125-150m,564846.554,2076497.87,279283.864,39
2021,cargo.ro_ro,other_registry,150-175m,1364111.06,3876510.78,411950.333,56
2021,cargo.ro_ro,other_registry,175-200m,2330864.49,7019685.26,718243.221,92
2021,cargo.ro_ro,other_registry,200-225m,3419292.69,10496124.6,984787.395,126
2021,cargo.ro_ro,other_registry,225m+,1308027,3311560.45,315455.252,44
2021,cargo.ro_ro,other_registry,25-50m,169689.909,498291.895,277230.584,61
2021,cargo.ro_ro,other_registry,50-75m,335079.845,1119475.07,496370.708,106
2021,cargo.ro_ro,other_registry,75-100m,97614.9086,313962.22,138803.055,36
2021,container_reefer,imo,125-150m,385037.055,1073586.31,102982.681,16
2021,container_reefer,imo,150-175m,1305867.41,3153609.73,297713.631,38
2021,container_reefer,imo,175-200m,444906.437,1060712.26,87236.8452,10
2021,container_reefer,imo,200-225m,48589.3864,84557.0121,8759.95333,1
2021,container_reefer,other_registry,125-150m,183297.555,526055.318,51955.2209,7
2021,container_reefer,other_registry,150-175m,500770.558,1233188.58,121216.304,15
2021,container_reefer,other_registry,175-200m,181299.706,437851.627,34957.5155,4
2021,dive_vessel,imo,100-125m,101863.399,299616.836,211787.587,29
2021,dive_vessel,imo,125-150m,64834.8102,175347.736,99567.2806,14
2021,dive_vessel,imo,25-50m,6769.34658,11011.2899,45271.6228,7
2021,dive_vessel,imo,50-75m,22523.6221,71315.0275,106949.792,18
2021,dive_vessel,imo,75-100m,248010.905,886961.642,882965.193,121
2021,dive_vessel,no_registry,100-125m,52722.8518,151307.26,119426.498,17
2021,dive_vessel,no_registry,125-150m,12730.414,34570.3799,12714.8475,2
2021,dive_vessel,no_registry,150-175m,11287.1808,30329.5241,22148.635,3
2021,dive_vessel,no_registry,25-50m,1439.87351,1461.61061,8459.93812,2
2021,dive_vessel,no_registry,50-75m,12080.5711,53125.0211,59518.0199,12
2021,dive_vessel,no_registry,75-100m,85825.9285,273828.113,324948.186,51
2021,dive_vessel,other_registry,100-125m,58017.5488,167989.662,161634.041,20
2021,dive_vessel,other_registry,125-150m,17006.2852,40379.6807,42379.3137,5
2021,dive_vessel,other_registry,150-175m,11266.0154,24785.1482,17495.5436,2
2021,dive_vessel,other_registry,25-50m,70.0263657,3.75809203,432.005556,1
2021,dive_vessel,other_registry,50-75m,19652.6391,80599.8685,76093.9967,11
2021,dive_vessel,other_registry,75-100m,102705.288,308323.223,378524.471,55
2021,dredge_fishing,imo,0-25m,7016.33562,139856.022,127152.747,75
2021,dredge_fishing,imo,25-50m,66865.7235,216759.11,334145.426,50
2021,dredge_fishing,no_registry,0-25m,4418.99856,47452.4492,84385.1429,35
2021,dredge_fishing,no_registry,25-50m,18883.8487,72643.6415,97490.8335,15
2021,dredge_fishing,other_registry,0-25m,4728.73563,51387.6972,59688.1815,33
2021,dredge_fishing,other_registry,25-50m,67012.5385,231715.188,282923.909,41
2021,dredge_non_fishing,imo,0-25m,2310.0723,19893.7943,29766.1239,6
2021,dredge_non_fishing,imo,100-125m,224559.251,1217102.09,535728.687,74
2021,dredge_non_fishing,imo,125-150m,268956.553,1006757.42,342926.767,43
2021,dredge_non_fishing,imo,150-175m,113370.015,320224.752,117619.663,15
2021,dredge_non_fishing,imo,175-200m,35158.2517,109874.11,32507.4956,4
2021,dredge_non_fishing,imo,200-225m,5410.89645,9797.56652,8620.57056,1
2021,dredge_non_fishing,imo,225m+,18752.6512,57278.278,8607.43389,1
2021,dredge_non_fishing,imo,25-50m,80012.3922,370467.529,499483.27,85
2021,dredge_non_fishing,imo,50-75m,174971.383,874946.866,1165601.14,197
2021,dredge_non_fishing,imo,75-100m,308909.827,1962445.4,1174382.39,166
2021,dredge_non_fishing,no_registry,0-25m,7481.77743,37542.1374,72756.2097,26
2021,dredge_non_fishing,no_registry,100-125m,66835.3559,375453.282,233215.08,48
2021,dredge_non_fishing,no_registry,125-150m,55336.6217,209609.026,95730.7069,17
2021,dredge_non_fishing,no_registry,150-175m,8829.41131,20040.1408,25348.8174,4
2021,dredge_non_fishing,no_registry,175-200m,596.578388,1671.32007,1832.25686,1
2021,dredge_non_fishing,no_registry,25-50m,186261.12,570034.033,1384744.9,305
2021,dredge_non_fishing,no_registry,50-75m,490007.43,1528774.68,3450208.09,833
2021,dredge_non_fishing,no_registry,75-100m,245580.036,797680.643,1554905.58,344
2021,dredge_non_fishing,other_registry,0-25m,1359.20336,8872.95693,9135.17915,2
2021,dredge_non_fishing,other_registry,100-125m,97801.0086,559079.359,205901.615,29
2021,dredge_non_fishing,other_registry,125-150m,65177.732,252152.761,91000.0266,11
2021,dredge_non_fishing,other_registry,150-175m,81972.1712,282512.593,90254.3621,14
2021,dredge_non_fishing,other_registry,175-200m,10543.2415,21040.5437,8760.08915,1
2021,dredge_non_fishing,other_registry,225m+,30500.8916,65860.9195,17143.2833,2
2021,dredge_non_fishing,other_registry,25-50m,42002.9531,224421.147,308432.994,54
2021,dredge_non_fishing,other_registry,50-75m,82949.0299,384889.056,549365.159,91
2021,dredge_non_fishing,other_registry,75-100m,150449.034,979517.807,555947.599,79
2021,drifting_longlines,imo,0-25m,350437.877,11115212.2,3450162.44,1364
2021,drifting_longlines,imo,100-125m,21.2108197,412.377016,319.445833,1
2021,drifting_longlines,imo,125-150m,1942.67977,29661.9795,4814.41792,1
2021,drifting_longlines,imo,150-175m,28937.3358,647149.775,97695.7714,13
2021,drifting_longlines,imo,175-200m,3991.79431,92814.7158,14954.9806,2
2021,drifting_longlines,imo,200-225m,1407.09435,26127.772,4819.99481,2
2021,drifting_longlines,imo,225m+,2194.52769,55420.747,7790.40389,1
2021,drifting_longlines,imo,25-50m,732491.514,19248686.7,4458797.81,920
2021,drifting_longlines,imo,50-75m,539095.587,11093314,2025685.11,329
2021,drifting_longlines,imo,75-100m,108.323979,8439.28476,2832.615,2
2021,drifting_longlines,no_registry,0-25m,222824.395,6286671.13,2641373.22,3393
2021,drifting_longlines,no_registry,25-50m,136840.031,2506738.56,886230.727,874
2021,drifting_longlines,no_registry,50-75m,23932.8264,373777.759,119662.11,105
2021,drifting_longlines,no_registry,75-100m,34.1440125,306.755198,104.895278,1
2021,drifting_longlines,other_registry,0-25m,167769.089,5015521.5,1584693.34,633
2021,drifting_longlines,other_registry,125-150m,3914.87122,87962.2827,14134.9161,2
2021,drifting_longlines,other_registry,150-175m,4755.996,105532.778,16472.5072,2
2021,drifting_longlines,other_registry,175-200m,1828.41917,47569.8343,7029.42944,1
2021,drifting_longlines,other_registry,200-225m,5623.26005,95741.9714,14951.7995,2
2021,drifting_longlines,other_registry,25-50m,396761.584,10311168.9,2379662.95,495
2021,drifting_longlines,other_registry,50-75m,213859.21,4179344.25,794838.141,138
2021,drifting_longlines,other_registry,75-100m,326.154485,13647.2261,4453.32666,3
2021,driftnets,imo,0-25m,4153.70304,48519.4386,33277.7146,19
2021,driftnets,imo,25-50m,4316.22182,33851.4607,16388.1953,18
2021,driftnets,imo,50-75m,1059.95789,5083.06371,3409.04382,3
2021,driftnets,no_registry,0-25m,550503.908,6602015.06,4822446.83,5236
2021,driftnets,no_registry,100-125m,85.016186,556.148479,195.017778,2
2021,driftnets,no_registry,25-50m,1612644.75,10860628.3,7257231.03,7825
2021,driftnets,no_registry,50-75m,38351.5367,259069.952,134006.922,432
2021,driftnets,no_registry,75-100m,3013.75289,19353.2717,10553.2639,38
2021,driftnets,other_registry,0-25m,3805.64729,80139.1893,41554.0512,17
2021,driftnets,other_registry,25-50m,2182.54117,15600.6367,11316.8886,9
2021,driftnets,other_registry,50-75m,106.462647,1551.70228,407.732747,1
2021,fish_factory,imo,125-150m,1639.82721,18065.0898,7700.24556,1
2021,other_fishing,imo,0-25m,595.290045,18177.0377,11228.7169,28
2021,other_fishing,imo,25-50m,118.589654,2678.15482,2189.67622,4
2021,other_fishing,no_registry,0-25m,1931.06905,34230.877,26642.3538,144
2021,other_fishing,no_registry,25-50m,2179.29005,17471.92,13252.3428,36
2021,other_fishing,other_registry,0-25m,770.51396,15267.4818,13018.0106,19
2021,other_fishing,other_registry,25-50m,117.557428,2165.55543,2149.83667,1
2021,other_not_fishing,imo,0-25m,4472.0031,2213.52616,25866.8382,4
2021,other_not_fishing,imo,100-125m,153484.217,240845.235,603580.813,88
2021,other_not_fishing,imo,125-150m,96377.2048,160001.17,282077.852,36
2021,other_not_fishing,imo,150-175m,86223.4272,103153.401,104673.129,16
2021,other_not_fishing,imo,175-200m,13762.6934,20111.6053,49144.3449,7
2021,other_not_fishing,imo,200-225m,2047.89744,66.0980105,12013.4782,2
2021,other_not_fishing,imo,225m+,5037.46413,2000.07974,26196.1548,4
2021,other_not_fishing,imo,25-50m,47225.2037,40335.4508,273627.368,44
2021,other_not_fishing,imo,50-75m,120015.828,87897.6216,688196.104,116
2021,other_not_fishing,imo,75-100m,159612.005,113098.324,903737.299,143
2021,other_not_fishing,no_registry,0-25m,16.022216,24.2070876,92.5730556,1
2021,other_not_fishing,no_registry,100-125m,63756.9857,91711.3171,315991.125,63
2021,other_not_fishing,no_registry,125-150m,18367.2278,32847.9839,68322.1565,17
2021,other_not_fishing,no_registry,150-175m,11347.2807,21559.2103,29614.7943,8
2021,other_not_fishing,no_registry,175-200m,16388.2911,11061.2734,71306.3852,15
2021,other_not_fishing,no_registry,200-225m,26529.0937,1385.12209,157642.437,29
2021,other_not_fishing,no_registry,225m+,2084.74671,182.090057,12433.519,4
2021,other_not_fishing,no_registry,25-50m,53440.3001,24116.9182,314364.094,77
2021,other_not_fishing,no_registry,50-75m,204738.933,149520.927,1192991.03,254
2021,other_not_fishing,no_registry,75-100m,214695.546,244657.91,1207622.83,223
2021,other_not_fishing,other_registry,100-125m,59865.109,93043.1381,241563.407,33
2021,other_not_fishing,other_registry,125-150m,91840.8689,178344.532,152352.935,21
2021,other_not_fishing,other_registry,150-175m,57262.4827,44425.8477,35041.2519,4
2021,other_not_fishing,other_registry,175-200m,8794.31302,2410.20524,45699.0065,7
2021,other_not_fishing,other_registry,200-225m,2971.18806,4.38201789,17520.2878,2
2021,other_not_fishing,other_registry,25-50m,19776.0878,12670.36,114753.49,19
2021,other_not_fishing,other_registry,50-75m,54530.6145,35128.1726,317049.461,56
2021,other_not_fishing,other_registry,75-100m,98367.1932,108137.981,519486.32,76
2021,other_purse_seines,imo,0-25m,2818.72324,146740.964,49421.5464,18
2021,other_purse_seines,imo,25-50m,33568.4033,535441.826,154432.641,40
2021,other_purse_seines,imo,50-75m,17904.6776,155391.141,42884.6767,7
2021,other_purse_seines,no_registry,25-50m,15371.8587,162627.504,44257.6383,12
2021,other_purse_seines,other_registry,0-25m,616.727126,45739.683,16220.4326,6
2021,other_purse_seines,other_registry,25-50m,28252.9601,388784.617,114100.471,26
2021,other_purse_seines,other_registry,50-75m,3566.26424,37140.5668,8734.35361,2
2021,other_seines,imo,0-25m,36339.9408,374576.496,692686.059,109
2021,other_seines,imo,25-50m,3918.87819,15755.5461,24848.9672,3
2021,other_seines,no_registry,0-25m,154.318593,1794.83,7492.89889,2
2021,other_seines,no_registry,25-50m,147.750471,2104.0867,1838.765,1
2021,other_seines,other_registry,0-25m,17996.2826,207975.102,368400.007,63
2021,other_seines,other_registry,25-50m,2405.92736,17449.0577,17135.6767,2
2021,passenger,imo,0-25m,10865497.6,14549501.6,20123395,11620
2021,passenger,imo,100-125m,1718815.22,4816208.98,1093729.15,150
2021,passenger,imo,125-150m,1409741.51,2750419.14,452639.866,63
2021,passenger,imo,150-175m,1821405.99,3006801.58,408753.244,56
2021,passenger,imo,175-200m,869029.496,1407193.83,207325.596,28
2021,passenger,imo,200-225m,346762.12,411772.096,101079.183,14
2021,passenger,imo,225m+,3397466.13,2480137.89,690015.708,87
2021,passenger,imo,25-50m,7028511.01,15722563.1,11091708.3,2377
2021,passenger,imo,50-75m,3604539.19,9898481.09,5121803.19,824
2021,passenger,imo,75-100m,2280936.58,6666663.43,2230511.26,314
2021,passenger,no_registry,0-25m,83293516.2,108954597,155185653,120701
2021,passenger,no_registry,100-125m,1404846.43,3386077.47,1045394.51,227
2021,passenger,no_registry,125-150m,813253.312,1487054.19,352074.374,65
2021,passenger,no_registry,150-175m,545522.419,871163.121,135222.662,25
2021,passenger,no_registry,175-200m,224032.378,291226.905,72131.6056,15
2021,passenger,no_registry,200-225m,309871.51,359115.81,80612.0874,13
2021,passenger,no_registry,225m+,943238.955,814270.474,164807.429,31
2021,passenger,no_registry,25-50m,34687086.3,49911967.4,52752867.7,17730
2021,passenger,no_registry,50-75m,5174484.96,9709628.34,6857977.44,2077
2021,passenger,no_registry,75-100m,1732095.12,4778752.98,1823275.7,436
2021,passenger,other_registry,0-25m,5293806.38,6911088.55,9783441.76,5633
2021,passenger,other_registry,100-125m,552612.671,1442656.06,407415.114,60
2021,passenger,other_registry,125-150m,776783.908,1856050.19,309010.142,46
2021,passenger,other_registry,150-175m,703730.937,1114653.39,131025.091,17
2021,passenger,other_registry,175-200m,721510.003,1129692.18,148477.82,18
2021,passenger,other_registry,200-225m,74031.4182,88020.7817,25983.8553,3
2021,passenger,other_registry,225m+,1560922.55,1286912.5,277620.511,35
2021,passenger,other_registry,25-50m,3691179.47,7981651.47,5786483.95,1214
2021,passenger,other_registry,50-75m,1504809.55,3724124.94,2094888.54,344
2021,passenger,other_registry,75-100m,951486.083,2893061.7,974348.851,134
2021,patrol_vessel,imo,0-25m,21002.8181,146838.594,129796.419,55
2021,patrol_vessel,imo,100-125m,24409.6838,107247.723,50882.5314,22
2021,patrol_vessel,imo,125-150m,5160.26811,23092.0288,8319.11355,3
2021,patrol_vessel,imo,175-200m,169.041406,633.644252,804.260517,1
2021,patrol_vessel,imo,25-50m,90989.8825,822809.286,522458.932,115
2021,patrol_vessel,imo,50-75m,62823.4033,496419.532,248009.098,91
2021,patrol_vessel,imo,75-100m,69620.8868,481171.586,183963.481,61
2021,patrol_vessel,no_registry,0-25m,178278.401,1008258.22,1107364.01,833
2021,patrol_vessel,no_registry,100-125m,158168.239,956747.743,249842.31,203
2021,patrol_vessel,no_registry,125-150m,37235.3144,178161.585,45425.0679,28
2021,patrol_vessel,no_registry,150-175m,17398.8593,68274.1419,12733.4688,11
2021,patrol_vessel,no_registry,25-50m,539138.362,3452355.07,3231366.48,1304
2021,patrol_vessel,no_registry,50-75m,133004.881,1166076.81,539831.154,355
2021,patrol_vessel,no_registry,75-100m,139911.799,1084949.47,387103.264,253
2021,patrol_vessel,other_registry,0-25m,8027.05967,56765.6249,45064.9741,23
2021,patrol_vessel,other_registry,100-125m,8399.02749,43465.4436,15960.855,10
2021,patrol_vessel,other_registry,125-150m,1951.40733,5995.39847,5731.92977,3
2021,patrol_vessel,other_registry,150-175m,3931.85809,8891.32172,1538.02167,1
2021,patrol_vessel,other_registry,25-50m,39325.8043,323349.375,225226.111,57
2021,patrol_vessel,other_registry,50-75m,33718.4726,321187.927,147256.564,53
2021,patrol_vessel,other_registry,75-100m,22436.7567,163339.731,73620.0672,33
2021,pole_and_line,imo,0-25m,92619.5373,882227.543,1170998.61,286
2021,pole_and_line,imo,25-50m,13025.7625,353819.06,107408.06,42
2021,pole_and_line,imo,50-75m,36952.5021,590745.676,94793.4822,12
2021,pole_and_line,no_registry,0-25m,51607.8629,549970.416,336939.417,320
2021,pole_and_line,no_registry,25-50m,19808.3562,330767.045,111639.606,113
2021,pole_and_line,no_registry,50-75m,241.324357,5136.08163,1993.51066,4
2021,pole_and_line,other_registry,0-25m,54796.4102,507053.819,624268.946,158
2021,pole_and_line,other_registry,25-50m,10690.3884,227989.071,74306.1982,27
2021,pole_and_line,other_registry,50-75m,14718.8725,261109.984,41567.9648,6
2021,pots_and_traps,imo,0-25m,57382.9404,1206900.17,2250018.07,635
2021,pots_and_traps,imo,25-50m,39005.4636,561420.551,243276.708,51
2021,pots_and_traps,imo,50-75m,1812.91392,11016.5356,3441.58667,1
2021,pots_and_traps,no_registry,0-25m,68740.2935,1558282.43,1577777.21,1058
2021,pots_and_traps,no_registry,25-50m,14890.8283,68162.6688,56913.6373,72
2021,pots_and_traps,other_registry,0-25m,27542.1805,595245.974,1127740.36,342
2021,pots_and_traps,other_registry,25-50m,24111.971,304189.144,136914.777,28
2021,research,imo,0-25m,3675.38866,26592.8151,19513.559,5
2021,research,imo,25-50m,12650.2553,78591.1365,67809.2379,11
2021,research,imo,50-75m,23596.6752,181352.755,94461.5151,12
2021,research,imo,75-100m,5852.66389,44316.1468,22300.5778,3
2021,research,no_registry,0-25m,113.332567,3076.0968,1778.20141,2
2021,research,no_registry,25-50m,7729.19355,50817.2534,40147.3955,7
2021,research,no_registry,50-75m,1816.65902,20550.8825,5595.14758,1
2021,research,other_registry,0-25m,306.814355,38058.5264,8904.09646,2
2021,research,other_registry,25-50m,7867.12538,33737.992,48396.3847,8
2021,research,other_registry,50-75m,21662.5023,179150.395,80580.7016,11
2021,research,other_registry,75-100m,2683.68205,11978.911,8760.19889,1
2021,seismic_vessel,imo,0-25m,5195.04208,32741.3384,30528.0443,5
2021,seismic_vessel,imo,100-125m,193768.98,907275.703,355813.133,53
2021,seismic_vessel,imo,125-150m,67776.6328,206453.882,97835.7854,15
2021,seismic_vessel,imo,150-175m,25804.3973,83540.4082,40567.9295,6
2021,seismic_vessel,imo,175-200m,16401.8941,53133.3914,8342.91287,1
2021,seismic_vessel,imo,200-225m,4124.85886,17754.2666,8288.78472,1
2021,seismic_vessel,imo,25-50m,140758.67,964932.418,790669.572,124
2021,seismic_vessel,imo,50-75m,296069.814,2334619.79,1134884.06,169
2021,seismic_vessel,imo,75-100m,371325.558,2097045.45,901707.937,138
2021,seismic_vessel,no_registry,0-25m,4679.13002,24043.2662,32501.643,5
2021,seismic_vessel,no_registry,100-125m,47854.8153,225967.394,74054.2149,21
2021,seismic_vessel,no_registry,125-150m,38794.992,133315.275,74028.3967,13
2021,seismic_vessel,no_registry,150-175m,4988.41958,12250.6783,2205.61357,1
2021,seismic_vessel,no_registry,25-50m,155429.594,1017285.66,845565.761,186
2021,seismic_vessel,no_registry,50-75m,96812.3004,808721.802,383617.641,87
2021,seismic_vessel,no_registry,75-100m,121839.058,727671.493,349003.963,80
2021,seismic_vessel,other_registry,0-25m,2745.60315,11626.5762,15200.3497,2
2021,seismic_vessel,other_registry,100-125m,79199.3042,446933.556,152505.015,20
2021,seismic_vessel,other_registry,125-150m,27933.553,85250.7852,34877.1041,5
2021,seismic_vessel,other_registry,150-175m,10361.1416,36967.622,16030.2547,2
2021,seismic_vessel,other_registry,175-200m,9418.66585,35802.526,7856.61723,1
2021,seismic_vessel,other_registry,25-50m,82032.0846,555504.477,458067.318,68
2021,seismic_vessel,other_registry,50-75m,142544.118,1184034.81,499130.746,76
2021,seismic_vessel,other_registry,75-100m,131177.444,804205.406,318277.124,51
2021,set_gillnets,imo,0-25m,57641.501,2728778.15,1789274.66,817
2021,set_gillnets,imo,25-50m,1603.45913,70063.3115,29241.5405,8
2021,set_gillnets,imo,50-75m,14.0122496,1575.26227,436.421944,2
2021,set_gillnets,imo,75-100m,41.0634816,2217.14406,1482.35917,2
2021,set_gillnets,no_registry,0-25m,141470.825,3112043.66,2724050.22,3029
2021,set_gillnets,no_registry,25-50m,141802.916,588051.743,498396.353,536
2021,set_gillnets,no_registry,50-75m,35.5455332,185.051251,73.7752778,1
2021,set_gillnets,other_registry,0-25m,21220.0804,1218757.27,788013.114,372
2021,set_gillnets,other_registry,25-50m,355.064534,17519.71,7322.30139,3
2021,set_gillnets,other_registry,50-75m,90.7922155,5613.14637,3202.44056,2
2021,set_gillnets,other_registry,75-100m,34.526968,4233.56302,1051.97861,1
2021,set_longlines,imo,0-25m,39433.3798,961352.836,844866.807,162
2021,set_longlines,imo,25-50m,146974.147,2122799.74,833294.427,135
2021,set_longlines,imo,50-75m,98338.74,1035463.16,297340.216,41
2021,set_longlines,imo,75-100m,4.5006262,169.38039,60.6344444,1
2021,set_longlines,no_registry,0-25m,11048.4089,263036.842,185391.655,108
2021,set_longlines,no_registry,25-50m,11081.0011,196501.544,97736.4397,48
2021,set_longlines,other_registry,0-25m,28376.6262,636710.674,509263.561,87
2021,set_longlines,other_registry,100-125m,32.7140029,850.644165,671.255283,1
2021,set_longlines,other_registry,25-50m,55188.8668,868453.388,322238.131,50
2021,set_longlines,other_registry,50-75m,40526.5697,479180.019,133649.928,21
2021,set_longlines,other_registry,75-100m,14.3360674,528.087406,233.993333,1
2021,specialized_reefer,imo,100-125m,634459.596,2201480.83,538066.065,72
2021,specialized_reefer,imo,125-150m,1037085.12,2495569.88,533086.275,75
2021,specialized_reefer,imo,150-175m,239737.952,396770.956,91688.6504,12
2021,specialized_reefer,imo,25-50m,52949.3321,441391.147,94611.1721,20
2021,specialized_reefer,imo,50-75m,177046.94,970847.32,296448.112,51
2021,specialized_reefer,imo,75-100m,373710.973,1730434.58,501690.111,77
2021,specialized_reefer,no_registry,100-125m,89.4479542,158.541664,40.9208333,1
2021,specialized_reefer,no_registry,25-50m,9755.03827,54156.2775,14555.0285,4
2021,specialized_reefer,no_registry,75-100m,3798.82466,2390.86484,1965.45664,3
2021,specialized_reefer,other_registry,100-125m,500958.183,1617736.28,406252.622,58
2021,specialized_reefer,other_registry,125-150m,556151.388,1379092.66,279177.15,37
2021,specialized_reefer,other_registry,150-175m,111487.179,210971.539,42418.0448,7
2021,specialized_reefer,other_registry,25-50m,24635.2202,182075.44,40659.4338,9
2021,specialized_reefer,other_registry,50-75m,105815.821,572839.905,181632.768,33
2021,specialized_reefer,other_registry,75-100m,174207.851,827948.789,252231.957,40
2021,squid_jigger,imo,0-25m,29200.9722,616486.466,463360.198,173
2021,squid_jigger,imo,125-150m,3801.5271,15565.1206,4177.71889,1
2021,squid_jigger,imo,25-50m,185997.578,2654430.7,1371221.93,362
2021,squid_jigger,imo,50-75m,811210.347,7620360.41,2356220.58,416
2021,squid_jigger,imo,75-100m,30983.2367,318989.689,71165.5085,11
2021,squid_jigger,no_registry,0-25m,25447.145,550212.877,389428.425,442
2021,squid_jigger,no_registry,125-150m,2456.95766,3281.76791,2650.69789,1
2021,squid_jigger,no_registry,150-175m,406.981371,1397.29718,526.59235,1
2021,squid_jigger,no_registry,25-50m,69920.0431,925365.729,596749.754,343
2021,squid_jigger,no_registry,50-75m,33463.0477,292931.401,133229.221,118
2021,squid_jigger,no_registry,75-100m,351.183391,1153.63519,1110.29949,2
2021,squid_jigger,other_registry,0-25m,13025.0202,326622.926,236841.146,85
2021,squid_jigger,other_registry,25-50m,96680.5816,1472602.94,685210.22,184
2021,squid_jigger,other_registry,50-75m,318874.797,3099888.55,938140.194,177
2021,squid_jigger,other_registry,75-100m,14318.1393,142689.423,32398.0161,5
2021,supply_vessel,imo,0-25m,22620.9861,87745.138,132273.63,24
2021,supply_vessel,imo,100-125m,109970.724,481581.664,298591.65,39
2021,supply_vessel,imo,125-150m,8148.98593,22741.1105,19181.457,3
2021,supply_vessel,imo,150-175m,7710.95567,32005.865,8759.23722,1
2021,supply_vessel,imo,200-225m,1413.95171,4.65593984,8759.97222,1
2021,supply_vessel,imo,25-50m,813546.536,7101188.68,3815992.68,643
2021,supply_vessel,imo,50-75m,751666.834,5305677.49,2939928.45,420
2021,supply_vessel,imo,75-100m,1089231.51,5482282.53,3111107.72,418
2021,supply_vessel,no_registry,0-25m,76141.1492,620888.054,419498.394,113
2021,supply_vessel,no_registry,100-125m,37443.6646,159052.586,99945.4602,22
2021,supply_vessel,no_registry,125-150m,6382.66982,20499.2856,12607.6939,3
2021,supply_vessel,no_registry,200-225m,152.526855,0.0171110058,944.961981,1
2021,supply_vessel,no_registry,25-50m,1180069.2,9586510.62,5627471.83,1256
2021,supply_vessel,no_registry,50-75m,233790.8,1593607.48,1000243.68,190
2021,supply_vessel,no_registry,75-100m,284878.402,1352426.92,933701.051,145
2021,supply_vessel,other_registry,0-25m,8693.71652,65421.0748,45179.3807,14
2021,supply_vessel,other_registry,100-125m,32823.9871,194928.901,67739.2934,8
2021,supply_vessel,other_registry,125-150m,4036.6746,14829.1877,11151.2933,2
2021,supply_vessel,other_registry,150-175m,216.369942,265.951017,1270.09194,1
2021,supply_vessel,other_registry,25-50m,382123.634,3268770.47,1805517.08,315
2021,supply_vessel,other_registry,50-75m,338440.229,2274028.16,1312457.94,201
2021,supply_vessel,other_registry,75-100m,610177.291,3070980.68,1721758.06,219
2021,tanker.chemical,imo,0-25m,18457.9242,63532.4753,13493.7064,2
2021,tanker.chemical,imo,100-125m,4039597.27,18346226.2,3894320.41,545
2021,tanker.chemical,imo,125-150m,4537110.69,15997211.3,3081123.42,423
2021,tanker.chemical,imo,150-175m,5585527.66,16992907.1,2814567.57,383
2021,tanker.chemical,imo,175-200m,12821072.4,35126003.9,5691975.11,739
2021,tanker.chemical,imo,200-225m,1374449.28,3438719.36,561355.549,78
2021,tanker.chemical,imo,225m+,617383.084,1127228.92,182038.049,30
2021,tanker.chemical,imo,25-50m,57798.3926,230492.432,52124.1594,6
2021,tanker.chemical,imo,50-75m,634224.903,4094419.46,931759.605,116
2021,tanker.chemical,imo,75-100m,1125871.69,6627596.4,1527841.86,214
2021,tanker.chemical,no_registry,100-125m,2046332.25,7624202.49,2138479.64,465
2021,tanker.chemical,no_registry,125-150m,1339696.67,3939122.49,783324.016,129
2021,tanker.chemical,no_registry,150-175m,3098270.09,9129966.59,1451410.87,219
2021,tanker.chemical,no_registry,175-200m,5764380.26,16008196.9,2527763.84,380
2021,tanker.chemical,no_registry,200-225m,1469988.53,3682565.47,604786.431,98
2021,tanker.chemical,no_registry,225m+,493444.58,1121203.9,183105.865,36
2021,tanker.chemical,no_registry,25-50m,139828.651,315145.196,195677.792,40
2021,tanker.chemical,no_registry,50-75m,914068.1,4567005.02,1310017.38,213
2021,tanker.chemical,no_registry,75-100m,1043462.17,4159857.85,1466143.85,264
2021,tanker.chemical,other_registry,100-125m,1969616.34,8874277.34,1911042.56,260
2021,tanker.chemical,other_registry,125-150m,2105292.41,7156393.83,1402828.94,198
2021,tanker.chemical,other_registry,150-175m,2818898.05,8677255.71,1407683.34,190
2021,tanker.chemical,other_registry,175-200m,6708846.29,18903812.9,2978347.48,383
2021,tanker.chemical,other_registry,200-225m,484184.552,1206493.74,206546.668,30
2021,tanker.chemical,other_registry,225m+,364882.936,765884.458,119700.765,16
2021,tanker.chemical,other_registry,25-50m,118655.319,480977.661,90202.1185,12
2021,tanker.chemical,other_registry,50-75m,325245.611,1969756.91,457294.699,58
2021,tanker.chemical,other_registry,75-100m,550617.987,3185984.81,746940.62,105
2021,tanker.liquefied_gas,imo,100-125m,889686.741,3503423.46,678299.135,93
2021,tanker.liquefied_gas,imo,125-150m,518926.9,1883255.18,344653.798,47
2021,tanker.liquefied_gas,imo,150-175m,1259851.35,4214229.74,615806.733,80
2021,tanker.liquefied_gas,imo,175-200m,1202079.47,3590353.88,460803.052,62
2021,tanker.liquefied_gas,imo,200-225m,1930608.05,4676034.26,505920.779,66
2021,tanker.liquefied_gas,imo,225m+,28561161.6,37669793.7,3349419.43,430
2021,tanker.liquefied_gas,imo,25-50m,9392.29048,41750.9471,8135.15444,1
2021,tanker.liquefied_gas,imo,50-75m,347915.849,1435553.09,326665.421,42
2021,tanker.liquefied_gas,imo,75-100m,435811.965,1807589.56,392005.581,54
2021,tanker.liquefied_gas,no_registry,100-125m,240696.845,1007605.76,182602.275,34
2021,tanker.liquefied_gas,no_registry,125-150m,152441.009,532495.12,100928.716,19
2021,tanker.liquefied_gas,no_registry,150-175m,250009.334,764814.955,131412,32
2021,tanker.liquefied_gas,no_registry,175-200m,531549.239,1196521.34,174342.417,27
2021,tanker.liquefied_gas,no_registry,200-225m,997814.216,2177607.03,227047.311,33
2021,tanker.liquefied_gas,no_registry,225m+,9993564.83,14829137.8,1258352.8,196
2021,tanker.liquefied_gas,no_registry,25-50m,562.337824,1522.56103,718.448714,3
2021,tanker.liquefied_gas,no_registry,50-75m,167625.811,585154.087,168049.541,60
2021,tanker.liquefied_gas,no_registry,75-100m,190001.34,694738.303,171725.006,37
2021,tanker.liquefied_gas,other_registry,100-125m,534239.151,2013815.12,426653.727,57
2021,tanker.liquefied_gas,other_registry,125-150m,353468.586,1256768.14,238418.153,30
2021,tanker.liquefied_gas,other_registry,150-175m,707439.341,2439875.9,353052.72,48
2021,tanker.liquefied_gas,other_registry,175-200m,545327.617,1640174.98,219653.204,28
2021,tanker.liquefied_gas,other_registry,200-225m,984392.018,2399039.46,284837.348,37
2021,tanker.liquefied_gas,other_registry,225m+,13065550.1,17041682.7,1541751.11,199
2021,tanker.liquefied_gas,other_registry,25-50m,11992.8494,6809.65959,11003.9751,2
2021,tanker.liquefied_gas,other_registry,50-75m,261119.168,1054105.21,227800.865,29
2021,tanker.liquefied_gas,other_registry,75-100m,200738.555,610285.812,184622.356,27
2021,tanker.oil,imo,0-25m,2665.13892,26892.9843,8902.27833,4
2021,tanker.oil,imo,100-125m,2830289.43,8514269.51,2761655.76,427
2021,tanker.oil,imo,125-150m,1732870.17,4292228.66,1484839.5,237
2021,tanker.oil,imo,150-175m,1687146.17,2207589.7,718412.924,107
2021,tanker.oil,imo,175-200m,4614687.22,6373189.99,1570692.8,236
2021,tanker.oil,imo,200-225m,4702804.09,6308637.68,1307382.69,194
2021,tanker.oil,imo,225m+,44098510.8,58647459.8,9167554.72,1267
2021,tanker.oil,imo,25-50m,506893.226,817058.718,673446.061,120
2021,tanker.oil,imo,50-75m,1954816.84,4531178.57,2438356.73,406
2021,tanker.oil,imo,75-100m,2849698.33,8495517.64,3947199.68,651
2021,tanker.oil,no_registry,0-25m,31393.2648,21788.0922,26906.7949,15
2021,tanker.oil,no_registry,100-125m,2857334.16,8956188.65,3108524.32,521
2021,tanker.oil,no_registry,125-150m,2773033.79,5000961.8,1525718.45,250
2021,tanker.oil,no_registry,150-175m,2030269.97,2428489.71,743976.305,145
2021,tanker.oil,no_registry,175-200m,1668013.63,2243305.43,535674.487,107
2021,tanker.oil,no_registry,200-225m,2358587.32,2672842.54,645263.162,135
2021,tanker.oil,no_registry,225m+,27553513.7,33556061.8,5345223.96,895
2021,tanker.oil,no_registry,25-50m,3760491.98,5794400.09,5525072.93,1290
2021,tanker.oil,no_registry,50-75m,5047220.29,11355039.7,7641754.32,1563
2021,tanker.oil,no_registry,75-100m,4552418.13,13035564.6,6538602.91,1131
2021,tanker.oil,other_registry,0-25m,11964.3358,10837.5486,20737.7416,4
2021,tanker.oil,other_registry,100-125m,1280830.4,4393508.42,1366120.2,217
2021,tanker.oil,other_registry,125-150m,825715.061,1879474.52,603427.748,101
2021,tanker.oil,other_registry,150-175m,753028.382,1270825.3,307470.272,47
2021,tanker.oil,other_registry,175-200m,2371664.99,3499602.5,811179.756,124
2021,tanker.oil,other_registry,200-225m,1952669.53,2487050.33,561954.941,83
2021,tanker.oil,other_registry,225m+,21433598.5,28197030.4,4446193.04,629
2021,tanker.oil,other_registry,25-50m,171809.486,192149.604,280687.36,46
2021,tanker.oil,other_registry,50-75m,891742.084,2465051.47,1298966.38,210
2021,tanker.oil,other_registry,75-100m,1724577.21,4764424.59,2230177.59,355
2021,tanker.other,imo,100-125m,9123.22539,25952.8434,8759.59917,1
2021,tanker.other,imo,25-50m,18898.5417,12527.335,17208.4894,2
2021,tanker.other,imo,50-75m,40608.6362,22726.0086,34034.9032,4
2021,tanker.other,imo,75-100m,19588.9203,7964.34821,15095.6836,2
2021,tanker.other,no_registry,25-50m,79006.8416,46821.3592,63453.6764,10
2021,tanker.other,no_registry,50-75m,54180.2369,30248.9781,42643.4067,5
2021,tanker.other,no_registry,75-100m,5703.75919,7067.81904,4383.22367,2
2021,tanker.other,other_registry,50-75m,11052.572,6855.64906,8760.22818,1
2021,tanker.other,other_registry,75-100m,22215.9343,4319.65147,17154.4546,2
2021,trawlers,imo,0-25m,2102040.11,30214492.5,24832128.9,6834
2021,trawlers,imo,100-125m,993190.641,2471237.2,616632.635,87
2021,trawlers,imo,125-150m,127923.465,253894.162,52971.5599,8
2021,trawlers,imo,150-175m,451.20613,4389.40693,1841.03432,1
2021,trawlers,imo,25-50m,3322790.65,25119295.2,12321618,2815
2021,trawlers,imo,50-75m,3347183.08,15163739.5,4740022.21,704
2021,trawlers,imo,75-100m,1144932.67,3394316.15,988898.026,147
2021,trawlers,no_registry,0-25m,3770299.17,45035233.8,31442155.1,30794
2021,trawlers,no_registry,100-125m,2302.27626,84.16522,8790.10472,2
2021,trawlers,no_registry,125-150m,2995.70177,6604.75968,1189.56534,2
2021,trawlers,no_registry,25-50m,6037792.81,41390195.9,23529151.5,23775
2021,trawlers,no_registry,50-75m,233666.706,1246339.07,566532.957,1446
2021,trawlers,no_registry,75-100m,21560.8035,48146.0512,39507.6764,90
2021,trawlers,other_registry,0-25m,1090146.82,14805050.2,12047151.2,3414
2021,trawlers,other_registry,100-125m,559330.201,1326573.74,333260.756,47
2021,trawlers,other_registry,125-150m,60232.9787,100956.293,25123.7372,3
2021,trawlers,other_registry,225m+,1570.11722,3451.06937,4099.99391,1
2021,trawlers,other_registry,25-50m,1717890.8,13277820,6347265.81,1391
2021,trawlers,other_registry,50-75m,1583866.39,7295096.89,2205932.83,327
2021,trawlers,other_registry,75-100m,423095.171,1407810.79,404085.087,64
2021,trollers,imo,0-25m,24781.4342,377606.794,592201.567,170
2021,trollers,imo,25-50m,595.459911,2039.8022,3635.49194,2
2021,trollers,no_registry,0-25m,5103.85719,70346.677,128995.174,42
2021,trollers,no_registry,25-50m,589.984876,1582.88849,7371.47806,1
2021,trollers,other_registry,0-25m,10237.9388,170640.701,235193.382,76
2021,trollers,other_registry,25-50m,289.418042,5697.81339,9658.97306,2
2021,tug,imo,0-25m,769366.684,8951835.11,7741746.92,1470
2021,tug,imo,100-125m,39921.2158,255451.242,172738.387,24
2021,tug,imo,125-150m,4743.36699,30653.6797,30333.7212,8
2021,tug,imo,150-175m,20178.5655,102563.727,50801.3669,8
2021,tug,imo,175-200m,975.810658,6068.06267,8591.9189,1
2021,tug,imo,200-225m,2278.64015,5622.54409,8425.5425,1
2021,tug,imo,225m+,7480.44461,25246.9729,17848.8521,3
2021,tug,imo,25-50m,3090429.25,25764768.4,26865655.1,4229
2021,tug,imo,50-75m,511817.947,4488291.88,3904278.54,620
2021,tug,imo,75-100m,168470.781,1181043.33,883455.964,138
2021,tug,no_registry,0-25m,847225.649,8131378.4,10584632.8,5742
2021,tug,no_registry,100-125m,14391.2631,112019.286,98527.397,32
2021,tug,no_registry,125-150m,8834.72214,41240.1734,87945.7554,21
2021,tug,no_registry,150-175m,1570.89737,5339.17935,15781.9384,4
2021,tug,no_registry,175-200m,4.46391018,17.8100598,65.6775694,1
2021,tug,no_registry,25-50m,5813786.97,54218294.5,58745521.7,19803
2021,tug,no_registry,50-75m,990058.297,11060896.6,8017692.84,3068
2021,tug,no_registry,75-100m,128050.58,1156565.58,772077.535,182
2021,tug,other_registry,0-25m,371081.047,4480323.01,3728578.51,702
2021,tug,other_registry,100-125m,9657.0457,73449.7492,59154.8621,12
2021,tug,other_registry,125-150m,11572.8903,67175.2913,49748.1534,6
2021,tug,other_registry,150-175m,4372.65935,26550.2622,16533.6693,2
2021,tug,other_registry,175-200m,4681.83804,28229.6777,17519.8849,2
2021,tug,other_registry,225m+,3916.94264,15345.4754,17388.4254,2
2021,tug,other_registry,25-50m,1575950.81,13000127.9,13157721.2,2064
2021,tug,other_registry,50-75m,254827.112,2315843.6,1971988.62,311
2021,tug,other_registry,75-100m,107232.803,749961.613,530433.212,90
2021,tuna_purse_seines,imo,0-25m,155.373813,4631.78084,563.585,1
2021,tuna_purse_seines,imo,100-125m,18354.1353,46437.5276,18927.8758,6
2021,tuna_purse_seines,imo,200-225m,511.903178,1101.2938,945.889058,1
2021,tuna_purse_seines,imo,25-50m,54305.6183,707351.824,179977.512,50
2021,tuna_purse_seines,imo,50-75m,675874.466,5294909.94,1228754.8,251
2021,tuna_purse_seines,imo,75-100m,234072.278,1392576.95,328203.676,98
2021,tuna_purse_seines,no_registry,125-150m,9899.85447,44913.9715,6680.14077,1
2021,tuna_purse_seines,no_registry,25-50m,72761.1107,447061.325,148314.366,44
2021,tuna_purse_seines,no_registry,50-75m,33208.3291,193277.357,54825.1866,18
2021,tuna_purse_seines,no_registry,75-100m,3406.79143,24261.5989,5158.00638,3
2021,tuna_purse_seines,other_registry,100-125m,11768.0009,47427.9256,12907.0781,4
2021,tuna_purse_seines,other_registry,150-175m,1381.05753,7821.49483,1995.88945,1
2021,tuna_purse_seines,other_registry,25-50m,39328.4625,446225.593,127138.249,34
2021,tuna_purse_seines,other_registry,50-75m,282340.714,2228533.51,509574.126,103
2021,tuna_purse_seines,other_registry,75-100m,120132.514,758212.876,170907.26,45
2021,well_boat,imo,0-25m,88.4231574,1284.08688,637.608333,1
2021,well_boat,imo,25-50m,44705.0409,666670.849,182338.185,22
2021,well_boat,imo,50-75m,73976.5736,976783.663,238455.312,28
2021,well_boat,imo,75-100m,29334.1812,216555.626,81971.182,10
2021,well_boat,other_registry,25-50m,25637.0693,409895.141,98727.9374,12
2021,well_boat,other_registry,50-75m,29099.4894,365241.49,103816.541,13
2021,well_boat,other_registry,75-100m,28393.4301,184112.983,83835.4558,10
2022,bunker,imo,0-25m,8807.76014,17590.5265,15252.3077,3
2022,bunker,imo,100-125m,55580.5711,519971.713,84630.762,13
2022,bunker,imo,125-150m,9888.77811,54504.2804,8759.95394,1
2022,bunker,imo,25-50m,70559.9799,97825.2225,118010.762,19
2022,bunker,imo,50-75m,18835.6064,15604.2319,31173.5557,6
2022,bunker,imo,75-100m,5072.96893,57547.5252,11067.5314,2
2022,bunker,no_registry,0-25m,226643.349,246947.205,420500.777,393
2022,bunker,no_registry,100-125m,14850.4109,813.194187,11565.1368,9
2022,bunker,no_registry,125-150m,27367.8692,8473.27742,16105.227,2
2022,bunker,no_registry,25-50m,1796496.14,1512920.78,2761521.61,1797
2022,bunker,no_registry,50-75m,303024.463,248029.882,369338.427,213
2022,bunker,no_registry,75-100m,67927.9176,11418.3198,73064.2119,51
2022,bunker,other_registry,0-25m,2097.33108,2950.7615,3613.91001,1
2022,bunker,other_registry,100-125m,50762.206,551468.888,83511.8336,10
2022,bunker,other_registry,125-150m,5761.5832,47931.9353,8354.68139,1
2022,bunker,other_registry,175-200m,11157.8348,51103.5668,8707.85417,1
2022,bunker,other_registry,25-50m,48919.2665,54887.3755,77159.344,14
2022,bunker,other_registry,50-75m,10826.9976,3030.74958,16426.9189,3
2022,cargo.bulk_carrier,imo,0-25m,8165.8024,84152.546,13329.2616,2
2022,cargo.bulk_carrier,imo,100-125m,500076.777,4182947.76,965621.849,136
2022,cargo.bulk_carrier,imo,125-150m,720951.91,5039349.77,980002.435,137
2022,cargo.bulk_carrier,imo,150-175m,2222453.49,13027982,2613498.27,375
2022,cargo.bulk_carrier,imo,175-200m,19047367.7,91757178.4,16686953.7,2128
2022,cargo.bulk_carrier,imo,200-225m,8251952.63,33110840.1,5568651.22,734
2022,cargo.bulk_carrier,imo,225m+,31947854.5,98801259.5,14385298.6,1788
2022,cargo.bulk_carrier,imo,25-50m,25813.7165,264169.473,67604.6626,11
2022,cargo.bulk_carrier,imo,50-75m,44121.5542,476144.958,115571.833,19
2022,cargo.bulk_carrier,imo,75-100m,194833.824,2117251.57,526114.96,71
2022,cargo.bulk_carrier,no_registry,0-25m,864.377431,5029.6001,4389.39088,10
2022,cargo.bulk_carrier,no_registry,100-125m,1069264.72,8870710.59,2460377.48,455
2022,cargo.bulk_carrier,no_registry,125-150m,1161925.3,8329253.29,1925532.85,303
2022,cargo.bulk_carrier,no_registry,150-175m,3108377.21,17947557.3,4028209.09,609
2022,cargo.bulk_carrier,no_registry,175-200m,13011667.1,61370154.3,11595187.1,1603
2022,cargo.bulk_carrier,no_registry,200-225m,8732664.88,33955336,6047487.48,914
2022,cargo.bulk_carrier,no_registry,225m+,19760428,62398939.5,8702304.29,1242
2022,cargo.bulk_carrier,no_registry,25-50m,177725.964,936894.789,934050.593,830
2022,cargo.bulk_carrier,no_registry,50-75m,391432.848,2708891.4,1828230.01,1091
2022,cargo.bulk_carrier,no_registry,75-100m,328974.786,2951572.77,1127603.67,395
2022,cargo.bulk_carrier,other_registry,0-25m,90.0910083,1277.23307,625.180278,1
2022,cargo.bulk_carrier,other_registry,100-125m,233441.59,2029475.51,400139.18,57
2022,cargo.bulk_carrier,other_registry,125-150m,361456.903,2467702.84,481270.448,68
2022,cargo.bulk_carrier,other_registry,150-175m,1189996.85,6966825.48,1454145.87,199
2022,cargo.bulk_carrier,other_registry,175-200m,9509299.43,45461055.8,8312203.77,1055
2022,cargo.bulk_carrier,other_registry,200-225m,3826393.08,15212732.1,2643968.11,348
2022,cargo.bulk_carrier,other_registry,225m+,15109592.2,47470457.2,6907135.59,883
2022,cargo.bulk_carrier,other_registry,25-50m,20773.7358,122080.035,28543.4318,6
2022,cargo.bulk_carrier,other_registry,50-75m,41008.1916,511473.524,115034.444,16
2022,cargo.bulk_carrier,other_registry,75-100m,92028.5076,1076264.76,245556.886,37
2022,cargo.container,imo,0-25m,1168.58548,97798.4355,8731.15083,1
2022,cargo.container,imo,100-125m,460992.481,2913860.81,550686.159,74
2022,cargo.container,imo,125-150m,2769940.03,14178313.9,1973156.42,266
2022,cargo.container,imo,150-175m,3953038.57,15301932.3,2060573.71,272
2022,cargo.container,imo,175-200m,5930574.03,19252378.6,2396342,318
2022,cargo.container,imo,200-225m,5616482.33,14803506.6,1735055.12,233
2022,cargo.container,imo,225m+,54751956.5,88766732.8,9119390.21,1143
2022,cargo.container,imo,50-75m,33500.1727,124137.996,59477.352,8
2022,cargo.container,imo,75-100m,159951.144,1149100.87,241042.31,42
2022,cargo.container,no_registry,100-125m,439679.773,2511903.63,587490.886,102
2022,cargo.container,no_registry,125-150m,1295732.98,5925201.64,936373.776,153
2022,cargo.container,no_registry,150-175m,3055258.25,11128471.2,1608265.64,226
2022,cargo.container,no_registry,175-200m,3302597.08,10742129.4,1399095.94,205
2022,cargo.container,no_registry,200-225m,6136317.3,16539909,1884309.78,267
2022,cargo.container,no_registry,225m+,30725239.9,51933313.9,5398264.63,757
2022,cargo.container,no_registry,25-50m,172360.984,462784.26,294936.212,115
2022,cargo.container,no_registry,50-75m,725824.323,2512713.45,1289466.61,365
2022,cargo.container,no_registry,75-100m,603468.485,3096186.56,1007930.54,181
2022,cargo.container,other_registry,100-125m,176946.247,1119403.98,215253.46,32
2022,cargo.container,other_registry,125-150m,1214592.34,6253692.18,908300.051,115
2022,cargo.container,other_registry,150-175m,1959853.85,7459302.17,1005399.24,131
2022,cargo.container,other_registry,175-200m,3069288.86,10073565.2,1244759.31,163
2022,cargo.container,other_registry,200-225m,3124662.44,7954515.13,927992.704,122
2022,cargo.container,other_registry,225m+,29178179.4,47561286.1,4881391.7,616
2022,cargo.container,other_registry,50-75m,4311.85646,38519.3822,6097.85595,2
2022,cargo.container,other_registry,75-100m,96175.6976,598981.545,129606.63,22
2022,cargo.general,imo,0-25m,8496.09751,251356.057,109458.163,35
2022,cargo.general,imo,100-125m,4601676.54,34533604.2,9068719.73,1407
2022,cargo.general,imo,125-150m,5786444.63,29582429.1,6238158.42,874
2022,cargo.general,imo,150-175m,3002945.76,12543349.2,2571467.88,367
2022,cargo.general,imo,175-200m,2590397.5,10062983.1,1766481.13,243
2022,cargo.general,imo,200-225m,559426.628,2145516.43,350974.491,46
2022,cargo.general,imo,225m+,279905.728,711140.459,146491.971,26
2022,cargo.general,imo,25-50m,108091.032,1619625.44,1019872.83,187
2022,cargo.general,imo,50-75m,575005.464,9534670.03,3642801.58,662
2022,cargo.general,imo,75-100m,2805213.97,38380259.6,11116541.1,1741
2022,cargo.general,no_registry,0-25m,50916.0701,159335.199,135646.141,205
2022,cargo.general,no_registry,100-125m,6295828.88,36509289.2,11712428.7,3310
2022,cargo.general,no_registry,125-150m,3327858.86,15024979.5,3409695.46,604
2022,cargo.general,no_registry,150-175m,2218701.13,9103450.38,1916931.78,325
2022,cargo.general,no_registry,175-200m,1244400.35,5035120.37,794542.888,121
2022,cargo.general,no_registry,200-225m,241062.822,869131.119,127884.92,29
2022,cargo.general,no_registry,225m+,115781.189,312702.24,43934.0919,13
2022,cargo.general,no_registry,25-50m,7359482.94,24398421.8,19170283.3,12191
2022,cargo.general,no_registry,50-75m,15683894.8,74991633.3,45166488.2,20795
2022,cargo.general,no_registry,75-100m,8085784.23,62040930.3,25737211.8,8720
2022,cargo.general,other_registry,0-25m,6289.17958,161871.338,83804.4671,20
2022,cargo.general,other_registry,100-125m,2272668.73,17220677.4,4503275.79,695
2022,cargo.general,other_registry,125-150m,2755821.41,14070054.1,3066574.96,426
2022,cargo.general,other_registry,150-175m,1399045.99,5703199.35,1177285,168
2022,cargo.general,other_registry,175-200m,1328391.16,5294441.84,881658.532,118
2022,cargo.general,other_registry,200-225m,261155.244,976964.707,144866.522,20
2022,cargo.general,other_registry,225m+,157717.247,437980.802,84295.9696,14
2022,cargo.general,other_registry,25-50m,60911.4304,889447.534,511722.667,101
2022,cargo.general,other_registry,50-75m,223246.154,3831066.33,1521013.77,283
2022,cargo.general,other_registry,75-100m,1293720.7,19485571.5,5634245.61,861
2022,cargo.refrigerated,imo,100-125m,162452.197,605381.515,119048.313,17
2022,cargo.refrigerated,imo,125-150m,349503.818,937825.148,128284.751,18
2022,cargo.refrigerated,imo,150-175m,397331.669,956118.411,100644.124,12
2022,cargo.refrigerated,imo,175-200m,90065.8008,189986.744,26522.32,4
2022,cargo.refrigerated,imo,200-225m,88548.541,129142.6,17423.2097,2
2022,cargo.refrigerated,imo,225m+,52583.5945,123158.154,21764.1494,3
2022,cargo.refrigerated,imo,50-75m,21678.0777,102236.381,31442.4758,4
2022,cargo.refrigerated,imo,75-100m,27214.0088,115559.228,27215.8641,6
2022,cargo.refrigerated,no_registry,100-125m,187.91555,843.318426,120.769956,2
2022,cargo.refrigerated,no_registry,125-150m,23856.1378,19722.6986,10174.6035,2
2022,cargo.refrigerated,no_registry,25-50m,8223.23766,34116.6683,12992.0072,18
2022,cargo.refrigerated,no_registry,50-75m,14371.2287,55461.3664,17112.3331,23
2022,cargo.refrigerated,other_registry,100-125m,43631.2578,111389.541,27003.9218,5
2022,cargo.refrigerated,other_registry,125-150m,306636.845,828420.141,94370.7947,12
2022,cargo.refrigerated,other_registry,150-175m,117020.582,234383.732,29841.4667,4
2022,cargo.refrigerated,other_registry,200-225m,66334.5606,88538.3405,8760.00944,1
2022,cargo.refrigerated,other_registry,225m+,72576.3056,121878.455,9550.02781,2
2022,cargo.refrigerated,other_registry,50-75m,18996.288,97271.316,23813.6159,3
2022,cargo.refrigerated,other_registry,75-100m,23195.6123,105223.779,19711.257,3
2022,cargo.ro_ro,imo,0-25m,24798.4008,91660.549,47049.989,12
2022,cargo.ro_ro,imo,100-125m,396358.831,1427352.43,379536.586,56
2022,cargo.ro_ro,imo,125-150m,1174255.63,4611246.49,640918.269,84
2022,cargo.ro_ro,imo,150-175m,3083146.19,9014562.45,1010175.13,129
2022,cargo.ro_ro,imo,175-200m,4427973.12,13348165.8,1311555.24,174
2022,cargo.ro_ro,imo,200-225m,7077547.87,21335623.3,1951852.21,247
2022,cargo.ro_ro,imo,225m+,2402195.16,5900981.53,580273.555,80
2022,cargo.ro_ro,imo,25-50m,164763.583,513713.495,288219.087,68
2022,cargo.ro_ro,imo,50-75m,723433.608,2460833.3,1142241.06,214
2022,cargo.ro_ro,imo,75-100m,277645.952,935255.013,406910.183,82
2022,cargo.ro_ro,no_registry,0-25m,19660.9986,31739.6774,49573.6981,18
2022,cargo.ro_ro,no_registry,100-125m,127013.535,529586.232,139906.522,57
2022,cargo.ro_ro,no_registry,125-150m,603891.405,1860094.54,303621.286,70
2022,cargo.ro_ro,no_registry,150-175m,1043805.14,3099651.22,339884.436,81
2022,cargo.ro_ro,no_registry,175-200m,1815624.71,4319156.86,440582.399,80
2022,cargo.ro_ro,no_registry,200-225m,1830827.62,5208462.14,493163.557,73
2022,cargo.ro_ro,no_registry,225m+,671210.352,1530616.96,163549.415,34
2022,cargo.ro_ro,no_registry,25-50m,850393.457,2085966.56,1382069.98,663
2022,cargo.ro_ro,no_registry,50-75m,978105.295,2876363.69,1516176.7,575
2022,cargo.ro_ro,no_registry,75-100m,264826.331,794947.93,392413.576,133
2022,cargo.ro_ro,other_registry,0-25m,9755.35871,23923.1902,15715.2545,4
2022,cargo.ro_ro,other_registry,100-125m,200733.99,736613.535,184000.549,28
2022,cargo.ro_ro,other_registry,125-150m,574870.316,2179701.05,274292.573,37
2022,cargo.ro_ro,other_registry,150-175m,1237967.51,3597656.48,371274.331,51
2022,cargo.ro_ro,other_registry,175-200m,2435077.24,7284367.53,726722.238,90
2022,cargo.ro_ro,other_registry,200-225m,3462480.49,10646285.7,953865.282,122
2022,cargo.ro_ro,other_registry,225m+,1059325.44,2810224.38,273639.832,39
2022,cargo.ro_ro,other_registry,25-50m,168756.545,529143.9,281559.315,64
2022,cargo.ro_ro,other_registry,50-75m,358213.148,1208712.5,513508.345,105
2022,cargo.ro_ro,other_registry,75-100m,141817.682,402833.792,201930.613,44
2022,container_reefer,imo,125-150m,438939.844,1190449.54,119368.704,16
2022,container_reefer,imo,150-175m,1377428.04,3405439.82,308582.807,36
2022,container_reefer,imo,175-200m,427268.753,1019018.1,86941.8268,10
2022,container_reefer,imo,200-225m,56734.2886,98119.6958,8760.04444,1
2022,container_reefer,other_registry,125-150m,168652.472,468726.844,51078.6875,7
2022,container_reefer,other_registry,150-175m,501384.785,1265227.35,121341.571,14
2022,container_reefer,other_registry,175-200m,172293.421,405927.674,33911.5765,4
2022,dive_vessel,imo,100-125m,106494.635,319634.579,232941.008,28
2022,dive_vessel,imo,125-150m,51405.1372,130956.914,103842.922,12
2022,dive_vessel,imo,25-50m,5709.34935,6708.05602,42059.6787,6
2022,dive_vessel,imo,50-75m,23170.0643,81024.6674,104863.038,13
2022,dive_vessel,imo,75-100m,226300.347,818553.203,834994.027,112
2022,dive_vessel,no_registry,100-125m,60895.9948,178150.227,143250.035,19
2022,dive_vessel,no_registry,125-150m,9857.88336,25597.0777,17477.381,2
2022,dive_vessel,no_registry,150-175m,12083.8623,28512.8147,23512.1218,3
2022,dive_vessel,no_registry,25-50m,1720.64394,2002.11992,10140.97,2
2022,dive_vessel,no_registry,50-75m,14930.5646,75470.0232,70331.4735,16
2022,dive_vessel,no_registry,75-100m,117161.686,400856.955,430221.961,63
2022,dive_vessel,other_registry,100-125m,53215.6993,149874.145,137844.787,19
2022,dive_vessel,other_registry,125-150m,23477.3049,57723.0579,40570.4249,5
2022,dive_vessel,other_registry,150-175m,9085.66445,20397.0264,17443.7511,2
2022,dive_vessel,other_registry,50-75m,21371.7423,78248.2819,88566.8395,11
2022,dive_vessel,other_registry,75-100m,111340.592,350935.803,412214.955,53
2022,dredge_fishing,imo,0-25m,7217.22119,146099.133,127015.79,74
2022,dredge_fishing,imo,25-50m,63843.9123,208372.648,335638.263,51
2022,dredge_fishing,no_registry,0-25m,4901.90895,44931.1902,95244.4738,36
2022,dredge_fishing,no_registry,25-50m,19995.6604,71550.2063,104096.508,14
2022,dredge_fishing,other_registry,0-25m,4289.10851,42476.1369,51983.2939,35
2022,dredge_fishing,other_registry,25-50m,66409.9966,236598.207,281543.671,42
2022,dredge_non_fishing,imo,0-25m,2305.91667,23037.0634,29383.067,8
2022,dredge_non_fishing,imo,100-125m,238201.244,1309731.31,524610.992,79
2022,dredge_non_fishing,imo,125-150m,300316.759,1050393.15,352150.087,43
2022,dredge_non_fishing,imo,150-175m,137626.736,372282.006,122332.372,14
2022,dredge_non_fishing,imo,175-200m,36132.159,113824.913,34525.0509,4
2022,dredge_non_fishing,imo,200-225m,11840.561,26341.7415,8760.065,1
2022,dredge_non_fishing,imo,225m+,8565.99551,30655.1943,8580.39056,1
2022,dredge_non_fishing,imo,25-50m,67383.7072,311833.028,482074.448,85
2022,dredge_non_fishing,imo,50-75m,165551.197,770175.387,1112527.21,192
2022,dredge_non_fishing,imo,75-100m,287704.768,1837993.51,1109627.62,156
2022,dredge_non_fishing,no_registry,0-25m,7574.93065,40694.1886,68615.5574,23
2022,dredge_non_fishing,no_registry,100-125m,118585.872,584333.669,350925.924,62
2022,dredge_non_fishing,no_registry,125-150m,87553.5156,305556.072,136655.288,19
2022,dredge_non_fishing,no_registry,150-175m,8474.85267,22268.3701,17865.6607,4
2022,dredge_non_fishing,no_registry,175-200m,6241.72493,28219.5444,16509.6289,2
2022,dredge_non_fishing,no_registry,25-50m,194263.509,600031.36,1449165.99,311
2022,dredge_non_fishing,no_registry,50-75m,504769.378,1643116.61,3542786.12,860
2022,dredge_non_fishing,no_registry,75-100m,262302.056,905040.978,1603751.08,372
2022,dredge_non_fishing,other_registry,0-25m,1335.68012,8411.04941,8947.14871,2
2022,dredge_non_fishing,other_registry,100-125m,100411.664,509793.016,220120.781,30
2022,dredge_non_fishing,other_registry,125-150m,80681.8137,325877.666,90046.3629,11
2022,dredge_non_fishing,other_registry,150-175m,96949.5214,302206.277,84625.9427,11
2022,dredge_non_fishing,other_registry,175-200m,14367.4913,30657.0185,8757.97816,1
2022,dredge_non_fishing,other_registry,225m+,21894.4376,62246.5906,17519.8669,2
2022,dredge_non_fishing,other_registry,25-50m,44367.0074,218563.351,333089.131,50
2022,dredge_non_fishing,other_registry,50-75m,76485.7924,333605.921,505510.212,89
2022,dredge_non_fishing,other_registry,75-100m,142038.672,951934.056,521846.353,74
2022,drifting_longlines,imo,0-25m,479177.15,17033619.6,5510760.04,1794
2022,drifting_longlines,imo,100-125m,25.6307201,864.269432,390.002231,1
2022,drifting_longlines,imo,125-150m,715.923177,10532.8126,1886.28014,1
2022,drifting_longlines,imo,150-175m,26206.6141,569398.89,89329.4339,13
2022,drifting_longlines,imo,175-200m,3645.10535,85208.0972,13224.0694,2
2022,drifting_longlines,imo,200-225m,3306.0315,68625.178,11969.9478,2
2022,drifting_longlines,imo,225m+,1826.15191,40673.5501,7162.07944,1
2022,drifting_longlines,imo,25-50m,807742.018,20484404,4727740.67,922
2022,drifting_longlines,imo,50-75m,514214.146,10477387.3,1925875.89,312
2022,drifting_longlines,imo,75-100m,86.8645831,7166.37626,2280.38857,2
2022,drifting_longlines,no_registry,0-25m,395256.278,12715606.5,5223760.26,4280
2022,drifting_longlines,no_registry,25-50m,216331.47,3849353.81,1390861.95,1061
2022,drifting_longlines,no_registry,50-75m,38663.3042,574050.088,164315.007,139
2022,drifting_longlines,no_registry,75-100m,1118.70444,6113.52792,2301.99721,3
2022,drifting_longlines,other_registry,0-25m,224246.487,7478612.67,2507368.35,850
2022,drifting_longlines,other_registry,100-125m,14.1787484,306.63111,201.580508,1
2022,drifting_longlines,other_registry,125-150m,3452.55675,78431.4899,12074.6456,2
2022,drifting_longlines,other_registry,150-175m,3956.30764,85434.7149,13923.8587,2
2022,drifting_longlines,other_registry,175-200m,1694.78975,39005.6585,6851.74472,1
2022,drifting_longlines,other_registry,200-225m,3888.55533,59656.1558,10697.1396,2
2022,drifting_longlines,other_registry,25-50m,414628.572,10532972.6,2422607.44,486
2022,drifting_longlines,other_registry,50-75m,235947.832,4687384.53,873018.733,132
2022,drifting_longlines,other_registry,75-100m,701.667939,18113.1989,6632.19356,3
2022,driftnets,imo,0-25m,7019.16488,68910.4215,47389.5137,22
2022,driftnets,imo,25-50m,5857.33799,46953.6645,24736.0285,19
2022,driftnets,imo,50-75m,1545.85004,11153.037,5582.33079,5
2022,driftnets,no_registry,0-25m,802166.153,9926762.86,7207574.97,5574
2022,driftnets,no_registry,100-125m,771.209351,2073.15414,2048.36411,4
2022,driftnets,no_registry,25-50m,3333790.12,26294060.1,15120455.7,8601
2022,driftnets,no_registry,50-75m,106951.543,776534.993,387760.159,450
2022,driftnets,no_registry,75-100m,9441.89755,60184.5662,32761.3375,42
2022,driftnets,other_registry,0-25m,4232.31807,83414.0664,47609.3853,18
2022,driftnets,other_registry,25-50m,2078.18911,20226.46,9858.47526,10
2022,driftnets,other_registry,50-75m,182.764379,3950.63137,699.954625,1
2022,fish_factory,imo,125-150m,1716.72468,16001.142,8760.08833,1
2022,other_fishing,imo,0-25m,991.32966,27451.8084,20585.1454,32
2022,other_fishing,imo,25-50m,490.043636,5574.19984,5383.44511,6
2022,other_fishing,no_registry,0-25m,12331.0282,239724.562,182477.181,263
2022,other_fishing,no_registry,25-50m,5238.70583,64394.1926,47307.7606,46
2022,other_fishing,other_registry,0-25m,1041.05262,29213.359,21869.7402,21
2022,other_fishing,other_registry,25-50m,36.0925485,1261.24825,655.662361,3
2022,other_not_fishing,imo,0-25m,5317.71048,4070.74311,30635.1528,4
2022,other_not_fishing,imo,100-125m,170532.254,281091.762,658153.198,85
2022,other_not_fishing,imo,125-150m,104628.776,166305.255,295959.353,36
2022,other_not_fishing,imo,150-175m,164930.401,159421.921,119844.469,16
2022,other_not_fishing,imo,175-200m,23164.0387,39206.0035,58196.1784,7
2022,other_not_fishing,imo,200-225m,1506.83625,13.3879898,8760.65435,2
2022,other_not_fishing,imo,225m+,4434.65514,812.12612,26276.2783,3
2022,other_not_fishing,imo,25-50m,45705.6104,35607.1829,265094.158,45
2022,other_not_fishing,imo,50-75m,130722.704,85331.3589,759995.915,106
2022,other_not_fishing,imo,75-100m,169338.532,133152.137,953584.704,136
2022,other_not_fishing,no_registry,0-25m,462.525796,76.4247003,2747.66699,1
2022,other_not_fishing,no_registry,100-125m,81212.3453,71951.8191,444558.462,73
2022,other_not_fishing,no_registry,125-150m,36158.2658,57615.1621,132670.631,25
2022,other_not_fishing,no_registry,150-175m,27434.573,52003.1915,72942.3899,13
2022,other_not_fishing,no_registry,175-200m,22901.5379,9032.62204,123414.648,17
2022,other_not_fishing,no_registry,200-225m,38999.6367,1552.32388,232177.462,37
2022,other_not_fishing,no_registry,225m+,3302.97317,280.219933,19704.4714,3
2022,other_not_fishing,no_registry,25-50m,72814.7062,29882.8981,429020.379,83
2022,other_not_fishing,no_registry,50-75m,262059.966,169420.056,1529341.39,280
2022,other_not_fishing,no_registry,75-100m,273673.092,290456.871,1537564.15,258
2022,other_not_fishing,other_registry,100-125m,58767.3466,103578.663,236661.482,33
2022,other_not_fishing,other_registry,125-150m,67189.3122,125780.059,145763.983,20
2022,other_not_fishing,other_registry,150-175m,64537.475,56108.9702,33879.7683,4
2022,other_not_fishing,other_registry,175-200m,9024.4053,824.588975,53495.6009,7
2022,other_not_fishing,other_registry,200-225m,2971.19984,21.0404011,17520.1403,2
2022,other_not_fishing,other_registry,25-50m,17340.4526,10098.0892,101140.578,16
2022,other_not_fishing,other_registry,50-75m,58931.6576,47367.5485,339981.648,54
2022,other_not_fishing,other_registry,75-100m,105615.289,116926.802,563253.665,72
2022,other_purse_seines,imo,0-25m,2522.04449,136497.022,45192.1736,17
2022,other_purse_seines,imo,25-50m,31710.1785,495371.943,150605.635,38
2022,other_purse_seines,imo,50-75m,14744.4865,125379.052,34871.9025,7
2022,other_purse_seines,no_registry,0-25m,413.011156,13785.8023,3550.33333,2
2022,other_purse_seines,no_registry,25-50m,13749.6282,176010.828,39146.3817,11
2022,other_purse_seines,other_registry,0-25m,723.222665,47111.7754,18216.0784,7
2022,other_purse_seines,other_registry,25-50m,25986.1844,343990.693,108232.523,25
2022,other_purse_seines,other_registry,50-75m,5350.99395,43642.8547,12250.5272,2
2022,other_seines,imo,0-25m,39211.4637,351835.495,734919.369,108
2022,other_seines,imo,25-50m,3937.36569,14368.6244,23625.296,3
2022,other_seines,no_registry,0-25m,88.2707286,1775.11908,3863.30539,2
2022,other_seines,no_registry,25-50m,156.215809,670.952906,2001.58389,1
2022,other_seines,other_registry,0-25m,18446.3234,191540.166,375129.969,60
2022,other_seines,other_registry,25-50m,1678.99311,3358.57771,10139.0324,2
2022,passenger,imo,0-25m,11114380.2,16472496.1,20785510.1,11804
2022,passenger,imo,100-125m,1697681.89,5008967.2,1079166.15,149
2022,passenger,imo,125-150m,1309809.44,2737963.89,428943.108,64
2022,passenger,imo,150-175m,1755621.8,3070629.84,392214.704,52
2022,passenger,imo,175-200m,985537.009,1829340.52,203805.95,24
2022,passenger,imo,200-225m,362715.687,524595.505,80890.0499,12
2022,passenger,imo,225m+,7046994.23,6289681.96,698666.065,83
2022,passenger,imo,25-50m,7259638.71,17691650.4,11460652.9,2369
2022,passenger,imo,50-75m,3564084.16,10158170.1,5029276.38,811
2022,passenger,imo,75-100m,2308950.86,7082773.39,2291881.61,323
2022,passenger,no_registry,0-25m,100273278,143761240,189245251,136859
2022,passenger,no_registry,100-125m,1646647.31,4164413.75,1138401.83,258
2022,passenger,no_registry,125-150m,991041.6,1986650.72,421580.403,76
2022,passenger,no_registry,150-175m,850857.449,1386929.95,200336.301,37
2022,passenger,no_registry,175-200m,359571.461,613360.19,90701.9543,21
2022,passenger,no_registry,200-225m,542714.591,813970.444,105974.81,16
2022,passenger,no_registry,225m+,2356066.67,2466302.42,254970.216,42
2022,passenger,no_registry,25-50m,38495592.5,58470023.6,58831266.1,18823
2022,passenger,no_registry,50-75m,5976753.5,11933654.1,7995158.74,2333
2022,passenger,no_registry,75-100m,1944827.82,5387398.63,2050877.11,467
2022,passenger,other_registry,0-25m,5409866.45,7816405.82,10127686.2,5771
2022,passenger,other_registry,100-125m,528243.523,1604203.58,381505.721,60
2022,passenger,other_registry,125-150m,803020.73,2005362.26,320659.603,47
2022,passenger,other_registry,150-175m,766010.789,1246455.96,129614.224,15
2022,passenger,other_registry,175-200m,767246.9,1336909.18,148804.726,18
2022,passenger,other_registry,200-225m,107855.02,170775.361,27177.3631,4
2022,passenger,other_registry,225m+,2753400.83,2567494.41,276705.292,33
2022,passenger,other_registry,25-50m,3677917.15,8904366.38,5790840.01,1199
2022,passenger,other_registry,50-75m,1514380.97,3954870.3,2085579.19,343
2022,passenger,other_registry,75-100m,996062.562,3184791.28,950400.298,135
2022,patrol_vessel,imo,0-25m,21669.3132,129229.532,132556.173,61
2022,patrol_vessel,imo,100-125m,36706.4697,175047.915,63649.2214,21
2022,patrol_vessel,imo,125-150m,10235.2087,37108.6225,6090.2917,3
2022,patrol_vessel,imo,175-200m,513.717478,3093.46166,1395.23506,1
2022,patrol_vessel,imo,25-50m,99253.4297,929847.277,560936.998,115
2022,patrol_vessel,imo,50-75m,69154.1349,553789.694,269759.44,93
2022,patrol_vessel,imo,75-100m,67956.0783,457350.197,182740.351,64
2022,patrol_vessel,no_registry,0-25m,221401.763,1217470.99,1367403.6,977
2022,patrol_vessel,no_registry,100-125m,185037.525,1139527.09,318503.216,229
2022,patrol_vessel,no_registry,125-150m,41883.4407,182991.36,32499.4478,33
2022,patrol_vessel,no_registry,150-175m,25877.3213,112229.624,19772.8031,14
2022,patrol_vessel,no_registry,175-200m,12.6471955,79.4267213,40.3666667,1
2022,patrol_vessel,no_registry,25-50m,613423.305,3901557.71,3672609.89,1422
2022,patrol_vessel,no_registry,50-75m,172254.813,1476305.53,692592.194,390
2022,patrol_vessel,no_registry,75-100m,158975.393,1250320.08,438989.254,254
2022,patrol_vessel,other_registry,0-25m,9108.80946,56379.0935,56830.352,24
2022,patrol_vessel,other_registry,100-125m,12169.0343,66493.4489,23473.2718,9
2022,patrol_vessel,other_registry,125-150m,3877.1888,23687.655,8407.37884,3
2022,patrol_vessel,other_registry,150-175m,3414.9079,6255.45542,1619.02959,1
2022,patrol_vessel,other_registry,25-50m,39890.5831,309998.748,228524.274,51
2022,patrol_vessel,other_registry,50-75m,40166.6504,375081.474,173002.09,54
2022,patrol_vessel,other_registry,75-100m,29292.1299,220348.991,89385.7257,32
2022,pole_and_line,imo,0-25m,98464.2594,896046.964,1263124.92,290
2022,pole_and_line,imo,25-50m,15609.2392,443860.612,128885.327,42
2022,pole_and_line,imo,50-75m,34142.6219,556840.418,90282.1003,13
2022,pole_and_line,no_registry,0-25m,75996.3568,914937.862,552642.556,376
2022,pole_and_line,no_registry,25-50m,26418.9682,472802.219,176093.202,134
2022,pole_and_line,no_registry,50-75m,742.168109,10482.6011,3973.50186,5
2022,pole_and_line,other_registry,0-25m,63683.6119,505486.682,692808.443,164
2022,pole_and_line,other_registry,25-50m,12524.889,297410.181,86716.4101,28
2022,pole_and_line,other_registry,50-75m,12818.7219,238676.945,37833.0071,6
2022,pots_and_traps,imo,0-25m,60326.0617,1184784.92,2481662.76,648
2022,pots_and_traps,imo,25-50m,34256.241,436279.195,221322.078,50
2022,pots_and_traps,imo,50-75m,1280.61804,6813.88098,2311.10222,1
2022,pots_and_traps,no_registry,0-25m,68908.9901,1611759.06,1600327.3,1083
2022,pots_and_traps,no_registry,25-50m,9321.2774,61884.0048,43459.3493,49
2022,pots_and_traps,other_registry,0-25m,28846.8405,584638.574,1233784.46,348
2022,pots_and_traps,other_registry,25-50m,19871.65,238952.422,116768.872,27
2022,research,imo,0-25m,2351.36252,21219.125,12141.1667,4
2022,research,imo,25-50m,11469.0874,94223.9897,57740.7349,10
2022,research,imo,50-75m,24149.9641,204576.476,88115.5766,12
2022,research,imo,75-100m,5791.85354,30317.5171,26279.9097,3
2022,research,no_registry,0-25m,189.706879,2781.51405,2248.07736,2
2022,research,no_registry,25-50m,7559.96221,51286.6538,39090.6268,8
2022,research,no_registry,50-75m,2247.99042,20880.1319,8268.1489,2
2022,research,other_registry,0-25m,387.922276,29754.6846,9777.83772,2
2022,research,other_registry,25-50m,8196.11994,50197.9845,47856.828,8
2022,research,other_registry,50-75m,26419.8712,227297.139,89454.635,11
2022,research,other_registry,75-100m,3454.68177,18832.0406,8759.74722,1
2022,seismic_vessel,imo,0-25m,4389.75843,28867.0425,27610.899,5
2022,seismic_vessel,imo,100-125m,188572.482,850566.916,373260.69,50
2022,seismic_vessel,imo,125-150m,74296.8921,250975.756,112976.74,15
2022,seismic_vessel,imo,150-175m,42943.4024,150980.585,57629.9504,7
2022,seismic_vessel,imo,175-200m,14274.3527,39235.5504,8702.58074,1
2022,seismic_vessel,imo,200-225m,2975.76243,11436.8076,6226.35993,1
2022,seismic_vessel,imo,25-50m,145404.274,1087872.76,792140.288,117
2022,seismic_vessel,imo,50-75m,296566.748,2440264.64,1109888.63,160
2022,seismic_vessel,imo,75-100m,375168.516,2139459.23,941992.167,138
2022,seismic_vessel,no_registry,0-25m,5149.19221,20418.0395,33282.1788,5
2022,seismic_vessel,no_registry,100-125m,64554.0226,330954.583,108370.271,28
2022,seismic_vessel,no_registry,125-150m,43073.6035,138494.726,72716.5374,13
2022,seismic_vessel,no_registry,150-175m,2226.12396,7510.51154,888.619833,1
2022,seismic_vessel,no_registry,25-50m,183638.223,1239134.53,998302.701,190
2022,seismic_vessel,no_registry,50-75m,125359.822,1029999.05,505139.124,109
2022,seismic_vessel,no_registry,75-100m,162566.892,892177.272,484710.26,104
2022,seismic_vessel,other_registry,0-25m,3066.45714,27209.292,15431.431,2
2022,seismic_vessel,other_registry,100-125m,80843.903,497522.343,150188.468,20
2022,seismic_vessel,other_registry,125-150m,12961.211,37358.834,21556.6208,4
2022,seismic_vessel,other_registry,150-175m,18900.2061,70291.7256,17489.5247,2
2022,seismic_vessel,other_registry,175-200m,13387.8336,43762.0444,8324.73331,1
2022,seismic_vessel,other_registry,25-50m,75845.4325,526585.335,425908.934,65
2022,seismic_vessel,other_registry,50-75m,139085.613,1179924.74,502778.688,74
2022,seismic_vessel,other_registry,75-100m,127139.862,756264.174,308599.619,43
2022,set_gillnets,imo,0-25m,57955.7672,2732672.57,1811681.41,833
2022,set_gillnets,imo,25-50m,1464.77074,64986.7209,26851.002,9
2022,set_gillnets,imo,50-75m,60.2711863,4642.41206,2008.25735,2
2022,set_gillnets,imo,75-100m,26.5611598,1660.95581,1046.74369,2
2022,set_gillnets,no_registry,0-25m,176090.168,3601257.89,3027846.12,3191
2022,set_gillnets,no_registry,25-50m,98307.274,639929.244,433327.49,424
2022,set_gillnets,other_registry,0-25m,20815.176,1249801.2,766081.268,378
2022,set_gillnets,other_registry,25-50m,582.138461,33563.827,11853.483,3
2022,set_gillnets,other_registry,50-75m,57.4405357,5145.03837,1896.90639,2
2022,set_gillnets,other_registry,75-100m,34.8142928,4369.41033,1092.24319,1
2022,set_longlines,imo,0-25m,39581.6532,930843.597,904126.279,164
2022,set_longlines,imo,25-50m,144253.02,2004509.22,807784.611,131
2022,set_longlines,imo,50-75m,97130.5212,970435.677,293042.78,44
2022,set_longlines,no_registry,0-25m,18890.2948,416308.481,300186.47,160
2022,set_longlines,no_registry,25-50m,15126.3864,268551.84,128010.811,52
2022,set_longlines,other_registry,0-25m,24107.5723,617834.388,480586.59,89
2022,set_longlines,other_registry,100-125m,17.7881615,528.384926,364.057539,1
2022,set_longlines,other_registry,25-50m,53247.9023,819943.418,312523.82,50
2022,set_longlines,other_registry,50-75m,44679.5261,471676.787,146482.559,20
2022,set_longlines,other_registry,75-100m,54.9569365,2367.14676,900.081594,1
2022,specialized_reefer,imo,100-125m,645995.885,2240385.6,550436.312,74
2022,specialized_reefer,imo,125-150m,977188.704,2568393.4,491628.703,71
2022,specialized_reefer,imo,150-175m,221083.114,377704.474,83460.4774,12
2022,specialized_reefer,imo,25-50m,50048.4025,372704.812,89567.7372,18
2022,specialized_reefer,imo,50-75m,178047.887,1014625.42,297173.576,50
2022,specialized_reefer,imo,75-100m,342507.183,1643255.41,452750.136,68
2022,specialized_reefer,no_registry,100-125m,80.723164,28.5258549,37.9985361,1
2022,specialized_reefer,no_registry,125-150m,6058.97429,10998.3101,2369.45222,1
2022,specialized_reefer,no_registry,25-50m,14351.854,68188.6014,22661.4363,5
2022,specialized_reefer,no_registry,50-75m,4237.26206,16696.7722,6460.43468,3
2022,specialized_reefer,no_registry,75-100m,13837.8947,47464.4466,9673.64067,5
2022,specialized_reefer,other_registry,100-125m,480767.427,1567915.88,386190.42,51
2022,specialized_reefer,other_registry,125-150m,551497.576,1380586.14,281510.121,35
2022,specialized_reefer,other_registry,150-175m,143497.586,277048.605,52165.0671,9
2022,specialized_reefer,other_registry,25-50m,27289.879,193753.089,45173.1781,10
2022,specialized_reefer,other_registry,50-75m,106532.155,590742.24,182624.621,30
2022,specialized_reefer,other_registry,75-100m,173519.215,877705.292,251197.727,36
2022,squid_jigger,imo,0-25m,20553.9737,486290.533,347669.064,173
2022,squid_jigger,imo,125-150m,3939.46657,15413.7856,4291.82944,1
2022,squid_jigger,imo,25-50m,184934.609,2400127.7,1244823.64,354
2022,squid_jigger,imo,50-75m,826113.199,6940059.08,2460892.55,420
2022,squid_jigger,imo,75-100m,37418.9899,411306.634,80149.608,13
2022,squid_jigger,no_registry,0-25m,48293.4533,1083555.56,796764.837,626
2022,squid_jigger,no_registry,125-150m,1808.41879,2841.09739,1951.01932,1
2022,squid_jigger,no_registry,150-175m,1774.06116,3471.10752,2295.45405,1
2022,squid_jigger,no_registry,25-50m,113111.501,1283576.29,737859.447,423
2022,squid_jigger,no_registry,50-75m,55359.1046,475850.087,196988.101,130
2022,squid_jigger,no_registry,75-100m,799.498215,5891.31747,3419.93404,3
2022,squid_jigger,other_registry,0-25m,8960.65138,226883.342,165715.779,84
2022,squid_jigger,other_registry,25-50m,104165.451,1291515.68,667668.875,177
2022,squid_jigger,other_registry,50-75m,334297.684,2780966.18,1016490.71,180
2022,squid_jigger,other_registry,75-100m,14283.8201,146388.079,33022.7836,5
2022,supply_vessel,imo,0-25m,22323.1309,87906.3764,132403.043,24
2022,supply_vessel,imo,100-125m,116163.499,522978.078,325448.972,39
2022,supply_vessel,imo,125-150m,7571.91825,22295.0439,17402.2281,2
2022,supply_vessel,imo,150-175m,2682.42587,8635.06994,8736.01583,1
2022,supply_vessel,imo,200-225m,1413.9619,3.92530053,8760.03417,1
2022,supply_vessel,imo,25-50m,880006.87,8037454.28,4061351.12,636
2022,supply_vessel,imo,50-75m,793377.871,5649030.69,3071898.28,420
2022,supply_vessel,imo,75-100m,1149996.98,5840636.57,3260949.36,423
2022,supply_vessel,no_registry,0-25m,85182.6721,765367.259,475294.046,124
2022,supply_vessel,no_registry,100-125m,66841.0247,295016.222,169586.861,21
2022,supply_vessel,no_registry,125-150m,5584.5002699999995,14239.5797,17519.913,2
2022,supply_vessel,no_registry,200-225m,1413.97765,9.45049815,8760.13135,1
2022,supply_vessel,no_registry,25-50m,1422609.21,12194545.5,6707039.14,1418
2022,supply_vessel,no_registry,50-75m,304169.135,2101844.75,1275557.2,223
2022,supply_vessel,no_registry,75-100m,374845.289,1876809.26,1157894.95,170
2022,supply_vessel,other_registry,0-25m,8589.4925,65882.2551,46043.8329,14
2022,supply_vessel,other_registry,100-125m,33181.8223,211210.585,67412.9247,9
2022,supply_vessel,other_registry,125-150m,5314.22766,19919.917,15418.9562,2
2022,supply_vessel,other_registry,150-175m,1628.37595,9975.32035,7979.92083,1
2022,supply_vessel,other_registry,25-50m,416220.902,3693655.59,1942849.26,305
2022,supply_vessel,other_registry,50-75m,354407.586,2443578.76,1397184.44,192
2022,supply_vessel,other_registry,75-100m,609753.516,3068751.92,1814775.44,227
2022,tanker.chemical,imo,0-25m,16524.0291,64767.3736,8332.57061,2
2022,tanker.chemical,imo,100-125m,3951635.55,17683085.4,3814509.96,513
2022,tanker.chemical,imo,125-150m,4399735.37,15478163.3,3006299.63,398
2022,tanker.chemical,imo,150-175m,4977741.62,15039488.3,2564265.16,344
2022,tanker.chemical,imo,175-200m,12596904.7,33998393.2,5647937.74,703
2022,tanker.chemical,imo,200-225m,1298587.08,3112798.38,542036.258,74
2022,tanker.chemical,imo,225m+,708893.99,1329218.32,197829.846,27
2022,tanker.chemical,imo,25-50m,56063.3437,237361.348,46559.9662,7
2022,tanker.chemical,imo,50-75m,615447.14,3931581.12,899358.481,116
2022,tanker.chemical,imo,75-100m,1138221.01,6852286.96,1554731.3,202
2022,tanker.chemical,no_registry,100-125m,2492011.44,9203697.38,2436183.8,546
2022,tanker.chemical,no_registry,125-150m,1917183.85,5576815.61,1149996.66,181
2022,tanker.chemical,no_registry,150-175m,4234262.01,11986756.3,2021604.23,302
2022,tanker.chemical,no_registry,175-200m,8156820.87,21885062.3,3570023.23,496
2022,tanker.chemical,no_registry,200-225m,2380529.65,5696241.59,976228.559,157
2022,tanker.chemical,no_registry,225m+,776993.077,1797684.91,290569.772,45
2022,tanker.chemical,no_registry,25-50m,143616.554,314225.09,199188.006,40
2022,tanker.chemical,no_registry,50-75m,952708.44,4599332.4,1357235.72,229
2022,tanker.chemical,no_registry,75-100m,1012355.07,3907898.41,1412528.59,286
2022,tanker.chemical,other_registry,100-125m,1840460.49,8287320.47,1793688.93,246
2022,tanker.chemical,other_registry,125-150m,2042462.08,7001138.45,1385037.31,187
2022,tanker.chemical,other_registry,150-175m,2558339.1,7960762.13,1313779.12,169
2022,tanker.chemical,other_registry,175-200m,6717476.01,18660942.6,3008439.75,367
2022,tanker.chemical,other_registry,200-225m,472303.04,1195684.32,204257.629,30
2022,tanker.chemical,other_registry,225m+,358098.141,717930.523,125298.294,16
2022,tanker.chemical,other_registry,25-50m,107551.09,433838.861,78881.1387,10
2022,tanker.chemical,other_registry,50-75m,310590.647,1816366.35,434607.959,58
2022,tanker.chemical,other_registry,75-100m,541954.256,3137722.74,738299.935,101
2022,tanker.liquefied_gas,imo,100-125m,898467.579,3453422.04,689062.574,86
2022,tanker.liquefied_gas,imo,125-150m,520916.427,1893600.27,350540.356,46
2022,tanker.liquefied_gas,imo,150-175m,1177210.21,3864978.21,604158.407,77
2022,tanker.liquefied_gas,imo,175-200m,1133965.71,3229436.08,432362.498,59
2022,tanker.liquefied_gas,imo,200-225m,1749513.87,4222741.03,472648.036,59
2022,tanker.liquefied_gas,imo,225m+,25444518.3,34769483.2,3282488.51,408
2022,tanker.liquefied_gas,imo,25-50m,11655.9166,77642.5585,12038.6679,2
2022,tanker.liquefied_gas,imo,50-75m,342096.341,1342266.79,319821.316,41
2022,tanker.liquefied_gas,imo,75-100m,426268.353,1623352.25,381738.635,47
2022,tanker.liquefied_gas,no_registry,100-125m,326427.268,1398833.86,257273.187,45
2022,tanker.liquefied_gas,no_registry,125-150m,200689.863,724704.948,138399.12,22
2022,tanker.liquefied_gas,no_registry,150-175m,410374.63,1244708.96,227384.243,43
2022,tanker.liquefied_gas,no_registry,175-200m,648255.122,1419996.69,236875.164,51
2022,tanker.liquefied_gas,no_registry,200-225m,1453622.28,3130713.9,313968.784,51
2022,tanker.liquefied_gas,no_registry,225m+,12627054.7,19770871.7,1820794.78,260
2022,tanker.liquefied_gas,no_registry,25-50m,614.903782,1187.96179,687.103772,3
2022,tanker.liquefied_gas,no_registry,50-75m,189623.299,617699.837,183731.098,58
2022,tanker.liquefied_gas,no_registry,75-100m,244920.314,864785.021,218738.45,49
2022,tanker.liquefied_gas,other_registry,100-125m,531496.777,1829940.17,413516.547,53
2022,tanker.liquefied_gas,other_registry,125-150m,310179.015,1103444.93,213077.156,29
2022,tanker.liquefied_gas,other_registry,150-175m,663607.48,2224173.58,342795.965,46
2022,tanker.liquefied_gas,other_registry,175-200m,536673.402,1584571.9,232591.827,30
2022,tanker.liquefied_gas,other_registry,200-225m,912196.41,2312644.29,283508.381,35
2022,tanker.liquefied_gas,other_registry,225m+,11980475.6,16252025.8,1523208.14,189
2022,tanker.liquefied_gas,other_registry,25-50m,12944.0998,13697.0464,12410.5223,2
2022,tanker.liquefied_gas,other_registry,50-75m,270905.167,1000556.36,224124.819,28
2022,tanker.liquefied_gas,other_registry,75-100m,193896.73,648842.808,184269.599,24
2022,tanker.oil,imo,0-25m,6531.20904,50518.8699,18630.3384,5
2022,tanker.oil,imo,100-125m,2656182.68,9099680.48,2767378.52,411
2022,tanker.oil,imo,125-150m,1689957.36,4266543.66,1439931.97,236
2022,tanker.oil,imo,150-175m,1505210.78,2183345.17,676011.289,96
2022,tanker.oil,imo,175-200m,4489267.3,6719693.19,1556281.36,223
2022,tanker.oil,imo,200-225m,4187526.78,5971374.53,1174333.14,179
2022,tanker.oil,imo,225m+,43100363.2,57853140.4,8899700.04,1205
2022,tanker.oil,imo,25-50m,525536.397,833396.894,711980.217,122
2022,tanker.oil,imo,50-75m,1940799.36,4507249.72,2414824.4,381
2022,tanker.oil,imo,75-100m,2880236.62,8521144.55,3923426.93,610
2022,tanker.oil,no_registry,0-25m,31335.4737,23449.7257,33209.1121,16
2022,tanker.oil,no_registry,100-125m,3217518.51,10319190.6,3479405.45,563
2022,tanker.oil,no_registry,125-150m,3463659.21,6455314.81,1881768.93,268
2022,tanker.oil,no_registry,150-175m,2865691.29,3545667.83,1038051.05,169
2022,tanker.oil,no_registry,175-200m,2256296.43,3104771.4,722240.418,135
2022,tanker.oil,no_registry,200-225m,3412852.35,3992898.2,930761.577,178
2022,tanker.oil,no_registry,225m+,39388811.9,49795933.5,7707506.43,1243
2022,tanker.oil,no_registry,25-50m,3806549.02,5504881.02,5632321.62,1276
2022,tanker.oil,no_registry,50-75m,5376109.17,11079572.2,8122914.63,1621
2022,tanker.oil,no_registry,75-100m,4775105.36,13068668.8,6864155.65,1182
2022,tanker.oil,other_registry,0-25m,11697.9302,12370.4631,20299.9057,4
2022,tanker.oil,other_registry,100-125m,1282512.93,4648349.21,1335075.91,202
2022,tanker.oil,other_registry,125-150m,860455.699,1928503.53,611822.604,92
2022,tanker.oil,other_registry,150-175m,729721.191,1220186.31,311845.185,46
2022,tanker.oil,other_registry,175-200m,2286728.29,3659846.86,787776.854,116
2022,tanker.oil,other_registry,200-225m,1748911.7,2411477.03,494426.082,74
2022,tanker.oil,other_registry,225m+,20841833,27836245.5,4268682.73,586
2022,tanker.oil,other_registry,25-50m,190889.471,240708.177,303668.718,50
2022,tanker.oil,other_registry,50-75m,903302.009,2375305.88,1279030.99,198
2022,tanker.oil,other_registry,75-100m,1719830.46,4716027.42,2228745.47,337
2022,tanker.other,imo,100-125m,8527.01729,33041.7071,8704.79358,1
2022,tanker.other,imo,25-50m,15790.8579,13373.3383,14122.9904,3
2022,tanker.other,imo,50-75m,42260.5435,22301.7456,35021.9179,4
2022,tanker.other,imo,75-100m,19639.6366,9566.69041,15240.2519,2
2022,tanker.other,no_registry,25-50m,77250.1789,56653.7769,64004.9584,11
2022,tanker.other,no_registry,50-75m,52447.0252,37108.8592,41903.4566,5
2022,tanker.other,no_registry,75-100m,7329.46076,9525.61297,5752.14988,2
2022,tanker.other,other_registry,50-75m,11209.2904,5089.27574,8759.93266,1
2022,tanker.other,other_registry,75-100m,20886.7249,5864.51421,16330.361,2
2022,trawlers,imo,0-25m,2097727.09,29293831,25044011.7,6827
2022,trawlers,imo,100-125m,946025.785,2305165.32,577889.355,85
2022,trawlers,imo,125-150m,130497.1,234836.007,54818.4528,8
2022,trawlers,imo,150-175m,1332.68761,11911.6193,4665.63158,1
2022,trawlers,imo,25-50m,3442240.52,25678855.6,12544859.7,2833
2022,trawlers,imo,50-75m,3375713.59,15075036.3,4823771.32,695
2022,trawlers,imo,75-100m,1187369.64,3410976.08,1005121.99,147
2022,trawlers,no_registry,0-25m,5151524.69,57679493.2,39541933.3,32941
2022,trawlers,no_registry,100-125m,7687.03431,9864.13779,8176.65377,4
2022,trawlers,no_registry,125-150m,1218.67027,3054.22511,441.523911,2
2022,trawlers,no_registry,25-50m,12364494.4,83975370.4,42832298.6,24318
2022,trawlers,no_registry,50-75m,454188.998,2268425.97,1015768.98,1269
2022,trawlers,no_registry,75-100m,45377.0756,132466.606,75459.7158,85
2022,trawlers,other_registry,0-25m,1107228.24,14584894.3,12267550.1,3377
2022,trawlers,other_registry,100-125m,562448.884,1328847.38,345185.258,48
2022,trawlers,other_registry,125-150m,58169.2306,90300.582,26280.0436,3
2022,trawlers,other_registry,225m+,856.282288,3827.90164,1996.20008,1
2022,trawlers,other_registry,25-50m,1744737.48,13177252.7,6397834.52,1369
2022,trawlers,other_registry,50-75m,1615185.4,7408632.66,2275051.63,335
2022,trawlers,other_registry,75-100m,431469.478,1443776.83,406367.192,62
2022,trollers,imo,0-25m,23234.4708,394281.152,584112.894,173
2022,trollers,imo,25-50m,979.466405,2282.2543,5163.77585,2
2022,trollers,no_registry,0-25m,5736.82197,87495.6531,145606.608,52
2022,trollers,no_registry,25-50m,504.469316,1537.90122,6288.73518,1
2022,trollers,other_registry,0-25m,9802.91852,149880.535,235380.654,74
2022,trollers,other_registry,25-50m,313.520224,8408.50349,10476.4725,2
2022,tug,imo,0-25m,781237.659,9242627.25,7900705.64,1455
2022,tug,imo,100-125m,42519.1452,290510.168,179811.618,23
2022,tug,imo,125-150m,1727.72641,9423.11968,26964.0752,6
2022,tug,imo,150-175m,19512.0624,100853.363,56771.5113,7
2022,tug,imo,175-200m,1038.6535,6940.54324,9330.32839,2
2022,tug,imo,200-225m,2213.54173,5889.82805,8759.88088,1
2022,tug,imo,225m+,10361.0958,30039.1782,22187.3558,4
2022,tug,imo,25-50m,3135239.85,26909845.6,27235506.1,4187
2022,tug,imo,50-75m,539693.836,4980513.96,4012085.35,611
2022,tug,imo,75-100m,177970.521,1332454.24,940395.562,138
2022,tug,no_registry,0-25m,991144.477,10160466.8,12670981.7,6042
2022,tug,no_registry,100-125m,14243.737,79176.932,109315.911,28
2022,tug,no_registry,125-150m,13229.3999,65194.9835,127066.33,24
2022,tug,no_registry,150-175m,1212.69195,4419.37234,15856.6144,4
2022,tug,no_registry,225m+,1226.38396,4550.72814,3947.45596,1
2022,tug,no_registry,25-50m,6337492.29,58757705.2,65614298,19989
2022,tug,no_registry,50-75m,1001635.58,10541582.8,8342442.48,2969
2022,tug,no_registry,75-100m,165932.308,1406752.37,977252.494,217
2022,tug,other_registry,0-25m,372012.952,4502791.83,3771674.49,698
2022,tug,other_registry,100-125m,6852.14456,62454.0239,66700.1591,11
2022,tug,other_registry,125-150m,13531.6318,74494.1088,49916.0384,7
2022,tug,other_registry,150-175m,3692.37085,21349.8889,16307.0576,3
2022,tug,other_registry,175-200m,3916.75777,26897.3564,16776.1637,2
2022,tug,other_registry,225m+,1829.97897,6162.85953,8759.21985,1
2022,tug,other_registry,25-50m,1597218.47,13474961.5,13322337.6,2017
2022,tug,other_registry,50-75m,269626.66,2573487.31,2037752.99,298
2022,tug,other_registry,75-100m,123345.701,883636.824,585948.012,88
2022,tuna_purse_seines,imo,0-25m,27.0325802,316.475289,115.655962,1
2022,tuna_purse_seines,imo,100-125m,17585.2764,61625.8405,19270.7541,8
2022,tuna_purse_seines,imo,200-225m,813.132202,1804.1412,1478.96003,1
2022,tuna_purse_seines,imo,25-50m,49241.2185,558680.178,154605.183,54
2022,tuna_purse_seines,imo,50-75m,609887.158,4258508.37,1122004.61,256
2022,tuna_purse_seines,imo,75-100m,219233.81,1202640.04,309476.278,98
2022,tuna_purse_seines,no_registry,125-150m,3716.22453,20351.8234,2079.90751,1
2022,tuna_purse_seines,no_registry,25-50m,109006.152,647050.577,221921.6,42
2022,tuna_purse_seines,no_registry,50-75m,40065.7026,229993.179,67102.1957,18
2022,tuna_purse_seines,no_registry,75-100m,4586.33451,42791.6506,7491.00064,4
2022,tuna_purse_seines,other_registry,100-125m,12531.3183,35369.9217,14472.9971,4
2022,tuna_purse_seines,other_registry,150-175m,1092.08077,2775.96853,1691.4479,1
2022,tuna_purse_seines,other_registry,25-50m,44750.6276,507144.274,145384.69,35
2022,tuna_purse_seines,other_registry,50-75m,252013.397,1694521.1,469401.936,110
2022,tuna_purse_seines,other_registry,75-100m,98537.7583,558215.582,142498.221,45
2022,well_boat,imo,25-50m,43371.5888,611181.115,183881.679,23
2022,well_boat,imo,50-75m,62141.9114,746170.384,233172.941,28
2022,well_boat,imo,75-100m,38115.2222,266283.319,109295.027,14
2022,well_boat,other_registry,25-50m,19755.4099,265006.741,90460.8561,12
2022,well_boat,other_registry,50-75m,28654.8124,329980.438,111878.228,13
2022,well_boat,other_registry,75-100m,26294.651,171851.951,86709.5533,10
2023,bunker,imo,0-25m,5630.27678,12491.6485,9656.87167,3
2023,bunker,imo,100-125m,63047.1128,562941.574,85467.7194,13
2023,bunker,imo,125-150m,11172.0548,53265.7255,8695.85578,1
2023,bunker,imo,25-50m,67765.9243,95002.6581,113235.616,17
2023,bunker,imo,50-75m,20028.2107,20807.3985,33246.8586,7
2023,bunker,imo,75-100m,6694.311,76819.1577,12315.8903,2
2023,bunker,no_registry,0-25m,541617.931,478917.348,968331.931,520
2023,bunker,no_registry,100-125m,39663.6108,12057.3916,29590.2389,26
2023,bunker,no_registry,125-150m,28806.3639,10498.6229,17084.4172,3
2023,bunker,no_registry,150-175m,5704.071,1644.10025,1894.93,1
2023,bunker,no_registry,25-50m,3940316.62,2298564.46,5923486.9,2555
2023,bunker,no_registry,50-75m,522293.212,381212.352,633900.59,282
2023,bunker,no_registry,75-100m,141668.989,20274.8974,157159.263,82
2023,bunker,other_registry,0-25m,1679.05268,2705.94302,2771.63778,1
2023,bunker,other_registry,100-125m,48566.6401,510714.308,77651.1167,11
2023,bunker,other_registry,125-150m,6974.36866,53725.0733,8754.39306,1
2023,bunker,other_registry,175-200m,10310.9644,43761.4986,8339.02528,1
2023,bunker,other_registry,25-50m,50947.3381,58209.0605,81197.1425,14
2023,bunker,other_registry,50-75m,12192.2874,4391.96631,18497.0847,3
2023,cargo.bulk_carrier,imo,0-25m,11590.9386,102725.123,17988.1447,3
2023,cargo.bulk_carrier,imo,100-125m,485819.29,4117941.67,946456.654,134
2023,cargo.bulk_carrier,imo,125-150m,674966.837,4746866.19,948379.939,136
2023,cargo.bulk_carrier,imo,150-175m,2039726.15,12149011.2,2432251.15,347
2023,cargo.bulk_carrier,imo,175-200m,17090935.5,86119449.9,15212324.8,1969
2023,cargo.bulk_carrier,imo,200-225m,7493068.41,31206086.4,5193845.29,677
2023,cargo.bulk_carrier,imo,225m+,30174474.8,95123094.8,13572542.7,1697
2023,cargo.bulk_carrier,imo,25-50m,29839.4655,266076.547,68349.815,9
2023,cargo.bulk_carrier,imo,50-75m,55485.8499,603742.606,131742.314,19
2023,cargo.bulk_carrier,imo,75-100m,187380.806,2079566.94,519863.583,72
2023,cargo.bulk_carrier,no_registry,0-25m,1446.11428,7754.45928,7889.8925,8
2023,cargo.bulk_carrier,no_registry,100-125m,1180539.23,9607366.38,2847487.55,477
2023,cargo.bulk_carrier,no_registry,125-150m,1297700.31,9355530.71,2185276.13,329
2023,cargo.bulk_carrier,no_registry,150-175m,3507899.31,20470036.6,4601359.3,692
2023,cargo.bulk_carrier,no_registry,175-200m,14720997.9,72718727.1,13424893.2,1835
2023,cargo.bulk_carrier,no_registry,200-225m,11510005.3,46041409.1,7983609.2,1143
2023,cargo.bulk_carrier,no_registry,225m+,25802098,83178887.4,11527461.3,1598
2023,cargo.bulk_carrier,no_registry,25-50m,211412.641,1105649.39,1110443.03,839
2023,cargo.bulk_carrier,no_registry,50-75m,443576.314,2966222.8,2082853.44,1107
2023,cargo.bulk_carrier,no_registry,75-100m,410984.748,3638126.23,1423240.22,439
2023,cargo.bulk_carrier,other_registry,0-25m,965.773979,25127.7443,6323.9275,1
2023,cargo.bulk_carrier,other_registry,100-125m,216902.089,1876953.67,387894.518,55
2023,cargo.bulk_carrier,other_registry,125-150m,337051.974,2397038.73,462996.66,69
2023,cargo.bulk_carrier,other_registry,150-175m,1058489.14,6420455.17,1297234.17,182
2023,cargo.bulk_carrier,other_registry,175-200m,8598176.99,43084210.9,7682955.57,984
2023,cargo.bulk_carrier,other_registry,200-225m,3454239.31,14254861.9,2474565.4,324
2023,cargo.bulk_carrier,other_registry,225m+,14365261.7,46007062.8,6525502.89,834
2023,cargo.bulk_carrier,other_registry,25-50m,15372.7031,133246.664,28682.0372,7
2023,cargo.bulk_carrier,other_registry,50-75m,39632.4233,618744.754,127260.572,17
2023,cargo.bulk_carrier,other_registry,75-100m,93601.088,1090867.92,252289.006,37
2023,cargo.container,imo,0-25m,1338.90556,85647.4169,8759.99056,1
2023,cargo.container,imo,100-125m,452393.098,2935608.75,539620.391,76
2023,cargo.container,imo,125-150m,2637387.2,13886539.2,1883618.93,248
2023,cargo.container,imo,150-175m,3520846.11,13933166.9,1861217.61,259
2023,cargo.container,imo,175-200m,5236948.71,17866937.3,2196409.36,293
2023,cargo.container,imo,200-225m,5179425.92,14336496.9,1671339.38,217
2023,cargo.container,imo,225m+,49035825.9,85949583.4,8691578.18,1105
2023,cargo.container,imo,50-75m,35606.9814,207293.551,62830.1503,10
2023,cargo.container,imo,75-100m,161947.397,1182225.43,237049.163,41
2023,cargo.container,no_registry,100-125m,521533.947,2900392.85,673603.234,123
2023,cargo.container,no_registry,125-150m,1392104.35,6369918.66,1015772.99,158
2023,cargo.container,no_registry,150-175m,3450128.34,12833403.2,1824517.11,267
2023,cargo.container,no_registry,175-200m,4254553.43,14201345.8,1885143.09,281
2023,cargo.container,no_registry,200-225m,7571667.86,21437015.9,2481083.91,360
2023,cargo.container,no_registry,225m+,38415733.5,70680984.3,7248280.14,1056
2023,cargo.container,no_registry,25-50m,199759.724,593107.247,341236.607,125
2023,cargo.container,no_registry,50-75m,816558.648,3037324.28,1420573.3,388
2023,cargo.container,no_registry,75-100m,684404.678,3570232,1123540.44,185
2023,cargo.container,other_registry,100-125m,186123.386,1212860.4,225706.513,32
2023,cargo.container,other_registry,125-150m,1110851,5926979.45,857058.692,113
2023,cargo.container,other_registry,150-175m,1811464.9,7159744.01,940846.523,129
2023,cargo.container,other_registry,175-200m,2793921.42,9378500.41,1177785.52,150
2023,cargo.container,other_registry,200-225m,2872536.08,7707423.61,893767.732,116
2023,cargo.container,other_registry,225m+,25959350.6,45764524.2,4616745.75,583
2023,cargo.container,other_registry,50-75m,4198.09514,39309.13,6124.0025,2
2023,cargo.container,other_registry,75-100m,99974.2949,656324.341,134880.934,20
2023,cargo.general,imo,0-25m,8512.5468,266601.784,116124.895,34
2023,cargo.general,imo,100-125m,4347971.65,31964816.6,8421097.71,1306
2023,cargo.general,imo,125-150m,5386749.59,27617541.1,5961608.83,853
2023,cargo.general,imo,150-175m,2923577.13,12248042.6,2505137.57,347
2023,cargo.general,imo,175-200m,2559248.79,10346283.2,1762496.87,234
2023,cargo.general,imo,200-225m,521357.298,2170877.89,323286.525,46
2023,cargo.general,imo,225m+,273477.29,711726.03,156633.028,25
2023,cargo.general,imo,25-50m,117356.101,1807008.41,1107742.17,197
2023,cargo.general,imo,50-75m,579891.75,9317572.67,3626910.64,637
2023,cargo.general,imo,75-100m,2626102.18,35367497.9,10571805.8,1638
2023,cargo.general,no_registry,0-25m,60838.0854,164313.157,196446.695,215
2023,cargo.general,no_registry,100-125m,7398220.73,39764732.8,13521842,3437
2023,cargo.general,no_registry,125-150m,3947768.41,17546090.6,4172201.89,701
2023,cargo.general,no_registry,150-175m,2547122.95,10452893.3,2245871.34,371
2023,cargo.general,no_registry,175-200m,1459103.08,6015086.06,961154.993,151
2023,cargo.general,no_registry,200-225m,418140.838,1530398,200433.344,42
2023,cargo.general,no_registry,225m+,160582.374,462185.601,75282.0519,16
2023,cargo.general,no_registry,25-50m,8918555.93,28921996.6,22683546.9,12470
2023,cargo.general,no_registry,50-75m,18593506.5,84542864.3,52154197.6,20799
2023,cargo.general,no_registry,75-100m,9444772.38,67182484.4,29476286.3,8919
2023,cargo.general,other_registry,0-25m,6140.15808,154373.519,91982.7886,22
2023,cargo.general,other_registry,100-125m,2137172.29,15788046.1,4194882.58,639
2023,cargo.general,other_registry,125-150m,2662614.3,13663007.9,2966082.03,421
2023,cargo.general,other_registry,150-175m,1223265.96,5064986.4,1050734.82,153
2023,cargo.general,other_registry,175-200m,1196527.39,4987007.75,841137.098,115
2023,cargo.general,other_registry,200-225m,236034.106,945278.81,140728.715,21
2023,cargo.general,other_registry,225m+,155622.264,446933.789,86299.4572,14
2023,cargo.general,other_registry,25-50m,70635.7863,1059260.64,558940.65,101
2023,cargo.general,other_registry,50-75m,218852.702,3666889.61,1515413.18,293
2023,cargo.general,other_registry,75-100m,1225948.09,18117596.3,5440827.31,823
2023,cargo.refrigerated,imo,100-125m,186971.716,646924.579,135613.936,17
2023,cargo.refrigerated,imo,125-150m,345929.932,874851.855,128024.044,17
2023,cargo.refrigerated,imo,150-175m,337909.293,790373.595,91232.0725,13
2023,cargo.refrigerated,imo,175-200m,96818.3758,225571.44,25164.0061,3
2023,cargo.refrigerated,imo,200-225m,81756.2845,124165.118,16502.5539,2
2023,cargo.refrigerated,imo,225m+,51289.2029,112704.65,21346.3628,3
2023,cargo.refrigerated,imo,50-75m,16412.501,88796.9418,22398.8131,3
2023,cargo.refrigerated,imo,75-100m,34514.4338,138132.314,32975.5069,4
2023,cargo.refrigerated,no_registry,100-125m,16141.41,45154.5963,7114.86,3
2023,cargo.refrigerated,no_registry,125-150m,17187.6184,1757.17655,8537.95694,2
2023,cargo.refrigerated,no_registry,150-175m,1506.51687,5.22370494,752.381944,1
2023,cargo.refrigerated,no_registry,25-50m,6192.97859,26481.8894,10196.2692,11
2023,cargo.refrigerated,no_registry,50-75m,3498.04983,18895.4355,5134.91194,14
2023,cargo.refrigerated,other_registry,100-125m,56679.8678,164220.219,36522.5431,5
2023,cargo.refrigerated,other_registry,125-150m,362121.114,982987.123,107775.596,14
2023,cargo.refrigerated,other_registry,150-175m,147675.672,331728.902,34662.965,6
2023,cargo.refrigerated,other_registry,175-200m,3935.18818,126.395407,1966.20306,1
2023,cargo.refrigerated,other_registry,200-225m,73427.2487,107916.065,8772.19139,1
2023,cargo.refrigerated,other_registry,225m+,71252.2458,119895.161,9511.60667,2
2023,cargo.refrigerated,other_registry,50-75m,17448.8423,81848.1587,22401.2889,3
2023,cargo.refrigerated,other_registry,75-100m,23888.443,108317.307,20835.8103,3
2023,cargo.ro_ro,imo,0-25m,27614.3493,93554.6975,52299.1333,14
2023,cargo.ro_ro,imo,100-125m,391991.632,1464474.69,379660.935,58
2023,cargo.ro_ro,imo,125-150m,1122427.16,4594423.45,613513.965,83
2023,cargo.ro_ro,imo,150-175m,2867287.35,8409181,978270.932,134
2023,cargo.ro_ro,imo,175-200m,4158558.09,12819467.7,1274525.2,165
2023,cargo.ro_ro,imo,200-225m,6542926.52,19948020.1,1834845.62,231
2023,cargo.ro_ro,imo,225m+,2026063.26,5265173.97,530722.367,76
2023,cargo.ro_ro,imo,25-50m,187400.93,660647.172,326865.506,72
2023,cargo.ro_ro,imo,50-75m,731341.202,2630343.05,1164085.35,219
2023,cargo.ro_ro,imo,75-100m,282394.112,973718.56,413703.148,82
2023,cargo.ro_ro,no_registry,0-25m,26912.7767,37757.5764,68578.4869,25
2023,cargo.ro_ro,no_registry,100-125m,211904.104,778159.241,235105.998,76
2023,cargo.ro_ro,no_registry,125-150m,694937.816,2180737.41,347673.504,82
2023,cargo.ro_ro,no_registry,150-175m,1202096.87,3583646.82,382139.159,70
2023,cargo.ro_ro,no_registry,175-200m,2083103.89,5312282.18,519013.378,79
2023,cargo.ro_ro,no_registry,200-225m,2095617.74,6019770.09,573650.296,86
2023,cargo.ro_ro,no_registry,225m+,979226.534,2383789.4,238222.385,43
2023,cargo.ro_ro,no_registry,25-50m,938316.518,2186263.06,1518060.58,721
2023,cargo.ro_ro,no_registry,50-75m,1098378.13,3278020.87,1702125.61,691
2023,cargo.ro_ro,no_registry,75-100m,325324.706,968372.61,483371.072,160
2023,cargo.ro_ro,other_registry,0-25m,10054.5152,27163.5974,17263.5742,4
2023,cargo.ro_ro,other_registry,100-125m,207729.061,756985.236,189532.798,30
2023,cargo.ro_ro,other_registry,125-150m,517841.11,2069177.94,258175.239,37
2023,cargo.ro_ro,other_registry,150-175m,1266481.79,3680971.4,366826.715,48
2023,cargo.ro_ro,other_registry,175-200m,2372617.34,7337380.54,721718.519,92
2023,cargo.ro_ro,other_registry,200-225m,3242336.7,10109051.7,901812.933,115
2023,cargo.ro_ro,other_registry,225m+,975399.495,2580197.61,247786.374,36
2023,cargo.ro_ro,other_registry,25-50m,201878.303,652572.459,319976.793,63
2023,cargo.ro_ro,other_registry,50-75m,335869.998,1093692.36,480491.791,95
2023,cargo.ro_ro,other_registry,75-100m,175417.326,534650.882,241662.724,45
2023,container_reefer,imo,125-150m,403078.814,1095464,111588.581,13
2023,container_reefer,imo,150-175m,1311655.63,3224557.93,308275.541,38
2023,container_reefer,imo,175-200m,426024.224,1018144.1,86936.4431,10
2023,container_reefer,imo,200-225m,52786.1421,94540.7711,8736.90667,1
2023,container_reefer,other_registry,125-150m,138965.848,394711.571,42165.6625,5
2023,container_reefer,other_registry,150-175m,480271.092,1216852.94,120234.54,14
2023,container_reefer,other_registry,175-200m,171963.792,423108.811,33755.2165,4
2023,dive_vessel,imo,100-125m,102617.87,305610.135,239903.304,29
2023,dive_vessel,imo,125-150m,55725.7707,154284.92,99142.5311,12
2023,dive_vessel,imo,25-50m,3836.20903,9344.54528,30169.4789,6
2023,dive_vessel,imo,50-75m,22364.0465,86874.1823,96319.2364,13
2023,dive_vessel,imo,75-100m,222009.16,769387.352,804512.091,102
2023,dive_vessel,no_registry,100-125m,58511.92,175126.768,159144.182,22
2023,dive_vessel,no_registry,125-150m,11515.3656,31823.6409,17922.5872,3
2023,dive_vessel,no_registry,150-175m,16052.1992,38633.634,25968.0211,3
2023,dive_vessel,no_registry,25-50m,1767.92817,4585.49328,10067.7092,3
2023,dive_vessel,no_registry,50-75m,17564.0614,79374.7841,80787.1139,15
2023,dive_vessel,no_registry,75-100m,138981.115,474687.868,525660.665,73
2023,dive_vessel,other_registry,100-125m,44392.6279,118611.985,120401.979,17
2023,dive_vessel,other_registry,125-150m,18995.3467,46464.9765,37387.2347,5
2023,dive_vessel,other_registry,150-175m,11922.8222,27493.4378,17344.4209,2
2023,dive_vessel,other_registry,25-50m,105.557476,16.2859069,652.753611,1
2023,dive_vessel,other_registry,50-75m,18709.8588,63608.7572,80390.8472,11
2023,dive_vessel,other_registry,75-100m,114729.211,399848.963,401219.181,51
2023,dredge_fishing,imo,0-25m,7152.74299,111969.462,114602.19,80
2023,dredge_fishing,imo,25-50m,65146.2692,205230.645,333940.308,50
2023,dredge_fishing,no_registry,0-25m,4897.48811,37741.8252,95634.7381,33
2023,dredge_fishing,no_registry,25-50m,17082.7132,68938.6525,90297.0838,15
2023,dredge_fishing,other_registry,0-25m,4276.36844,45138.5401,49396.5003,33
2023,dredge_fishing,other_registry,25-50m,64481.8194,228010.634,276583.121,39
2023,dredge_non_fishing,imo,0-25m,2453.26693,23267.1584,34143.8703,10
2023,dredge_non_fishing,imo,100-125m,212075.392,1204674.4,520634.344,75
2023,dredge_non_fishing,imo,125-150m,247168.027,885254.558,328499.102,45
2023,dredge_non_fishing,imo,150-175m,111246.134,320233.083,124245.419,15
2023,dredge_non_fishing,imo,175-200m,35295.7509,105893.299,28713.4694,4
2023,dredge_non_fishing,imo,200-225m,10906.5844,23194.006,12715.6883,2
2023,dredge_non_fishing,imo,225m+,7085.61802,26980.275,8142.45167,1
2023,dredge_non_fishing,imo,25-50m,78420.9385,379877.277,489215.527,79
2023,dredge_non_fishing,imo,50-75m,163222.594,759439.039,1109435.17,188
2023,dredge_non_fishing,imo,75-100m,300312.253,1976807.26,1129354.84,155
2023,dredge_non_fishing,no_registry,0-25m,10860.9515,45821.7619,89423.328,26
2023,dredge_non_fishing,no_registry,100-125m,128933.155,649565.983,416430.179,70
2023,dredge_non_fishing,no_registry,125-150m,121622.469,447069.067,154782.299,22
2023,dredge_non_fishing,no_registry,150-175m,12768.7475,33493.9448,31044.3414,5
2023,dredge_non_fishing,no_registry,175-200m,2969.29645,3511.18928,18531.6786,3
2023,dredge_non_fishing,no_registry,25-50m,220972.702,674636.426,1644538.4,330
2023,dredge_non_fishing,no_registry,50-75m,611791.542,2192028.25,4251902.4,930
2023,dredge_non_fishing,no_registry,75-100m,338552.408,1082517.32,2103283.76,405
2023,dredge_non_fishing,other_registry,0-25m,1289.97292,8031.65524,8759.97944,1
2023,dredge_non_fishing,other_registry,100-125m,92573.6296,481941.275,232073.012,32
2023,dredge_non_fishing,other_registry,125-150m,48742.809,210434.974,85038.7217,10
2023,dredge_non_fishing,other_registry,150-175m,102159.825,327622.455,80734.1828,10
2023,dredge_non_fishing,other_registry,175-200m,12374.2914,26019.1177,8768.85361,1
2023,dredge_non_fishing,other_registry,225m+,19721.8602,58655.2369,17498.2633,2
2023,dredge_non_fishing,other_registry,25-50m,42163.8486,174532.747,323576.563,49
2023,dredge_non_fishing,other_registry,50-75m,74355.1234,339767.242,491463.466,82
2023,dredge_non_fishing,other_registry,75-100m,135631.294,943521.975,507186.299,76
2023,drifting_longlines,imo,0-25m,530038.348,18901247.9,6150544.36,1807
2023,drifting_longlines,imo,100-125m,42.3588471,1295.21537,641.072778,1
2023,drifting_longlines,imo,150-175m,25868.2661,565908.324,88308.5239,13
2023,drifting_longlines,imo,175-200m,3473.05769,79091.6172,13193.2492,2
2023,drifting_longlines,imo,200-225m,3347.34741,61693.2323,12172.95,2
2023,drifting_longlines,imo,225m+,1520.50471,33573.8203,5886.05583,1
2023,drifting_longlines,imo,25-50m,821031.883,20494833.1,4775471.64,921
2023,drifting_longlines,imo,50-75m,474065.599,9740122.54,1777622.68,282
2023,drifting_longlines,imo,75-100m,130.98315,10534.6801,3566.30111,3
2023,drifting_longlines,no_registry,0-25m,499788.322,16671019,6788080.13,4881
2023,drifting_longlines,no_registry,200-225m,3985.93374,9347.61458,934.661944,1
2023,drifting_longlines,no_registry,25-50m,301652.757,4980604.5,1791622.49,1231
2023,drifting_longlines,no_registry,50-75m,49045.6291,608210.048,198757.597,147
2023,drifting_longlines,no_registry,75-100m,96.8895252,1663.11203,300.0275,3
2023,drifting_longlines,other_registry,0-25m,237748.164,8226676.17,2726749.22,870
2023,drifting_longlines,other_registry,100-125m,421.246104,20841.6629,5714.07528,1
2023,drifting_longlines,other_registry,125-150m,3581.35848,80590.2813,12530.0011,2
2023,drifting_longlines,other_registry,150-175m,4605.91593,103998.889,15921.7403,2
2023,drifting_longlines,other_registry,175-200m,2098.17087,54177.0876,7842.84944,1
2023,drifting_longlines,other_registry,200-225m,5159.84042,80951.1485,13716.7383,2
2023,drifting_longlines,other_registry,25-50m,415322.344,10471281.9,2446210.22,504
2023,drifting_longlines,other_registry,50-75m,212125.084,4293213.38,779856.336,126
2023,drifting_longlines,other_registry,75-100m,181.766197,14741.3337,5743.82222,3
2023,driftnets,imo,0-25m,8132.38132,95743.8956,60354.8211,23
2023,driftnets,imo,25-50m,7389.14534,59260.8478,28631.9992,18
2023,driftnets,imo,50-75m,1251.04589,9605.97215,4485.98778,3
2023,driftnets,no_registry,0-25m,1260856.02,14192138.7,11462611.4,6205
2023,driftnets,no_registry,100-125m,1599.88618,4429.219,4979.19972,4
2023,driftnets,no_registry,25-50m,5710017.05,37970092.2,25353666.8,9704
2023,driftnets,no_registry,50-75m,234805.873,1619539.03,882462.919,489
2023,driftnets,no_registry,75-100m,22146.7573,139350.17,79117.4425,40
2023,driftnets,other_registry,0-25m,4468.53092,74692.0692,48289.6942,18
2023,driftnets,other_registry,25-50m,7005.97701,41014.0243,28811.2711,14
2023,fish_factory,imo,125-150m,1668.13111,16074.4014,8752.71333,1
2023,other_fishing,imo,0-25m,1371.49687,31581.5073,28658.2242,35
2023,other_fishing,imo,25-50m,577.529789,10052.059,7864.88,7
2023,other_fishing,no_registry,0-25m,23376.8224,473566.719,383027.003,377
2023,other_fishing,no_registry,25-50m,5433.0843,69276.4349,55071.9311,55
2023,other_fishing,other_registry,0-25m,1070.70225,28595.6915,22431.9689,25
2023,other_fishing,other_registry,25-50m,46.6114439,1198.9093,940.4425,2
2023,other_not_fishing,imo,0-25m,4931.62054,3669.36795,28441.2814,4
2023,other_not_fishing,imo,100-125m,161769.92,279662.351,647958.037,82
2023,other_not_fishing,imo,125-150m,83118.1145,122574.815,284802.214,37
2023,other_not_fishing,imo,150-175m,181726.476,189190.303,127618.374,16
2023,other_not_fishing,imo,175-200m,18307.7962,23458.6096,60180.4533,7
2023,other_not_fishing,imo,200-225m,1502.56677,64.462926,8760.20389,1
2023,other_not_fishing,imo,225m+,4610.02523,1125.80716,26344.3092,4
2023,other_not_fishing,imo,25-50m,46733.9368,39577.7194,270882.306,45
2023,other_not_fishing,imo,50-75m,121341.706,82770.7012,706675.429,103
2023,other_not_fishing,imo,75-100m,170499.058,164185.121,926760.868,131
2023,other_not_fishing,no_registry,0-25m,304.515149,22.5253181,1813.96583,1
2023,other_not_fishing,no_registry,100-125m,105513.589,114320.634,564639.837,81
2023,other_not_fishing,no_registry,125-150m,54660.1831,103867.841,176552.983,30
2023,other_not_fishing,no_registry,150-175m,37394.3021,74476.8755,89473.3739,14
2023,other_not_fishing,no_registry,175-200m,22135.9014,5777.50814,126976.725,19
2023,other_not_fishing,no_registry,200-225m,49381.066,2889.80853,294122.49,38
2023,other_not_fishing,no_registry,225m+,4405.60359,280.80722,26279.8908,3
2023,other_not_fishing,no_registry,25-50m,91996.0156,51807.3084,539272.503,96
2023,other_not_fishing,no_registry,50-75m,337510.917,192918.268,1981054.61,328
2023,other_not_fishing,no_registry,75-100m,326888.805,375386.573,1816642.83,293
2023,other_not_fishing,other_registry,100-125m,61298.6631,103521.51,243304.51,32
2023,other_not_fishing,other_registry,125-150m,82452.699,156129.669,145854.177,18
2023,other_not_fishing,other_registry,150-175m,83497.5034,72954.8031,34837.2286,4
2023,other_not_fishing,other_registry,175-200m,8326.48262,4337.96384,49414.5519,6
2023,other_not_fishing,other_registry,200-225m,2971.46969,36.4174591,17519.8372,2
2023,other_not_fishing,other_registry,25-50m,13693.3317,5618.37586,79846.4672,15
2023,other_not_fishing,other_registry,50-75m,63732.3511,47325.9936,370833.548,53
2023,other_not_fishing,other_registry,75-100m,109637.898,130967.405,584984.144,76
2023,other_purse_seines,imo,0-25m,2540.30112,133785.107,45575.1808,17
2023,other_purse_seines,imo,25-50m,33147.9636,510993.988,156702.667,38
2023,other_purse_seines,imo,50-75m,16186.7131,156409.543,38547.2944,7
2023,other_purse_seines,no_registry,0-25m,396.980606,13317.9195,3420.18472,2
2023,other_purse_seines,no_registry,25-50m,16298.4535,220652.955,43839.0078,15
2023,other_purse_seines,other_registry,0-25m,710.163865,55182.5924,17744.9539,8
2023,other_purse_seines,other_registry,25-50m,30383.6349,381432.572,119016.096,26
2023,other_purse_seines,other_registry,50-75m,5335.90791,53055.6626,12355.6425,2
2023,other_seines,imo,0-25m,38632.7734,341730.535,719974.419,110
2023,other_seines,imo,25-50m,3889.27861,12410.7041,23027.9461,3
2023,other_seines,no_registry,0-25m,70.506781,1883.08574,3429.69333,2
2023,other_seines,other_registry,0-25m,19352.318,193794.182,396477.939,61
2023,other_seines,other_registry,25-50m,1805.56367,3102.76321,8643.67139,1
2023,passenger,imo,0-25m,10193809.8,15961634.6,19074206,11870
2023,passenger,imo,100-125m,1589864.01,4844670.2,1051216.75,146
2023,passenger,imo,125-150m,1282452.07,2782801.72,430589.894,58
2023,passenger,imo,150-175m,1704488.34,3093439.65,376936.34,50
2023,passenger,imo,175-200m,869280.024,1633824.48,185053.245,24
2023,passenger,imo,200-225m,321532.647,490385.564,71414.2103,10
2023,passenger,imo,225m+,7660434.2,7052618.82,704946.208,82
2023,passenger,imo,25-50m,7241791.42,18490802.9,11351678.4,2350
2023,passenger,imo,50-75m,3442380.86,9914274.72,4897335.81,770
2023,passenger,imo,75-100m,2281445.3,7229968.38,2268246.73,316
2023,passenger,no_registry,0-25m,99430324.1,150207711,188057108,151016
2023,passenger,no_registry,100-125m,1929961.84,5223108.7,1315549.2,303
2023,passenger,no_registry,125-150m,1067443.66,2244800.48,479831.995,86
2023,passenger,no_registry,150-175m,915738.915,1526404.62,216693.422,32
2023,passenger,no_registry,175-200m,364378.865,653099.356,99028.0669,20
2023,passenger,no_registry,200-225m,731866.179,1156740.47,144608.861,20
2023,passenger,no_registry,225m+,3246338.16,3503561.01,337465.571,44
2023,passenger,no_registry,25-50m,43288874.4,66525407.2,65524222.1,20737
2023,passenger,no_registry,50-75m,7039262.04,13999674.5,9358406.37,2614
2023,passenger,no_registry,75-100m,2184386.73,6366929.5,2294039.68,505
2023,passenger,other_registry,0-25m,4789040.63,7489680.95,9039265.58,5756
2023,passenger,other_registry,100-125m,489332.25,1494217.3,362151.1,54
2023,passenger,other_registry,125-150m,776915.252,2003688.07,304302.178,45
2023,passenger,other_registry,150-175m,705265.466,1191996.98,126975.571,15
2023,passenger,other_registry,175-200m,739674.051,1348850.26,146410.565,18
2023,passenger,other_registry,200-225m,130562.224,231486.479,25864.8236,4
2023,passenger,other_registry,225m+,2882904.23,2756886.97,259614.761,31
2023,passenger,other_registry,25-50m,3660347.31,9541150.93,5712762.18,1179
2023,passenger,other_registry,50-75m,1525935.7,4026974.43,2082455.31,337
2023,passenger,other_registry,75-100m,979790.344,3234613.89,935553.65,129
2023,patrol_vessel,imo,0-25m,25074.1994,149484.399,156167.167,65
2023,patrol_vessel,imo,100-125m,32492.3351,156950.86,64468.3125,21
2023,patrol_vessel,imo,125-150m,9347.00217,35680.3753,5315.79333,3
2023,patrol_vessel,imo,175-200m,521.413284,3801.13037,935.876667,1
2023,patrol_vessel,imo,25-50m,96636.6481,889782.614,553505.743,110
2023,patrol_vessel,imo,50-75m,63715.1239,496649.288,260030.386,96
2023,patrol_vessel,imo,75-100m,69577.2971,532869.365,195470.448,61
2023,patrol_vessel,no_registry,0-25m,277445.643,1504157.24,1716959.42,1098
2023,patrol_vessel,no_registry,100-125m,203420.508,1183842.48,320965.198,229
2023,patrol_vessel,no_registry,125-150m,43876.0451,193187.08,37074.675,28
2023,patrol_vessel,no_registry,150-175m,35954.5309,128685.826,19791.2983,14
2023,patrol_vessel,no_registry,175-200m,14.954343100000001,114.854088,31.2241667,1
2023,patrol_vessel,no_registry,25-50m,661550.827,4115237.98,4014849.68,1520
2023,patrol_vessel,no_registry,50-75m,186280.279,1645725.21,780592.574,455
2023,patrol_vessel,no_registry,75-100m,175712.153,1381376.86,493365.048,287
2023,patrol_vessel,other_registry,0-25m,9123.99373,52510.8292,54943.1606,23
2023,patrol_vessel,other_registry,100-125m,7138.80917,31925.5799,16702.9922,9
2023,patrol_vessel,other_registry,125-150m,4247.45908,24901.7707,10402.0906,3
2023,patrol_vessel,other_registry,150-175m,4501.38008,8527.68155,1569.23444,1
2023,patrol_vessel,other_registry,25-50m,38678.7929,293246.134,228809.955,52
2023,patrol_vessel,other_registry,50-75m,36168.7768,314552.072,164627.336,53
2023,patrol_vessel,other_registry,75-100m,27915.9455,198104.867,90205.6585,32
2023,pole_and_line,imo,0-25m,88465.0659,854648.934,1097432.81,287
2023,pole_and_line,imo,25-50m,16123.2377,452309.631,136146.198,44
2023,pole_and_line,imo,50-75m,33473.5025,528869.344,88411.0614,13
2023,pole_and_line,no_registry,0-25m,85194.3783,1369786.57,757320.461,504
2023,pole_and_line,no_registry,25-50m,38343.8639,536486.105,204458.496,139
2023,pole_and_line,no_registry,50-75m,1255.16283,12033.7476,4752.23889,4
2023,pole_and_line,other_registry,0-25m,54249.4574,439277.367,619973.831,164
2023,pole_and_line,other_registry,25-50m,12554.7794,281125.579,85516.7589,28
2023,pole_and_line,other_registry,50-75m,11128.0689,200628.761,34227.9542,5
2023,pots_and_traps,imo,0-25m,47538.3602,962326.195,1967683.8,646
2023,pots_and_traps,imo,25-50m,33753.5173,413174.155,211644.501,50
2023,pots_and_traps,imo,50-75m,1447.60862,8158.39637,2653.01889,1
2023,pots_and_traps,no_registry,0-25m,62591.5312,1403044.85,1422244.73,1105
2023,pots_and_traps,no_registry,25-50m,16445.8163,79945.5022,60254.5853,56
2023,pots_and_traps,other_registry,0-25m,25136.9395,479964.782,1042973.23,351
2023,pots_and_traps,other_registry,25-50m,20759.0162,279797.529,111403.82,26
2023,research,imo,0-25m,4160.43952,31576.5576,22642.2169,4
2023,research,imo,25-50m,10783.3854,88697.8875,54206.8464,9
2023,research,imo,50-75m,24561.8942,209076.61,89925.5278,12
2023,research,imo,75-100m,5880.20395,35405.2761,26278.6578,3
2023,research,no_registry,0-25m,99.4717742,1877.9695,1313.63278,3
2023,research,no_registry,25-50m,5569.27311,30393.5837,30076.8883,8
2023,research,no_registry,50-75m,3507.65593,27414.6133,14841.5667,2
2023,research,other_registry,0-25m,332.648344,30222.0707,9503.22889,2
2023,research,other_registry,25-50m,8728.47352,58982.061,49156.7767,8
2023,research,other_registry,50-75m,25640.205,219952.2,85678.2669,11
2023,research,other_registry,75-100m,2824.74531,13227.333,8754.1425,1
2023,seismic_vessel,imo,0-25m,6178.42415,35206.2433,34673.5633,5
2023,seismic_vessel,imo,100-125m,173902.044,817788.32,344695.871,48
2023,seismic_vessel,imo,125-150m,75325.6302,242069.182,101760.001,15
2023,seismic_vessel,imo,150-175m,37175.1238,154843.838,52272.1156,7
2023,seismic_vessel,imo,175-200m,13021.5958,38743.1219,8370.54361,1
2023,seismic_vessel,imo,200-225m,5186.39999,20663.6075,8677.93972,1
2023,seismic_vessel,imo,25-50m,139795.327,1046488.18,755241.715,120
2023,seismic_vessel,imo,50-75m,292409.051,2533865.6,1072390.63,158
2023,seismic_vessel,imo,75-100m,381694.621,2214178.1,950460.254,133
2023,seismic_vessel,no_registry,0-25m,5013.19018,21535.9704,35503.6281,5
2023,seismic_vessel,no_registry,100-125m,81440.9824,479189.041,168170.556,42
2023,seismic_vessel,no_registry,125-150m,49843.8781,184415.253,92639.725,19
2023,seismic_vessel,no_registry,150-175m,8280.59271,21892.8384,6175.58333,4
2023,seismic_vessel,no_registry,25-50m,191400.692,1371001.52,1058340.67,210
2023,seismic_vessel,no_registry,50-75m,159112.583,1364080.28,604393.291,118
2023,seismic_vessel,no_registry,75-100m,228198.433,1260145.84,659174.592,138
2023,seismic_vessel,other_registry,0-25m,2814.77856,6222.14408,16582.7172,2
2023,seismic_vessel,other_registry,100-125m,74610.0571,443327.113,137788.493,19
2023,seismic_vessel,other_registry,125-150m,13433.9021,47900.8023,26035.3328,4
2023,seismic_vessel,other_registry,150-175m,13706.1537,53458.0002,16763.9875,2
2023,seismic_vessel,other_registry,175-200m,9790.7826,33736.0684,8138.19917,1
2023,seismic_vessel,other_registry,25-50m,73793.2045,552503.453,405668.774,65
2023,seismic_vessel,other_registry,50-75m,132900.25,1131380.9,470638.092,68
2023,seismic_vessel,other_registry,75-100m,122577.474,780590.786,317570.765,44
2023,set_gillnets,imo,0-25m,56739.4013,2621024.61,1749972.84,844
2023,set_gillnets,imo,25-50m,1110.54249,46026.7474,21333.0119,8
2023,set_gillnets,imo,50-75m,32.2242691,3218.75996,1130.78667,2
2023,set_gillnets,imo,75-100m,24.9068206,1680.79232,964.544722,2
2023,set_gillnets,no_registry,0-25m,217309.511,4496567.45,3798731.18,3736
2023,set_gillnets,no_registry,25-50m,172186.793,911731.358,668755.967,494
2023,set_gillnets,no_registry,50-75m,43.4935138,1548.81962,725.126944,1
2023,set_gillnets,other_registry,0-25m,21012.9564,1182317.13,760429.073,392
2023,set_gillnets,other_registry,25-50m,483.289054,26377.0409,9733.08861,4
2023,set_gillnets,other_registry,50-75m,48.3460538,4025.78098,1588.73083,2
2023,set_gillnets,other_registry,75-100m,21.915703100000002,2466.25725,680.521389,1
2023,set_longlines,imo,0-25m,38965.2261,931985.752,868671.85,161
2023,set_longlines,imo,25-50m,134550.054,2035964.74,775358.776,125
2023,set_longlines,imo,50-75m,109655.418,1091992.3,310843.42,43
2023,set_longlines,no_registry,0-25m,26007.9084,590729.551,414463.336,215
2023,set_longlines,no_registry,25-50m,20062.7692,313415.475,154607.474,57
2023,set_longlines,no_registry,50-75m,106.831172,997.011745,453.776667,1
2023,set_longlines,other_registry,0-25m,25678.8924,616966.769,508641.148,92
2023,set_longlines,other_registry,100-125m,28.9241878,857.220294,578.273333,1
2023,set_longlines,other_registry,25-50m,56054.0224,806140.293,306543.351,47
2023,set_longlines,other_registry,50-75m,40586.3578,449897.817,129017.419,20
2023,set_longlines,other_registry,75-100m,60.7322836,2692.16668,998.396944,1
2023,specialized_reefer,imo,100-125m,650788.736,2382217.61,547325.906,74
2023,specialized_reefer,imo,125-150m,936023.592,2405660.17,469460.047,65
2023,specialized_reefer,imo,150-175m,200895.663,309112.129,76782.4089,12
2023,specialized_reefer,imo,25-50m,57734.543,413928.39,102175.17,18
2023,specialized_reefer,imo,50-75m,180109.478,1044942.17,299923.046,53
2023,specialized_reefer,imo,75-100m,325240.325,1560657.42,424348.539,63
2023,specialized_reefer,no_registry,100-125m,1.7593338,5.68892785,0.810833333,1
2023,specialized_reefer,no_registry,125-150m,21361.2749,62524.1367,6814.23806,1
2023,specialized_reefer,no_registry,25-50m,14221.393,74294.1862,22004.9731,7
2023,specialized_reefer,no_registry,50-75m,2151.91218,7467.41883,2866.85278,3
2023,specialized_reefer,no_registry,75-100m,28619.4455,55943.7785,20123.2064,7
2023,specialized_reefer,other_registry,100-125m,454450.564,1516647.81,365926.446,47
2023,specialized_reefer,other_registry,125-150m,533879.858,1294887.71,280237.146,37
2023,specialized_reefer,other_registry,150-175m,204542.203,391501.048,75904.4836,10
2023,specialized_reefer,other_registry,25-50m,27675.8168,196719.036,45483.1164,10
2023,specialized_reefer,other_registry,50-75m,98019.5558,581587.397,166320.758,28
2023,specialized_reefer,other_registry,75-100m,171330.764,898183.753,247046.625,35
2023,squid_jigger,imo,0-25m,21801.2144,483179.486,347928.796,174
2023,squid_jigger,imo,125-150m,3707.54729,16350.0649,4181.50556,1
2023,squid_jigger,imo,25-50m,188239.096,2527965.26,1274890.98,352
2023,squid_jigger,imo,50-75m,901757.354,7961139.82,2672375.5,443
2023,squid_jigger,imo,75-100m,36990.7132,394221.29,81017.6889,13
2023,squid_jigger,no_registry,0-25m,66157.6077,1410267.31,1043837.27,721
2023,squid_jigger,no_registry,125-150m,3001.73817,11258.6792,5148.27611,2
2023,squid_jigger,no_registry,150-175m,2702.42704,4864.14423,3496.66472,1
2023,squid_jigger,no_registry,25-50m,143959.255,1531411.07,891792.078,471
2023,squid_jigger,no_registry,50-75m,68052.5321,578915.924,242765.569,154
2023,squid_jigger,no_registry,75-100m,1944.8783,10887.2797,5662.00861,4
2023,squid_jigger,other_registry,0-25m,8992.51358,223867.02,173011.539,78
2023,squid_jigger,other_registry,25-50m,102779.713,1426211.53,682377.539,184
2023,squid_jigger,other_registry,50-75m,374693.625,3288260.32,1129743.26,188
2023,squid_jigger,other_registry,75-100m,13666.9615,137556.374,32001.2344,5
2023,supply_vessel,imo,0-25m,21002.8854,97266.085,117423.102,21
2023,supply_vessel,imo,100-125m,116494.33,507492.952,319830.267,39
2023,supply_vessel,imo,125-150m,8343.07531,31068.5322,20387.6561,3
2023,supply_vessel,imo,150-175m,2341.02658,7265.58451,8745.49139,1
2023,supply_vessel,imo,200-225m,548.309653,8.26475117,3396.98806,1
2023,supply_vessel,imo,25-50m,917203.789,8751654.8,4169376.26,629
2023,supply_vessel,imo,50-75m,811766.665,5774051.89,3196868.65,428
2023,supply_vessel,imo,75-100m,1151604.49,5826296.7,3282336.05,424
2023,supply_vessel,no_registry,0-25m,80977.8872,743957.531,468666.632,123
2023,supply_vessel,no_registry,100-125m,65118.9362,284539.065,169180.548,23
2023,supply_vessel,no_registry,125-150m,5181.49744,14113.545,14685.2589,2
2023,supply_vessel,no_registry,200-225m,1414.04028,34.6020408,8759.31444,1
2023,supply_vessel,no_registry,25-50m,1606326.43,13957066.6,7619842.82,1511
2023,supply_vessel,no_registry,50-75m,357345.129,2443588.56,1507558.49,246
2023,supply_vessel,no_registry,75-100m,457853.966,2300894.05,1414040.8,204
2023,supply_vessel,other_registry,0-25m,7577.75666,63839.9514,41321.3275,11
2023,supply_vessel,other_registry,100-125m,26706.6387,163371.921,59822.1072,8
2023,supply_vessel,other_registry,125-150m,4737.11657,18807.7335,12776.9583,2
2023,supply_vessel,other_registry,150-175m,1465.34442,6639.18547,7774.79444,1
2023,supply_vessel,other_registry,25-50m,417918.609,3795009.49,1940869.76,303
2023,supply_vessel,other_registry,50-75m,350187.288,2455965.81,1375670.63,189
2023,supply_vessel,other_registry,75-100m,596826.738,3015234.9,1778400.16,233
2023,tanker.chemical,imo,0-25m,15894.0352,61687.5229,8242.43528,2
2023,tanker.chemical,imo,100-125m,3721842.37,16843129.9,3608566.12,474
2023,tanker.chemical,imo,125-150m,4111241.21,14834399.4,2837445.89,373
2023,tanker.chemical,imo,150-175m,4301738.91,13249567.9,2199412.76,297
2023,tanker.chemical,imo,175-200m,11799225.2,31697903.3,5283595.16,667
2023,tanker.chemical,imo,200-225m,1154878.37,2864447.91,481207.589,68
2023,tanker.chemical,imo,225m+,549859.357,1006533.42,166451.976,27
2023,tanker.chemical,imo,25-50m,60461.2807,214537.906,57328.5664,7
2023,tanker.chemical,imo,50-75m,587516.756,3673928,854668.231,111
2023,tanker.chemical,imo,75-100m,1079728.43,6565348.21,1473195.73,190
2023,tanker.chemical,no_registry,100-125m,3118042.5,11311752,3054615.36,606
2023,tanker.chemical,no_registry,125-150m,2273154.32,6814251.74,1392305.99,220
2023,tanker.chemical,no_registry,150-175m,5389459.32,14871309.7,2560329.39,362
2023,tanker.chemical,no_registry,175-200m,9755998.02,26073503.1,4223361.45,583
2023,tanker.chemical,no_registry,200-225m,3530802.65,8394008.19,1447738.84,205
2023,tanker.chemical,no_registry,225m+,1272801.72,2817474.4,459997.436,69
2023,tanker.chemical,no_registry,25-50m,160644.578,314789.653,223142.779,39
2023,tanker.chemical,no_registry,50-75m,1072552.61,4882403.25,1517716.8,249
2023,tanker.chemical,no_registry,75-100m,1186393.57,4526676.96,1614731.81,299
2023,tanker.chemical,other_registry,100-125m,1699970.54,7679119.93,1680933.59,225
2023,tanker.chemical,other_registry,125-150m,1874302.57,6522958.73,1280861.57,173
2023,tanker.chemical,other_registry,150-175m,2370165.98,7246350.05,1209427.32,160
2023,tanker.chemical,other_registry,175-200m,6255003.24,17330513.7,2793173.96,353
2023,tanker.chemical,other_registry,200-225m,418876.086,1018838.49,181755.825,24
2023,tanker.chemical,other_registry,225m+,354092.796,763368.963,112833.637,16
2023,tanker.chemical,other_registry,25-50m,101725.242,365381.861,72347.3183,9
2023,tanker.chemical,other_registry,50-75m,287612.582,1700653.46,407852.488,52
2023,tanker.chemical,other_registry,75-100m,543741.864,3106769.27,740412.976,94
2023,tanker.liquefied_gas,imo,100-125m,817258.461,3194442.01,626777.323,82
2023,tanker.liquefied_gas,imo,125-150m,524308.936,1910496.42,346841.688,47
2023,tanker.liquefied_gas,imo,150-175m,1195146.08,4197360.16,587511.315,77
2023,tanker.liquefied_gas,imo,175-200m,1061890.57,3161059.3,401501.637,51
2023,tanker.liquefied_gas,imo,200-225m,1626869.91,4002432.41,440513.942,56
2023,tanker.liquefied_gas,imo,225m+,24576907.9,34741831.3,3220440.47,394
2023,tanker.liquefied_gas,imo,25-50m,12091.3784,92652.6264,12609.0797,2
2023,tanker.liquefied_gas,imo,50-75m,338484.89,1232330.11,314360.894,38
2023,tanker.liquefied_gas,imo,75-100m,432831.78,1617944.52,392337.402,50
2023,tanker.liquefied_gas,no_registry,100-125m,424817.802,1839318.63,340223.005,50
2023,tanker.liquefied_gas,no_registry,125-150m,236063.399,852826.687,168287.047,30
2023,tanker.liquefied_gas,no_registry,150-175m,563938.099,1756842.31,310755.312,49
2023,tanker.liquefied_gas,no_registry,175-200m,1194556.59,2824733.22,374440.531,66
2023,tanker.liquefied_gas,no_registry,200-225m,2106566.37,4623860.41,467857.233,78
2023,tanker.liquefied_gas,no_registry,225m+,15738143.7,25652934.3,2324262.5,321
2023,tanker.liquefied_gas,no_registry,25-50m,5209.63265,3689.50694,4589.56139,2
2023,tanker.liquefied_gas,no_registry,50-75m,205353.296,642885.519,189789.139,33
2023,tanker.liquefied_gas,no_registry,75-100m,293643.424,979132.669,265231.34,43
2023,tanker.liquefied_gas,other_registry,100-125m,514818.822,1947795.74,407715.276,50
2023,tanker.liquefied_gas,other_registry,125-150m,295271.878,1146858.23,204113.562,27
2023,tanker.liquefied_gas,other_registry,150-175m,636417.02,2238648.28,318332.74,39
2023,tanker.liquefied_gas,other_registry,175-200m,473438.949,1411864.63,204384.005,26
2023,tanker.liquefied_gas,other_registry,200-225m,891198.874,2309690.71,265038.354,34
2023,tanker.liquefied_gas,other_registry,225m+,11476975.6,15749139.6,1498233.8,182
2023,tanker.liquefied_gas,other_registry,25-50m,12342.0974,13197.5689,11799.9692,2
2023,tanker.liquefied_gas,other_registry,50-75m,246205.14,842165.565,207091.548,25
2023,tanker.liquefied_gas,other_registry,75-100m,185692.204,670423.626,174038.833,22
2023,tanker.oil,imo,0-25m,5672.8676,68046.3366,19637.3258,5
2023,tanker.oil,imo,100-125m,2467091.65,8506078.79,2596083.27,405
2023,tanker.oil,imo,125-150m,1575274.33,3764379.39,1277945.44,222
2023,tanker.oil,imo,150-175m,1371839.29,1882089.54,611194.513,93
2023,tanker.oil,imo,175-200m,4121620.14,5852018.36,1427731.38,202
2023,tanker.oil,imo,200-225m,3526961.67,4673179.42,998441.373,156
2023,tanker.oil,imo,225m+,40865543,55208319,8151630.99,1090
2023,tanker.oil,imo,25-50m,528560.68,806763.914,714059.882,111
2023,tanker.oil,imo,50-75m,1878471.84,4498684.8,2415416.11,374
2023,tanker.oil,imo,75-100m,2790370.13,8507000.03,3851130.82,580
2023,tanker.oil,no_registry,0-25m,40003.6367,30901.4342,41729.3922,19
2023,tanker.oil,no_registry,100-125m,3571387.9,11101095.1,3762310.22,581
2023,tanker.oil,no_registry,125-150m,3787464.86,7333740.47,2021147.37,302
2023,tanker.oil,no_registry,150-175m,3549088.52,4773075.12,1290565.34,193
2023,tanker.oil,no_registry,175-200m,2967153.1,4184717.99,954243.47,160
2023,tanker.oil,no_registry,200-225m,4785785.69,6181823.46,1290766.79,237
2023,tanker.oil,no_registry,225m+,52856291.1,68074617.6,10123814.1,1529
2023,tanker.oil,no_registry,25-50m,3936853.52,5562343.56,5872531.9,1257
2023,tanker.oil,no_registry,50-75m,5789983.11,11298048.1,8657037.15,1599
2023,tanker.oil,no_registry,75-100m,5151710.34,13687232.1,7369130.35,1230
2023,tanker.oil,other_registry,0-25m,9785.151,10956.4806,16343.31,3
2023,tanker.oil,other_registry,100-125m,1283181.75,4404550.35,1344820.43,195
2023,tanker.oil,other_registry,125-150m,805019.239,1660503.78,564877.485,93
2023,tanker.oil,other_registry,150-175m,698944.531,1209664.37,287736.655,41
2023,tanker.oil,other_registry,175-200m,2189036.31,3636749.38,764902.017,107
2023,tanker.oil,other_registry,200-225m,1620119.01,2261812.31,458976.704,71
2023,tanker.oil,other_registry,225m+,19902743.8,26814490,3916806.24,535
2023,tanker.oil,other_registry,25-50m,195090.058,236296.501,302271.502,55
2023,tanker.oil,other_registry,50-75m,903433.204,2411398.48,1306640.03,204
2023,tanker.oil,other_registry,75-100m,1642413.62,4410722.93,2163685.94,323
2023,tanker.other,imo,100-125m,6392.63244,30464.7318,6915.81472,1
2023,tanker.other,imo,25-50m,10145.1275,14078.3839,8740.75167,1
2023,tanker.other,imo,50-75m,39409.2883,29447.3262,33545.0561,4
2023,tanker.other,imo,75-100m,22538.0329,9194.77793,17312.4478,2
2023,tanker.other,no_registry,225m+,2509.69734,5004.64222,615.729167,1
2023,tanker.other,no_registry,25-50m,104176.171,94168.8401,87303.9433,13
2023,tanker.other,no_registry,50-75m,48790.4774,53778.0542,40822.6528,6
2023,tanker.other,no_registry,75-100m,4245.46851,10488.7983,3285.31833,1
2023,tanker.other,other_registry,50-75m,8441.40944,9731.46103,7074.04056,1
2023,tanker.other,other_registry,75-100m,21552.547,10098.8557,17188.8944,2
2023,trawlers,imo,0-25m,1983040.53,27941972.4,23045276.6,6730
2023,trawlers,imo,100-125m,961063.044,2333269.34,582112.996,83
2023,trawlers,imo,125-150m,117993.357,204468.725,54683.7836,8
2023,trawlers,imo,150-175m,908.595804,3034.93436,4248.84389,1
2023,trawlers,imo,25-50m,3343507.61,25155757.2,11982108.1,2763
2023,trawlers,imo,50-75m,3352701.17,15459167.8,4810287.99,698
2023,trawlers,imo,75-100m,1254008.67,3555345.9,1022553.6,148
2023,trawlers,no_registry,0-25m,7387753.97,79480715.2,56137220.4,36615
2023,trawlers,no_registry,100-125m,10388.7275,9555.56584,11038.2433,5
2023,trawlers,no_registry,125-150m,309.94639,607.537428,411.036111,1
2023,trawlers,no_registry,25-50m,18157387.9,108802786,63027677,26374
2023,trawlers,no_registry,50-75m,1004109.87,4733637.9,2324286.37,1363
2023,trawlers,no_registry,75-100m,113243.95,203256.757,196306.691,91
2023,trawlers,other_registry,0-25m,1059018.41,14033986.8,11434909.8,3359
2023,trawlers,other_registry,100-125m,591956.971,1441544.98,359000.064,49
2023,trawlers,other_registry,125-150m,49009.2283,67081.8921,25357.1981,3
2023,trawlers,other_registry,25-50m,1672688.61,12803705.4,6058284.28,1362
2023,trawlers,other_registry,50-75m,1650408.24,7509853.27,2313952.91,342
2023,trawlers,other_registry,75-100m,457350.179,1469649.65,424284.935,63
2023,trollers,imo,0-25m,22635.3966,361853.249,553197.43,172
2023,trollers,imo,25-50m,640.013742,2743.12007,4249.35083,3
2023,trollers,no_registry,0-25m,6733.6668,90280.3945,167013.631,56
2023,trollers,no_registry,25-50m,492.216262,1197.97128,6118.52889,1
2023,trollers,other_registry,0-25m,9199.2278,151091.527,220406.647,73
2023,trollers,other_registry,25-50m,762.421059,12181.7307,17717.8672,3
2023,tug,imo,0-25m,798726.786,9567591.44,8124573,1444
2023,tug,imo,100-125m,53501.6494,315776.247,171922.59,27
2023,tug,imo,125-150m,2672.49012,14860.3737,32755.2333,7
2023,tug,imo,150-175m,37094.0217,211210.201,61542.2442,9
2023,tug,imo,175-200m,3185.65522,27686.6736,17238.9289,2
2023,tug,imo,200-225m,2908.59978,7657.90183,8313.075,1
2023,tug,imo,225m+,9508.64404,28340.6583,25267.8158,4
2023,tug,imo,25-50m,3105525.92,27186695.9,26895164.9,4109
2023,tug,imo,50-75m,535843.818,5113175.97,3933825.81,582
2023,tug,imo,75-100m,179888.95,1356549.48,937147.443,143
2023,tug,no_registry,0-25m,1039252.66,10690656.7,13577218.9,6465
2023,tug,no_registry,100-125m,24916.0763,147432.527,140458.085,37
2023,tug,no_registry,125-150m,17390.8406,87090.7001,165074.582,28
2023,tug,no_registry,150-175m,1661.06783,7608.23344,21440.2944,4
2023,tug,no_registry,175-200m,1.20813385,32.2723468,13.5325,1
2023,tug,no_registry,225m+,737.012944,2122.38772,8125.80528,1
2023,tug,no_registry,25-50m,6971144.6,64990890.7,73572315.8,21084
2023,tug,no_registry,50-75m,1108049.33,11324088.1,9809983.25,3203
2023,tug,no_registry,75-100m,205521.394,1684793.92,1271358.47,249
2023,tug,other_registry,0-25m,381156.313,4567146.92,3903662.26,683
2023,tug,other_registry,100-125m,16389.822,97285.1603,83329.2139,13
2023,tug,other_registry,125-150m,16423.9478,83086.2759,43355.3861,6
2023,tug,other_registry,150-175m,25785.0625,102209.758,25896.1911,3
2023,tug,other_registry,175-200m,4201.46978,28952.1021,17504.05,2
2023,tug,other_registry,225m+,2062.80643,6826.9796,8399.10944,1
2023,tug,other_registry,25-50m,1552344.63,13195058.2,13090296.4,1972
2023,tug,other_registry,50-75m,286850.88,2796539.27,2075720.64,298
2023,tug,other_registry,75-100m,128436.055,921845.149,585559.964,85
2023,tuna_purse_seines,imo,0-25m,145.859215,3797.32673,556.899167,1
2023,tuna_purse_seines,imo,100-125m,21816.5194,162799.557,27608.7336,7
2023,tuna_purse_seines,imo,200-225m,999.65159,2760.31979,1780.07222,1
2023,tuna_purse_seines,imo,25-50m,50323.1016,486957.929,156016.153,60
2023,tuna_purse_seines,imo,50-75m,549180.21,3399950.02,1020723.77,245
2023,tuna_purse_seines,imo,75-100m,184175.945,984767.96,269913.666,100
2023,tuna_purse_seines,no_registry,25-50m,104953.282,579646.274,215560.278,40
2023,tuna_purse_seines,no_registry,50-75m,42712.9804,212943.105,73929.6161,18
2023,tuna_purse_seines,no_registry,75-100m,3440.9927,39792.936,5912.24222,3
2023,tuna_purse_seines,other_registry,100-125m,11127.3331,53620.1559,11284.9625,4
2023,tuna_purse_seines,other_registry,150-175m,730.404557,1435.14343,1149.69694,1
2023,tuna_purse_seines,other_registry,25-50m,36697.5672,355755.552,115740.339,35
2023,tuna_purse_seines,other_registry,50-75m,231115.571,1442378.02,438684.369,107
2023,tuna_purse_seines,other_registry,75-100m,92182.9211,568641.793,131708.045,47
2023,well_boat,imo,25-50m,43252.7029,617999.193,179542.041,22
2023,well_boat,imo,50-75m,62216.1393,760608.387,232080.033,27
2023,well_boat,imo,75-100m,39103.5366,291655.486,122299.482,14
2023,well_boat,other_registry,25-50m,19402.9671,287565.011,79078.3917,11
2023,well_boat,other_registry,50-75m,28815.7522,334407.826,110070.95,13
2023,well_boat,other_registry,75-100m,28564.2604,188306.092,91088.4661,11
2024,bunker,imo,0-25m,8280.61769,8305.23845,12918.2628,2
2024,bunker,imo,100-125m,59257.725,572504.588,92740.8111,14
2024,bunker,imo,125-150m,15134.3821,93021.5955,13593.1133,2
2024,bunker,imo,175-200m,6229.734,12971.7655,2371.83861,1
2024,bunker,imo,25-50m,65529.9762,96371.7344,110528.738,18
2024,bunker,imo,50-75m,23427.0568,16500.6473,38212.5567,6
2024,bunker,imo,75-100m,8235.21099,102194.04,17499.6078,2
2024,bunker,no_registry,0-25m,795142.962,570086.898,1398188.36,556
2024,bunker,no_registry,100-125m,217429.198,52105.2046,138501.686,27
2024,bunker,no_registry,125-150m,29198.0693,13602.2792,17275.3308,2
2024,bunker,no_registry,150-175m,23301.3761,2708.0701,7405.28778,1
2024,bunker,no_registry,25-50m,6383346.49,2766084.37,9513605.59,2729
2024,bunker,no_registry,50-75m,822265.35,399167.558,999992.704,305
2024,bunker,no_registry,75-100m,326527.421,29369.5318,333482.549,83
2024,bunker,other_registry,0-25m,762.693286,1826.28212,1356.29389,1
2024,bunker,other_registry,100-125m,48906.6217,563058.967,82253.5192,11
2024,bunker,other_registry,125-150m,5811.67182,49723.2051,8770.54,1
2024,bunker,other_registry,175-200m,16251.2873,66935.1126,8739.38,1
2024,bunker,other_registry,25-50m,51105.1072,57015.6879,80191.2442,14
2024,bunker,other_registry,50-75m,8339.61882,4981.76157,12674.3644,4
2024,cargo.bulk_carrier,imo,0-25m,10030.8478,86726.7774,17351.6864,2
2024,cargo.bulk_carrier,imo,100-125m,455821.241,3835176.44,937327.808,133
2024,cargo.bulk_carrier,imo,125-150m,645556.495,4612008.6,937021.743,137
2024,cargo.bulk_carrier,imo,150-175m,1881463.33,11509357.3,2255628.5,325
2024,cargo.bulk_carrier,imo,175-200m,15359666,78309177.2,13983993.6,1839
2024,cargo.bulk_carrier,imo,200-225m,6792661.28,28923845,4721311.31,621
2024,cargo.bulk_carrier,imo,225m+,28891856.8,92015870.1,12727186,1608
2024,cargo.bulk_carrier,imo,25-50m,24572.1035,242819.868,63105.2839,9
2024,cargo.bulk_carrier,imo,50-75m,63929.5292,665053.311,132361.008,20
2024,cargo.bulk_carrier,imo,75-100m,194808.424,2075846.4,536004.475,73
2024,cargo.bulk_carrier,no_registry,0-25m,1954.94966,8387.4322,10816.0133,6
2024,cargo.bulk_carrier,no_registry,100-125m,1207047.75,9939032.53,2944543.92,486
2024,cargo.bulk_carrier,no_registry,125-150m,1382867.77,10041161,2402504.29,361
2024,cargo.bulk_carrier,no_registry,150-175m,4254860.59,25035439.3,5464748.6,846
2024,cargo.bulk_carrier,no_registry,175-200m,16522225.8,82280837.8,14926208.8,2136
2024,cargo.bulk_carrier,no_registry,200-225m,13969786.6,56621877.3,9708325.15,1402
2024,cargo.bulk_carrier,no_registry,225m+,32293704.2,104218661,14155412,1961
2024,cargo.bulk_carrier,no_registry,25-50m,234323.845,1139168.95,1254021.74,839
2024,cargo.bulk_carrier,no_registry,50-75m,525993.959,3198534.5,2584533.42,1134
2024,cargo.bulk_carrier,no_registry,75-100m,485661.285,4182585.51,1753377.49,483
2024,cargo.bulk_carrier,other_registry,0-25m,1193.39317,23051.7124,7436.565,1
2024,cargo.bulk_carrier,other_registry,100-125m,213836.937,1833176.43,410420.373,63
2024,cargo.bulk_carrier,other_registry,125-150m,348627.699,2535204.47,484292.379,74
2024,cargo.bulk_carrier,other_registry,150-175m,961265.712,5904681.91,1226405.6,175
2024,cargo.bulk_carrier,other_registry,175-200m,7595414.77,38666485.3,6917312.84,916
2024,cargo.bulk_carrier,other_registry,200-225m,3198585.07,13507628,2314361.16,309
2024,cargo.bulk_carrier,other_registry,225m+,13846495.9,44772347.4,6154511.42,789
2024,cargo.bulk_carrier,other_registry,25-50m,18859.9261,184936.533,29562.1417,6
2024,cargo.bulk_carrier,other_registry,50-75m,32364.6966,572121.088,122652.489,17
2024,cargo.bulk_carrier,other_registry,75-100m,93489.0641,1120568.47,255669.986,35
2024,cargo.container,imo,0-25m,87.2623426,2217.39594,422.916389,1
2024,cargo.container,imo,100-125m,461899.856,2866605.69,553121.417,80
2024,cargo.container,imo,125-150m,2509941.65,13163702.9,1801611.05,245
2024,cargo.container,imo,150-175m,3289374.3,13080553.2,1749808.97,237
2024,cargo.container,imo,175-200m,4514274.87,15319257.1,1955214.83,274
2024,cargo.container,imo,200-225m,4802194.46,13176434.6,1582731.73,218
2024,cargo.container,imo,225m+,50514261,85416055.4,8280674.21,1058
2024,cargo.container,imo,50-75m,33249.0946,316528.863,59994.1444,10
2024,cargo.container,imo,75-100m,152775.525,1099089.45,222620.681,37
2024,cargo.container,no_registry,0-25m,21.4142941,0.383468195,23.8852778,1
2024,cargo.container,no_registry,100-125m,642489.307,3627066.69,804676.711,143
2024,cargo.container,no_registry,125-150m,1500870.64,6935158.54,1107462.18,180
2024,cargo.container,no_registry,150-175m,3752527.68,13961556.4,2011090.66,292
2024,cargo.container,no_registry,175-200m,5260967.86,17535465.6,2380277.18,344
2024,cargo.container,no_registry,200-225m,10624904.3,29536697.5,3369739.33,484
2024,cargo.container,no_registry,225m+,55080840.8,99133655.5,9770700.84,1351
2024,cargo.container,no_registry,25-50m,364382.7,1207648.85,618914.406,160
2024,cargo.container,no_registry,50-75m,979562.387,3810136.06,1685298.84,430
2024,cargo.container,no_registry,75-100m,788649.638,4041917.34,1274682.98,219
2024,cargo.container,other_registry,100-125m,201379.299,1289583.38,244412.982,34
2024,cargo.container,other_registry,125-150m,1022865.44,5499264.08,798366.838,104
2024,cargo.container,other_registry,150-175m,1638979.77,6445614.55,888638.82,119
2024,cargo.container,other_registry,175-200m,2312021.02,7728242.23,1002582.42,144
2024,cargo.container,other_registry,200-225m,2426625.46,6487225.96,779883.706,106
2024,cargo.container,other_registry,225m+,26765466.3,45595858.9,4407985.98,561
2024,cargo.container,other_registry,25-50m,20399.9784,59982.4336,5349.38056,1
2024,cargo.container,other_registry,50-75m,4291.51379,40330.7192,6509.51972,3
2024,cargo.container,other_registry,75-100m,96591.1308,648790.021,135700.949,19
2024,cargo.general,imo,0-25m,8857.98905,255245.231,116715.468,36
2024,cargo.general,imo,100-125m,4094777.88,30107676,7881818.24,1246
2024,cargo.general,imo,125-150m,5095580.06,26465559.1,5575711.11,836
2024,cargo.general,imo,150-175m,2771276.05,11799427.3,2365962.76,325
2024,cargo.general,imo,175-200m,2422641.93,10010636.5,1723807.62,232
2024,cargo.general,imo,200-225m,508677.644,2060613.26,318369.015,44
2024,cargo.general,imo,225m+,242752.993,612570.423,128018.698,24
2024,cargo.general,imo,25-50m,118313.089,1933276.7,1147684.55,199
2024,cargo.general,imo,50-75m,568352.311,9027373.5,3536985.36,621
2024,cargo.general,imo,75-100m,2521612.27,33753855.8,10340486.6,1634
2024,cargo.general,no_registry,0-25m,76194.2702,205547.435,293315.891,240
2024,cargo.general,no_registry,100-125m,7716306.75,43057267.2,14171806.8,3677
2024,cargo.general,no_registry,125-150m,4581731.32,20613001.2,4892154.55,866
2024,cargo.general,no_registry,150-175m,2988183.33,12228099.6,2695780.69,478
2024,cargo.general,no_registry,175-200m,1795103.3,7301461.09,1168099.86,197
2024,cargo.general,no_registry,200-225m,767381.211,2754483.5,371405.475,73
2024,cargo.general,no_registry,225m+,273150.078,818236.357,118835.89,26
2024,cargo.general,no_registry,25-50m,10124800.4,31055263.3,25792260.8,12613
2024,cargo.general,no_registry,50-75m,20334572.2,90353718.7,57015180.6,20962
2024,cargo.general,no_registry,75-100m,9870504.76,72527469.6,31468390.1,9104
2024,cargo.general,other_registry,0-25m,6534.8539,207579.977,97004.2806,23
2024,cargo.general,other_registry,100-125m,1992204.19,14515525,3910896.21,628
2024,cargo.general,other_registry,125-150m,2569219.24,13365990.8,2853297.9,425
2024,cargo.general,other_registry,150-175m,1096135.82,4725017.26,928867.248,134
2024,cargo.general,other_registry,175-200m,1178060.59,4974364.23,846520.242,118
2024,cargo.general,other_registry,200-225m,233078.433,902510.216,142798.049,19
2024,cargo.general,other_registry,225m+,127452.642,373873.235,85444.3664,11
2024,cargo.general,other_registry,25-50m,72324.1779,1097373.68,571300.504,100
2024,cargo.general,other_registry,50-75m,225321.134,3471501.05,1544755.59,267
2024,cargo.general,other_registry,75-100m,1169747.96,17114746.2,5245300.74,794
2024,cargo.refrigerated,imo,100-125m,193836.59,631768.083,137280.253,16
2024,cargo.refrigerated,imo,125-150m,368147.813,961678.228,138985.311,19
2024,cargo.refrigerated,imo,150-175m,287905.354,688187.901,75032.3767,14
2024,cargo.refrigerated,imo,175-200m,96700.2498,231216.615,26026.5864,3
2024,cargo.refrigerated,imo,200-225m,75626.0228,119814.975,16608.5233,2
2024,cargo.refrigerated,imo,225m+,30324.0882,57943.6187,22041.9561,3
2024,cargo.refrigerated,imo,50-75m,17718.0788,75457.7862,26229.1022,3
2024,cargo.refrigerated,imo,75-100m,40191.1458,161285.581,40760.2878,5
2024,cargo.refrigerated,no_registry,100-125m,23374.3855,60809.6978,10487.5833,4
2024,cargo.refrigerated,no_registry,125-150m,39368.8119,88185.1038,13909.8133,2
2024,cargo.refrigerated,no_registry,150-175m,27353.1252,55050.8427,7733.5475,2
2024,cargo.refrigerated,no_registry,25-50m,1302.98842,6681.75222,1965.05111,9
2024,cargo.refrigerated,no_registry,50-75m,1217.50172,7877.86277,2122.95083,3
2024,cargo.refrigerated,other_registry,100-125m,58755.6991,176621.102,38553.0997,5
2024,cargo.refrigerated,other_registry,125-150m,294788.927,732773.857,93733.0383,13
2024,cargo.refrigerated,other_registry,150-175m,221826.758,484581.752,55444.8533,8
2024,cargo.refrigerated,other_registry,175-200m,8950.55829,5938.89257,3750.77278,1
2024,cargo.refrigerated,other_registry,200-225m,58123.1918,89167.3749,8728.72639,1
2024,cargo.refrigerated,other_registry,225m+,54473.587,99702.1492,8834.79583,2
2024,cargo.refrigerated,other_registry,50-75m,21062.2662,100232.257,26160.5186,3
2024,cargo.refrigerated,other_registry,75-100m,21128.0306,92359.2062,18204.8533,4
2024,cargo.ro_ro,imo,0-25m,30535.0471,110012.365,57986.9633,14
2024,cargo.ro_ro,imo,100-125m,372668.176,1374902.56,378184.358,58
2024,cargo.ro_ro,imo,125-150m,1046916.75,4238544.96,587886.676,82
2024,cargo.ro_ro,imo,150-175m,2826530.07,8302175.7,957196.641,130
2024,cargo.ro_ro,imo,175-200m,3959054.75,12546388.9,1227973.19,162
2024,cargo.ro_ro,imo,200-225m,6285424.58,19718190.7,1789694.9,221
2024,cargo.ro_ro,imo,225m+,1854816.42,4866186.24,471972.546,67
2024,cargo.ro_ro,imo,25-50m,218190.531,836184.553,373227.264,74
2024,cargo.ro_ro,imo,50-75m,751612.995,2749835.05,1185667.86,213
2024,cargo.ro_ro,imo,75-100m,334552.969,1038108.3,473049.552,90
2024,cargo.ro_ro,no_registry,0-25m,34438.248,36817.244,80260.0775,29
2024,cargo.ro_ro,no_registry,100-125m,280610.793,986928.932,314901.659,81
2024,cargo.ro_ro,no_registry,125-150m,822683.674,2553216.7,435210.36,89
2024,cargo.ro_ro,no_registry,150-175m,1304840.77,3894965.81,413837.574,81
2024,cargo.ro_ro,no_registry,175-200m,2126833.79,5464853.34,537779.337,87
2024,cargo.ro_ro,no_registry,200-225m,2819075.4,8338648.01,756822.514,125
2024,cargo.ro_ro,no_registry,225m+,1416482.47,3552202.77,349932.616,64
2024,cargo.ro_ro,no_registry,25-50m,1060712.06,2363504.36,1701444.61,778
2024,cargo.ro_ro,no_registry,50-75m,1307311.54,3617370.12,2006017.59,814
2024,cargo.ro_ro,no_registry,75-100m,440905.339,1260664.51,649671.071,210
2024,cargo.ro_ro,other_registry,0-25m,9297.54285,27750.5542,16758.9422,4
2024,cargo.ro_ro,other_registry,100-125m,194549.731,706130.476,185732.331,31
2024,cargo.ro_ro,other_registry,125-150m,510569.148,1957605.19,257400.662,40
2024,cargo.ro_ro,other_registry,150-175m,1219314.2,3570061.43,364945.398,57
2024,cargo.ro_ro,other_registry,175-200m,2336800.94,7316727.55,719304.447,93
2024,cargo.ro_ro,other_registry,200-225m,3111604.74,9950881.03,883963.58,108
2024,cargo.ro_ro,other_registry,225m+,899789.386,2482102.72,242352.147,38
2024,cargo.ro_ro,other_registry,25-50m,196420.21,587164.401,307655.02,62
2024,cargo.ro_ro,other_registry,50-75m,371427.169,1193130.49,530037.886,101
2024,cargo.ro_ro,other_registry,75-100m,176982.909,541022.668,249293.589,48
2024,container_reefer,imo,125-150m,385299.733,1061815.76,106370.985,13
2024,container_reefer,imo,150-175m,1174868.15,2954372.57,281697.967,35
2024,container_reefer,imo,175-200m,424184.122,1037824.59,86576.0428,10
2024,container_reefer,imo,200-225m,43181.743,75498.6993,8765.64333,1
2024,container_reefer,other_registry,125-150m,150958.004,458437.904,43180.2264,5
2024,container_reefer,other_registry,150-175m,490537.71,1274319.41,119866.545,14
2024,container_reefer,other_registry,175-200m,131280.754,321975.667,25881.9383,3
2024,dive_vessel,imo,100-125m,100201.724,296604.577,238218.672,29
2024,dive_vessel,imo,125-150m,53863.6842,141210.271,101541.64,12
2024,dive_vessel,imo,25-50m,3683.61521,7183.91879,21529.1869,6
2024,dive_vessel,imo,50-75m,20572.824,64695.0293,92028.6464,12
2024,dive_vessel,imo,75-100m,209542.951,740543.935,756507.046,99
2024,dive_vessel,no_registry,100-125m,69643.3371,210258.849,185561.978,23
2024,dive_vessel,no_registry,125-150m,11023.6852,28243.1988,26576.3219,5
2024,dive_vessel,no_registry,150-175m,11639.4077,27800.0735,26316.9044,3
2024,dive_vessel,no_registry,25-50m,2880.16218,2734.72424,17325.7517,2
2024,dive_vessel,no_registry,50-75m,19008.843,77824.8821,91572.6892,14
2024,dive_vessel,no_registry,75-100m,157034.739,563589.23,587907.838,80
2024,dive_vessel,other_registry,100-125m,36324.8253,91117.4551,102184.954,13
2024,dive_vessel,other_registry,125-150m,16853.2198,39857.0154,34673.1661,4
2024,dive_vessel,other_registry,150-175m,15814.3952,40375.0913,17440.3275,2
2024,dive_vessel,other_registry,25-50m,2.51268187,11.8412037,15.2216667,1
2024,dive_vessel,other_registry,50-75m,20522.9118,80468.5977,82026.9208,11
2024,dive_vessel,other_registry,75-100m,99833.0372,349147.742,351334.343,47
2024,dredge_fishing,imo,0-25m,8722.55528,133017.272,157348.166,80
2024,dredge_fishing,imo,25-50m,68277.4193,232487.297,341654.173,52
2024,dredge_fishing,no_registry,0-25m,5264.90855,42650.641,105421.054,43
2024,dredge_fishing,no_registry,25-50m,15979.788,72177.4287,86240.4369,12
2024,dredge_fishing,other_registry,0-25m,3815.11083,52899.6604,54534.2433,38
2024,dredge_fishing,other_registry,25-50m,66845.1187,246604.157,284188.204,40
2024,dredge_non_fishing,imo,0-25m,1782.27119,24882.4271,38812.4356,9
2024,dredge_non_fishing,imo,100-125m,219403.472,1238400.3,511693.964,71
2024,dredge_non_fishing,imo,125-150m,225256.74,827042.091,305857.661,38
2024,dredge_non_fishing,imo,150-175m,117510.41,336261.928,129951.645,15
2024,dredge_non_fishing,imo,175-200m,26444.0441,95482.4848,31900.3322,4
2024,dredge_non_fishing,imo,200-225m,25652.311,57759.553,17565.01,2
2024,dredge_non_fishing,imo,225m+,5226.91499,18486.1988,8190.37056,1
2024,dredge_non_fishing,imo,25-50m,73251.9999,378546.802,492817,81
2024,dredge_non_fishing,imo,50-75m,165369.802,804316.049,1114069.63,190
2024,dredge_non_fishing,imo,75-100m,272875.85,1817032.53,1050857.25,141
2024,dredge_non_fishing,no_registry,0-25m,16514.268,71227.4687,140921.747,32
2024,dredge_non_fishing,no_registry,100-125m,150541.692,744938.042,437557.434,71
2024,dredge_non_fishing,no_registry,125-150m,118441.523,477865.719,164922.918,23
2024,dredge_non_fishing,no_registry,150-175m,17824.9325,51947.577,37048.0297,8
2024,dredge_non_fishing,no_registry,175-200m,5357.20482,12540.9493,17913.5364,3
2024,dredge_non_fishing,no_registry,25-50m,229064.927,706889.421,1705681.82,343
2024,dredge_non_fishing,no_registry,50-75m,693037.766,2805582.57,4761584.88,945
2024,dredge_non_fishing,no_registry,75-100m,420639.092,1713192.15,2525011.93,470
2024,dredge_non_fishing,other_registry,0-25m,1359.5177,8698.09296,9232.64139,2
2024,dredge_non_fishing,other_registry,100-125m,102391.943,566152.046,237793.228,31
2024,dredge_non_fishing,other_registry,125-150m,54186.5427,198747.289,78028.7944,10
2024,dredge_non_fishing,other_registry,150-175m,95410.9034,305261.322,78507.3028,10
2024,dredge_non_fishing,other_registry,175-200m,7791.36849,20504.6102,8780.15528,1
2024,dredge_non_fishing,other_registry,225m+,17524.9493,46209.2467,17564.3317,2
2024,dredge_non_fishing,other_registry,25-50m,42674.7562,198993.631,326602.704,50
2024,dredge_non_fishing,other_registry,50-75m,69004.3323,332067.503,455391.024,83
2024,dredge_non_fishing,other_registry,75-100m,128329.141,868343.584,491417.185,76
2024,drifting_longlines,imo,0-25m,492924.25,16729787.3,5719914.15,1827
2024,drifting_longlines,imo,100-125m,37.4616162,1024.09787,560.998889,1
2024,drifting_longlines,imo,125-150m,1567.86862,152.894876,4717.54389,1
2024,drifting_longlines,imo,150-175m,28242.9387,567821.547,97602.8211,13
2024,drifting_longlines,imo,175-200m,4043.06729,92193.4374,14595.2572,2
2024,drifting_longlines,imo,200-225m,4175.55563,80709.2705,14833.6281,2
2024,drifting_longlines,imo,225m+,1998.46558,42788.073,7726.66194,1
2024,drifting_longlines,imo,25-50m,792391.258,19218296.5,4555273.89,909
2024,drifting_longlines,imo,50-75m,406354.363,8309806.92,1534252.53,248
2024,drifting_longlines,imo,75-100m,86.9213251,7322.00751,2314.945,3
2024,drifting_longlines,no_registry,0-25m,561354.74,18594881.7,7682707.96,5397
2024,drifting_longlines,no_registry,200-225m,1217.47205,3017.39157,247.379722,1
2024,drifting_longlines,no_registry,25-50m,296285.862,4895540.27,1802878.27,1374
2024,drifting_longlines,no_registry,50-75m,38999.4925,483499.112,165898.882,139
2024,drifting_longlines,no_registry,75-100m,223.308585,987.539252,686.035833,1
2024,drifting_longlines,other_registry,0-25m,233407.702,7756923.96,2665995.41,874
2024,drifting_longlines,other_registry,100-125m,306.632078,15342.6245,4129.91,1
2024,drifting_longlines,other_registry,125-150m,4320.39343,63805.0417,16049.4953,2
2024,drifting_longlines,other_registry,150-175m,4148.69982,81181.9255,14369.3847,2
2024,drifting_longlines,other_registry,175-200m,2146.41216,41577.4592,8699.3625,1
2024,drifting_longlines,other_registry,200-225m,5495.43821,86212.9293,14720.8017,2
2024,drifting_longlines,other_registry,25-50m,413770.27,10173257.9,2351090.45,502
2024,drifting_longlines,other_registry,50-75m,181515.726,3617638.52,675913.244,115
2024,drifting_longlines,other_registry,75-100m,157.199294,14334.2367,5023.58639,3
2024,driftnets,imo,0-25m,8544.22869,94124.8277,56690.4514,22
2024,driftnets,imo,25-50m,11199.3304,88347.8194,48720.3314,22
2024,driftnets,imo,50-75m,1754.5902,14136.3059,6312.25444,5
2024,driftnets,no_registry,0-25m,1389321.37,15390824.3,12779693.4,6302
2024,driftnets,no_registry,100-125m,2930.26862,4272.55438,9718.22056,3
2024,driftnets,no_registry,25-50m,6797688.68,42569172.5,30220225.3,9614
2024,driftnets,no_registry,50-75m,237523.446,1460697.87,872829.008,422
2024,driftnets,no_registry,75-100m,17067.6137,108720.435,60570.755,35
2024,driftnets,other_registry,0-25m,4477.90326,82785.3641,44098.5414,18
2024,driftnets,other_registry,25-50m,8698.40284,45709.3208,35391.7461,14
2024,driftnets,other_registry,50-75m,0.106691996,1.66512069,0.408611111,1
2024,fish_factory,imo,125-150m,432.126152,2064.44695,3051.28722,1
2024,other_fishing,imo,0-25m,1729.61768,42754.4907,36604.2347,37
2024,other_fishing,imo,25-50m,787.353117,16710.654,11153.3517,11
2024,other_fishing,no_registry,0-25m,41957.6654,904432.499,712360.643,482
2024,other_fishing,no_registry,25-50m,9414.44545,107865.936,85155.8775,68
2024,other_fishing,other_registry,0-25m,1842.19722,46758.8284,39804.0561,28
2024,other_fishing,other_registry,25-50m,159.609697,2908.32463,2851.72056,3
2024,other_not_fishing,imo,0-25m,5056.78651,4741.0951,29092.4722,4
2024,other_not_fishing,imo,100-125m,153611.841,267736.474,605101.471,80
2024,other_not_fishing,imo,125-150m,99839.4061,172906.395,290462.866,37
2024,other_not_fishing,imo,150-175m,197293.04,196496.389,124819.852,15
2024,other_not_fishing,imo,175-200m,22464.2137,35733.0556,58587.6517,8
2024,other_not_fishing,imo,200-225m,2117.54938,36.741589,12345.4211,2
2024,other_not_fishing,imo,225m+,11119.4778,6868.96297,26352.3208,4
2024,other_not_fishing,imo,25-50m,47932.9448,45106.2938,277315.287,44
2024,other_not_fishing,imo,50-75m,114728.49,80030.6233,665330.819,98
2024,other_not_fishing,imo,75-100m,155531.515,145200.474,871274.138,119
2024,other_not_fishing,no_registry,0-25m,457.636297,203.586423,2699.90861,2
2024,other_not_fishing,no_registry,100-125m,123013.318,128331.521,647995.16,101
2024,other_not_fishing,no_registry,125-150m,58665.1908,102692.85,224756.396,37
2024,other_not_fishing,no_registry,150-175m,42836.9801,84806.1168,113223.189,17
2024,other_not_fishing,no_registry,175-200m,22383.7875,6965.67055,130870.87,20
2024,other_not_fishing,no_registry,200-225m,48743.9044,2146.0157599999998,290539.387,42
2024,other_not_fishing,no_registry,225m+,4736.82616,361.076632,28198.8164,5
2024,other_not_fishing,no_registry,25-50m,105346.219,54816.0753,618320.944,109
2024,other_not_fishing,no_registry,50-75m,376240.418,209952.004,2202807.21,355
2024,other_not_fishing,no_registry,75-100m,377972.307,426607.13,2086715.99,318
2024,other_not_fishing,other_registry,100-125m,62869.9871,101785.697,248568.846,32
2024,other_not_fishing,other_registry,125-150m,77034.2571,154684.967,146593.826,19
2024,other_not_fishing,other_registry,150-175m,28169.3583,42487.5672,39217.0808,5
2024,other_not_fishing,other_registry,175-200m,7884.93376,2481.59853,46798.2542,6
2024,other_not_fishing,other_registry,200-225m,2913.63609,59.4601509,17182.9553,2
2024,other_not_fishing,other_registry,25-50m,11280.4892,7925.29906,65327.0164,12
2024,other_not_fishing,other_registry,50-75m,70186.1355,51029.0052,409124.156,56
2024,other_not_fishing,other_registry,75-100m,116747.401,162910.37,589540.802,78
2024,other_purse_seines,imo,0-25m,2253.0005,116944.947,40719.1228,16
2024,other_purse_seines,imo,25-50m,33104.7017,532630.924,155543.736,41
2024,other_purse_seines,imo,50-75m,15726.2204,147868.073,36685.9619,7
2024,other_purse_seines,no_registry,0-25m,202.103525,4035.10462,1098.40861,2
2024,other_purse_seines,no_registry,25-50m,22049.0999,280023.586,63636.0286,21
2024,other_purse_seines,other_registry,0-25m,910.929482,71466.5167,22410.5664,10
2024,other_purse_seines,other_registry,25-50m,30509.8261,409715.767,118693.096,25
2024,other_purse_seines,other_registry,50-75m,4563.67313,48752.1218,9928.99417,2
2024,other_seines,imo,0-25m,37604.3753,308905.414,715310.615,106
2024,other_seines,imo,25-50m,3805.18723,12608.552,21247.3767,3
2024,other_seines,no_registry,0-25m,105.982047,2562.6494,5207.7125,2
2024,other_seines,other_registry,0-25m,17795.3519,163414.637,367789.466,61
2024,other_seines,other_registry,25-50m,1744.66981,2591.52652,8387.73556,1
2024,passenger,imo,0-25m,10654144.8,15852931.6,19960779.7,11824
2024,passenger,imo,100-125m,1551717.37,4661953.48,1030002.96,142
2024,passenger,imo,125-150m,1201919.77,2690895.89,411482.896,60
2024,passenger,imo,150-175m,1712591.85,3041382,387061.252,53
2024,passenger,imo,175-200m,812141.036,1597478.84,173420.152,23
2024,passenger,imo,200-225m,327558.954,487604.21,78042.7856,11
2024,passenger,imo,225m+,7457568.87,7043576.68,690370.888,81
2024,passenger,imo,25-50m,7368483.6,18944469.7,11516072.8,2330
2024,passenger,imo,50-75m,3437392.5,9763307.47,4924532.81,765
2024,passenger,imo,75-100m,2263314.01,7236767.34,2260116.06,312
2024,passenger,no_registry,0-25m,121442056,175009625,228711805,167685
2024,passenger,no_registry,100-125m,2173387.22,5767374.23,1468334.98,357
2024,passenger,no_registry,125-150m,1187372.5,2655348.94,518030.304,93
2024,passenger,no_registry,150-175m,875247.541,1441267.96,222615.92,36
2024,passenger,no_registry,175-200m,432351.581,770925.218,119295.046,30
2024,passenger,no_registry,200-225m,807124.095,1352426.08,148868.935,21
2024,passenger,no_registry,225m+,3848927.86,4200000.67,398157.537,55
2024,passenger,no_registry,25-50m,49516861.8,74541537.9,74835179,22556
2024,passenger,no_registry,50-75m,8370448.63,15470282.5,11131975.9,2971
2024,passenger,no_registry,75-100m,2414488.34,7126009.5,2547800.87,565
2024,passenger,other_registry,0-25m,5189517.2,7526777.18,9732912.53,5738
2024,passenger,other_registry,100-125m,440372.063,1485443.05,332233.019,53
2024,passenger,other_registry,125-150m,723742.755,1852509.85,286175.278,38
2024,passenger,other_registry,150-175m,733718.064,1210720.92,134909.05,16
2024,passenger,other_registry,175-200m,745669.755,1397789.6,137283.411,18
2024,passenger,other_registry,200-225m,145267.388,249454.818,28504.1333,4
2024,passenger,other_registry,225m+,2769362.88,2702920.92,260631.161,30
2024,passenger,other_registry,25-50m,3652252.83,9570109,5686901.08,1158
2024,passenger,other_registry,50-75m,1488832.82,3995503,2025972.18,320
2024,passenger,other_registry,75-100m,980065.133,3192656.91,924190.834,129
2024,patrol_vessel,imo,0-25m,25484.2899,157564.821,154315.267,67
2024,patrol_vessel,imo,100-125m,34823.7814,165507.194,54347.9919,20
2024,patrol_vessel,imo,125-150m,2524.37937,11903.8481,2176.1875,3
2024,patrol_vessel,imo,175-200m,778.142302,5782.48021,1569.89667,1
2024,patrol_vessel,imo,25-50m,98357.2269,931545.83,569343.102,109
2024,patrol_vessel,imo,50-75m,55786.4649,410372.108,235921.866,93
2024,patrol_vessel,imo,75-100m,65203.8136,497029.781,184616.933,59
2024,patrol_vessel,no_registry,0-25m,320304.599,1761096.05,1987414.89,1252
2024,patrol_vessel,no_registry,100-125m,187816.198,1120684.31,291342.289,234
2024,patrol_vessel,no_registry,125-150m,50816.7763,250588.242,52375.8086,37
2024,patrol_vessel,no_registry,150-175m,17330.1842,61205.4109,15396.6569,16
2024,patrol_vessel,no_registry,25-50m,706170.573,4427714.03,4290505.76,1551
2024,patrol_vessel,no_registry,50-75m,197316.136,1771690.78,833143.846,479
2024,patrol_vessel,no_registry,75-100m,177335.764,1462793.38,529174.696,291
2024,patrol_vessel,other_registry,0-25m,8495.39244,60693.0072,50974.9567,27
2024,patrol_vessel,other_registry,100-125m,10529.0352,46644.8549,17809.42,9
2024,patrol_vessel,other_registry,125-150m,4566.1473,18991.0798,7983.54056,2
2024,patrol_vessel,other_registry,150-175m,6004.32729,10169.0036,1437.57389,1
2024,patrol_vessel,other_registry,25-50m,41087.0131,305737.61,244782.758,55
2024,patrol_vessel,other_registry,50-75m,33956.9825,285501.297,156989.471,53
2024,patrol_vessel,other_registry,75-100m,25804.657,182941.145,77235.4111,30
2024,pole_and_line,imo,0-25m,83700.1592,764485.587,1059874.52,287
2024,pole_and_line,imo,25-50m,16440.1134,492127.779,136698.081,44
2024,pole_and_line,imo,50-75m,30918.0306,472027.041,81603.5736,12
2024,pole_and_line,no_registry,0-25m,105940.245,1873895.98,1047441.8,623
2024,pole_and_line,no_registry,25-50m,41078.4985,577972.585,212512.139,145
2024,pole_and_line,no_registry,50-75m,1463.75123,18515.9486,7296.01694,4
2024,pole_and_line,other_registry,0-25m,52276.4522,431678.39,600264.091,160
2024,pole_and_line,other_registry,25-50m,14212.3289,343410.48,96937.5933,29
2024,pole_and_line,other_registry,50-75m,10052.221,189649.096,31422.6789,4
2024,pots_and_traps,imo,0-25m,48431.4801,942261.767,1987184.65,632
2024,pots_and_traps,imo,25-50m,29007.7091,335067.281,174179.95,48
2024,pots_and_traps,imo,50-75m,1528.11213,6167.25425,2992.24722,1
2024,pots_and_traps,no_registry,0-25m,72526.733,1666005.27,1613125.76,1151
2024,pots_and_traps,no_registry,25-50m,17663.2505,83675.0321,63252.745,59
2024,pots_and_traps,other_registry,0-25m,22749.4207,454094.921,1002143.09,339
2024,pots_and_traps,other_registry,25-50m,19279.7611,198514.158,100397.229,26
2024,research,imo,0-25m,3355.8058,18562.6121,18931.6119,4
2024,research,imo,25-50m,10381.7503,72744.8024,54149.3856,8
2024,research,imo,50-75m,23647.6364,191507.267,91960.7742,12
2024,research,imo,75-100m,6367.35477,47683.0899,26224.9753,3
2024,research,no_registry,0-25m,1135.022,9174.72474,7497.14278,4
2024,research,no_registry,25-50m,7499.59877,57621.1893,38602.3986,10
2024,research,no_registry,50-75m,3463.36778,25592.0418,15232.5167,2
2024,research,other_registry,0-25m,285.195166,35241.4453,9111.35222,2
2024,research,other_registry,25-50m,8105.99493,51015.1619,48184.0264,8
2024,research,other_registry,50-75m,23823.8235,207039.442,81129.3811,11
2024,research,other_registry,75-100m,3137.36327,15737.2361,8766.58944,1
2024,seismic_vessel,imo,0-25m,4501.77344,22392.644,24766.7428,4
2024,seismic_vessel,imo,100-125m,165655.843,786976.332,335758.568,43
2024,seismic_vessel,imo,125-150m,72936.1247,247986.819,101949.821,14
2024,seismic_vessel,imo,150-175m,32577.2058,116760.639,51166.0636,6
2024,seismic_vessel,imo,175-200m,15469.6175,46660.8083,8783.35056,1
2024,seismic_vessel,imo,200-225m,6010.22174,23382.8073,8782.88333,1
2024,seismic_vessel,imo,25-50m,140181.699,1004461.52,776139.063,114
2024,seismic_vessel,imo,50-75m,289764.563,2481364.81,1081559.66,154
2024,seismic_vessel,imo,75-100m,390377.57,2361668.27,904797.995,130
2024,seismic_vessel,no_registry,0-25m,4685.60194,18844.4068,31921.0092,6
2024,seismic_vessel,no_registry,100-125m,125680.91,698219.623,237483.9,42
2024,seismic_vessel,no_registry,125-150m,69119.9641,238666.85,110566.365,19
2024,seismic_vessel,no_registry,150-175m,9926.75729,28158.2625,9076.92444,3
2024,seismic_vessel,no_registry,175-200m,448.995718,1173.09913,636.281389,1
2024,seismic_vessel,no_registry,25-50m,215758.497,1589330.42,1183530.64,230
2024,seismic_vessel,no_registry,50-75m,174129.124,1408757.37,680577.928,132
2024,seismic_vessel,no_registry,75-100m,306774.704,1821189.23,822620.934,151
2024,seismic_vessel,other_registry,0-25m,2835.6720099999998,22248.7061,14228.2319,2
2024,seismic_vessel,other_registry,100-125m,66464.4921,379326.205,120309.479,17
2024,seismic_vessel,other_registry,125-150m,13654.7355,51139.5655,26360.2283,4
2024,seismic_vessel,other_registry,150-175m,12249.1451,48032.1984,17438.5739,2
2024,seismic_vessel,other_registry,175-200m,15415.5347,58446.3538,8714.22583,1
2024,seismic_vessel,other_registry,25-50m,74488.7153,511635.938,408526.766,61
2024,seismic_vessel,other_registry,50-75m,132278.426,1088078.56,464729.708,65
2024,seismic_vessel,other_registry,75-100m,127811.348,779730.557,335720.427,46
2024,set_gillnets,imo,0-25m,58283.4152,2837094.41,1844929.73,861
2024,set_gillnets,imo,25-50m,801.260692,39285.2193,15523.4992,8
2024,set_gillnets,imo,50-75m,19.8843631,2155.1969,694.992778,2
2024,set_gillnets,imo,75-100m,12.0375671,555.841532,375.172778,2
2024,set_gillnets,no_registry,0-25m,276563.195,5867010.69,4960803.5,4181
2024,set_gillnets,no_registry,25-50m,199386.012,982864.968,794610.549,461
2024,set_gillnets,no_registry,50-75m,62.7931132,2745.99848,1042.93333,1
2024,set_gillnets,other_registry,0-25m,22945.312,1275384.61,829592.931,390
2024,set_gillnets,other_registry,25-50m,539.336302,30210.4661,11099.8494,4
2024,set_gillnets,other_registry,50-75m,70.6834651,4992.29372,2460.37722,2
2024,set_gillnets,other_registry,75-100m,22.9402354,3004.81312,709.479167,1
2024,set_longlines,imo,0-25m,37101.9126,837397.428,840441.098,165
2024,set_longlines,imo,25-50m,134501.952,2002021.31,777193.289,122
2024,set_longlines,imo,50-75m,107810.485,1045146.19,306490.024,44
2024,set_longlines,no_registry,0-25m,29594.4923,714383.119,497340.306,256
2024,set_longlines,no_registry,25-50m,24634.1591,351367.408,174777.309,64
2024,set_longlines,other_registry,0-25m,24137.2694,583251.777,497810.282,91
2024,set_longlines,other_registry,100-125m,16.5787212,897.540677,307.371111,1
2024,set_longlines,other_registry,25-50m,52687.995,805123.531,293402.979,46
2024,set_longlines,other_registry,50-75m,48138.7077,548286.611,157317.141,21
2024,set_longlines,other_registry,75-100m,59.9240461,2801.68455,992.561111,1
2024,specialized_reefer,imo,100-125m,607133.241,2150149.56,519382.671,73
2024,specialized_reefer,imo,125-150m,902336.64,2238476.1,459511.342,64
2024,specialized_reefer,imo,150-175m,262904.866,412760.977,102346.376,17
2024,specialized_reefer,imo,25-50m,64028.7728,451347.319,112745.586,18
2024,specialized_reefer,imo,50-75m,178817.446,1012717.58,294661.146,48
2024,specialized_reefer,imo,75-100m,324860.935,1465398.79,423565.948,58
2024,specialized_reefer,no_registry,100-125m,23.3593965,26.8964934,11.1630556,2
2024,specialized_reefer,no_registry,25-50m,19881.3589,92647.2699,31721.5847,7
2024,specialized_reefer,no_registry,50-75m,3667.4526300000002,14190.7492,5234.91833,5
2024,specialized_reefer,no_registry,75-100m,31136.416,45390.1609,22277.8914,6
2024,specialized_reefer,other_registry,100-125m,447980.978,1481957.38,363035.323,46
2024,specialized_reefer,other_registry,125-150m,547290.949,1290039.79,294030.1,41
2024,specialized_reefer,other_registry,150-175m,216186.973,416295.663,79287.8639,11
2024,specialized_reefer,other_registry,25-50m,28630.662,198006.469,47317.2892,9
2024,specialized_reefer,other_registry,50-75m,88259.1176,492186.605,150642.201,25
2024,specialized_reefer,other_registry,75-100m,158193.577,797640.221,228331.626,33
2024,squid_jigger,imo,0-25m,14811.6494,365437.276,256126.066,181
2024,squid_jigger,imo,25-50m,185510.71,2447043.42,1081025.55,369
2024,squid_jigger,imo,50-75m,940744.128,8300760.04,2813805.27,441
2024,squid_jigger,imo,75-100m,34470.231,333150.73,77982.4725,13
2024,squid_jigger,no_registry,0-25m,76890.0022,1635102.93,1209154.02,818
2024,squid_jigger,no_registry,125-150m,3815.68232,10537.2529,6880.08722,2
2024,squid_jigger,no_registry,150-175m,1186.67441,1799.32483,1535.43556,1
2024,squid_jigger,no_registry,25-50m,141550.697,1520900.66,828926.635,522
2024,squid_jigger,no_registry,50-75m,80729.0247,637679.603,276720.342,164
2024,squid_jigger,no_registry,75-100m,3368.54399,11049.6614,7370.29361,4
2024,squid_jigger,other_registry,0-25m,5410.83764,145953.218,101872.028,82
2024,squid_jigger,other_registry,25-50m,104524.171,1328151.66,596015.589,191
2024,squid_jigger,other_registry,50-75m,410379.818,3452214.49,1256450.74,196
2024,squid_jigger,other_registry,75-100m,11516.1756,102471.444,26181.1983,5
2024,supply_vessel,imo,0-25m,24101.6882,100756.456,136603.659,23
2024,supply_vessel,imo,100-125m,119871.852,546178.29,324833.568,40
2024,supply_vessel,imo,125-150m,9486.49045,29925.0904,19331.6136,3
2024,supply_vessel,imo,150-175m,1693.40664,4716.74816,5380.71889,1
2024,supply_vessel,imo,25-50m,880188.085,7982935.01,4137721.97,617
2024,supply_vessel,imo,50-75m,771245.945,5432498.77,3078580.38,418
2024,supply_vessel,imo,75-100m,1114084.68,5671313.38,3150541.65,398
2024,supply_vessel,no_registry,0-25m,84951.6757,801079.898,491063.727,128
2024,supply_vessel,no_registry,100-125m,71795.1302,326756.354,198225.311,28
2024,supply_vessel,no_registry,125-150m,5164.6408,17153.6494,10275.845,2
2024,supply_vessel,no_registry,200-225m,1417.83162,5.40057728,8784.00139,1
2024,supply_vessel,no_registry,25-50m,1766064.55,14993039.3,8450477.46,1640
2024,supply_vessel,no_registry,50-75m,401359.02,2779306.27,1699851.5,293
2024,supply_vessel,no_registry,75-100m,511522.55,2602406.18,1641871.75,248
2024,supply_vessel,other_registry,0-25m,7225.40387,51117.0186,41679.2503,12
2024,supply_vessel,other_registry,100-125m,22036.1474,127380.715,57532.8742,7
2024,supply_vessel,other_registry,125-150m,2634.43757,6634.52833,8778.41833,2
2024,supply_vessel,other_registry,150-175m,3079.95443,18468.8288,7408.6925,2
2024,supply_vessel,other_registry,25-50m,389012.323,3426288.42,1867756.04,292
2024,supply_vessel,other_registry,50-75m,356737.136,2515286.64,1398134.77,185
2024,supply_vessel,other_registry,75-100m,591492.3,2967379.68,1716583.95,216
2024,tanker.chemical,imo,0-25m,12694.523,52727.7088,8670.18778,2
2024,tanker.chemical,imo,100-125m,3494225.31,15787896,3423263.94,452
2024,tanker.chemical,imo,125-150m,3851112.84,14064661.5,2676095.91,354
2024,tanker.chemical,imo,150-175m,3862947.37,12122878.8,1986837.84,274
2024,tanker.chemical,imo,175-200m,10930787.3,29461632.3,4899026.4,628
2024,tanker.chemical,imo,200-225m,1084191.44,2715749.37,446291.823,64
2024,tanker.chemical,imo,225m+,463044.765,915695.694,127906.33,21
2024,tanker.chemical,imo,25-50m,62804.9942,268249.696,60142.1331,8
2024,tanker.chemical,imo,50-75m,589773.443,3559901.69,858244.059,110
2024,tanker.chemical,imo,75-100m,1072897.29,6602968.29,1474636.81,190
2024,tanker.chemical,no_registry,100-125m,3572112.22,13222366,3476262.8,677
2024,tanker.chemical,no_registry,125-150m,2757716.39,8001673.33,1691966.76,274
2024,tanker.chemical,no_registry,150-175m,6364062.09,17350054.4,3061053.13,436
2024,tanker.chemical,no_registry,175-200m,10963021.9,29467487.5,4762351.24,647
2024,tanker.chemical,no_registry,200-225m,4181684.29,9996607.11,1722482.78,239
2024,tanker.chemical,no_registry,225m+,1710676.86,3691095.94,612639.508,98
2024,tanker.chemical,no_registry,25-50m,164168.127,329376.848,229356.15,41
2024,tanker.chemical,no_registry,50-75m,1177197.7,5254599.46,1658332.54,256
2024,tanker.chemical,no_registry,75-100m,1221019.9,4637746.41,1657511.54,309
2024,tanker.chemical,other_registry,100-125m,1572576.8,7190250.34,1576687.22,217
2024,tanker.chemical,other_registry,125-150m,1734748.66,6136435.26,1206092.65,159
2024,tanker.chemical,other_registry,150-175m,2018856.32,6273086.36,1045522.63,145
2024,tanker.chemical,other_registry,175-200m,5927195.59,16550327.5,2647665.94,337
2024,tanker.chemical,other_registry,200-225m,342360.95,855612.097,144828.874,25
2024,tanker.chemical,other_registry,225m+,360159.959,718438.456,126507.81,17
2024,tanker.chemical,other_registry,25-50m,105779.315,387065.623,74162.0836,9
2024,tanker.chemical,other_registry,50-75m,281248.887,1558904.53,386388.61,50
2024,tanker.chemical,other_registry,75-100m,544480.416,3223330.95,734150.366,99
2024,tanker.liquefied_gas,imo,100-125m,771540.386,3053237.16,592234.999,79
2024,tanker.liquefied_gas,imo,125-150m,540801.579,1821059.77,360907.729,48
2024,tanker.liquefied_gas,imo,150-175m,1072703.69,3789981.91,577975.046,70
2024,tanker.liquefied_gas,imo,175-200m,996836.998,3057773.35,395161.005,53
2024,tanker.liquefied_gas,imo,200-225m,1523058.81,3778856.21,416116.785,56
2024,tanker.liquefied_gas,imo,225m+,23861977.6,34244396.2,3131211.46,388
2024,tanker.liquefied_gas,imo,25-50m,8575.55884,48429.1557,8801.81389,2
2024,tanker.liquefied_gas,imo,50-75m,336293.507,1271639.45,315484.079,38
2024,tanker.liquefied_gas,imo,75-100m,412344.149,1533414.79,372538.652,49
2024,tanker.liquefied_gas,no_registry,100-125m,497355.788,1975798.12,408452.893,62
2024,tanker.liquefied_gas,no_registry,125-150m,373946.826,1276339.68,260641.49,49
2024,tanker.liquefied_gas,no_registry,150-175m,672447.023,2132064.07,381011.557,56
2024,tanker.liquefied_gas,no_registry,175-200m,1461463.05,3745727.42,491966.866,72
2024,tanker.liquefied_gas,no_registry,200-225m,2934030.83,6555096.78,675386.424,99
2024,tanker.liquefied_gas,no_registry,225m+,20200743,33459543,2917985.03,414
2024,tanker.liquefied_gas,no_registry,25-50m,1058.85415,4790.3129,1104.22889,2
2024,tanker.liquefied_gas,no_registry,50-75m,234309.501,721556.258,215438.322,53
2024,tanker.liquefied_gas,no_registry,75-100m,290942.711,993160.723,264812.31,42
2024,tanker.liquefied_gas,other_registry,100-125m,510892.936,1903788.61,386969.032,57
2024,tanker.liquefied_gas,other_registry,125-150m,292774.535,1118430.71,201252.555,29
2024,tanker.liquefied_gas,other_registry,150-175m,539470.165,1967562.74,283395.171,39
2024,tanker.liquefied_gas,other_registry,175-200m,443378.622,1364335.73,197068.343,25
2024,tanker.liquefied_gas,other_registry,200-225m,876390.608,2299498.19,255819.255,35
2024,tanker.liquefied_gas,other_registry,225m+,10926266.6,15458634.4,1430208.56,179
2024,tanker.liquefied_gas,other_registry,25-50m,12152.3009,12043.8001,11572.9931,2
2024,tanker.liquefied_gas,other_registry,50-75m,206561.631,810119.216,196085.486,23
2024,tanker.liquefied_gas,other_registry,75-100m,170953.445,618227.425,163161.219,22
2024,tanker.oil,imo,0-25m,7136.14631,52510.2138,23368.9014,6
2024,tanker.oil,imo,100-125m,2355407.54,8074289.97,2516315.08,388
2024,tanker.oil,imo,125-150m,1479667.8,3426537.66,1136588.69,229
2024,tanker.oil,imo,150-175m,1330726.66,1890984.56,584633.18,83
2024,tanker.oil,imo,175-200m,3695504.19,4894536.99,1266332.6,194
2024,tanker.oil,imo,200-225m,3260516.5,3932072.21,905442.001,137
2024,tanker.oil,imo,225m+,37722977.9,49508881.2,7392134.1,1054
2024,tanker.oil,imo,25-50m,534184.303,784372.317,702494.103,122
2024,tanker.oil,imo,50-75m,1888724.84,4226848.38,2386952,376
2024,tanker.oil,imo,75-100m,2742857.96,8230778.47,3740237.28,562
2024,tanker.oil,no_registry,0-25m,43086.418,36722.546,49882.2239,21
2024,tanker.oil,no_registry,100-125m,3802409.75,10976377.8,3931000.15,663
2024,tanker.oil,no_registry,125-150m,4322574.5,7887852.75,2266686.86,353
2024,tanker.oil,no_registry,150-175m,4205033.15,5262109.81,1522703.76,244
2024,tanker.oil,no_registry,175-200m,3653697.54,5010971.33,1197892.13,208
2024,tanker.oil,no_registry,200-225m,6451826.74,7584337.63,1677140.01,332
2024,tanker.oil,no_registry,225m+,61282443.6,77596813,11796294.2,1909
2024,tanker.oil,no_registry,25-50m,4003848.87,5778880.59,6001631.26,1268
2024,tanker.oil,no_registry,50-75m,6225628.68,11913181.4,9391031.39,1746
2024,tanker.oil,no_registry,75-100m,5583831.16,14098516.3,7822293.87,1336
2024,tanker.oil,other_registry,0-25m,8376.53249,12377.1033,13985.9653,4
2024,tanker.oil,other_registry,100-125m,1186732.17,4211841.07,1257473.17,189
2024,tanker.oil,other_registry,125-150m,623250.622,1545555.76,457392.644,89
2024,tanker.oil,other_registry,150-175m,619576.783,1045682.08,250382.302,40
2024,tanker.oil,other_registry,175-200m,1977685.08,3112154.03,700626.669,106
2024,tanker.oil,other_registry,200-225m,1459557.36,1778569.9,408777.599,62
2024,tanker.oil,other_registry,225m+,17249670.1,23005874.6,3427110.49,493
2024,tanker.oil,other_registry,25-50m,197448.418,248519.629,308347.248,54
2024,tanker.oil,other_registry,50-75m,808133.284,2244735.25,1252437.17,191
2024,tanker.oil,other_registry,75-100m,1522800.88,4209055.43,2102400.13,310
2024,tanker.other,imo,100-125m,7918.37144,26296.5012,7816.56833,1
2024,tanker.other,imo,25-50m,9710.61593,11514.6403,8201.93194,1
2024,tanker.other,imo,50-75m,39203.5226,31911.8862,33612.7075,4
2024,tanker.other,imo,75-100m,22030.8435,8894.21216,16967.3681,2
2024,tanker.other,no_registry,175-200m,99.0654706,127.352942,184.554167,1
2024,tanker.other,no_registry,225m+,89.9206247,278.998585,29.94,1
2024,tanker.other,no_registry,25-50m,108503.787,98447.9435,91170.1544,12
2024,tanker.other,no_registry,50-75m,53321.4776,56084.1238,44465.3783,6
2024,tanker.other,no_registry,75-100m,10807.3569,44013.0497,9603.87889,2
2024,tanker.other,other_registry,50-75m,11112.9774,6665.35481,8774.59139,1
2024,tanker.other,other_registry,75-100m,20878.1996,7037.45205,16480.3022,2
2024,trawlers,imo,0-25m,2034611.21,29376608.9,23637136.3,6597
2024,trawlers,imo,100-125m,997889.636,2365635.44,589011.406,85
2024,trawlers,imo,125-150m,120365.694,230455.435,55790.6592,9
2024,trawlers,imo,150-175m,1065.49801,7808.49577,4205.58389,1
2024,trawlers,imo,25-50m,3427711.55,25964878.6,12259948.3,2742
2024,trawlers,imo,50-75m,3366736.71,15204688,4846802.76,698
2024,trawlers,imo,75-100m,1314959.01,3525965.33,1031421.45,153
2024,trawlers,no_registry,0-25m,8743019.18,93746691.7,67560583.9,38000
2024,trawlers,no_registry,100-125m,47121.4685,62864.1971,29883.73,8
2024,trawlers,no_registry,125-150m,70.7135334,223.956481,102.247222,1
2024,trawlers,no_registry,25-50m,19978971,114950399,71449203.1,26127
2024,trawlers,no_registry,50-75m,1016677.87,4451116.15,2278177.19,1253
2024,trawlers,no_registry,75-100m,167406.744,251494.232,242513.352,89
2024,trawlers,other_registry,0-25m,1094131.29,14802783.2,11738285.1,3305
2024,trawlers,other_registry,100-125m,660307.328,1545294.3,386782.624,52
2024,trawlers,other_registry,125-150m,55408.9778,102919.497,26228.6836,3
2024,trawlers,other_registry,225m+,12.4635433,187.668093,394.842222,1
2024,trawlers,other_registry,25-50m,1682429.96,12827738.3,6052387.82,1327
2024,trawlers,other_registry,50-75m,1674460.16,7407201.21,2378419.63,342
2024,trawlers,other_registry,75-100m,524988.461,1509162.5,450899.44,68
2024,trollers,imo,0-25m,24461.811,341819.268,565032.721,173
2024,trollers,imo,25-50m,549.570891,1933.74959,3663.5425,3
2024,trollers,no_registry,0-25m,7067.78493,82557.5807,175428.996,55
2024,trollers,other_registry,0-25m,8211.13531,112620.807,188882.103,68
2024,trollers,other_registry,25-50m,753.029102,8678.52905,16954.27,3
2024,tug,imo,0-25m,787793.033,9199187.13,8094483.33,1413
2024,tug,imo,100-125m,35775.5083,263984.501,162327.574,25
2024,tug,imo,125-150m,1871.70805,5705.11794,27042.3225,5
2024,tug,imo,150-175m,34549.8066,190262.221,58774.5372,11
2024,tug,imo,175-200m,77858.8762,114862.974,23562.1181,3
2024,tug,imo,200-225m,1456.95085,4577.9915,8783.99639,1
2024,tug,imo,225m+,13920.1116,32170.0973,23355.355,3
2024,tug,imo,25-50m,3091934.11,27201051,26789045.6,4062
2024,tug,imo,50-75m,522161.605,5129713.5,3870356.03,570
2024,tug,imo,75-100m,199525.148,1500665.59,945408.763,132
2024,tug,no_registry,0-25m,1281866.05,13607886.4,16913249.9,7157
2024,tug,no_registry,100-125m,32477.9203,212550.252,189521.996,44
2024,tug,no_registry,125-150m,19015.659,88566.5084,200459.735,31
2024,tug,no_registry,150-175m,2068.83426,10198.5375,25245.0081,6
2024,tug,no_registry,175-200m,587.214647,1992.37174,594.867222,2
2024,tug,no_registry,225m+,756.456609,1723.67687,8784.06583,1
2024,tug,no_registry,25-50m,7924151.29,74383280.3,84946432.3,22751
2024,tug,no_registry,50-75m,1271738.47,13108679.1,11346184.7,3448
2024,tug,no_registry,75-100m,259310.961,2221174.85,1617106.89,328
2024,tug,other_registry,0-25m,380189.095,4469350.73,3943324.01,692
2024,tug,other_registry,100-125m,12179.4058,88902.3172,93334.6078,12
2024,tug,other_registry,125-150m,15609.974,83362.9814,41152.0028,5
2024,tug,other_registry,150-175m,3536.21231,19155.4431,15824.7228,3
2024,tug,other_registry,175-200m,3091.58054,20560.1847,15317.5075,2
2024,tug,other_registry,225m+,1513.69058,5336.57067,8783.94056,1
2024,tug,other_registry,25-50m,1527977.02,13086660.3,12920927.5,1955
2024,tug,other_registry,50-75m,276869.997,2751037.14,2028957.24,294
2024,tug,other_registry,75-100m,136008.702,937621.052,588915.89,84
2024,tuna_purse_seines,imo,0-25m,166.384391,4876.12639,584.025278,1
2024,tuna_purse_seines,imo,100-125m,27244.4814,186993.78,34001.9353,7
2024,tuna_purse_seines,imo,200-225m,2028.41678,10836.4179,3392.03528,1
2024,tuna_purse_seines,imo,25-50m,61709.8625,518995.756,179465.334,61
2024,tuna_purse_seines,imo,50-75m,537303.114,3131453.67,1013845.6,245
2024,tuna_purse_seines,imo,75-100m,214879.738,1188441.99,307937.191,103
2024,tuna_purse_seines,no_registry,25-50m,109543.284,631724.687,223172.968,40
2024,tuna_purse_seines,no_registry,50-75m,41409.8128,211105.7,73187.4925,19
2024,tuna_purse_seines,no_registry,75-100m,3726.83065,27764.7031,5585.31833,3
2024,tuna_purse_seines,other_registry,100-125m,11072.9968,59450.201,11082.3153,4
2024,tuna_purse_seines,other_registry,150-175m,514.794607,4383.02222,656.081389,1
2024,tuna_purse_seines,other_registry,25-50m,39508.13,367322.337,126510.953,33
2024,tuna_purse_seines,other_registry,50-75m,232511.213,1430083.08,434952.363,111
2024,tuna_purse_seines,other_registry,75-100m,104395.079,641220.602,150859.31,42
2024,well_boat,imo,25-50m,39114.3106,523937.041,175035.593,22
2024,well_boat,imo,50-75m,61130.072,747549.65,225529.028,27
2024,well_boat,imo,75-100m,35960.2102,252495.284,121786.31,16
2024,well_boat,other_registry,25-50m,17353.4793,247163.528,76254,9
2024,well_boat,other_registry,50-75m,26767.8033,287360.503,113953.438,13
2024,well_boat,other_registry,75-100m,25723.9841,160589.214,96467.1819,11
2025,bunker,imo,0-25m,7624.54727,10668.523,12080.9167,2
2025,bunker,imo,100-125m,70803.5544,698274.668,111043.164,14
2025,bunker,imo,125-150m,16407.0329,107402.796,17522.0711,2
2025,bunker,imo,175-200m,11873.3902,42590.7334,8760.03083,1
2025,bunker,imo,25-50m,63408.6748,105879.519,109208.159,19
2025,bunker,imo,50-75m,23956.5952,21719.321,38927.8778,7
2025,bunker,imo,75-100m,8333.05979,100009.832,16990.9242,2
2025,bunker,no_registry,0-25m,911093.979,664560.636,1611547.27,570
2025,bunker,no_registry,100-125m,266218.502,55989.0036,172409.479,32
2025,bunker,no_registry,125-150m,31652.9653,13469.5695,20740.4947,4
2025,bunker,no_registry,150-175m,26509.9647,2772.12601,8371.43972,1
2025,bunker,no_registry,25-50m,7110774.91,3097555.69,10641239.8,2765
2025,bunker,no_registry,50-75m,903829.268,397790.849,1088609.92,302
2025,bunker,no_registry,75-100m,402521.993,47880.4933,382842.703,83
2025,bunker,other_registry,0-25m,844.877716,1759.84668,1460.32972,1
2025,bunker,other_registry,100-125m,37929.0294,424954.79,68762.9697,10
2025,bunker,other_registry,125-150m,6813.18519,55218.5475,8760.03417,1
2025,bunker,other_registry,175-200m,12424.0845,53290.8208,8707.54306,1
2025,bunker,other_registry,25-50m,49728.7032,62023.6103,78617.5036,15
2025,bunker,other_registry,50-75m,8469.86399,5531.80833,12885.8567,2
2025,cargo.bulk_carrier,imo,0-25m,9303.69068,92551.393,17086.9067,2
2025,cargo.bulk_carrier,imo,100-125m,463481.17,3819590.44,961096.573,135
2025,cargo.bulk_carrier,imo,125-150m,694673.954,4899465,984173.406,142
2025,cargo.bulk_carrier,imo,150-175m,1691520.69,10517550.8,2050419.66,295
2025,cargo.bulk_carrier,imo,175-200m,13346854.4,68673808.5,12494848.8,1692
2025,cargo.bulk_carrier,imo,200-225m,5947632.56,25311736.9,4215767.85,581
2025,cargo.bulk_carrier,imo,225m+,27350445.4,87277830.5,12047575.7,1526
2025,cargo.bulk_carrier,imo,25-50m,25321.2775,269881.226,58012.1544,9
2025,cargo.bulk_carrier,imo,50-75m,65403.9305,746723.17,148180.332,21
2025,cargo.bulk_carrier,imo,75-100m,195091.622,2063314.82,549792.298,75
2025,cargo.bulk_carrier,no_registry,0-25m,1094.80084,5569.91626,5884.98972,5
2025,cargo.bulk_carrier,no_registry,100-125m,1343494.98,11198513.7,3164124.81,541
2025,cargo.bulk_carrier,no_registry,125-150m,1828713.82,12976137.8,2925337.35,458
2025,cargo.bulk_carrier,no_registry,150-175m,5523484.12,32632635.4,6715065.36,1054
2025,cargo.bulk_carrier,no_registry,175-200m,18533507.3,91959176.5,16753088.2,2305
2025,cargo.bulk_carrier,no_registry,200-225m,16722626.4,67673975.7,11590214.2,1609
2025,cargo.bulk_carrier,no_registry,225m+,36616291.3,118145726,16042368.2,2102
2025,cargo.bulk_carrier,no_registry,25-50m,244138.015,1127926.34,1321743.98,794
2025,cargo.bulk_carrier,no_registry,50-75m,552214.281,3315710.88,2710023.91,1090
2025,cargo.bulk_carrier,no_registry,75-100m,516344.079,4411733.54,1866324.15,478
2025,cargo.bulk_carrier,other_registry,0-25m,136.102627,2557.06785,873.555278,1
2025,cargo.bulk_carrier,other_registry,100-125m,229818.108,2060596.3,424313.245,62
2025,cargo.bulk_carrier,other_registry,125-150m,365084.613,2700744.36,510118.704,70
2025,cargo.bulk_carrier,other_registry,150-175m,918014.804,5630017.48,1156621.18,170
2025,cargo.bulk_carrier,other_registry,175-200m,6517190.18,33311462.4,6169179.05,834
2025,cargo.bulk_carrier,other_registry,200-225m,2962678.95,12674589.5,2119161.21,282
2025,cargo.bulk_carrier,other_registry,225m+,13022171.8,42212872.9,5748699.02,742
2025,cargo.bulk_carrier,other_registry,25-50m,15760.5448,176643.934,26213.7817,5
2025,cargo.bulk_carrier,other_registry,50-75m,33170.0061,590549.382,123166.096,17
2025,cargo.bulk_carrier,other_registry,75-100m,91955.924,1121059.48,247059.044,33
2025,cargo.container,imo,0-25m,688.350422,13383.7978,4673.54528,1
2025,cargo.container,imo,100-125m,425973.612,2641468.95,515353.806,76
2025,cargo.container,imo,125-150m,2341445.92,12311356.5,1717320.08,242
2025,cargo.container,imo,150-175m,3023031.93,11882123,1639861.57,227
2025,cargo.container,imo,175-200m,4110017.12,13976851.2,1824697.12,260
2025,cargo.container,imo,200-225m,4543243.05,12518230.1,1521109.65,208
2025,cargo.container,imo,225m+,47100541.1,80658578.4,7907958.17,1032
2025,cargo.container,imo,50-75m,44089.3143,389685.366,73592.4489,11
2025,cargo.container,imo,75-100m,158865.67,1194515.71,235730.336,40
2025,cargo.container,no_registry,0-25m,518.195031,2016.85889,763.844444,2
2025,cargo.container,no_registry,100-125m,775433.688,4416771.97,989858.131,174
2025,cargo.container,no_registry,125-150m,1702751.82,7831264.45,1234927.71,205
2025,cargo.container,no_registry,150-175m,3988367.96,14699920.7,2155907.74,317
2025,cargo.container,no_registry,175-200m,6076222.21,20498752.9,2734595.16,379
2025,cargo.container,no_registry,200-225m,12592433.3,35123683.7,3991843.02,554
2025,cargo.container,no_registry,225m+,65882135,121039022,11887328.9,1591
2025,cargo.container,no_registry,25-50m,421869.503,1392599.12,709232.48,164
2025,cargo.container,no_registry,50-75m,1024489.17,3925278.75,1770530.02,450
2025,cargo.container,no_registry,75-100m,895842.635,4705990.08,1432024.03,237
2025,cargo.container,other_registry,100-125m,213081.591,1347257.73,263185.284,38
2025,cargo.container,other_registry,125-150m,1014394.07,5374999.69,772456.979,105
2025,cargo.container,other_registry,150-175m,1537506.59,6117704.69,849179.572,122
2025,cargo.container,other_registry,175-200m,1994670.04,6655478.05,905053.003,123
2025,cargo.container,other_registry,200-225m,2288048.02,6144874.82,719120.761,98
2025,cargo.container,other_registry,225m+,24636790.2,42611732.1,4143325.38,541
2025,cargo.container,other_registry,25-50m,33270.5657,101940.034,8760.01194,1
2025,cargo.container,other_registry,50-75m,4366.81943,39647.1934,6409.72611,3
2025,cargo.container,other_registry,75-100m,85203.6826,519179.26,115041.798,19
2025,cargo.general,imo,0-25m,9899.77351,216610.186,114517.95,33
2025,cargo.general,imo,100-125m,3817253.29,28018588,7314408.1,1183
2025,cargo.general,imo,125-150m,4850845.42,25332895.8,5302448.69,824
2025,cargo.general,imo,150-175m,2632791.31,11158719.9,2241217.77,321
2025,cargo.general,imo,175-200m,2267373.14,9393816.66,1641481.13,224
2025,cargo.general,imo,200-225m,382572.912,1545638.57,261714.026,42
2025,cargo.general,imo,225m+,245038.981,631153.42,134968.778,21
2025,cargo.general,imo,25-50m,124548.73,1908277.24,1100181.82,200
2025,cargo.general,imo,50-75m,549542.049,8672193.71,3428494.45,609
2025,cargo.general,imo,75-100m,2366236.97,31566135.4,9816117.02,1528
2025,cargo.general,no_registry,0-25m,80157.6491,240643.984,305938.521,239
2025,cargo.general,no_registry,100-125m,8633928.6,48978183.3,15908110.5,3851
2025,cargo.general,no_registry,125-150m,5660797.24,25950590.9,6046177.32,995
2025,cargo.general,no_registry,150-175m,3533737.1,14896313.3,3159726.82,530
2025,cargo.general,no_registry,175-200m,2211161.7,9009260.61,1476089.67,230
2025,cargo.general,no_registry,200-225m,1285344.61,4676094.05,641394.439,93
2025,cargo.general,no_registry,225m+,433267.761,1288125.29,196567.745,35
2025,cargo.general,no_registry,25-50m,10895219.7,32867307.8,27410584.4,12256
2025,cargo.general,no_registry,50-75m,20744242.3,93070334.7,58353204.1,20590
2025,cargo.general,no_registry,75-100m,10618374.8,80150525.3,34166988.8,9240
2025,cargo.general,other_registry,0-25m,6870.68037,239764.133,115089.549,24
2025,cargo.general,other_registry,100-125m,1897607.35,13528062.7,3681320.1,587
2025,cargo.general,other_registry,125-150m,2453115.17,12892845.3,2734286.16,413
2025,cargo.general,other_registry,150-175m,1073756.08,4661530,912948.037,131
2025,cargo.general,other_registry,175-200m,1103672.78,4675727.54,802574.2,114
2025,cargo.general,other_registry,200-225m,205179.034,785771.589,128180.858,17
2025,cargo.general,other_registry,225m+,141105.637,398181.666,95491.1903,13
2025,cargo.general,other_registry,25-50m,57782.7547,947414.973,524033.805,102
2025,cargo.general,other_registry,50-75m,227000.094,3382548.84,1507974.5,261
2025,cargo.general,other_registry,75-100m,1109238.35,16098761.2,4996674.25,775
2025,cargo.refrigerated,imo,100-125m,190966.013,644263.117,133582.037,16
2025,cargo.refrigerated,imo,125-150m,337046.574,871956.968,121038.303,20
2025,cargo.refrigerated,imo,150-175m,301078.566,709064.751,77473.1944,13
2025,cargo.refrigerated,imo,175-200m,96064.6741,225543.957,26010.5997,3
2025,cargo.refrigerated,imo,200-225m,68902.306,119552.309,14187.1078,2
2025,cargo.refrigerated,imo,225m+,36892.0331,100480.094,22589.7328,3
2025,cargo.refrigerated,imo,50-75m,14899.1113,71204.0337,21941.9686,3
2025,cargo.refrigerated,imo,75-100m,35121.7337,135649.74,36840.3372,6
2025,cargo.refrigerated,no_registry,100-125m,17548.6435,64071.7477,7943.165,2
2025,cargo.refrigerated,no_registry,125-150m,35800.371400000004,64820.5758,13784.4786,2
2025,cargo.refrigerated,no_registry,150-175m,61929.8283,156189.926,15841.6986,2
2025,cargo.refrigerated,no_registry,175-200m,32067.8564,52261.4095,8640.06667,1
2025,cargo.refrigerated,no_registry,200-225m,24822.5097,46604.8319,4122.70278,1
2025,cargo.refrigerated,no_registry,25-50m,1573.72586,3465.96204,2013.6975,6
2025,cargo.refrigerated,no_registry,50-75m,1107.18358,4700.09549,1360.97722,5
2025,cargo.refrigerated,other_registry,100-125m,48983.0627,132888.583,31946.3547,4
2025,cargo.refrigerated,other_registry,125-150m,293595.547,782772.477,89130.1339,12
2025,cargo.refrigerated,other_registry,150-175m,307886.835,684642.253,75010.1486,9
2025,cargo.refrigerated,other_registry,200-225m,45216.3732,61347.9343,8735.97778,1
2025,cargo.refrigerated,other_registry,225m+,65435.7631,115545.69,9217.85889,2
2025,cargo.refrigerated,other_registry,50-75m,21398.5894,100684.89,25707.8169,3
2025,cargo.refrigerated,other_registry,75-100m,26622.7383,120474.58,24641.8344,4
2025,cargo.ro_ro,imo,0-25m,34180.8515,120465.829,65143.1569,16
2025,cargo.ro_ro,imo,100-125m,325831.073,1272906.76,323085.831,53
2025,cargo.ro_ro,imo,125-150m,1057486.91,4334295.82,578127.06,78
2025,cargo.ro_ro,imo,150-175m,2656546.37,7953287.68,920501.4,129
2025,cargo.ro_ro,imo,175-200m,3827198.28,12234176.6,1209207.64,151
2025,cargo.ro_ro,imo,200-225m,6217532.53,19442098.2,1727363.37,216
2025,cargo.ro_ro,imo,225m+,1975479.67,5005162.24,478218.886,68
2025,cargo.ro_ro,imo,25-50m,207306.307,947560.47,360035.444,77
2025,cargo.ro_ro,imo,50-75m,738378.186,2732174.49,1164349.62,211
2025,cargo.ro_ro,imo,75-100m,319808.744,921985.64,446681.587,81
2025,cargo.ro_ro,no_registry,0-25m,33223.3934,37786.0098,75153.1964,29
2025,cargo.ro_ro,no_registry,100-125m,284592.179,917099.992,324846.301,88
2025,cargo.ro_ro,no_registry,125-150m,1009628.65,3112101.25,504709.25,103
2025,cargo.ro_ro,no_registry,150-175m,1557144.26,4627459.98,497827.87,97
2025,cargo.ro_ro,no_registry,175-200m,2340084.17,6309799.11,598380.23,103
2025,cargo.ro_ro,no_registry,200-225m,4468240.27,13429503.9,1169378.64,180
2025,cargo.ro_ro,no_registry,225m+,2535180.5,6543217.51,588873.633,98
2025,cargo.ro_ro,no_registry,25-50m,1197370.98,2698201.03,1909177.06,833
2025,cargo.ro_ro,no_registry,50-75m,1554877.56,4015507.49,2381019.41,875
2025,cargo.ro_ro,no_registry,75-100m,601956.666,1757480.35,888218.317,243
2025,cargo.ro_ro,other_registry,0-25m,12741.4389,34363.0755,22261.1836,6
2025,cargo.ro_ro,other_registry,100-125m,186999.811,669100.328,173238.904,28
2025,cargo.ro_ro,other_registry,125-150m,500819.485,1930506.5,268024.401,43
2025,cargo.ro_ro,other_registry,150-175m,1183616.43,3475462.02,371505.355,53
2025,cargo.ro_ro,other_registry,175-200m,2343227.8,7498656,723630.164,91
2025,cargo.ro_ro,other_registry,200-225m,2934725.52,9541449.88,846219.324,105
2025,cargo.ro_ro,other_registry,225m+,968960.281,2616550.12,247312.997,38
2025,cargo.ro_ro,other_registry,25-50m,198063.848,657376.478,318699.357,63
2025,cargo.ro_ro,other_registry,50-75m,382448.759,1346350.02,550154.46,99
2025,cargo.ro_ro,other_registry,75-100m,179321.028,531375.658,250535.749,45
2025,container_reefer,imo,125-150m,355103.218,978136.479,94077.3617,11
2025,container_reefer,imo,150-175m,1185237.91,2939983.08,278810.473,33
2025,container_reefer,imo,175-200m,412673.882,991983.156,86560.9367,10
2025,container_reefer,imo,200-225m,43511.9372,81770.1263,8759.99667,1
2025,container_reefer,other_registry,125-150m,151921.094,465857.568,42904.2117,7
2025,container_reefer,other_registry,150-175m,474013.095,1221216.55,115498.774,14
2025,container_reefer,other_registry,175-200m,128632.947,316526.512,25422.8756,3
2025,dive_vessel,imo,100-125m,110898.639,313783.7,246704.229,33
2025,dive_vessel,imo,125-150m,57795.5257,165809.014,101549.257,12
2025,dive_vessel,imo,25-50m,4898.29538,11087.3805,35923.1725,6
2025,dive_vessel,imo,50-75m,18135.8707,58501.563,81728.8436,11
2025,dive_vessel,imo,75-100m,193358.989,662865.919,709163.342,89
2025,dive_vessel,no_registry,100-125m,82661.1031,263244.135,206556.664,26
2025,dive_vessel,no_registry,125-150m,19626.8662,60879.5263,39146.3717,5
2025,dive_vessel,no_registry,150-175m,11100.0242,27518.5074,26280.6025,3
2025,dive_vessel,no_registry,25-50m,2819.64141,3578.30924,16950.9708,2
2025,dive_vessel,no_registry,50-75m,19233.8072,72722.6214,92674.3947,13
2025,dive_vessel,no_registry,75-100m,151567.511,540957.138,571378.137,76
2025,dive_vessel,other_registry,100-125m,41251.8498,113718.884,95303.3422,12
2025,dive_vessel,other_registry,125-150m,20948.4907,51425.9399,32338.9139,4
2025,dive_vessel,other_registry,150-175m,11238.9495,26257.7148,16977.4939,2
2025,dive_vessel,other_registry,50-75m,21073.8862,78374.3871,82531.9692,10
2025,dive_vessel,other_registry,75-100m,86796.6127,294064.826,306313.71,44
2025,dredge_fishing,imo,0-25m,10061.0747,148949.614,182950.493,80
2025,dredge_fishing,imo,25-50m,66838.0497,240089.054,326754.036,49
2025,dredge_fishing,no_registry,0-25m,4635.9537,34323.0543,92624.1425,43
2025,dredge_fishing,no_registry,25-50m,15452.5046,64992.6538,84589.5708,13
2025,dredge_fishing,other_registry,0-25m,4320.9385,52650.7091,64000.2867,35
2025,dredge_fishing,other_registry,25-50m,65997.1683,248550.254,275575.799,38
2025,dredge_non_fishing,imo,0-25m,1677.86256,30052.2235,42087.6939,10
2025,dredge_non_fishing,imo,100-125m,198452.358,1147837.82,470376.004,69
2025,dredge_non_fishing,imo,125-150m,221284.215,837698.238,301784.929,38
2025,dredge_non_fishing,imo,150-175m,106809.214,322521.309,131018.306,16
2025,dredge_non_fishing,imo,175-200m,33695.5442,103723.289,26688.1228,4
2025,dredge_non_fishing,imo,200-225m,12065.8849,33021.5246,17487.5567,2
2025,dredge_non_fishing,imo,225m+,13716.0949,42868.6197,8738.66611,1
2025,dredge_non_fishing,imo,25-50m,72809.9327,372934.959,495158.12,79
2025,dredge_non_fishing,imo,50-75m,156229.09,780625.516,1044458.95,182
2025,dredge_non_fishing,imo,75-100m,261434.135,1682806.81,1060604.08,148
2025,dredge_non_fishing,no_registry,0-25m,18617.0887,73121.8892,157992.664,38
2025,dredge_non_fishing,no_registry,100-125m,168347.908,845571.815,512656.017,92
2025,dredge_non_fishing,no_registry,125-150m,124093.57,469733.925,188246.841,29
2025,dredge_non_fishing,no_registry,150-175m,26494.6095,82792.5968,44292.5403,10
2025,dredge_non_fishing,no_registry,175-200m,2551.57597,5702.62131,16419.5328,2
2025,dredge_non_fishing,no_registry,25-50m,239295.153,732632.46,1789098.56,347
2025,dredge_non_fishing,no_registry,50-75m,757800.759,2991757.89,5188270.33,1021
2025,dredge_non_fishing,no_registry,75-100m,500720.19,2211574.12,2917681.64,508
2025,dredge_non_fishing,other_registry,0-25m,1423.82126,9617.77129,9552.70556,2
2025,dredge_non_fishing,other_registry,100-125m,105854.388,580307.498,232267.941,31
2025,dredge_non_fishing,other_registry,125-150m,49454.5995,192287.452,71024.7522,9
2025,dredge_non_fishing,other_registry,150-175m,92195.2261,310632.394,77231.5681,9
2025,dredge_non_fishing,other_registry,175-200m,3898.47875,11059.2862,8232.19389,1
2025,dredge_non_fishing,other_registry,225m+,28509.1114,72001.7745,17342.4342,2
2025,dredge_non_fishing,other_registry,25-50m,42805.2571,192962.316,321340.797,50
2025,dredge_non_fishing,other_registry,50-75m,68663.0851,301979.537,452559.003,85
2025,dredge_non_fishing,other_registry,75-100m,122683.967,825857.92,485666.239,72
2025,drifting_longlines,imo,0-25m,418990.916,13570671.5,4794676.41,1818
2025,drifting_longlines,imo,100-125m,5239.08681,31435.9447,6907.42056,2
2025,drifting_longlines,imo,125-150m,2911.54801,362.005688,8760.38056,1
2025,drifting_longlines,imo,150-175m,29172.3192,584133.058,99430.5719,13
2025,drifting_longlines,imo,175-200m,4384.61014,86534.7814,16782.4231,2
2025,drifting_longlines,imo,200-225m,3436.48885,56175.9593,12690.5836,2
2025,drifting_longlines,imo,225m+,2097.4849,43220.1311,8164.00861,1
2025,drifting_longlines,imo,25-50m,741773.657,18348207.9,4219699.83,881
2025,drifting_longlines,imo,50-75m,355880.907,7367651.82,1349545.87,220
2025,drifting_longlines,imo,75-100m,85.6329031,7627.67858,2324.35389,3
2025,drifting_longlines,no_registry,0-25m,611063.114,19546247.9,8319469.01,5897
2025,drifting_longlines,no_registry,200-225m,146.322545,351.722872,21.0186111,1
2025,drifting_longlines,no_registry,25-50m,304878.762,5184942.53,1951931.46,1480
2025,drifting_longlines,no_registry,50-75m,35670.207,426870.791,152591.003,130
2025,drifting_longlines,no_registry,75-100m,32.071748,131.05543,87.1297222,2
2025,drifting_longlines,other_registry,0-25m,197333.749,6263374.58,2229662.48,871
2025,drifting_longlines,other_registry,100-125m,546.373045,22594.0043,7490.605,1
2025,drifting_longlines,other_registry,125-150m,4199.25556,48124.3708,15964.5381,2
2025,drifting_longlines,other_registry,150-175m,3600.83466,80380.8134,11947.2014,2
2025,drifting_longlines,other_registry,175-200m,2155.42311,43326.8533,8759.99778,1
2025,drifting_longlines,other_registry,200-225m,4492.32843,67285.7347,12010.4514,2
2025,drifting_longlines,other_registry,25-50m,395976.838,9949260.54,2246912.11,480
2025,drifting_longlines,other_registry,50-75m,168795.457,3425262.42,625961.507,103
2025,drifting_longlines,other_registry,75-100m,207.350596,15800.4442,5590.72444,4
2025,driftnets,imo,0-25m,8957.20257,90985.0691,55669.7294,22
2025,driftnets,imo,25-50m,15843.6504,133861.159,73640.5233,23
2025,driftnets,imo,50-75m,5501.85822,20323.9723,19246.2653,5
2025,driftnets,no_registry,0-25m,1530773.37,17436220.8,14032380.7,6439
2025,driftnets,no_registry,100-125m,2067.92251,1745.09505,6730.52444,2
2025,driftnets,no_registry,25-50m,7026330.65,46657439.8,31462836.6,9503
2025,driftnets,no_registry,50-75m,226661.61,1267625.56,788519.075,362
2025,driftnets,no_registry,75-100m,17103.0435,100132.692,58056.0642,27
2025,driftnets,other_registry,0-25m,4120.16373,72676.8204,41474.9361,19
2025,driftnets,other_registry,25-50m,8368.62359,55366.0075,34360.5514,12
2025,driftnets,other_registry,50-75m,127.48041,1277.04981,437.795278,1
2025,other_fishing,imo,0-25m,2072.60101,56103.5704,46764.7108,39
2025,other_fishing,imo,25-50m,1427.82614,25483.6311,21579.7647,13
2025,other_fishing,no_registry,0-25m,61449.1668,1368639.27,1064040.64,559
2025,other_fishing,no_registry,25-50m,13637.1339,138527.631,109790.428,68
2025,other_fishing,no_registry,50-75m,63.2001051,1252.69707,839.398611,1
2025,other_fishing,other_registry,0-25m,2119.15614,61156.6479,48485.41,31
2025,other_fishing,other_registry,25-50m,106.324385,3669.06981,2017.14278,3
2025,other_not_fishing,imo,0-25m,4199.55857,4963.49109,24072.1994,3
2025,other_not_fishing,imo,100-125m,130167.176,213119.102,539526.45,69
2025,other_not_fishing,imo,125-150m,90932.7761,173774.13,274255.222,36
2025,other_not_fishing,imo,150-175m,148114.06,146858.267,106675.753,15
2025,other_not_fishing,imo,175-200m,18437.2442,30829.8551,53850.2947,7
2025,other_not_fishing,imo,200-225m,3005.17453,39.9640671,17520.0622,2
2025,other_not_fishing,imo,225m+,4468.57505,684.632064,26243.1067,3
2025,other_not_fishing,imo,25-50m,42066.8928,43912.2143,242452.716,42
2025,other_not_fishing,imo,50-75m,109848.989,99586.9554,632994.058,95
2025,other_not_fishing,imo,75-100m,147825.647,135646.718,821173.99,117
2025,other_not_fishing,no_registry,0-25m,235.011558,3.15367587,1401.64472,2
2025,other_not_fishing,no_registry,100-125m,144255.4,160705.059,751390.216,104
2025,other_not_fishing,no_registry,125-150m,81895.9354,152160.259,297810.767,43
2025,other_not_fishing,no_registry,150-175m,45110.6786,81905.7363,147221.472,20
2025,other_not_fishing,no_registry,175-200m,33373.1369,33283.948,140278.665,22
2025,other_not_fishing,no_registry,200-225m,51355.2895,5117.05422,304475.192,41
2025,other_not_fishing,no_registry,225m+,8240.60001,451.802311,48902.6414,7
2025,other_not_fishing,no_registry,25-50m,106439.614,66328.287,626628.732,109
2025,other_not_fishing,no_registry,50-75m,413371.217,260644.994,2408699.83,378
2025,other_not_fishing,no_registry,75-100m,399929.47,458964.78,2231799.55,322
2025,other_not_fishing,other_registry,100-125m,57875.103,92695.3461,241860.578,32
2025,other_not_fishing,other_registry,125-150m,62945.996400000004,111216.634,136246.741,19
2025,other_not_fishing,other_registry,150-175m,57238.6742,51214.144,32017.9878,5
2025,other_not_fishing,other_registry,175-200m,10027.3917,3251.26911,49293.5428,7
2025,other_not_fishing,other_registry,200-225m,2971.38965,82.4606561,17519.3278,2
2025,other_not_fishing,other_registry,225m+,402.369631,74.0476035,2394.07472,1
2025,other_not_fishing,other_registry,25-50m,11063.3316,7511.00377,64058.9644,12
2025,other_not_fishing,other_registry,50-75m,64171.4276,41029.7314,374850.36,55
2025,other_not_fishing,other_registry,75-100m,105014.1,121784.091,560750.754,75
2025,other_purse_seines,imo,0-25m,2463.8233,133066.389,42678.9819,15
2025,other_purse_seines,imo,25-50m,44536.1762,766365.52,199008.112,43
2025,other_purse_seines,imo,50-75m,17839.2337,185093.386,38703.6489,7
2025,other_purse_seines,no_registry,0-25m,167.071452,3150.33489,828.313056,1
2025,other_purse_seines,no_registry,25-50m,34871.9646,439251.538,96061.7142,22
2025,other_purse_seines,other_registry,0-25m,1268.66121,99453.1063,30372.2339,10
2025,other_purse_seines,other_registry,25-50m,31835.5359,445188.916,121663.099,25
2025,other_purse_seines,other_registry,50-75m,5993.13657,59196.3755,13602.8139,2
2025,other_seines,imo,0-25m,35616.0107,286200.125,697140.126,105
2025,other_seines,imo,25-50m,3783.2943,9694.10486,24460.3169,3
2025,other_seines,no_registry,0-25m,160.327518,3725.46265,7869.615,2
2025,other_seines,other_registry,0-25m,17281.9859,138874.046,367956.684,60
2025,other_seines,other_registry,25-50m,1557.18615,2954.86834,7465.64028,1
2025,passenger,imo,0-25m,10727466.3,15482514.4,20024487.3,11696
2025,passenger,imo,100-125m,1492022.66,4600543.23,985831.953,136
2025,passenger,imo,125-150m,1176417.89,2536685.12,401681.416,63
2025,passenger,imo,150-175m,1735397.8,3063507.91,373308.981,53
2025,passenger,imo,175-200m,771124.355,1487491.72,173254.003,25
2025,passenger,imo,200-225m,338274.22,520543.175,77840.2681,9
2025,passenger,imo,225m+,7055334.89,6732953.22,674020.568,82
2025,passenger,imo,25-50m,7205827.01,18505933.8,11295792.9,2289
2025,passenger,imo,50-75m,3424294.71,9687792.07,4862495.87,746
2025,passenger,imo,75-100m,2201466.64,7213072.75,2191791.53,305
2025,passenger,no_registry,0-25m,138488216,192316719,259378676,181077
2025,passenger,no_registry,100-125m,2464034.42,6126154.45,1688951.7,382
2025,passenger,no_registry,125-150m,1147420.85,2524935.55,537197.515,99
2025,passenger,no_registry,150-175m,938037.651,1554829.34,247766.103,39
2025,passenger,no_registry,175-200m,540914.476,959085.639,143367.3,31
2025,passenger,no_registry,200-225m,965418.079,1574262.6,182688.198,25
2025,passenger,no_registry,225m+,4200865.07,4686300.93,444480.173,58
2025,passenger,no_registry,25-50m,54351402.6,81443683,82312390,24004
2025,passenger,no_registry,50-75m,9862478.49,17543099.8,13045682.4,3251
2025,passenger,no_registry,75-100m,2920283.82,8407152.66,3077442.68,632
2025,passenger,other_registry,0-25m,5310713.99,7420319.78,9894461.86,5741
2025,passenger,other_registry,100-125m,460428.978,1518166.02,348239.143,54
2025,passenger,other_registry,125-150m,705955.664,1872261.42,283154.431,42
2025,passenger,other_registry,150-175m,743586.426,1257847.31,132827.169,17
2025,passenger,other_registry,175-200m,723251.604,1364945.37,138293.053,17
2025,passenger,other_registry,200-225m,155261.265,267343.884,34330.7397,5
2025,passenger,other_registry,225m+,2719451.22,2726245.71,264726.977,31
2025,passenger,other_registry,25-50m,3623347.03,9673549.46,5631894.09,1139
2025,passenger,other_registry,50-75m,1455578.81,3889442.69,1984830.24,322
2025,passenger,other_registry,75-100m,953424.151,3054707.78,912712.941,127
2025,patrol_vessel,imo,0-25m,27028.0326,152200.039,164931.859,68
2025,patrol_vessel,imo,100-125m,20621.9795,102768.867,45820.6439,19
2025,patrol_vessel,imo,125-150m,326.915172,4262.98994,1302.66083,2
2025,patrol_vessel,imo,175-200m,845.400943,8162.23121,2336.05611,1
2025,patrol_vessel,imo,25-50m,99677.6112,887675.77,587712.671,112
2025,patrol_vessel,imo,50-75m,64199.9502,464694.138,270508.746,95
2025,patrol_vessel,imo,75-100m,69703.1461,507102.347,188598.386,57
2025,patrol_vessel,no_registry,0-25m,339709.851,1943598.35,2102239.94,1322
2025,patrol_vessel,no_registry,100-125m,194364.536,1253346.59,329473.708,240
2025,patrol_vessel,no_registry,125-150m,49917.4684,225332.64,52268.3175,32
2025,patrol_vessel,no_registry,150-175m,27348.4485,104521.636,19096.7653,16
2025,patrol_vessel,no_registry,25-50m,738136.113,4642536.29,4468666.68,1619
2025,patrol_vessel,no_registry,50-75m,212036.317,1862701.35,917786.257,512
2025,patrol_vessel,no_registry,75-100m,196650.069,1730235.02,585221.588,290
2025,patrol_vessel,other_registry,0-25m,8225.91858,70502.2852,49644.7292,30
2025,patrol_vessel,other_registry,100-125m,8752.87462,39383.5427,13902.5292,8
2025,patrol_vessel,other_registry,125-150m,2034.56177,10022.2224,3128.73889,3
2025,patrol_vessel,other_registry,150-175m,1149.81993,2592.00494,577.883056,1
2025,patrol_vessel,other_registry,25-50m,38259.8388,280670.841,232625.321,53
2025,patrol_vessel,other_registry,50-75m,34279.6054,272193.286,164696.847,54
2025,patrol_vessel,other_registry,75-100m,25344.2899,195043.97,77665.3556,31
2025,pole_and_line,imo,0-25m,67064.818,743777.494,951741.892,285
2025,pole_and_line,imo,25-50m,17370.3207,511055.342,138217.369,44
2025,pole_and_line,imo,50-75m,31326.5828,493539.855,79890.5872,11
2025,pole_and_line,no_registry,0-25m,126173.317,2620124.23,1339682.1,679
2025,pole_and_line,no_registry,25-50m,46370.7907,744179.491,262987.411,156
2025,pole_and_line,no_registry,50-75m,1284.74836,16134.384,5715.74306,4
2025,pole_and_line,other_registry,0-25m,47844.1482,414082.66,572645.798,161
2025,pole_and_line,other_registry,25-50m,13711.7983,363173.817,98996.6125,28
2025,pole_and_line,other_registry,50-75m,9703.35271,180567.957,29577.1175,4
2025,pots_and_traps,imo,0-25m,49343.6419,940183.529,1951769.49,622
2025,pots_and_traps,imo,25-50m,34111.1671,409146.774,197463.689,47
2025,pots_and_traps,imo,50-75m,1716.91966,9051.02915,3143.96361,1
2025,pots_and_traps,no_registry,0-25m,81192.0911,1883539.98,1726162.38,1211
2025,pots_and_traps,no_registry,25-50m,18937.2813,83692.1173,65313.6625,54
2025,pots_and_traps,other_registry,0-25m,21984.4723,421855.132,949478.781,329
2025,pots_and_traps,other_registry,25-50m,22065.3788,234358.538,122919.279,29
2025,research,imo,0-25m,4332.89945,26246.8276,23841.1942,5
2025,research,imo,25-50m,9774.53865,71178.3783,51150.3364,9
2025,research,imo,50-75m,23406.1703,183219.593,93285.0153,13
2025,research,imo,75-100m,6380.79213,45768.7009,26174.6675,3
2025,research,no_registry,0-25m,1429.95568,10993.4405,10274.7517,4
2025,research,no_registry,25-50m,6843.02833,59100.2717,34306.2417,10
2025,research,no_registry,50-75m,3387.99048,26585.0398,14858.9619,2
2025,research,other_registry,0-25m,254.254571,32454.6022,9030.97472,2
2025,research,other_registry,25-50m,6706.28209,34861.8238,43130.6739,8
2025,research,other_registry,50-75m,22264.469,189819.545,79478.455,11
2025,research,other_registry,75-100m,2890.11698,16763.807,6089.97139,1
2025,seismic_vessel,imo,0-25m,3134.17717,15235.7959,17274.8644,2
2025,seismic_vessel,imo,100-125m,145494.584,618420.739,295959.38,43
2025,seismic_vessel,imo,125-150m,58254.524,195464.053,88352.5436,14
2025,seismic_vessel,imo,150-175m,34672.3128,132121.465,50590.9522,6
2025,seismic_vessel,imo,175-200m,15962.3118,52039.317,8729.21611,1
2025,seismic_vessel,imo,200-225m,2486.75696,10929.9986,2947.73333,1
2025,seismic_vessel,imo,25-50m,130191.671,915941.461,718779.239,111
2025,seismic_vessel,imo,50-75m,273323.722,2285341.91,1021606.38,139
2025,seismic_vessel,imo,75-100m,341499.776,2013589.07,854421.234,124
2025,seismic_vessel,no_registry,0-25m,6812.91392,34387.7841,45082.6781,9
2025,seismic_vessel,no_registry,100-125m,135824.125,751250.549,249949.723,52
2025,seismic_vessel,no_registry,125-150m,63752.3232,211612.58,99382.8831,18
2025,seismic_vessel,no_registry,150-175m,18829.553,72290.8591,24755.1467,4
2025,seismic_vessel,no_registry,200-225m,380.501274,1304.22215,398.825,2
2025,seismic_vessel,no_registry,25-50m,229623.746,1704889.93,1249485.5,249
2025,seismic_vessel,no_registry,50-75m,193945.981,1574635.73,764493.008,141
2025,seismic_vessel,no_registry,75-100m,383731.409,2315296.8,1011245.72,179
2025,seismic_vessel,other_registry,0-25m,2348.68198,5102.91966,13271.2919,3
2025,seismic_vessel,other_registry,100-125m,55255.4658,301498.149,103829.981,16
2025,seismic_vessel,other_registry,125-150m,16352.6622,59388.8298,25927.1506,3
2025,seismic_vessel,other_registry,150-175m,8747.86109,32320.8446,12039.4919,2
2025,seismic_vessel,other_registry,175-200m,18911.8255,62151.9594,8759.97556,1
2025,seismic_vessel,other_registry,25-50m,75457.3808,494780.841,420675.314,63
2025,seismic_vessel,other_registry,50-75m,125107.175,1027489.64,434581.393,66
2025,seismic_vessel,other_registry,75-100m,127135.757,823445.011,329429.246,44
2025,set_gillnets,imo,0-25m,59642.7834,2917926.44,1862506.39,868
2025,set_gillnets,imo,25-50m,833.093359,45888.336,16685.6269,7
2025,set_gillnets,imo,50-75m,15.6026584,1840.4920300000001,480.200556,2
2025,set_gillnets,imo,75-100m,4.02749118,107.651611,132.831389,2
2025,set_gillnets,no_registry,0-25m,339981.817,7353366.97,6085745.35,4770
2025,set_gillnets,no_registry,25-50m,206045.845,1059531.58,840925.555,442
2025,set_gillnets,no_registry,50-75m,109.423167,4937.50175,2007.975,2
2025,set_gillnets,other_registry,0-25m,22918.2834,1317887.67,831413.479,385
2025,set_gillnets,other_registry,25-50m,540.420705,28837.8599,10940.1236,4
2025,set_gillnets,other_registry,50-75m,110.337441,8726.18115,3885.58972,2
2025,set_gillnets,other_registry,75-100m,25.7346247,2601.11173,837.406667,1
2025,set_longlines,imo,0-25m,33782.708,785314.959,739460.781,160
2025,set_longlines,imo,25-50m,136691.315,1975667.05,765966.351,122
2025,set_longlines,imo,50-75m,109475.259,995536.928,311890.85,43
2025,set_longlines,no_registry,0-25m,31805.6558,774766.645,527588.681,269
2025,set_longlines,no_registry,25-50m,27011.8272,358594.821,178620.717,67
2025,set_longlines,no_registry,50-75m,133.654309,1821.80318,531.133056,1
2025,set_longlines,other_registry,0-25m,23158.182,542866.477,452908.248,87
2025,set_longlines,other_registry,100-125m,16.1913555,716.876082,320.301111,1
2025,set_longlines,other_registry,25-50m,51331.5968,797862.49,289597.801,46
2025,set_longlines,other_registry,50-75m,44451.6003,523221.992,145324.081,19
2025,set_longlines,other_registry,75-100m,38.9188423,1825.37659,644.54,1
2025,specialized_reefer,imo,100-125m,573835.323,2003734.46,495012.184,64
2025,specialized_reefer,imo,125-150m,906195.61,2189770.58,453852.009,60
2025,specialized_reefer,imo,150-175m,323780.917,547980.011,125625.383,17
2025,specialized_reefer,imo,25-50m,56846.7568,432096.198,99932.1692,18
2025,specialized_reefer,imo,50-75m,182208.011,1068681.36,299719.982,48
2025,specialized_reefer,imo,75-100m,287666.448,1322503.94,377232.765,57
2025,specialized_reefer,no_registry,100-125m,1977.73352,5666.97511,843.844722,1
2025,specialized_reefer,no_registry,25-50m,20661.566,96298.2525,32869.4528,7
2025,specialized_reefer,no_registry,50-75m,4617.67548,22561.0717,6363.885,5
2025,specialized_reefer,no_registry,75-100m,42613.7307,74965.2682,27269.4447,5
2025,specialized_reefer,other_registry,100-125m,406469.947,1310168.18,330523.566,49
2025,specialized_reefer,other_registry,125-150m,518011.827,1208126.74,277987.257,40
2025,specialized_reefer,other_registry,150-175m,242047.214,475938.345,89289.0281,11
2025,specialized_reefer,other_registry,25-50m,27482.8469,207354.681,44996.7272,10
2025,specialized_reefer,other_registry,50-75m,87256.0874,464723.663,147257.329,25
2025,specialized_reefer,other_registry,75-100m,143944.673,723685.481,204645.709,30
2025,squid_jigger,imo,0-25m,7175.86381,201091.051,130469.578,166
2025,squid_jigger,imo,25-50m,169084.353,2392932.89,881596.46,340
2025,squid_jigger,imo,50-75m,983099.32,9062819.69,2879964.23,445
2025,squid_jigger,imo,75-100m,37302.8777,426503.056,79177.8644,13
2025,squid_jigger,no_registry,0-25m,91594.5181,1980458.76,1454797.35,883
2025,squid_jigger,no_registry,125-150m,6652.45922,16303.3751,9289.56472,2
2025,squid_jigger,no_registry,150-175m,4163.81142,7108.39352,5387.54694,1
2025,squid_jigger,no_registry,25-50m,151047.325,1527435.17,780877.707,541
2025,squid_jigger,no_registry,50-75m,83032.7659,663323.017,279785.187,156
2025,squid_jigger,no_registry,75-100m,12321.9254,41021.8241,21619.2181,7
2025,squid_jigger,other_registry,0-25m,4023.86856,116142.735,73485.2542,78
2025,squid_jigger,other_registry,25-50m,98587.3062,1345961.9,497431.935,181
2025,squid_jigger,other_registry,50-75m,415180.103,3853712.97,1244079.39,197
2025,squid_jigger,other_registry,75-100m,17364.1181,180008.413,38790.9756,6
2025,supply_vessel,imo,0-25m,25352.1841,104921.584,144435.227,22
2025,supply_vessel,imo,100-125m,114295.529,496214.417,289393.547,38
2025,supply_vessel,imo,125-150m,11639.6674,43225.0611,29083.7178,5
2025,supply_vessel,imo,25-50m,776755.238,7107996.52,3695782.5,585
2025,supply_vessel,imo,50-75m,739608.177,5244465.76,2874591.81,406
2025,supply_vessel,imo,75-100m,1073021.37,5448044.98,2990495.92,387
2025,supply_vessel,no_registry,0-25m,92294.2713,850800.433,527766.574,144
2025,supply_vessel,no_registry,100-125m,87669.509,390324.055,245872.789,32
2025,supply_vessel,no_registry,125-150m,9995.52957,37566.1359,17302.3528,2
2025,supply_vessel,no_registry,150-175m,1401.24006,6152.8339,3151.30528,1
2025,supply_vessel,no_registry,175-200m,151.692985,110.127468,724.438056,1
2025,supply_vessel,no_registry,200-225m,1410.12541,6.45543616,8736.05194,1
2025,supply_vessel,no_registry,25-50m,1895817.24,15708941.3,9090326.23,1707
2025,supply_vessel,no_registry,50-75m,449201.249,3189348.91,1916265.59,308
2025,supply_vessel,no_registry,75-100m,570018.468,3082079.31,1913190.23,271
2025,supply_vessel,other_registry,0-25m,6348.44505,62974.9207,37151.6075,12
2025,supply_vessel,other_registry,100-125m,23085.5683,130884.709,52953.9633,7
2025,supply_vessel,other_registry,125-150m,3272.15593,8920.01529,8546.28778,2
2025,supply_vessel,other_registry,150-175m,8666.28983,37642.34,19201.4883,3
2025,supply_vessel,other_registry,25-50m,378478.846,3401858.39,1791557.39,272
2025,supply_vessel,other_registry,50-75m,335767.434,2442048.5,1286753.01,180
2025,supply_vessel,other_registry,75-100m,550020.829,2801926.98,1585312.6,201
2025,tanker.chemical,imo,0-25m,11192.401,49635.2582,8537.25861,3
2025,tanker.chemical,imo,100-125m,3245536.46,14747007.1,3183939.65,444
2025,tanker.chemical,imo,125-150m,3588293.31,13200432.7,2508119.86,350
2025,tanker.chemical,imo,150-175m,3667553.86,11442564.9,1889711.18,256
2025,tanker.chemical,imo,175-200m,10376624.8,27987944.9,4650287.58,611
2025,tanker.chemical,imo,200-225m,885579.877,2197576.84,372407.995,55
2025,tanker.chemical,imo,225m+,402500.626,788979.033,113713.442,22
2025,tanker.chemical,imo,25-50m,58483.3312,251154.226,58760.9842,7
2025,tanker.chemical,imo,50-75m,594393.024,3524945.2,864397.301,108
2025,tanker.chemical,imo,75-100m,1021848.89,6275891.19,1409093.13,184
2025,tanker.chemical,no_registry,100-125m,4028049.36,14745034.7,3906069.36,750
2025,tanker.chemical,no_registry,125-150m,3627711.29,10167639.5,2214164.68,357
2025,tanker.chemical,no_registry,150-175m,7483164.3,20714764,3592226.02,542
2025,tanker.chemical,no_registry,175-200m,12308568.7,33020376.3,5283481.89,755
2025,tanker.chemical,no_registry,200-225m,4551486.6,11085524.6,1848270.3,289
2025,tanker.chemical,no_registry,225m+,2189593.87,4736594.07,781549.637,127
2025,tanker.chemical,no_registry,25-50m,172506.991,350591.064,239822.108,43
2025,tanker.chemical,no_registry,50-75m,1229622.38,5491993.63,1734309.9,280
2025,tanker.chemical,no_registry,75-100m,1307345.55,4863245.11,1754276.03,334
2025,tanker.chemical,other_registry,100-125m,1495935.2,6864524.52,1490088.79,196
2025,tanker.chemical,other_registry,125-150m,1749976.08,6068950.12,1216878.77,174
2025,tanker.chemical,other_registry,150-175m,1817940.96,5747780.48,933762.146,121
2025,tanker.chemical,other_registry,175-200m,5525135.33,15457689,2477565.14,316
2025,tanker.chemical,other_registry,200-225m,339505.761,815804.515,150139.085,22
2025,tanker.chemical,other_registry,225m+,378165.999,711146.968,130745.975,19
2025,tanker.chemical,other_registry,25-50m,111203.172,428690.692,73823.2389,10
2025,tanker.chemical,other_registry,50-75m,262931.719,1448353.27,367124.77,48
2025,tanker.chemical,other_registry,75-100m,542871.25,3261168.47,725711.473,106
2025,tanker.liquefied_gas,imo,100-125m,687109.58,2617218.59,521879.833,71
2025,tanker.liquefied_gas,imo,125-150m,518281.901,1763534.05,348546.7,45
2025,tanker.liquefied_gas,imo,150-175m,1102340.08,3658035.12,576484.783,73
2025,tanker.liquefied_gas,imo,175-200m,970867.617,2986474.35,395491.952,52
2025,tanker.liquefied_gas,imo,200-225m,1320488.78,3239825.27,372827.442,51
2025,tanker.liquefied_gas,imo,225m+,20888165.4,30394599.7,2927706.04,373
2025,tanker.liquefied_gas,imo,25-50m,11644.7236,56069.4031,11885.7528,3
2025,tanker.liquefied_gas,imo,50-75m,322967.338,1241866.76,304745.885,36
2025,tanker.liquefied_gas,imo,75-100m,384617.614,1456075.26,351909.249,44
2025,tanker.liquefied_gas,no_registry,100-125m,593179.795,2267372.87,487341.269,79
2025,tanker.liquefied_gas,no_registry,125-150m,490658.165,1646647.15,338164.33,66
2025,tanker.liquefied_gas,no_registry,150-175m,801165.189,2472786.77,435207.514,76
2025,tanker.liquefied_gas,no_registry,175-200m,1677703.11,4253430.57,565192.446,101
2025,tanker.liquefied_gas,no_registry,200-225m,3557686.79,7925805.58,837755.444,127
2025,tanker.liquefied_gas,no_registry,225m+,23897404.8,40044630.5,3611573.16,485
2025,tanker.liquefied_gas,no_registry,25-50m,1450.53834,3425.35024,1536.17167,1
2025,tanker.liquefied_gas,no_registry,50-75m,276147.25,817998.722,252681.101,43
2025,tanker.liquefied_gas,no_registry,75-100m,286919.852,1050847.98,263590.95,47
2025,tanker.liquefied_gas,other_registry,100-125m,506478.434,1843307.52,371796.873,53
2025,tanker.liquefied_gas,other_registry,125-150m,325860.255,1175055.68,205927.54,27
2025,tanker.liquefied_gas,other_registry,150-175m,492715.018,1714550.1,261233.526,35
2025,tanker.liquefied_gas,other_registry,175-200m,439027.482,1328120.29,192118.195,24
2025,tanker.liquefied_gas,other_registry,200-225m,905981.455,2265239.78,253975.109,32
2025,tanker.liquefied_gas,other_registry,225m+,9552908.77,13763046.7,1348797.21,170
2025,tanker.liquefied_gas,other_registry,25-50m,15064.9076,65564.164,15959.31,3
2025,tanker.liquefied_gas,other_registry,50-75m,220763.747,852677.252,204956.138,25
2025,tanker.liquefied_gas,other_registry,75-100m,170935.039,583437.554,160766.005,20
2025,tanker.oil,imo,0-25m,8136.55914,42216.8569,23373.0494,6
2025,tanker.oil,imo,100-125m,2198443.08,7699490.65,2398853.52,361
2025,tanker.oil,imo,125-150m,1247215.42,3211822.3,950262.748,209
2025,tanker.oil,imo,150-175m,1171512.24,1667249.71,509740.408,82
2025,tanker.oil,imo,175-200m,3622595.26,4862658.47,1234847.95,176
2025,tanker.oil,imo,200-225m,3083244.49,3700809.76,859589.671,130
2025,tanker.oil,imo,225m+,34787981.7,46528514.1,6796927.87,980
2025,tanker.oil,imo,25-50m,589365.514,723204.156,706916.919,119
2025,tanker.oil,imo,50-75m,1810249.51,3944772.37,2307023.2,358
2025,tanker.oil,imo,75-100m,2552464.53,7444746.71,3482089.26,532
2025,tanker.oil,no_registry,0-25m,48270.9516,34952.3732,52519.2414,20
2025,tanker.oil,no_registry,100-125m,4381160.97,11852323.2,4333370.85,722
2025,tanker.oil,no_registry,125-150m,5099349.57,8857942.14,2596422.4,443
2025,tanker.oil,no_registry,150-175m,5119369.57,6663898.83,1857046.04,313
2025,tanker.oil,no_registry,175-200m,4711022.7,6625479.32,1542224.06,319
2025,tanker.oil,no_registry,200-225m,8372431.22,10609923.8,2263774.29,494
2025,tanker.oil,no_registry,225m+,59948224.9,78437413.5,11940784.5,2307
2025,tanker.oil,no_registry,25-50m,4036183.38,5788646.54,6054628.79,1262
2025,tanker.oil,no_registry,50-75m,6527867.75,12102116.9,9870940.03,1789
2025,tanker.oil,no_registry,75-100m,6159836.73,15227915.6,8463662.38,1405
2025,tanker.oil,other_registry,0-25m,9630.6489,13459.9338,16338.1208,3
2025,tanker.oil,other_registry,100-125m,1156171.25,3761034.7,1223041.32,193
2025,tanker.oil,other_registry,125-150m,499272.366,1179714.63,352282.62,81
2025,tanker.oil,other_registry,150-175m,610074.799,965548.197,252267.385,38
2025,tanker.oil,other_registry,175-200m,1945757.34,3061039.5,706035.101,103
2025,tanker.oil,other_registry,200-225m,1450851.17,2050607.83,405626.324,60
2025,tanker.oil,other_registry,225m+,15606328.3,21320081.8,3067824.44,447
2025,tanker.oil,other_registry,25-50m,185919.856,242020.413,295625.864,53
2025,tanker.oil,other_registry,50-75m,754118.282,1986557.09,1152039.25,179
2025,tanker.oil,other_registry,75-100m,1422948.15,4100180.92,1995131.74,315
2025,tanker.other,imo,100-125m,9597.77832,23455.6453,8746.75972,1
2025,tanker.other,imo,25-50m,10694.5269,8993.93636,8735.94833,1
2025,tanker.other,imo,50-75m,40900.3943,24902.2562,34251.3864,4
2025,tanker.other,imo,75-100m,22546.3708,4587.44176,17073.7658,2
2025,tanker.other,no_registry,100-125m,10764.8365,20515.5622,8648.55361,2
2025,tanker.other,no_registry,175-200m,4351.81032,10714.7188,1507.08278,1
2025,tanker.other,no_registry,225m+,62.9730714,10.1921638,47.1416667,1
2025,tanker.other,no_registry,25-50m,90140.606,81629.115,75672.0906,12
2025,tanker.other,no_registry,50-75m,54551.6085,50636.6082,44997.2892,6
2025,tanker.other,no_registry,75-100m,9842.81796,42426.898,9086.03444,2
2025,tanker.other,other_registry,50-75m,11501.862,1868.21361,8735.96972,1
2025,tanker.other,other_registry,75-100m,20888.6897,7638.73056,16680.0642,2
2025,trawlers,imo,0-25m,2014665.62,29244335.4,23212563.4,6532
2025,trawlers,imo,100-125m,938249.675,2206139.75,556500.508,79
2025,trawlers,imo,125-150m,167404.18,295555.756,68674.0539,9
2025,trawlers,imo,150-175m,1840.96803,16516.631,6157.51472,1
2025,trawlers,imo,25-50m,3451380.97,26216613,12249735.6,2737
2025,trawlers,imo,50-75m,3286880.8,14675695.8,4701019.05,701
2025,trawlers,imo,75-100m,1380335.91,3668897.09,1065690.39,152
2025,trawlers,no_registry,0-25m,9896798.26,108436951,76338359.4,39362
2025,trawlers,no_registry,100-125m,40895.681,46485.4056,26839.9925,10
2025,trawlers,no_registry,125-150m,23.6394115,70.3827382,32.9416667,1
2025,trawlers,no_registry,25-50m,21415298.3,130528287,75453371.3,26084
2025,trawlers,no_registry,50-75m,1011630.93,4515058.36,2243299.46,1211
2025,trawlers,no_registry,75-100m,165907.246,231390.235,226672.359,87
2025,trawlers,other_registry,0-25m,1076189.65,14800193.6,11572231.3,3273
2025,trawlers,other_registry,100-125m,596006.734,1388391.84,344556.742,46
2025,trawlers,other_registry,125-150m,53313.7815,88719.4917,26124.8458,3
2025,trawlers,other_registry,225m+,167.031189,4764.01134,3151.72667,2
2025,trawlers,other_registry,25-50m,1690545.02,12892476.6,6004675.23,1332
2025,trawlers,other_registry,50-75m,1680550.53,7203359.03,2336519.81,344
2025,trawlers,other_registry,75-100m,511977.749,1503190.39,436973.124,62
2025,trollers,imo,0-25m,22923.8856,308122.23,537405.194,170
2025,trollers,imo,25-50m,1131.02643,6110.46876,10489.1853,3
2025,trollers,no_registry,0-25m,7129.61977,78498.2198,180301.084,61
2025,trollers,no_registry,25-50m,444.55635,2588.88559,5804.89306,2
2025,trollers,other_registry,0-25m,8105.69088,112053.284,194709.81,70
2025,trollers,other_registry,25-50m,602.406364,7457.72173,13747.4456,3
2025,tug,imo,0-25m,758739.163,8766226.41,7849168.07,1369
2025,tug,imo,100-125m,38830.9193,276127.222,158183.665,29
2025,tug,imo,125-150m,2461.1047,10946.0807,33618.9386,7
2025,tug,imo,150-175m,40235.6404,223334.123,74401.9856,10
2025,tug,imo,175-200m,97596.8873,137652.929,25938.8594,3
2025,tug,imo,200-225m,1723.17057,5062.81467,8760.00028,1
2025,tug,imo,225m+,12529.3603,31208.9274,23712.6347,3
2025,tug,imo,25-50m,3027433.75,26614751.4,26058924.1,3948
2025,tug,imo,50-75m,524909.411,5082574.42,3676623.78,558
2025,tug,imo,75-100m,197001.529,1432189.63,903512.346,131
2025,tug,no_registry,0-25m,1509105.43,16467714.1,20174954.9,7642
2025,tug,no_registry,100-125m,44011.9319,273173.994,243743.484,58
2025,tug,no_registry,125-150m,20045.4496,100004.269,215863.892,30
2025,tug,no_registry,150-175m,2911.20082,15234.8456,30901.6992,8
2025,tug,no_registry,175-200m,1784.07409,4421.25521,7570.73806,3
2025,tug,no_registry,225m+,1015.96558,3430.48543,8760.00222,1
2025,tug,no_registry,25-50m,8809900.39,84404614.8,94905812.2,23674
2025,tug,no_registry,50-75m,1395724.75,14531590.8,12417969.2,3655
2025,tug,no_registry,75-100m,328245.247,2831384.35,2012316.42,366
2025,tug,other_registry,0-25m,364863.351,4261844.37,3830773.23,673
2025,tug,other_registry,100-125m,10395.1877,79321.4886,90872.8856,12
2025,tug,other_registry,125-150m,12101.9372,65549.1897,40758.7781,5
2025,tug,other_registry,150-175m,4124.13337,26470.5447,15194.0017,3
2025,tug,other_registry,175-200m,3060.34111,19699.1353,8737.34194,1
2025,tug,other_registry,225m+,1448.55143,5801.70477,8759.98194,1
2025,tug,other_registry,25-50m,1500011.41,12930047.9,12602070.7,1901
2025,tug,other_registry,50-75m,264619.802,2705434.38,1902889.43,287
2025,tug,other_registry,75-100m,143312.136,963789.188,549584.284,81
2025,tuna_purse_seines,imo,0-25m,145.177791,2495.5718,601.325278,1
2025,tuna_purse_seines,imo,100-125m,24026.5753,154443.386,29308.1617,8
2025,tuna_purse_seines,imo,200-225m,1892.27737,10404.8632,3216.68,1
2025,tuna_purse_seines,imo,25-50m,62651.7385,590053.465,188562.643,61
2025,tuna_purse_seines,imo,50-75m,525549.859,3093957.33,970865.703,251
2025,tuna_purse_seines,imo,75-100m,212513.851,1146403.49,305656.439,102
2025,tuna_purse_seines,no_registry,25-50m,90651.9651,540538.91,189178.731,38
2025,tuna_purse_seines,no_registry,50-75m,45310.1148,252797.96,80321.7878,17
2025,tuna_purse_seines,no_registry,75-100m,5452.85093,30006.9187,7837.81417,4
2025,tuna_purse_seines,other_registry,100-125m,9364.98974,40442.3735,9541.77333,4
2025,tuna_purse_seines,other_registry,25-50m,41088.1734,421113.906,130783.626,35
2025,tuna_purse_seines,other_registry,50-75m,230710.292,1376138.25,419703.343,106
2025,tuna_purse_seines,other_registry,75-100m,104404.96,608355.527,149921.999,46
2025,well_boat,imo,0-25m,150.471069,3435.90928,909.760278,1
2025,well_boat,imo,25-50m,33412.9041,463740.499,153041.537,20
2025,well_boat,imo,50-75m,63761.3544,824158.486,227622.847,28
2025,well_boat,imo,75-100m,40742.6742,310449.082,130053.82,15
2025,well_boat,other_registry,25-50m,16616.7365,255448.815,67531.1642,9
2025,well_boat,other_registry,50-75m,26846.449,301091.714,111080.827,13
2025,well_boat,other_registry,75-100m,29489.6613,205768.836,96168.6411,11
