registry_type,n_unique_vessels,emissions_co2_mt
other_registry,55571,307024927.2278419
no_registry,735338,2748692903.1804976
imo,89571,4713346200.400826
