lon_bin,lat_bin,number_months,number_months_imaged
177,34,108,0
-144,46,108,0
-134,50,108,101
157,40,108,0
3,68,108,108
159,52,108,107
-154,41,108,0
-167,28,108,0
159,35,108,0
-127,48,108,99
-21,28,108,0
-125,49,108,106
152,50,108,106
-53,50,108,108
-134,29,108,0
-25,43,108,104
23,60,108,108
120,38,108,108
-76,31,108,107
-126,32,108,64
-165,39,108,0
-32,53,108,0
-28,37,108,108
-118,29,108,108
-74,35,108,107
150,52,108,0
35,41,108,108
-17,40,108,103
-27,38,108,108
33,42,108,108
137,38,108,108
1,56,108,108
-38,47,108,0
17,31,108,108
158,32,108,0
173,56,108,0
-124,41,108,0
-73,39,108,108
-108,-71,108,0
-143,-72,108,0
-164,-73,108,0
128,39,108,95
-53,62,108,0
-177,42,108,0
16,31,108,108
-59,30,108,2
-13,51,108,108
-9,63,108,108
6,61,108,108
149,32,108,0
-170,49,108,0
152,47,108,106
1,49,108,108
-16,42,108,104
27,38,108,108
-74,40,108,108
-35,-71,108,0
-180,44,108,0
-49,41,108,0
-69,58,108,60
-174,-77,108,1
-100,-72,108,0
-160,34,108,0
-71,48,108,0
-80,65,108,2
123,31,108,108
-166,-75,108,0
-32,52,108,0
-48,32,108,0
69,66,108,31
166,48,108,0
-35,-78,108,0
-161,-76,108,0
147,39,108,0
147,53,108,0
-9,65,108,108
122,30,108,108
-11,64,108,60
24,64,108,108
154,56,108,107
-75,33,108,107
12,55,108,108
-14,60,108,108
-37,37,108,0
28,30,108,108
-9,55,108,108
170,34,108,0
-44,35,108,0
-61,31,108,2
10,63,108,108
164,34,108,0
10,68,108,108
27,43,108,108
-71,62,108,60
-13,63,108,107
1,61,108,108
-67,31,108,1
-18,54,108,61
-19,34,108,108
152,32,108,0
23,64,108,108
157,44,108,0
165,49,108,0
138,43,108,84
-53,45,108,107
11,45,108,0
171,45,108,0
167,40,108,0
-129,48,108,99
-173,42,108,0
-139,56,108,97
-5,68,108,0
-114,31,108,108
-19,-74,108,0
38,65,108,108
-81,53,108,60
148,53,108,0
165,-79,108,0
-27,65,108,1
125,38,108,108
2,38,108,108
140,29,108,1
26,31,108,108
21,37,108,108
-44,55,108,1
-10,41,108,108
-30,38,108,108
-151,55,108,2
130,42,108,108
-53,41,108,2
-65,42,108,103
-50,45,108,0
-51,34,108,0
-4,62,108,108
-28,54,108,1
-42,50,108,0
-15,34,108,108
-2,62,108,108
-25,44,108,104
146,54,108,60
-43,50,108,0
-50,62,108,0
-121,34,108,108
-30,44,108,103
5,40,108,108
8,63,108,108
-141,32,108,0
21,58,108,108
-143,-74,108,0
-118,-72,108,0
167,55,108,60
143,45,108,108
-67,50,108,108
120,37,108,108
122,41,108,0
-148,43,108,0
170,54,108,0
-10,34,108,108
-178,51,108,106
-65,37,108,103
-89,56,108,60
-128,48,108,99
-15,59,108,108
-37,60,108,0
-148,59,108,105
-41,62,108,0
-138,58,108,99
118,38,108,106
-61,49,108,108
-54,64,108,0
134,39,108,3
-14,38,108,108
-145,54,108,1
-79,28,108,107
7,55,108,108
124,30,108,6
-24,64,108,108
177,52,108,107
-97,-73,108,0
-38,57,108,0
-80,52,108,60
-77,-71,108,0
168,-78,108,0
-80,51,108,60
-34,51,108,0
-46,47,108,1
46,67,108,60
-84,66,108,60
179,64,108,108
-81,64,108,60
-159,57,108,107
174,64,108,0
-146,38,108,0
-19,55,108,57
-14,67,108,108
-82,-71,108,0
161,60,108,107
-41,54,108,1
28,33,108,108
172,52,108,60
167,31,108,0
152,53,108,0
145,29,108,0
-137,56,108,99
-137,51,108,57
-128,45,108,99
-57,63,108,0
-148,35,108,0
-31,46,108,103
29,60,108,108
134,32,108,107
5,65,108,108
-51,43,108,98
-135,43,108,0
144,28,108,0
10,66,108,108
-30,32,108,104
-55,50,108,108
140,54,108,107
-14,33,108,108
179,61,108,107
32,45,108,108
-14,57,108,108
-173,66,108,107
-47,32,108,0
-15,62,108,108
-43,60,108,1
164,62,108,107
-33,34,108,103
127,40,108,93
-32,44,108,1
161,42,108,0
170,40,108,0
-176,63,108,0
173,59,108,0
161,28,108,0
-11,38,108,108
-13,60,108,107
-16,34,108,108
-20,51,108,0
-165,42,108,0
18,61,108,108
8,39,108,108
-164,-72,108,0
-51,44,108,98
-65,68,108,0
145,30,108,0
-9,60,108,108
-103,-76,108,0
2,55,108,108
-2,67,108,108
-33,67,108,0
-57,32,108,1
150,58,108,107
-30,60,108,0
-14,30,108,108
153,58,108,107
-10,64,108,108
-169,41,108,0
16,57,108,108
-10,44,108,108
-42,51,108,1
-80,31,108,108
137,35,108,0
-168,65,108,107
-131,-73,108,0
-167,64,108,108
-177,65,108,60
-52,-78,108,0
-17,-72,108,0
-80,58,108,59
-86,-72,108,0
-20,68,108,88
-136,56,108,107
-170,-78,108,0
-137,47,108,0
-54,44,108,107
-18,63,108,108
-158,58,108,101
152,59,108,107
-64,40,108,103
-114,-74,108,0
169,-78,108,0
-155,-76,108,1
166,45,108,0
-55,65,108,0
-135,55,108,107
2,66,108,108
-54,52,108,107
-170,55,108,60
-42,47,108,0
-21,46,108,0
162,54,108,107
-3,61,108,108
151,32,108,0
159,51,108,107
-175,67,108,60
-16,37,108,108
-82,63,108,60
-79,52,108,108
-40,-71,108,0
-65,43,108,108
135,42,108,60
-33,49,108,0
-52,47,108,108
40,40,108,108
-136,58,108,108
-27,29,108,0
-35,51,108,0
-60,49,108,108
6,59,108,108
-16,41,108,104
71,67,108,59
-100,-71,108,0
-176,60,108,0
-82,65,108,60
20,62,108,108
-15,67,108,108
-152,59,108,106
-35,54,108,0
175,48,108,0
40,67,108,59
-16,43,108,103
-167,47,108,0
-71,32,108,104
6,40,108,108
-18,67,108,108
-38,28,108,0
-129,49,108,99
-122,29,108,105
153,38,108,0
-28,42,108,108
-3,58,108,108
-11,42,108,108
-5,46,108,108
-59,55,108,107
-134,43,108,0
-28,60,108,0
-75,35,108,107
-27,-71,108,0
-2,66,108,108
-55,55,108,108
-21,67,108,108
-1,66,108,108
-55,51,108,108
-166,38,108,0
-95,60,108,59
-158,55,108,106
-138,-72,108,0
169,68,108,60
158,38,108,0
-162,35,108,0
-138,68,108,107
-2,35,108,108
-127,33,108,0
-25,58,108,5
146,50,108,0
-17,42,108,103
-158,53,108,2
-137,43,108,0
-15,65,108,108
-1,49,108,108
135,28,108,1
-45,42,108,1
-167,46,108,0
17,39,108,108
-19,65,108,108
-13,33,108,108
-134,53,108,103
-36,37,108,0
175,39,108,0
-127,51,108,99
6,60,108,108
-116,31,108,0
-9,57,108,108
-75,63,108,60
-151,56,108,103
-22,53,108,1
20,32,108,108
-45,35,108,0
-47,42,108,0
-177,57,108,0
-22,60,108,106
-38,53,108,0
124,35,108,108
-54,45,108,107
-55,42,108,1
-62,44,108,108
32,30,108,108
-60,47,108,108
-155,47,108,0
-124,48,108,106
5,57,108,108
-3,43,108,108
152,35,108,0
147,45,108,108
178,38,108,0
-179,37,108,0
172,-74,108,0
-178,68,108,60
-43,-73,108,0
-159,42,108,0
-165,-76,108,3
-169,53,108,108
36,46,108,108
-158,56,108,102
-162,-76,108,0
178,53,108,105
-23,43,108,104
-25,-73,108,0
35,64,108,108
-51,50,108,0
-49,61,108,0
-171,32,108,0
-165,54,108,108
-54,47,108,108
-59,44,108,107
-29,33,108,108
-19,37,108,107
-59,58,108,2
176,37,108,0
-129,30,108,0
-146,59,108,108
17,35,108,108
-90,58,108,60
-87,55,108,60
-32,-71,108,0
-82,31,108,108
137,53,108,60
-62,56,108,108
124,37,108,58
167,43,108,0
-103,-71,108,0
163,42,108,0
144,57,108,0
-41,47,108,0
-12,42,108,108
-12,51,108,108
-173,64,108,107
-18,30,108,108
-149,45,108,1
-7,45,108,108
-130,40,108,53
8,43,108,108
38,44,108,108
131,42,108,108
-166,61,108,108
-66,67,108,0
-152,41,108,0
-167,62,108,108
-171,53,108,108
178,51,108,107
-150,-76,108,0
-95,63,108,0
155,58,108,107
-171,55,108,60
-52,-74,108,0
-108,67,108,60
-35,46,108,0
37,40,108,108
31,45,108,108
-143,48,108,0
-175,-77,108,1
43,66,108,60
25,31,108,108
148,59,108,107
-6,50,108,108
130,39,108,59
8,62,108,108
-132,43,108,0
-165,50,108,0
12,32,108,108
-70,34,108,107
127,28,108,57
-8,57,108,108
20,61,108,108
132,32,108,108
-40,40,108,0
0,55,108,108
37,68,108,108
-79,-73,108,0
-81,68,108,59
-28,53,108,1
-78,59,108,59
130,31,108,108
163,-71,108,0
-153,-76,108,1
15,54,108,108
-132,40,108,0
-141,54,108,53
176,45,108,0
-125,33,108,106
-103,68,108,60
-13,66,108,108
8,68,108,108
-66,37,108,108
142,48,108,108
-61,43,108,107
-17,60,108,106
-19,66,108,108
10,53,108,108
-159,51,108,2
-157,46,108,0
179,44,108,0
-153,44,108,0
-21,44,108,0
3,53,108,108
4,56,108,108
-8,47,108,108
1,60,108,108
-31,-78,108,0
-36,64,108,0
-128,-75,108,0
74,67,108,59
153,32,108,0
-166,-74,108,0
-60,-74,108,0
-163,60,108,104
27,39,108,0
177,65,108,0
35,65,108,108
145,53,108,106
-162,67,108,108
-43,29,108,0
-26,56,108,1
-154,29,108,0
-26,40,108,104
-13,58,108,108
7,53,108,108
-13,47,108,108
6,68,108,108
-79,-72,108,0
154,51,108,106
-46,43,108,0
169,-74,108,0
-104,-74,108,0
-101,-74,108,0
-29,52,108,1
-152,-73,108,0
-33,40,108,1
171,43,108,0
38,64,108,108
117,39,108,104
33,65,108,0
-60,40,108,107
140,31,108,3
-14,68,108,8
171,31,108,0
179,46,108,0
-11,30,108,108
-65,49,108,108
17,43,108,108
18,60,108,108
-7,57,108,108
-145,37,108,0
3,54,108,108
0,49,108,108
-70,40,108,108
-38,34,108,0
-51,-77,108,1
-40,65,108,0
145,38,108,0
-14,48,108,108
-43,48,108,1
-17,54,108,61
-88,65,108,60
-102,-71,108,0
38,47,108,108
-23,33,108,0
4,65,108,108
134,37,108,107
137,44,108,104
-28,49,108,1
-23,50,108,1
-164,66,108,108
-53,-77,108,1
172,30,108,0
-13,28,108,108
28,31,108,108
-134,52,108,103
-33,50,108,0
-1,61,108,108
128,32,108,62
146,34,108,0
19,57,108,108
131,31,108,108
17,40,108,108
-16,32,108,108
19,39,108,108
-72,47,108,0
-79,59,108,59
-160,-77,108,0
-45,31,108,0
-136,57,108,108
-87,61,108,60
-78,57,108,60
-47,37,108,0
-30,67,108,0
-16,56,108,104
144,47,108,108
-133,42,108,0
141,30,108,1
156,34,108,0
5,66,108,108
-20,43,108,0
-37,40,108,0
-32,46,108,0
174,52,108,108
135,38,108,107
-121,-71,108,0
-174,-72,108,0
-88,56,108,59
133,40,108,1
-42,63,108,0
-34,42,108,1
178,40,108,0
-142,54,108,53
164,28,108,0
-32,41,108,103
134,33,108,108
-9,44,108,108
1,50,108,108
-165,59,108,108
179,41,108,0
-23,54,108,1
-45,28,108,0
-24,-76,108,0
-50,59,108,0
-123,38,108,108
-120,28,108,107
162,38,108,0
-77,68,108,0
68,68,108,52
5,64,108,108
-33,35,108,103
-10,46,108,108
25,60,108,108
47,29,108,108
149,42,108,0
130,35,108,108
42,67,108,60
-4,66,108,60
-83,68,108,60
-153,40,108,0
-158,-76,108,1
-165,62,108,108
-134,39,108,0
-171,34,108,0
-112,-75,108,0
-113,29,108,102
-20,-74,108,0
-174,-79,108,0
31,34,108,108
-8,34,108,108
-52,45,108,98
-63,35,108,103
-59,28,108,1
-2,45,108,108
-60,44,108,107
-86,30,108,107
30,32,108,108
-126,42,108,108
151,46,108,108
124,31,108,6
-167,-77,108,3
-126,-71,108,0
-133,-73,108,0
-40,-77,108,0
-140,29,108,0
-31,51,108,0
-140,32,108,0
-76,28,108,107
-154,50,108,0
173,35,108,0
16,60,108,0
-131,-74,108,0
142,55,108,5
-25,28,108,102
-25,64,108,108
15,68,108,108
-60,34,108,2
26,34,108,108
-71,35,108,107
-124,50,108,106
-107,68,108,60
-15,44,108,108
-22,47,108,0
-12,68,108,0
-18,52,108,61
-5,35,108,108
37,64,108,108
-145,33,108,0
166,39,108,0
-118,30,108,108
149,45,108,108
-57,42,108,107
-159,56,108,106
-173,67,108,108
24,39,108,108
142,38,108,60
128,33,108,63
29,40,108,108
-178,48,108,0
17,56,108,108
-115,-71,108,0
-77,28,108,107
-67,59,108,58
-141,-76,108,0
-58,-72,108,1
-137,-71,108,0
-173,65,108,107
-97,28,108,108
47,66,108,60
-71,60,108,60
-168,64,108,107
-146,33,108,0
-140,45,108,0
146,43,108,108
13,44,108,108
12,38,108,108
-81,56,108,63
-148,55,108,0
-10,-71,108,0
-66,39,108,108
-58,53,108,107
158,39,108,0
-150,35,108,0
-146,-76,108,0
153,45,108,105
140,46,108,108
-19,68,108,96
-18,28,108,108
-31,34,108,108
31,41,108,108
35,34,108,108
-19,29,108,108
2,53,108,108
-14,29,108,108
-16,45,108,104
-30,41,108,108
-67,39,108,108
-68,30,108,2
-47,40,108,0
-34,43,108,1
-84,30,108,108
-169,-76,108,3
-171,61,108,108
-26,48,108,1
-114,30,108,108
-51,53,108,0
-23,38,108,104
10,56,108,108
0,56,108,108
11,55,108,108
-1,59,108,108
23,38,108,108
-180,31,108,0
-69,66,108,0
-80,61,108,59
77,68,108,60
-39,-76,108,0
-16,48,108,108
-127,47,108,99
-77,29,108,107
-18,41,108,0
-174,46,108,0
-14,45,108,108
-10,31,108,108
-143,49,108,0
-58,41,108,107
-86,58,108,58
-23,55,108,1
-59,67,108,0
-90,-71,108,0
-172,41,108,0
167,37,108,0
7,39,108,108
0,59,108,108
-173,62,108,106
-35,-74,108,0
176,35,108,0
141,58,108,107
-30,56,108,0
-179,48,108,0
-63,29,108,1
-148,38,108,0
151,31,108,0
-19,52,108,5
-10,48,108,108
-165,-77,108,3
176,-78,108,1
165,54,108,96
-34,-72,108,0
143,59,108,107
-162,59,108,100
-33,-72,108,0
-163,43,108,0
-49,40,108,0
169,53,108,0
128,31,108,51
4,52,108,108
30,40,108,0
152,45,108,108
-34,55,108,0
-10,67,108,0
28,-71,108,0
-94,-72,108,0
162,59,108,107
-11,65,108,51
-120,31,108,108
38,43,108,108
-46,55,108,0
-20,56,108,1
-155,33,108,0
165,-75,108,0
159,32,108,0
-42,-73,108,0
-32,47,108,0
-44,59,108,1
155,39,108,0
-3,54,108,108
25,59,108,108
161,43,108,0
-9,59,108,108
-38,46,108,0
-4,51,108,108
-42,-79,108,0
-74,41,108,108
-44,58,108,1
-23,34,108,0
141,45,108,108
-151,45,108,1
-128,-72,108,0
-105,-75,108,0
-60,54,108,108
-79,67,108,0
179,38,108,0
-172,67,108,108
167,52,108,0
12,34,108,108
30,42,108,108
-63,30,108,1
-158,-73,108,0
-111,-74,108,0
-167,34,108,0
33,41,108,108
-73,-72,108,0
-9,32,108,108
-147,53,108,0
-29,67,108,0
146,49,108,106
-171,-77,108,0
21,61,108,108
11,34,108,108
8,42,108,108
-64,44,108,108
165,56,108,107
-91,64,108,0
-70,59,108,60
-37,53,108,0
-50,47,108,0
5,58,108,108
174,44,108,0
-16,66,108,108
22,59,108,108
12,56,108,108
-91,65,108,60
-83,64,108,60
169,57,108,0
-169,-78,108,0
-19,-73,108,0
-27,48,108,1
0,60,108,108
-158,-72,108,0
169,37,108,0
-136,33,108,0
-150,39,108,0
-67,58,108,58
-127,45,108,99
-149,56,108,0
-170,58,108,60
172,29,108,0
-172,62,108,106
-32,-77,108,0
-137,37,108,0
153,28,108,0
179,33,108,0
150,48,108,38
-15,57,108,108
-126,44,108,108
121,38,108,108
-166,37,108,0
-125,45,108,108
-166,68,108,108
-85,30,108,108
-162,65,108,108
139,44,108,104
-154,60,108,0
172,-71,108,0
5,-71,108,1
-22,65,108,108
-116,-72,108,0
156,44,108,0
-57,66,108,0
-146,51,108,0
-43,41,108,1
-30,37,108,108
-54,29,108,0
-40,42,108,0
121,39,108,108
-163,34,108,0
167,45,108,0
-168,31,108,0
-37,41,108,0
-15,31,108,108
-115,30,108,108
1,68,108,108
-11,44,108,108
-157,30,108,0
9,58,108,108
19,40,108,108
129,34,108,108
-173,63,108,104
-125,-73,108,0
156,53,108,107
-165,60,108,108
151,50,108,105
-6,68,108,0
-37,62,108,0
-142,35,108,0
-65,33,108,1
5,39,108,108
-37,-79,108,0
11,68,108,108
-60,60,108,0
154,29,108,0
-5,49,108,108
-165,55,108,107
-51,28,108,0
-17,59,108,106
10,59,108,108
-13,46,108,108
-34,60,108,0
121,34,108,107
-13,48,108,108
-165,30,108,0
31,35,108,108
145,55,108,0
-51,62,108,0
-92,60,108,59
162,48,108,0
-179,-72,108,0
29,32,108,108
-24,39,108,104
-123,48,108,106
20,58,108,108
-27,35,108,104
170,31,108,0
-73,67,108,0
-146,-75,108,0
-61,54,108,0
37,65,108,108
152,30,108,0
-169,51,108,59
-34,40,108,1
-137,35,108,0
-32,38,108,104
-18,43,108,0
-24,58,108,5
143,41,108,108
-180,38,108,0
123,29,108,108
-124,-71,108,0
153,31,108,0
-58,42,108,107
-141,46,108,0
-91,29,108,108
-82,-73,108,0
-111,68,108,98
16,67,108,108
-128,40,108,58
-17,43,108,103
-58,55,108,107
11,57,108,108
1,39,108,108
136,34,108,108
170,48,108,0
-2,55,108,108
-173,-77,108,1
12,40,108,108
-23,49,108,1
13,67,108,108
14,53,108,108
-178,-71,108,0
-158,59,108,0
-96,58,108,0
-148,46,108,1
-165,66,108,108
138,47,108,104
154,31,108,0
-67,35,108,107
156,38,108,0
142,59,108,107
51,29,108,0
-4,44,108,108
-78,55,108,108
-60,50,108,108
139,30,108,2
16,58,108,108
-59,50,108,108
-46,-74,108,0
19,61,108,108
-28,30,108,0
-42,35,108,0
-82,52,108,60
-170,54,108,60
11,54,108,108
-172,32,108,0
-1,58,108,108
-67,32,108,1
-145,35,108,0
-25,63,108,108
16,42,108,108
-58,30,108,2
-35,48,108,0
-16,46,108,61
-84,65,108,60
148,58,108,107
9,37,108,108
-28,29,108,0
-131,53,108,104
-128,46,108,97
-110,-74,108,0
-62,41,108,108
-20,30,108,108
-10,-72,108,0
-8,60,108,108
-24,42,108,104
-167,57,108,0
-27,40,108,108
-168,63,108,107
-172,65,108,108
-73,40,108,108
-67,44,108,108
-6,59,108,108
-24,59,108,5
-19,30,108,108
-34,28,108,0
4,37,108,108
-126,33,108,106
29,34,108,108
-16,33,108,108
-146,56,108,1
-131,34,108,0
-10,61,108,108
0,35,108,108
-1,35,108,108
-53,63,108,0
-10,50,108,108
-51,46,108,108
-39,64,108,0
-147,49,108,0
160,52,108,104
159,28,108,0
152,57,108,0
138,42,108,61
-3,63,108,108
-45,34,108,0
-82,56,108,60
157,34,108,0
-144,47,108,0
-22,58,108,106
-113,-71,108,0
-54,63,108,0
124,40,108,0
-62,55,108,108
140,53,108,96
-22,-72,108,0
-175,62,108,99
-60,67,108,0
166,44,108,0
-153,37,108,0
177,63,108,0
-169,31,108,0
-132,-75,108,0
164,55,108,107
-20,38,108,76
174,34,108,0
-62,49,108,108
-62,46,108,108
-39,34,108,0
-34,38,108,1
-47,53,108,0
-26,54,108,1
48,67,108,59
40,66,108,59
-23,-71,108,0
-24,68,108,55
-169,52,108,108
164,53,108,66
-70,28,108,3
-23,41,108,104
-141,41,108,0
167,56,108,0
-69,42,108,108
41,67,108,60
-26,42,108,108
-160,54,108,106
-45,48,108,1
-43,54,108,1
166,57,108,107
-125,39,108,108
137,41,108,41
-156,42,108,0
14,39,108,108
-68,62,108,0
-14,39,108,108
-37,54,108,0
-8,51,108,108
-46,52,108,1
41,66,108,60
-20,57,108,106
-54,57,108,0
175,54,108,0
-29,45,108,104
-64,49,108,108
-73,37,108,107
160,47,108,0
-37,-75,108,0
144,50,108,108
-164,40,108,0
175,42,108,0
-176,55,108,0
169,-77,108,0
-28,66,108,0
-57,51,108,108
179,57,108,0
-43,55,108,1
159,47,108,0
-26,63,108,108
-32,39,108,104
-14,35,108,108
121,33,108,108
147,35,108,0
24,38,108,108
0,67,108,108
-164,64,108,108
-164,34,108,0
-45,44,108,0
32,43,108,108
31,44,108,108
139,46,108,104
152,52,108,0
32,41,108,108
-63,45,108,108
-18,35,108,108
-4,48,108,108
-30,30,108,0
135,54,108,60
-50,49,108,0
167,49,108,0
-76,62,108,60
-38,-79,108,0
-152,50,108,1
162,46,108,0
-140,-74,108,0
-132,45,108,0
-37,30,108,0
-135,54,108,103
-57,38,108,1
-69,49,108,108
-87,-72,108,0
-74,61,108,0
-164,-71,108,0
14,56,108,108
-41,28,108,0
-171,52,108,108
131,41,108,108
-32,49,108,0
-119,32,108,108
130,38,108,61
-128,51,108,99
-59,42,108,107
-23,45,108,0
25,35,108,108
-11,35,108,108
-13,32,108,108
27,35,108,108
121,35,108,107
-63,37,108,102
-149,40,108,0
77,67,108,60
176,64,108,108
-143,35,108,0
-175,48,108,0
138,57,108,8
174,31,108,0
-31,-76,108,0
-31,64,108,0
-169,-74,108,0
-160,32,108,0
-169,50,108,0
-58,-75,108,0
-71,31,108,3
-65,41,108,103
-76,-73,108,0
151,43,108,0
55,68,108,60
-70,35,108,107
-149,47,108,1
-7,60,108,108
143,49,108,108
-143,38,108,0
-58,56,108,107
172,46,108,0
-11,63,108,108
144,45,108,108
-72,46,108,0
154,48,108,106
154,57,108,107
-51,39,108,2
-32,33,108,103
171,51,108,60
-154,57,108,103
-117,31,108,108
-53,33,108,0
-149,32,108,0
-155,39,108,0
3,67,108,108
-173,41,108,0
-177,-71,108,0
-40,63,108,0
-143,30,108,0
-124,32,108,106
45,67,108,60
-4,65,108,108
-5,57,108,108
5,41,108,108
140,43,108,108
-175,64,108,60
35,44,108,108
-124,33,108,108
-66,48,108,102
27,32,108,108
-155,56,108,103
-147,42,108,0
-173,-74,108,0
-129,40,108,58
-87,29,108,108
-177,64,108,60
-115,-72,108,0
153,29,108,0
168,58,108,0
-179,42,108,0
-143,58,108,58
-34,44,108,1
-149,-75,108,0
29,46,108,0
169,49,108,0
-40,41,108,0
162,42,108,0
149,35,108,0
43,68,108,20
159,37,108,0
144,49,108,108
-57,55,108,108
-161,51,108,2
-89,-71,108,0
160,59,108,107
-58,-74,108,0
-167,-79,108,0
-49,34,108,0
-93,59,108,60
-89,64,108,60
-57,62,108,0
-149,39,108,0
-29,35,108,108
-150,37,108,0
-23,28,108,102
-86,62,108,60
-169,48,108,0
-145,34,108,0
-168,42,108,0
159,-71,108,0
-68,68,108,0
-46,48,108,1
-58,59,108,0
-13,55,108,108
177,58,108,0
-20,62,108,108
-2,46,108,108
-118,33,108,108
-59,41,108,107
-84,28,108,108
-144,58,108,1
175,-75,108,0
-130,-73,108,0
168,57,108,0
-134,56,108,108
-178,43,108,0
-60,62,108,0
-47,-74,108,0
161,59,108,107
-163,-77,108,3
-14,61,108,106
-47,29,108,0
-179,29,108,0
-70,42,108,108
19,42,108,108
145,52,108,108
-9,56,108,108
-64,47,108,108
-127,39,108,107
-117,30,108,108
10,41,108,108
15,42,108,108
-46,31,108,0
177,51,108,107
72,66,108,59
29,59,108,108
-176,-71,108,0
-74,28,108,106
-58,48,108,108
-72,67,108,0
158,46,108,0
-167,-74,108,0
-121,-73,108,0
-48,58,108,0
144,35,108,0
162,56,108,107
-65,61,108,60
-28,40,108,108
172,43,108,0
146,56,108,0
-141,58,108,100
-2,56,108,108
-165,41,108,0
159,53,108,107
-76,37,108,108
10,42,108,108
-90,28,108,105
-30,34,108,108
-125,42,108,108
-178,61,108,0
-164,30,108,0
73,67,108,59
-53,49,108,108
-28,59,108,0
-30,55,108,0
155,47,108,38
167,46,108,0
-162,33,108,0
-18,60,108,106
-162,46,108,0
-55,-72,108,0
171,59,108,107
-169,62,108,108
-29,32,108,104
-11,48,108,108
-91,68,108,60
-27,57,108,1
-40,35,108,0
-134,54,108,103
19,33,108,108
-76,34,108,108
-82,30,108,108
-131,50,108,62
-10,63,108,108
-63,34,108,102
9,68,108,108
-7,55,108,108
-62,42,108,107
-24,29,108,102
69,68,108,52
-37,47,108,0
71,66,108,59
-28,61,108,0
-59,-72,108,1
-81,30,108,108
175,-77,108,1
-31,35,108,108
144,53,108,106
-144,57,108,1
165,51,108,0
-163,46,108,0
-83,65,108,60
141,53,108,107
7,66,108,108
164,42,108,0
135,40,108,2
-51,47,108,108
133,35,108,107
22,38,108,108
-157,-74,108,1
-113,-72,108,0
-162,64,108,108
-21,51,108,0
-78,-73,108,0
-94,62,108,59
-26,66,108,108
-63,42,108,106
173,61,108,106
178,59,108,0
-180,57,108,0
-69,38,108,107
175,55,108,0
-168,66,108,108
-39,41,108,0
-78,31,108,107
-56,53,108,108
-18,55,108,57
-17,58,108,106
-153,57,108,103
-126,28,108,0
-47,41,108,0
-8,55,108,108
-10,49,108,108
-10,35,108,108
-125,37,108,108
0,58,108,108
-120,32,108,108
147,44,108,108
6,56,108,108
-7,50,108,108
-139,58,108,100
-3,64,108,108
176,-71,108,0
-61,40,108,107
-47,61,108,0
-40,55,108,0
-43,52,108,1
-174,42,108,0
-164,60,108,108
-40,62,108,0
1,57,108,108
157,33,108,0
157,51,108,108
-67,42,108,108
-132,50,108,62
-5,44,108,108
-96,29,108,108
-180,-74,108,0
-40,48,108,0
45,66,108,60
167,-75,108,0
-163,55,108,106
35,33,108,108
-62,45,108,108
-159,-71,108,0
-53,64,108,0
-23,-73,108,0
-91,66,108,0
174,54,108,0
-136,42,108,0
120,33,108,108
-29,64,108,0
24,60,108,108
3,59,108,108
154,45,108,105
-4,57,108,108
-174,41,108,0
-91,28,108,108
-172,61,108,107
-1,67,108,108
18,34,108,108
-54,48,108,108
-170,52,108,108
-66,60,108,60
160,39,108,0
-39,-71,108,0
-159,-72,108,0
-117,-72,108,0
33,67,108,0
177,50,108,105
-82,66,108,60
-35,-79,108,0
-19,28,108,108
-65,48,108,108
-135,31,108,0
-150,54,108,2
176,44,108,0
15,44,108,108
-42,44,108,0
-62,-76,108,0
-56,42,108,107
-65,46,108,108
136,43,108,61
-37,-74,108,0
-151,34,108,0
14,38,108,108
23,31,108,0
-60,-72,108,1
-180,62,108,0
17,54,108,108
-137,59,108,99
-76,64,108,60
-42,40,108,1
-28,38,108,108
-161,64,108,108
-69,34,108,107
-171,51,108,107
175,28,108,0
-168,57,108,0
-53,44,108,107
-21,66,108,108
-95,58,108,59
160,43,108,0
177,60,108,0
-67,45,108,108
-165,47,108,0
-125,50,108,100
11,42,108,108
-141,59,108,108
-70,68,108,0
139,31,108,3
142,50,108,108
-49,29,108,0
-12,40,108,108
-138,41,108,0
-124,31,108,103
31,42,108,108
-60,38,108,98
148,35,108,0
25,39,108,108
39,44,108,108
-48,50,108,0
-111,-73,108,0
13,53,108,108
-140,51,108,0
150,33,108,0
30,33,108,108
-83,56,108,60
-12,52,108,108
-177,61,108,0
153,54,108,0
119,31,108,0
-90,29,108,108
12,39,108,108
-55,35,108,0
-53,42,108,2
173,51,108,60
-163,-71,108,0
-170,67,108,108
-149,29,108,0
-178,-77,108,1
-146,43,108,0
4,41,108,108
-95,59,108,59
-169,32,108,0
-42,31,108,0
-139,35,108,0
34,44,108,108
7,57,108,108
-89,28,108,107
-145,58,108,1
-178,58,108,0
-18,68,108,97
-17,51,108,61
179,52,108,107
-77,65,108,0
-39,-79,108,0
-83,58,108,0
-50,-72,108,0
-178,39,108,0
155,53,108,107
3,61,108,108
-153,34,108,0
-56,34,108,0
41,65,108,0
-82,53,108,60
160,28,108,0
144,46,108,108
-153,46,108,0
24,35,108,108
15,35,108,108
148,56,108,0
-84,61,108,60
-171,63,108,105
-3,60,108,108
7,54,108,108
9,53,108,108
-114,-73,108,0
-8,62,108,108
-146,29,108,0
10,-71,108,1
11,64,108,108
-177,63,108,0
-154,34,108,0
-2,34,108,0
44,66,108,60
31,31,108,108
-39,35,108,0
164,50,108,0
163,41,108,0
149,43,108,39
-9,43,108,108
-50,61,108,0
-156,56,108,103
-157,-71,108,0
-34,59,108,0
-53,55,108,107
-47,-73,108,0
155,28,108,0
-172,42,108,0
-16,44,108,103
-52,33,108,0
-80,33,108,108
174,51,108,108
-6,52,108,108
-62,-71,108,0
-80,32,108,108
-156,50,108,0
170,51,108,0
145,51,108,108
-129,51,108,99
151,28,108,0
-34,34,108,1
-29,62,108,0
-161,-73,108,0
-153,-74,108,0
-49,50,108,0
-27,63,108,0
-24,66,108,108
-175,29,108,0
-101,-73,108,0
-160,57,108,107
-52,-76,108,0
-61,30,108,2
-58,54,108,107
-163,63,108,108
-75,40,108,108
-126,41,108,107
130,28,108,108
-71,37,108,107
-4,52,108,0
-129,32,108,0
9,-71,108,1
173,-76,108,0
-148,-71,108,0
-143,-73,108,0
156,46,108,0
-17,68,108,91
-142,57,108,1
-127,35,108,105
-94,28,108,108
-57,67,108,0
-41,35,108,0
-178,-79,108,0
164,43,108,0
170,52,108,60
-125,-74,108,0
-71,30,108,3
-48,31,108,0
-12,47,108,108
129,37,108,102
-170,61,108,108
-21,65,108,108
-177,46,108,0
-88,-72,108,0
129,38,108,102
-48,-73,108,0
-128,-73,108,0
170,37,108,0
-151,-74,108,0
-15,56,108,105
-27,32,108,104
-11,39,108,108
-2,50,108,108
171,54,108,0
-159,45,108,0
-49,30,108,0
-64,46,108,108
76,68,108,59
154,46,108,106
-66,35,108,108
168,53,108,60
-9,61,108,108
160,60,108,107
-179,53,108,0
-32,58,108,0
139,39,108,108
168,37,108,0
169,29,108,0
-171,47,108,0
-25,-76,108,0
-44,51,108,0
172,50,108,0
5,60,108,108
-134,31,108,0
166,40,108,0
-132,28,108,0
129,28,108,108
18,39,108,108
-94,61,108,59
140,35,108,108
152,44,108,0
-159,35,108,0
-79,55,108,108
-97,68,108,59
-129,54,108,0
-61,57,108,60
-93,60,108,59
142,49,108,108
-87,57,108,59
-34,58,108,0
142,58,108,107
-24,65,108,108
-77,30,108,107
-61,48,108,108
130,37,108,102
-66,38,108,108
-164,29,108,0
-21,54,108,1
-30,39,108,108
122,28,108,108
-16,-73,108,0
-167,51,108,0
5,61,108,108
-10,56,108,108
22,65,108,108
17,37,108,108
-138,59,108,99
154,60,108,107
-172,63,108,105
-47,-78,108,1
141,50,108,107
15,38,108,108
126,33,108,108
-146,39,108,0
-170,43,108,0
-180,-77,108,0
19,63,108,108
-162,40,108,0
-26,-76,108,0
129,32,108,108
-5,45,108,108
-1,38,108,108
-124,47,108,106
-50,50,108,0
-120,34,108,108
-21,-72,108,0
-16,64,108,108
-129,-71,108,0
122,40,108,105
177,33,108,0
140,39,108,108
-116,-75,108,0
-147,34,108,0
-51,42,108,1
1,41,108,108
-167,68,108,108
-136,41,108,0
-11,46,108,108
8,57,108,108
162,32,108,0
-19,51,108,1
-172,68,108,108
141,52,108,108
-167,67,108,108
154,58,108,107
-45,51,108,0
-83,55,108,60
-46,44,108,0
164,30,108,0
-45,39,108,1
34,43,108,108
122,32,108,108
162,55,108,107
-28,-75,108,0
-32,30,108,0
-101,-71,108,0
-78,34,108,108
-47,45,108,1
-23,68,108,55
176,30,108,0
-169,54,108,104
-22,64,108,108
-148,41,108,0
-80,55,108,108
-61,-74,108,0
28,37,108,108
-19,40,108,0
-12,45,108,108
-45,40,108,1
26,40,108,108
-51,-72,108,0
-12,30,108,108
-93,28,108,108
-147,61,108,105
162,41,108,0
-26,35,108,104
166,59,108,107
-18,59,108,106
147,31,108,0
-14,59,108,108
-138,52,108,57
-171,29,108,0
-125,-72,108,0
-119,-73,108,0
8,53,108,108
164,40,108,0
163,30,108,0
21,59,108,108
-170,65,108,108
12,58,108,0
25,64,108,108
-77,58,108,0
24,34,108,108
-154,33,108,0
-142,56,108,1
-156,45,108,0
-130,49,108,99
74,66,108,0
14,32,108,108
-114,-75,108,0
-153,29,108,0
-135,57,108,108
145,54,108,60
151,49,108,105
-15,51,108,108
143,46,108,108
142,41,108,108
-15,43,108,108
8,67,108,108
-33,33,108,103
-36,57,108,0
-27,62,108,17
-169,59,108,103
-132,49,108,58
-63,50,108,108
-124,37,108,108
16,68,108,108
152,40,108,0
174,60,108,106
178,33,108,0
20,59,108,108
-16,54,108,104
-61,28,108,1
-138,-75,108,0
-154,30,108,0
-131,33,108,0
-105,67,108,0
-175,57,108,0
157,60,108,107
-1,65,108,108
-135,30,108,0
-10,55,108,108
-178,37,108,0
157,47,108,0
-144,42,108,0
-88,55,108,59
-29,43,108,108
-46,-76,108,0
176,61,108,107
-66,47,108,102
-155,-72,108,0
-25,35,108,104
-68,63,108,0
163,-77,108,0
167,39,108,0
-26,34,108,104
-141,55,108,53
164,56,108,107
-48,48,108,0
-127,40,108,107
-24,53,108,1
29,43,108,108
-15,45,108,108
-12,57,108,108
-147,55,108,0
138,35,108,108
-22,33,108,0
-13,62,108,108
-56,49,108,108
154,49,108,108
155,45,108,0
-142,-71,108,0
-56,-76,108,0
-176,29,108,0
-35,63,108,0
161,33,108,0
-2,63,108,108
-47,55,108,0
-43,45,108,0
-168,55,108,102
-64,30,108,2
-12,37,108,108
154,28,108,0
-124,46,108,108
33,44,108,108
-33,55,108,0
163,57,108,107
2,41,108,108
7,61,108,108
-147,29,108,0
-13,42,108,108
-30,57,108,0
-35,38,108,0
-52,44,108,98
-15,54,108,104
-52,64,108,0
125,33,108,108
3,58,108,108
9,63,108,108
15,67,108,108
-155,40,108,0
-81,54,108,60
-7,37,108,108
4,68,108,108
4,40,108,108
-85,28,108,108
-77,57,108,60
-155,-73,108,0
-65,29,108,2
40,43,108,108
-80,60,108,59
-161,66,108,108
15,53,108,0
36,37,108,0
-40,59,108,1
148,57,108,0
-47,60,108,0
-159,54,108,106
-178,64,108,60
-19,35,108,108
-15,42,108,108
30,34,108,108
156,49,108,106
-39,48,108,0
165,58,108,107
169,35,108,0
-88,28,108,107
-147,57,108,1
-147,-71,108,0
37,43,108,108
-33,-78,108,0
-177,35,108,0
139,57,108,8
20,30,108,108
-167,63,108,107
-11,58,108,108
-26,62,108,19
22,64,108,108
-60,-76,108,0
-44,34,108,0
-104,-71,108,0
-180,50,108,50
-136,35,108,0
-110,-71,108,0
167,-71,108,0
-55,34,108,0
-137,32,108,0
-133,56,108,108
-163,67,108,108
-59,56,108,107
-14,42,108,108
-20,65,108,108
-18,37,108,108
-13,49,108,108
-162,66,108,108
-166,48,108,0
-30,47,108,1
26,38,108,108
-72,-74,108,1
19,34,108,108
144,30,108,0
-145,30,108,0
-138,47,108,0
-50,41,108,1
-56,47,108,108
151,41,108,0
-4,56,108,108
-62,35,108,102
-176,58,108,0
-64,35,108,103
-32,34,108,103
-64,62,108,0
-47,54,108,0
166,33,108,0
-16,53,108,104
179,31,108,0
-179,57,108,0
-168,33,108,0
-55,60,108,0
156,28,108,0
143,39,108,60
-158,44,108,0
145,47,108,86
-145,41,108,0
157,50,108,108
-18,44,108,0
-64,63,108,0
-103,-75,108,0
167,-72,108,0
-41,31,108,0
167,51,108,0
-174,67,108,60
-64,37,108,103
-6,65,108,108
-36,-71,108,0
-152,43,108,0
-65,63,108,0
-65,35,108,108
-23,31,108,102
178,54,108,0
-121,33,108,108
9,55,108,108
-87,66,108,60
47,68,108,23
-32,68,108,0
23,-71,108,0
-169,-75,108,3
-167,61,108,108
173,46,108,0
37,46,108,108
-22,63,108,108
-73,61,108,60
149,52,108,0
154,53,108,105
-167,55,108,107
-7,33,108,108
-175,39,108,0
168,44,108,0
-151,51,108,1
-75,62,108,60
179,48,108,0
59,68,108,57
175,40,108,0
142,33,108,2
-61,45,108,108
138,38,108,108
-63,39,108,102
173,40,108,0
-115,31,108,108
125,39,108,108
-166,34,108,0
-156,-72,108,0
175,64,108,0
-161,42,108,0
-86,55,108,60
-169,68,108,108
-162,44,108,0
-127,30,108,0
-90,30,108,108
0,37,108,108
124,33,108,8
122,37,108,108
-45,50,108,0
-142,33,108,0
158,58,108,107
-23,44,108,45
134,54,108,0
-130,54,108,104
-172,-73,108,0
-19,61,108,108
163,60,108,107
-139,55,108,97
25,-71,108,0
-153,41,108,0
-59,53,108,107
170,35,108,0
-30,31,108,2
145,50,108,108
-47,39,108,0
-128,41,108,58
131,35,108,108
142,46,108,108
140,41,108,108
-161,53,108,94
-64,38,108,103
-85,66,108,60
-158,45,108,0
-43,51,108,0
-96,-71,108,0
36,65,108,108
139,48,108,104
-179,41,108,0
-173,54,108,0
-1,39,108,108
-3,59,108,108
-113,31,108,0
-91,62,108,57
-82,-72,108,0
-119,34,108,108
161,57,108,107
-84,59,108,0
-156,58,108,0
-54,37,108,1
-60,-73,108,1
18,58,108,108
-25,31,108,104
179,51,108,107
-180,41,108,0
-143,59,108,108
-166,56,108,0
-173,30,108,0
145,40,108,0
-174,-74,108,0
-7,63,108,108
-175,35,108,0
-115,-73,108,0
-96,28,108,108
-19,60,108,106
177,56,108,0
-162,56,108,107
-136,46,108,0
19,31,108,108
-172,51,108,108
-128,38,108,54
-34,33,108,0
-25,46,108,1
-25,65,108,108
-160,49,108,1
-13,57,108,108
150,59,108,107
-133,29,108,0
-138,35,108,0
165,60,108,107
174,-74,108,0
-165,67,108,108
-153,50,108,1
117,38,108,104
-44,56,108,1
-38,42,108,0
-27,68,108,0
-21,43,108,0
-41,29,108,0
13,34,108,108
1,37,108,108
-35,44,108,1
-88,-74,108,0
-61,41,108,107
-94,58,108,60
-179,-71,108,0
-46,-71,108,0
127,34,108,108
-37,61,108,0
-161,40,108,0
-85,55,108,60
-8,59,108,108
-28,35,108,108
123,37,108,108
-77,34,108,108
-93,62,108,60
-158,47,108,1
-180,65,108,59
-163,-76,108,0
-108,-72,108,0
151,45,108,108
-58,43,108,107
3,52,108,108
11,38,108,108
16,56,108,108
-10,33,108,108
-161,43,108,0
-90,63,108,60
42,66,108,60
-11,49,108,108
-66,50,108,108
30,46,108,108
-72,35,108,107
5,55,108,108
-22,30,108,0
-180,-73,108,0
-27,-73,108,0
-59,54,108,107
-23,53,108,1
-20,-71,108,0
-80,-72,108,0
161,46,108,0
146,55,108,0
-51,35,108,0
-23,37,108,104
-42,58,108,1
-143,-71,108,0
143,47,108,108
142,57,108,0
168,-76,108,0
-171,-75,108,0
-35,41,108,1
-54,41,108,1
-158,40,108,0
-172,60,108,107
151,56,108,0
-98,-72,108,0
164,-71,108,0
-179,59,108,0
-140,52,108,0
18,30,108,108
-6,35,108,108
-71,39,108,108
-166,44,108,0
22,39,108,108
-132,41,108,0
-141,-71,108,0
-29,-77,108,0
-134,34,108,0
20,39,108,108
-79,33,108,108
6,55,108,108
3,51,108,108
-155,-78,108,0
154,59,108,107
60,68,108,57
-144,60,108,108
-15,33,108,108
-75,-74,108,0
-130,55,108,104
-92,65,108,0
-16,61,108,108
76,67,108,0
-137,48,108,0
-180,46,108,0
18,57,108,108
-170,-79,108,0
17,38,108,108
-38,65,108,0
-178,53,108,0
-127,52,108,0
-68,38,108,107
-15,32,108,108
-131,52,108,104
-75,39,108,108
-53,-78,108,0
2,56,108,108
-135,53,108,103
-29,29,108,0
-177,55,108,0
139,56,108,60
-9,68,108,0
120,35,108,108
-72,40,108,108
-152,-71,108,0
-167,38,108,0
-152,34,108,0
126,34,108,108
23,56,108,108
157,39,108,0
9,39,108,108
22,33,108,108
139,54,108,96
-131,45,108,0
-26,37,108,104
177,39,108,0
-41,37,108,0
135,37,108,108
-4,59,108,108
-37,32,108,0
-59,35,108,98
5,38,108,108
154,34,108,0
-35,39,108,0
-83,-71,108,0
-38,64,108,0
-18,57,108,106
178,42,108,0
130,41,108,108
-34,63,108,0
-146,37,108,0
-140,-76,108,0
-142,-76,108,0
-164,53,108,100
-135,32,108,0
-14,43,108,108
-121,31,108,108
-82,68,108,60
-126,-72,108,0
-68,65,108,0
-166,43,108,0
-76,38,108,108
-89,65,108,60
-118,-71,108,0
39,65,108,59
-64,32,108,1
-150,43,108,0
-164,68,108,108
-167,56,108,0
-47,59,108,0
164,41,108,0
-176,40,108,0
155,29,108,0
-168,29,108,0
-28,44,108,104
11,41,108,108
142,51,108,108
1,53,108,108
11,63,108,108
-177,38,108,0
-27,59,108,5
154,55,108,107
-2,68,108,102
-67,34,108,99
133,39,108,1
-123,-73,108,0
-75,31,108,107
-57,-76,108,0
175,47,108,0
120,30,108,108
32,29,108,108
123,38,108,108
120,32,108,108
-151,44,108,0
-21,47,108,0
159,59,108,107
-163,66,108,108
-94,57,108,0
-67,37,108,108
6,63,108,108
146,46,108,107
50,29,108,107
169,50,108,0
-10,57,108,108
-44,46,108,1
-60,48,108,108
139,42,108,108
-35,66,108,0
151,59,108,107
179,49,108,0
-54,50,108,108
-21,49,108,0
6,64,108,108
-24,37,108,104
2,62,108,108
-176,-73,108,0
-23,58,108,5
-2,51,108,0
-42,42,108,1
-179,51,108,95
-53,39,108,2
-99,-73,108,0
-92,56,108,0
149,51,108,0
-40,64,108,0
-160,51,108,2
175,61,108,107
-71,43,108,108
-4,67,108,45
-10,58,108,108
-19,53,108,5
179,-78,108,1
143,31,108,0
136,45,108,61
23,32,108,108
-128,42,108,108
138,29,108,2
-129,35,108,0
-41,53,108,1
-136,55,108,107
-145,59,108,108
0,63,108,108
-119,-74,108,0
160,53,108,107
-70,60,108,60
178,31,108,0
-60,35,108,98
-37,52,108,0
-165,68,108,108
-56,-73,108,0
-79,61,108,60
7,42,108,108
-86,-74,108,0
-176,-77,108,1
-78,-72,108,0
164,-76,108,0
-180,64,108,59
66,68,108,49
-161,-72,108,0
-106,-73,108,0
-15,49,108,108
-119,33,108,108
148,38,108,0
-24,51,108,1
154,39,108,0
-53,31,108,0
-4,54,108,108
177,64,108,108
-69,60,108,60
168,-72,108,0
-62,59,108,59
170,-76,108,0
-65,34,108,30
119,35,108,108
0,68,108,104
-94,30,108,0
-133,55,108,108
-168,-71,108,0
-178,63,108,0
156,58,108,107
-174,-71,108,0
-37,49,108,0
-109,68,108,60
-13,39,108,108
-14,58,108,108
148,39,108,0
-17,29,108,108
-165,38,108,0
-162,32,108,0
159,45,108,0
131,43,108,61
-86,68,108,59
-42,-74,108,0
-46,35,108,0
-141,43,108,0
-54,55,108,107
-12,46,108,108
-75,38,108,108
-111,-75,108,0
-79,51,108,60
-170,56,108,60
33,46,108,108
-43,63,108,0
-78,56,108,108
-157,54,108,81
143,37,108,40
18,68,108,0
176,47,108,0
-147,32,108,0
-9,53,108,108
-55,44,108,107
-59,51,108,108
16,43,108,108
-20,28,108,108
73,66,108,57
-23,62,108,108
150,54,108,0
-23,42,108,104
-168,38,108,0
165,52,108,0
-24,34,108,104
-142,29,108,0
147,42,108,107
10,39,108,108
78,67,108,60
166,-78,108,0
153,52,108,0
-180,55,108,0
162,-77,108,0
-99,67,108,60
-29,31,108,1
150,29,108,0
-30,35,108,108
-14,50,108,108
144,34,108,0
140,51,108,101
142,37,108,60
-87,28,108,106
-149,59,108,103
171,52,108,60
-176,-76,108,1
168,42,108,0
-37,64,108,0
-57,45,108,107
-139,68,108,0
0,65,108,108
-163,59,108,104
170,49,108,0
165,59,108,107
-32,60,108,0
141,34,108,59
-24,50,108,1
177,31,108,0
-27,49,108,1
-36,32,108,0
171,37,108,0
41,68,108,20
-58,45,108,107
-133,51,108,103
-137,57,108,99
20,40,108,0
-7,47,108,108
34,42,108,108
-103,-72,108,0
-150,51,108,1
-57,39,108,1
-62,47,108,108
-3,35,108,108
171,-72,108,0
-49,28,108,0
-35,61,108,0
50,67,108,0
140,30,108,1
-9,41,108,108
-180,58,108,0
160,44,108,0
-41,45,108,0
156,50,108,108
170,53,108,60
-68,33,108,1
-25,34,108,104
6,38,108,108
-41,57,108,1
3,55,108,108
-1,37,108,108
129,31,108,108
-144,54,108,1
177,-78,108,1
-159,59,108,101
-34,65,108,0
-74,32,108,104
50,68,108,54
-126,47,108,99
-129,50,108,99
-28,39,108,108
-128,37,108,54
-24,41,108,104
132,34,108,108
-4,61,108,108
-173,-73,108,0
-79,29,108,107
-75,34,108,107
-2,59,108,108
-81,28,108,108
124,29,108,6
-135,-73,108,0
-3,34,108,0
135,55,108,60
144,51,108,108
-130,35,108,0
179,29,108,0
-175,68,108,58
-174,66,108,60
-158,52,108,2
-162,58,108,101
7,58,108,108
-138,40,108,0
-148,-72,108,0
-177,67,108,60
-168,-74,108,0
-173,61,108,107
-141,34,108,0
26,33,108,108
172,51,108,60
13,38,108,108
-50,-74,108,0
177,-74,108,0
132,37,108,34
-109,-74,108,0
-60,29,108,2
179,-77,108,1
-57,33,108,1
-174,30,108,0
-56,46,108,108
145,37,108,0
-34,-71,108,0
12,33,108,108
-141,40,108,0
-86,61,108,60
176,-72,108,0
-177,53,108,102
-123,49,108,105
119,40,108,97
-162,53,108,94
-72,38,108,107
-134,48,108,54
124,38,108,108
-67,41,108,108
-156,47,108,1
-88,57,108,59
-166,33,108,0
-160,31,108,0
-39,42,108,0
163,54,108,107
19,35,108,108
-162,37,108,0
-78,60,108,60
-12,58,108,108
127,37,108,0
-127,-73,108,0
-176,52,108,108
154,50,108,108
-137,41,108,0
-166,62,108,108
-53,-75,108,0
-121,32,108,108
125,29,108,6
-52,40,108,2
178,29,108,0
0,50,108,108
-170,50,108,0
-54,60,108,0
-37,28,108,0
-140,38,108,0
-28,33,108,108
-177,37,108,0
34,32,108,108
-63,60,108,59
168,54,108,60
169,28,108,0
149,46,108,108
-1,68,108,104
-24,60,108,5
166,49,108,0
73,68,108,59
174,42,108,0
-136,38,108,0
148,44,108,108
31,30,108,0
21,62,108,108
-52,-71,108,0
177,-77,108,1
179,32,108,0
-138,42,108,0
170,45,108,0
-49,43,108,0
172,35,108,0
-152,54,108,2
13,55,108,108
-10,38,108,108
-34,54,108,0
23,58,108,108
-166,53,108,101
-142,48,108,0
-127,29,108,0
139,38,108,108
22,57,108,108
23,59,108,108
-164,37,108,0
135,44,108,61
165,29,108,0
-6,46,108,108
22,35,108,108
-77,33,108,108
-63,66,108,0
-171,58,108,60
-31,43,108,103
-19,56,108,57
-150,55,108,2
-54,62,108,0
-113,68,108,98
-32,65,108,0
146,59,108,107
-21,30,108,0
-125,43,108,108
-36,56,108,0
-123,47,108,106
-4,45,108,108
-143,34,108,0
-134,41,108,0
-8,61,108,108
173,42,108,0
173,60,108,106
173,38,108,0
-177,60,108,0
-15,46,108,61
-90,-72,108,0
-5,54,108,108
-153,-72,108,0
147,37,108,0
177,-73,108,0
-176,53,108,0
-152,52,108,2
-136,39,108,0
31,32,108,108
-71,28,108,3
-78,-71,108,0
171,30,108,0
-135,49,108,54
11,67,108,108
-139,34,108,0
-37,66,108,0
148,29,108,0
-49,51,108,0
-140,58,108,100
-126,49,108,100
-170,31,108,0
-34,-78,108,0
-40,-74,108,0
-137,30,108,0
14,43,108,108
-26,41,108,108
-50,67,108,0
174,-71,108,0
143,32,108,0
-125,30,108,1
142,31,108,1
-175,53,108,107
169,55,108,60
175,-76,108,1
-24,-72,108,0
-156,-77,108,0
-58,50,108,108
-160,46,108,0
39,66,108,59
-117,68,108,105
-82,64,108,60
155,51,108,106
-166,-72,108,0
-72,31,108,3
7,63,108,108
-49,-73,108,0
-24,30,108,102
-21,59,108,106
-174,-78,108,1
160,48,108,0
2,68,108,108
-4,55,108,108
152,49,108,106
-47,56,108,0
178,-73,108,0
-16,31,108,108
-159,-74,108,1
-127,-71,108,0
-147,58,108,82
-62,62,108,0
-46,57,108,0
163,58,108,107
6,53,108,108
7,62,108,108
-13,54,108,108
-51,56,108,0
-170,59,108,107
-48,28,108,0
172,59,108,107
-161,37,108,0
-180,56,108,0
140,37,108,108
-24,28,108,102
172,58,108,0
-63,57,108,59
-129,41,108,58
-30,46,108,0
-163,44,108,0
-56,64,108,0
-167,32,108,0
135,33,108,108
-26,47,108,1
-76,-72,108,0
141,54,108,107
-31,31,108,0
-165,52,108,91
161,50,108,0
137,56,108,60
-179,28,108,0
-15,64,108,108
152,34,108,0
-31,44,108,103
-49,49,108,0
-6,60,108,108
51,28,108,108
148,41,108,0
-152,57,108,103
-62,33,108,3
-157,38,108,0
-45,41,108,1
39,68,108,20
-155,-75,108,1
-143,46,108,0
20,38,108,108
151,51,108,0
-67,62,108,0
165,62,108,107
-149,31,108,0
-17,37,108,108
38,45,108,108
-170,39,108,0
-45,45,108,1
1,-71,108,0
-142,32,108,0
-52,50,108,108
-50,42,108,1
149,57,108,0
-17,41,108,103
-156,39,108,0
-129,-75,108,0
-161,35,108,0
-152,47,108,1
35,66,108,108
-29,61,108,0
-150,52,108,1
5,62,108,108
-15,55,108,104
-2,37,108,108
141,43,108,108
-65,39,108,103
-170,41,108,0
-163,58,108,101
35,46,108,108
-147,38,108,0
-142,50,108,0
-12,56,108,108
-179,55,108,0
132,42,108,60
-56,57,108,0
-56,59,108,0
150,40,108,0
-129,29,108,0
-9,47,108,108
144,58,108,107
-56,63,108,0
-144,33,108,0
-27,64,108,1
-158,41,108,0
149,44,108,108
-21,63,108,108
138,39,108,61
-44,-73,108,0
151,42,108,0
-48,44,108,0
-32,42,108,103
142,34,108,2
-27,43,108,108
5,54,108,108
-40,37,108,0
-155,50,108,0
-111,-71,108,0
-125,28,108,0
178,58,108,0
-59,29,108,2
-17,30,108,108
174,41,108,0
176,58,108,0
178,50,108,105
-164,67,108,108
-172,-77,108,1
35,43,108,108
-133,50,108,101
-3,65,108,108
-146,58,108,82
-14,55,108,108
-59,33,108,2
-2,64,108,108
-21,42,108,0
-173,56,108,60
-57,30,108,0
169,51,108,0
-131,44,108,0
155,37,108,0
-85,68,108,59
169,60,108,107
23,63,108,108
171,40,108,0
140,49,108,108
8,58,108,108
-24,57,108,5
29,33,108,108
-61,29,108,2
-36,-79,108,0
-153,55,108,94
-84,-71,108,0
-34,49,108,0
-21,31,108,0
23,57,108,108
4,61,108,108
17,41,108,108
-84,-73,108,0
127,38,108,95
-160,-76,108,0
141,44,108,108
24,41,108,0
-154,43,108,0
-58,66,108,0
-18,39,108,103
-34,68,108,0
-85,58,108,58
-85,62,108,60
-42,38,108,1
166,35,108,0
-24,35,108,104
136,35,108,108
-90,64,108,60
-127,32,108,0
10,54,108,108
10,40,108,108
-41,-72,108,0
-53,-76,108,0
-60,56,108,108
141,31,108,2
-13,31,108,108
-61,39,108,98
-68,60,108,58
2,42,108,0
-131,47,108,54
151,53,108,0
-27,42,108,108
-75,30,108,106
-110,67,108,60
155,32,108,0
-129,45,108,97
140,40,108,108
-136,-74,108,0
169,47,108,0
-8,52,108,108
12,37,108,108
134,38,108,107
-7,46,108,108
173,57,108,0
-165,-73,108,0
-140,57,108,97
-6,53,108,108
-27,41,108,108
-9,34,108,108
-88,30,108,108
-23,59,108,5
167,44,108,0
158,31,108,0
172,42,108,0
-170,40,108,0
-77,55,108,108
-168,-77,108,3
170,29,108,0
144,43,108,108
-144,44,108,0
135,43,108,61
23,39,108,108
178,44,108,0
-138,34,108,0
-55,28,108,0
-31,52,108,0
-48,45,108,0
-180,-72,108,0
169,-71,108,0
-39,45,108,0
16,54,108,108
-155,57,108,103
-171,-71,108,0
-150,47,108,1
-165,46,108,0
-154,53,108,2
-7,48,108,108
9,42,108,108
-11,67,108,0
143,53,108,106
-105,-76,108,0
13,54,108,108
-80,30,108,107
-169,-79,108,0
162,28,108,0
1,66,108,108
3,42,108,108
11,53,108,108
-105,68,108,60
-150,57,108,0
-13,44,108,108
-66,30,108,2
179,59,108,0
6,42,108,108
-170,-75,108,3
-153,35,108,0
149,41,108,0
138,45,108,104
-81,62,108,60
-20,59,108,106
-171,62,108,107
-61,38,108,98
-160,35,108,0
-58,44,108,107
-123,28,108,105
-177,40,108,0
-145,49,108,0
172,40,108,0
-133,53,108,104
-124,39,108,108
-125,48,108,106
-146,52,108,0
56,68,108,60
-27,60,108,5
-12,50,108,108
35,45,108,108
158,33,108,0
1,54,108,108
-172,-74,108,0
-129,53,108,104
-151,42,108,0
-140,55,108,97
-132,34,108,0
-63,48,108,108
175,35,108,0
17,58,108,108
-154,59,108,103
-31,38,108,104
-162,39,108,0
-74,37,108,108
15,43,108,108
-131,38,108,0
-41,46,108,0
171,58,108,0
-137,44,108,0
153,50,108,108
143,38,108,40
-64,48,108,108
6,37,108,108
151,47,108,106
-42,45,108,0
-112,68,108,98
-147,37,108,0
-8,46,108,108
-43,62,108,0
-78,63,108,60
3,66,108,108
179,35,108,0
28,59,108,108
-82,67,108,60
-88,64,108,60
-39,-75,108,0
177,-79,108,0
-73,38,108,107
175,44,108,0
-46,37,108,0
-158,57,108,101
-51,63,108,0
-170,64,108,108
-85,61,108,60
-25,50,108,1
-160,55,108,106
-174,57,108,60
-15,58,108,108
-63,32,108,1
-29,50,108,1
133,30,108,39
26,37,108,108
-8,56,108,108
-173,32,108,0
140,57,108,8
-80,64,108,60
-172,44,108,0
-70,47,108,108
0,39,108,108
-98,68,108,56
-159,43,108,0
169,59,108,107
140,55,108,60
-2,44,108,108
46,66,108,60
-70,38,108,107
-62,37,108,102
127,30,108,56
-39,-72,108,0
161,53,108,107
176,51,108,107
-21,53,108,1
32,32,108,108
-120,-74,108,0
-178,41,108,0
138,28,108,1
-118,68,108,105
-165,49,108,0
178,60,108,0
-70,31,108,2
176,43,108,0
5,63,108,108
145,35,108,0
-138,51,108,54
-21,57,108,106
-57,49,108,108
141,29,108,1
-42,46,108,0
-37,50,108,0
-178,59,108,0
-132,33,108,0
-152,40,108,0
-23,29,108,102
-16,28,108,108
-148,49,108,0
178,46,108,0
-58,49,108,108
164,-74,108,0
-17,66,108,108
-139,59,108,100
-31,40,108,104
-45,37,108,0
-16,68,108,91
-67,47,108,102
-143,53,108,1
-80,68,108,59
-129,42,108,57
1,55,108,108
-25,30,108,102
-170,37,108,0
-83,52,108,60
126,35,108,108
-50,33,108,0
3,37,108,108
-138,39,108,0
-75,32,108,107
-63,38,108,102
-77,38,108,108
-37,-78,108,0
-172,49,108,0
150,53,108,0
-61,46,108,108
9,66,108,108
178,30,108,0
173,34,108,0
-33,31,108,0
150,49,108,38
-35,29,108,0
-85,57,108,58
-148,34,108,0
141,59,108,0
-81,58,108,59
-29,38,108,108
-13,34,108,108
-159,41,108,0
-55,54,108,108
137,43,108,104
-178,29,108,0
-67,49,108,108
-6,51,108,108
168,52,108,0
-144,-71,108,0
-147,33,108,0
154,52,108,105
-170,60,108,108
-171,-78,108,1
-60,43,108,107
157,32,108,0
-26,33,108,104
-73,64,108,0
-160,-75,108,1
163,46,108,0
-51,51,108,0
-174,55,108,0
-162,47,108,0
-53,47,108,108
12,41,108,108
123,34,108,8
-91,59,108,60
-139,33,108,0
31,43,108,108
122,38,108,108
-180,43,108,0
-163,37,108,0
-137,-76,108,0
-153,59,108,106
-18,58,108,106
-178,32,108,0
-173,45,108,0
10,44,108,108
-1,62,108,108
50,30,108,107
-176,28,108,0
-50,52,108,0
-90,62,108,60
-22,52,108,1
163,50,108,0
13,33,108,108
-25,62,108,19
-90,59,108,59
-124,34,108,108
-17,53,108,61
-87,63,108,60
-54,-72,108,0
-157,-78,108,0
12,66,108,108
-145,-74,108,0
1,62,108,108
-151,-75,108,0
-50,-78,108,1
-80,56,108,108
-17,62,108,108
-33,47,108,0
175,60,108,106
-135,46,108,0
125,31,108,7
-41,32,108,0
-15,30,108,108
-92,63,108,56
-131,-75,108,0
-66,41,108,103
-19,31,108,108
121,28,108,108
-78,38,108,108
-157,28,108,0
-141,52,108,1
-66,43,108,108
-174,59,108,104
3,39,108,108
-139,-72,108,0
-12,67,108,1
18,63,108,108
-9,38,108,108
-142,53,108,53
-81,-71,108,0
166,41,108,0
171,-71,108,0
-161,48,108,0
-56,43,108,107
34,29,108,108
136,54,108,60
-53,52,108,107
168,-71,108,0
-52,-77,108,1
-40,32,108,0
-55,46,108,108
-52,52,108,0
144,54,108,106
32,28,108,108
-166,31,108,0
-141,-74,108,0
-169,61,108,108
30,31,108,108
-35,45,108,0
139,33,108,108
-11,54,108,108
152,56,108,0
-159,37,108,0
121,37,108,108
-57,60,108,0
-22,41,108,104
-50,31,108,0
-59,37,108,0
-165,53,108,101
-56,32,108,0
-34,46,108,0
-157,42,108,0
18,56,108,108
-31,59,108,0
159,60,108,107
-48,41,108,0
157,35,108,0
13,41,108,108
-68,49,108,108
139,45,108,104
176,41,108,0
15,41,108,108
172,41,108,0
-162,60,108,0
135,31,108,2
152,48,108,106
165,57,108,107
-134,28,108,0
-161,28,108,0
-167,54,108,107
-10,32,108,108
177,53,108,105
-140,-72,108,0
-104,-75,108,0
-18,-72,108,0
164,61,108,107
-37,-73,108,0
179,60,108,0
-133,46,108,53
-140,46,108,0
-144,34,108,0
145,43,108,108
-179,38,108,0
179,53,108,105
-51,37,108,1
1,63,108,108
-10,45,108,108
27,-71,108,0
-162,-71,108,0
-48,53,108,0
-52,67,108,0
-109,-73,108,0
-70,44,108,108
-52,63,108,0
-32,37,108,104
3,64,108,108
-28,28,108,0
-141,29,108,0
23,35,108,108
-60,33,108,2
139,55,108,60
-3,37,108,0
-79,62,108,60
-156,37,108,0
170,33,108,0
-178,31,108,0
-60,46,108,108
-119,68,108,0
14,41,108,0
179,-73,108,0
-19,44,108,0
-129,33,108,0
-128,43,108,105
-132,53,108,104
-60,28,108,1
148,46,108,108
-74,62,108,60
153,59,108,107
-167,37,108,0
-139,51,108,54
-7,53,108,108
-16,62,108,108
-137,54,108,53
-168,32,108,0
-8,65,108,108
-60,45,108,108
29,35,108,108
-116,29,108,108
-11,59,108,108
18,54,108,108
-58,32,108,1
137,45,108,61
160,62,108,0
-160,52,108,2
-155,28,108,0
-171,35,108,0
-21,68,108,88
158,49,108,59
-7,58,108,108
-7,44,108,108
158,51,108,107
-140,37,108,0
-72,60,108,0
-134,58,108,108
155,52,108,107
-174,53,108,107
178,-76,108,1
-154,46,108,0
-140,-75,108,0
-117,32,108,108
120,28,108,0
-5,61,108,108
28,42,108,108
-147,46,108,0
-134,57,108,108
-135,50,108,58
-52,42,108,2
-65,31,108,1
-53,28,108,0
-84,57,108,0
-135,33,108,0
-130,43,108,53
152,42,108,0
149,38,108,0
-13,43,108,108
-64,66,108,0
-117,-74,108,0
-89,30,108,108
170,68,108,60
-147,59,108,108
-17,64,108,108
-46,56,108,0
145,49,108,106
-63,63,108,0
-150,45,108,1
-78,62,108,60
-74,34,108,107
4,51,108,108
-44,47,108,1
-157,33,108,0
136,30,108,2
-155,-74,108,0
-126,38,108,107
31,46,108,108
-126,50,108,100
-59,46,108,108
-163,51,108,0
164,57,108,107
-146,41,108,0
5,56,108,108
-88,58,108,59
39,40,108,108
9,41,108,108
-82,58,108,59
-54,43,108,107
-147,-74,108,0
-150,61,108,106
-26,29,108,102
27,37,108,108
-138,-74,108,0
-178,55,108,0
2,67,108,108
-161,57,108,107
28,60,108,108
124,39,108,108
-20,40,108,0
137,39,108,41
-166,46,108,0
-64,39,108,103
-44,-76,108,0
-170,47,108,0
170,43,108,0
-130,56,108,0
32,35,108,108
166,60,108,107
-102,-74,108,0
21,35,108,108
-20,39,108,0
146,33,108,0
-79,32,108,108
-113,-74,108,0
-31,63,108,0
-15,60,108,108
-163,54,108,100
-12,43,108,108
146,28,108,0
15,32,108,108
-169,57,108,60
-133,-75,108,0
-88,62,108,60
139,47,108,104
-77,31,108,107
-161,29,108,0
18,40,108,108
-144,-74,108,0
3,60,108,108
-5,52,108,108
-174,60,108,104
-22,43,108,104
-20,33,108,0
34,65,108,108
-74,68,108,0
159,50,108,0
-38,54,108,0
-34,32,108,0
-175,50,108,0
-55,53,108,108
-61,44,108,108
-130,48,108,54
-156,-75,108,1
-172,40,108,0
-155,38,108,0
-168,-76,108,3
-135,59,108,0
-169,-71,108,0
-4,63,108,108
-178,-72,108,0
-156,52,108,0
-100,67,108,60
-52,57,108,0
-14,64,108,108
13,35,108,108
8,64,108,108
150,41,108,0
-81,66,108,6
-131,31,108,0
-58,51,108,108
-11,51,108,108
-32,48,108,0
-166,42,108,0
-140,44,108,0
-106,-75,108,0
-172,59,108,107
-160,39,108,0
-166,66,108,108
166,-74,108,0
-148,54,108,0
-72,30,108,3
-97,67,108,59
9,43,108,108
-11,62,108,108
26,60,108,108
-139,53,108,53
-24,43,108,104
153,46,108,106
-172,35,108,0
-109,67,108,60
135,41,108,1
-125,41,108,108
36,42,108,108
128,35,108,108
-161,58,108,101
-17,63,108,108
-17,50,108,57
147,43,108,108
148,32,108,0
-87,65,108,60
-66,61,108,60
159,54,108,107
-176,51,108,108
24,65,108,108
153,30,108,0
-21,-73,108,0
129,41,108,108
-48,30,108,0
-48,33,108,0
-38,49,108,0
2,61,108,108
-53,53,108,107
-90,57,108,59
138,46,108,104
-71,44,108,0
0,38,108,108
-85,-72,108,0
25,41,108,0
-96,67,108,59
158,44,108,0
148,52,108,0
162,53,108,0
23,40,108,108
-69,61,108,60
179,63,108,107
72,67,108,59
159,43,108,0
175,-71,108,0
-130,28,108,0
-163,49,108,0
-179,35,108,0
-63,46,108,108
-129,44,108,53
-13,45,108,108
-136,-73,108,0
-30,-76,108,0
-139,28,108,0
139,40,108,108
-9,50,108,108
-154,28,108,0
-16,40,108,108
-11,40,108,108
-35,30,108,0
-60,-75,108,0
-99,-72,108,0
-161,49,108,1
-57,46,108,108
179,40,108,0
161,55,108,107
-34,67,108,0
-175,63,108,0
173,-78,108,0
150,38,108,0
-74,-71,108,0
39,41,108,108
-56,33,108,0
-39,50,108,0
-109,66,108,60
-132,56,108,108
162,31,108,0
-21,39,108,0
-87,67,108,60
-157,-76,108,1
179,-74,108,0
-37,29,108,0
23,65,108,108
20,34,108,108
18,-71,108,0
-11,29,108,108
-5,66,108,60
170,-78,108,0
-112,28,108,108
132,33,108,108
-56,-77,108,0
-23,30,108,102
-44,28,108,0
141,55,108,5
-50,38,108,1
-169,65,108,107
-74,38,108,108
-119,-72,108,0
36,43,108,108
-47,28,108,0
170,-73,108,0
-21,45,108,0
-11,28,108,108
-39,54,108,0
144,44,108,108
-80,54,108,108
-16,57,108,57
-165,37,108,0
-167,53,108,108
-115,67,108,105
-69,41,108,108
-33,54,108,0
148,28,108,0
4,43,108,108
-147,-77,108,0
37,45,108,108
-51,59,108,0
-175,-75,108,0
0,66,108,108
158,28,108,0
-91,58,108,60
-153,52,108,2
-62,57,108,60
-141,30,108,0
-164,38,108,0
147,49,108,0
158,42,108,0
-19,45,108,0
-145,-77,108,0
-172,37,108,0
-49,53,108,0
38,40,108,108
-136,49,108,0
165,46,108,0
-133,54,108,104
-65,60,108,60
-117,29,108,108
-18,56,108,57
155,55,108,107
-128,39,108,54
-12,53,108,108
-15,66,108,108
163,37,108,0
146,37,108,0
11,56,108,108
174,43,108,0
-77,35,108,108
147,33,108,0
-110,-75,108,0
36,35,108,0
-64,67,108,0
-46,40,108,0
144,59,108,107
137,33,108,108
54,68,108,60
-60,42,108,107
-131,41,108,53
149,58,108,107
-92,-72,108,0
171,60,108,107
162,-78,108,0
-167,52,108,108
152,31,108,0
-106,-71,108,0
-54,59,108,0
153,35,108,0
160,32,108,0
13,40,108,108
6,58,108,108
-139,47,108,0
-73,34,108,107
-76,-71,108,0
-80,-73,108,0
-12,31,108,108
-8,63,108,108
132,41,108,60
-120,-75,108,0
32,66,108,108
-30,54,108,0
-38,52,108,0
-68,41,108,108
10,35,108,108
-56,67,108,0
-67,33,108,1
-13,64,108,108
-31,68,108,0
-174,38,108,0
-7,64,108,108
-31,30,108,0
157,48,108,39
-78,61,108,60
-50,40,108,1
155,48,108,60
-156,-73,108,0
-177,-75,108,0
-79,60,108,59
-17,57,108,60
158,50,108,108
-50,-77,108,1
164,48,108,0
-6,-71,108,0
-60,53,108,107
120,40,108,108
-25,45,108,0
39,67,108,0
-26,58,108,5
-127,37,108,107
21,33,108,108
-177,43,108,0
-144,45,108,0
166,37,108,0
-6,56,108,108
-14,63,108,108
-122,32,108,108
-167,66,108,108
-17,55,108,104
-128,49,108,99
139,32,108,59
-166,-76,108,3
-7,34,108,108
0,53,108,108
142,44,108,108
34,46,108,108
147,56,108,0
-50,53,108,0
-159,55,108,106
149,50,108,0
145,42,108,108
148,43,108,39
21,65,108,108
130,29,108,108
120,29,108,0
-6,47,108,108
40,64,108,59
-37,63,108,0
137,46,108,61
-113,28,108,108
-79,65,108,2
-28,43,108,108
-4,53,108,108
156,41,108,0
-53,29,108,0
-8,33,108,108
127,33,108,102
18,35,108,108
20,63,108,108
-76,65,108,0
-53,54,108,107
23,37,108,108
-153,39,108,0
-173,55,108,60
-65,64,108,0
-67,43,108,108
158,35,108,0
138,40,108,61
125,37,108,106
-20,48,108,0
170,30,108,0
-3,62,108,108
-176,32,108,0
-133,37,108,0
29,41,108,108
-162,-79,108,0
32,31,108,108
-60,58,108,59
-58,35,108,1
6,54,108,108
126,32,108,61
-154,-71,108,0
138,41,108,61
-5,56,108,108
22,58,108,108
-49,62,108,0
-132,48,108,54
35,28,108,108
-165,63,108,108
-72,-73,108,0
-72,61,108,60
-158,39,108,0
136,29,108,0
169,41,108,0
174,38,108,0
-140,-71,108,0
-43,-74,108,0
134,42,108,60
-139,54,108,53
-158,31,108,0
155,41,108,0
153,41,108,0
-47,44,108,0
-162,28,108,0
172,61,108,106
-89,63,108,60
-70,62,108,60
-107,-73,108,0
-174,56,108,0
173,47,108,0
-174,58,108,60
-23,46,108,1
-179,66,108,59
74,68,108,59
-10,30,108,108
-146,40,108,0
-145,42,108,0
173,29,108,0
-164,32,108,0
-172,-79,108,0
164,46,108,0
141,51,108,108
-82,57,108,0
25,65,108,108
-89,-74,108,0
-156,33,108,0
-49,60,108,0
-12,49,108,108
-165,61,108,108
-68,66,108,0
130,34,108,108
-180,35,108,0
-63,61,108,59
153,37,108,0
-17,49,108,57
-59,39,108,0
-134,38,108,0
-50,44,108,0
-131,40,108,53
-28,63,108,0
-151,60,108,105
17,59,108,108
-147,40,108,0
-70,33,108,104
168,45,108,0
164,51,108,0
178,62,108,107
-134,49,108,54
-172,34,108,0
-146,44,108,0
150,57,108,0
-97,-72,108,0
148,30,108,0
-174,-73,108,0
-65,32,108,1
-152,45,108,0
-167,-71,108,0
-67,60,108,58
-154,45,108,0
-17,52,108,61
-167,40,108,0
-179,65,108,59
-108,66,108,60
172,-76,108,0
-50,63,108,0
-90,68,108,60
-25,54,108,1
-37,57,108,0
-149,51,108,1
177,54,108,0
-174,44,108,0
-48,29,108,0
-155,37,108,0
-160,-78,108,0
169,40,108,0
-142,-74,108,0
-150,60,108,106
161,37,108,0
-63,59,108,59
133,42,108,60
-41,59,108,1
149,56,108,0
173,44,108,0
133,37,108,35
141,38,108,108
-51,55,108,0
-74,31,108,5
-113,67,108,98
-16,30,108,108
155,43,108,0
-45,60,108,0
-39,33,108,0
-49,33,108,0
-178,45,108,0
-19,46,108,0
52,68,108,54
151,52,108,0
-173,47,108,0
151,34,108,0
-76,66,108,0
-34,56,108,0
169,54,108,60
-158,34,108,0
-164,-75,108,0
164,31,108,0
-124,28,108,0
-31,67,108,0
-77,-73,108,0
-10,65,108,51
-177,32,108,0
-124,44,108,0
-39,-74,108,0
-159,38,108,0
-53,-74,108,0
-25,61,108,17
-67,29,108,2
-156,29,108,0
178,-77,108,1
-83,60,108,0
-178,35,108,0
-64,57,108,0
11,32,108,0
-58,-71,108,0
-169,30,108,0
176,54,108,0
-173,57,108,60
-23,57,108,5
-86,67,108,0
-32,-72,108,0
-72,28,108,6
-66,28,108,2
-86,-73,108,0
-173,44,108,0
173,-73,108,0
-46,29,108,0
-138,28,108,0
-38,41,108,0
-32,50,108,0
-49,35,108,0
-59,57,108,2
-173,28,108,0
-143,39,108,0
-33,68,108,0
-39,59,108,1
-43,39,108,1
-135,41,108,0
179,-75,108,0
-128,-74,108,0
-37,39,108,0
177,38,108,0
-132,-72,108,0
-60,32,108,2
-64,33,108,3
133,41,108,2
-42,-78,108,0
-69,28,108,2
169,-72,108,0
-152,37,108,0
174,-78,108,0
161,56,108,0
125,30,108,6
-38,45,108,0
-33,46,108,0
-154,35,108,0
-44,-74,108,0
-142,-73,108,0
-56,66,108,0
-32,56,108,0
-26,49,108,1
133,29,108,2
-51,41,108,1
-146,49,108,0
175,56,108,0
-44,-79,108,1
-158,49,108,1
-20,52,108,1
-57,64,108,0
-164,51,108,0
-68,31,108,2
156,43,108,0
-21,41,108,0
-142,49,108,0
-36,61,108,0
-148,47,108,1
-24,56,108,1
-27,58,108,5
-175,28,108,0
-39,40,108,0
-20,42,108,0
-139,31,108,0
-22,40,108,0
-168,50,108,0
-92,66,108,0
-45,57,108,1
158,30,108,0
171,55,108,0
-53,34,108,0
-33,39,108,1
-9,66,108,5
179,45,108,0
-22,46,108,0
173,-72,108,0
-36,31,108,0
-148,-76,108,0
-179,39,108,0
-147,41,108,0
-28,51,108,1
-145,55,108,1
-159,40,108,0
144,31,108,0
-60,66,108,0
-169,40,108,0
-161,50,108,1
138,31,108,3
-51,-75,108,0
-44,32,108,0
-34,41,108,1
-48,60,108,0
165,-71,108,0
177,46,108,0
-40,33,108,0
148,51,108,0
153,40,108,0
-171,30,108,0
169,46,108,0
-168,48,108,0
-39,28,108,0
-166,29,108,0
-159,33,108,0
165,50,108,0
-158,-71,108,0
-25,59,108,5
-168,-78,108,0
-83,59,108,0
4,-71,108,1
-73,31,108,5
-163,45,108,0
166,-75,108,0
-25,-72,108,0
-28,58,108,5
165,-76,108,0
-63,-75,108,0
-164,45,108,0
-22,-74,108,0
-30,52,108,0
127,35,108,0
-54,38,108,1
-58,68,108,0
-79,-74,108,0
-178,-74,108,0
-28,-77,108,0
-169,-72,108,0
-31,-71,108,0
-180,66,108,0
-57,57,108,0
-36,66,108,0
-41,-71,108,0
-20,47,108,0
-133,-72,108,0
-57,35,108,1
-53,61,108,0
-163,65,108,0
-162,-77,108,0
-142,52,108,1
-33,64,108,0
173,43,108,0
-27,50,108,1
160,29,108,0
-45,47,108,1
-49,-76,108,0
-178,67,108,0
-55,39,108,2
125,28,108,6
-23,35,108,0
-39,38,108,0
173,-77,108,0
-150,-75,108,0
-61,64,108,0
178,57,108,0
-85,-71,108,0
-131,43,108,0
169,58,108,0
-148,42,108,0
-48,-76,108,0
154,35,108,0
-21,29,108,0
-134,-73,108,0
162,29,108,0
148,49,108,0
155,61,108,0
-8,68,108,0
-58,-76,108,0
-42,57,108,1
-36,30,108,0
-133,28,108,0
-153,-73,108,0
-171,-72,108,0
-72,66,108,0
-142,47,108,0
-22,38,108,0
-33,42,108,1
-149,53,108,0
-160,29,108,0
-56,39,108,1
123,32,108,5
-32,51,108,0
-151,39,108,0
-160,-71,108,0
-27,47,108,1
-163,52,108,0
175,34,108,0
-42,-75,108,0
-43,56,108,1
135,29,108,1
-156,-78,108,0
-28,48,108,1
-31,58,108,0
-168,34,108,0
-37,56,108,0
-39,51,108,0
-13,-72,108,0
-39,39,108,0
-57,40,108,1
-130,33,108,0
161,35,108,0
-142,31,108,0
-46,53,108,1
-128,30,108,0
-62,31,108,0
152,37,108,0
-146,61,108,0
-162,30,108,0
162,33,108,0
-124,-72,108,0
-51,66,108,0
-162,-78,108,0
-33,63,108,0
-51,38,108,1
-167,29,108,0
-84,-72,108,0
-161,33,108,0
-159,52,108,2
135,39,108,3
163,40,108,0
140,28,108,1
-50,32,108,0
-177,48,108,0
-67,63,108,0
-163,40,108,0
-107,-71,108,0
-30,61,108,0
-140,43,108,0
-96,60,108,0
-121,-74,108,0
-49,52,108,0
-32,-75,108,0
-110,-72,108,0
-9,67,108,0
-45,49,108,1
-165,-75,108,0
3,-71,108,0
147,55,108,0
147,48,108,0
-44,41,108,1
-93,-73,108,0
161,-78,108,0
-68,50,108,0
-22,50,108,1
-135,42,108,0
-36,46,108,0
-43,42,108,1
-155,30,108,0
151,54,108,0
141,56,108,8
-44,45,108,1
-59,31,108,2
-23,48,108,1
-169,46,108,0
176,46,108,0
-48,59,108,0
-148,37,108,0
-66,33,108,1
148,48,108,0
-50,37,108,1
-27,66,108,0
-52,65,108,0
-7,-71,108,0
173,58,108,0
-157,52,108,0
163,32,108,0
-175,-76,108,1
-139,-73,108,0
174,28,108,0
8,-71,108,1
159,62,108,0
-33,62,108,0
-46,60,108,0
-33,-74,108,0
-116,-74,108,0
-135,47,108,0
-38,51,108,0
-134,45,108,0
-175,37,108,0
-39,65,108,0
-170,32,108,0
-147,43,108,0
-33,48,108,0
-54,68,108,0
-175,34,108,0
137,31,108,3
-180,60,108,0
-54,28,108,0
-30,29,108,0
156,37,108,0
-140,35,108,0
-144,39,108,0
-150,31,108,0
167,33,108,0
-180,33,108,0
-114,-71,108,0
-177,59,108,0
-77,59,108,0
-33,-71,108,0
-149,-76,108,0
-173,-79,108,0
-164,65,108,0
160,37,108,0
168,-74,108,0
-67,66,108,0
-124,43,108,0
-94,-73,108,0
-151,-77,108,0
-175,42,108,0
-118,-74,108,0
165,30,108,0
-45,58,108,0
-177,-72,108,0
-48,61,108,0
-32,61,108,0
150,34,108,0
179,37,108,0
-142,37,108,0
-37,48,108,0
-107,66,108,0
-50,-75,108,0
-149,-77,108,0
-59,63,108,0
-29,63,108,0
-170,38,108,0
-130,29,108,0
178,39,108,0
-177,-76,108,1
-56,40,108,1
-149,50,108,1
152,29,108,0
-45,30,108,0
-40,31,108,0
155,46,108,0
150,30,108,0
-136,44,108,0
-177,30,108,0
161,44,108,0
-55,-75,108,0
-161,-71,108,0
-165,45,108,0
-169,38,108,0
-49,-75,108,0
-53,-72,108,0
171,56,108,0
164,47,108,0
-139,43,108,0
171,-74,108,0
-154,-74,108,0
-176,45,108,0
-142,42,108,0
177,42,108,0
167,28,108,0
168,68,108,0
-172,-71,108,0
-147,28,108,0
-32,55,108,0
-154,42,108,0
-35,64,108,0
-60,68,108,0
-169,34,108,0
-146,35,108,0
-59,66,108,0
-50,48,108,0
-157,39,108,0
-64,65,108,0
176,39,108,0
-35,59,108,0
-40,43,108,0
147,30,108,0
169,32,108,0
-160,30,108,0
169,52,108,0
-43,47,108,1
136,31,108,3
-29,55,108,1
-26,55,108,1
-140,28,108,0
-153,42,108,0
-157,44,108,0
172,45,108,0
173,30,108,0
154,41,108,0
141,28,108,1
-56,29,108,0
-35,28,108,0
-132,37,108,0
-140,48,108,0
-65,58,108,0
-33,45,108,1
-144,37,108,0
-149,35,108,0
-75,-71,108,0
-163,38,108,0
-175,43,108,0
172,55,108,0
-107,-72,108,0
-162,-72,108,0
-33,-75,108,0
-135,34,108,0
-141,28,108,0
-35,53,108,0
-81,-74,108,0
162,43,108,0
157,42,108,0
-5,-71,108,0
-54,32,108,0
-47,-72,108,0
-160,41,108,0
143,28,108,0
171,-78,108,0
-114,-72,108,0
-134,42,108,0
-158,48,108,1
-55,40,108,2
-147,56,108,1
-145,52,108,1
-153,51,108,1
-68,29,108,2
-157,43,108,0
-39,30,108,0
-145,47,108,0
-48,52,108,0
164,38,108,0
-47,-71,108,0
-66,63,108,0
-26,-73,108,0
-174,49,108,0
168,39,108,0
176,-75,108,0
-156,-76,108,1
-32,66,108,0
-44,60,108,1
-141,35,108,0
129,42,108,0
-34,50,108,0
20,-71,108,0
172,39,108,0
-27,-77,108,0
174,56,108,0
-179,56,108,0
-22,49,108,1
156,40,108,0
179,54,108,0
-22,57,108,5
-166,-77,108,3
132,28,108,2
-130,34,108,0
155,34,108,0
-155,46,108,0
-135,37,108,0
-49,31,108,0
-24,45,108,0
166,43,108,0
-47,38,108,0
-177,39,108,0
-43,38,108,1
-50,34,108,0
65,68,108,0
-42,-72,108,0
-145,-76,108,0
-45,-76,108,0
-91,60,108,0
-112,-72,108,0
-42,-71,108,0
-65,62,108,0
-134,-75,108,0
-75,67,108,0
-41,34,108,0
-167,-76,108,3
-63,33,108,3
162,-76,108,0
-47,31,108,0
-152,32,108,0
147,40,108,0
-149,46,108,1
-168,35,108,0
143,33,108,1
-30,51,108,1
-62,32,108,1
12,-71,108,1
-25,56,108,1
-174,54,108,0
-18,42,108,0
171,49,108,0
-91,30,108,0
-149,30,108,0
151,37,108,0
-49,47,108,0
-53,37,108,1
-60,65,108,0
-176,31,108,0
-72,64,108,0
-37,-77,108,0
155,30,108,0
-154,-75,108,1
-36,51,108,0
-60,51,108,0
-178,-73,108,0
158,34,108,0
-62,66,108,0
-173,-75,108,0
150,32,108,0
-152,30,108,0
-165,-72,108,0
-57,59,108,0
-58,67,108,0
-62,30,108,1
-25,57,108,1
-156,51,108,0
-23,47,108,1
162,51,108,0
-169,55,108,0
-32,28,108,0
-145,40,108,0
139,29,108,1
-36,42,108,0
-158,46,108,0
-51,32,108,0
-145,48,108,0
-36,50,108,0
-19,42,108,0
-160,43,108,0
-16,-71,108,0
150,55,108,0
-163,48,108,0
162,62,108,0
160,41,108,0
-140,30,108,0
168,-73,108,0
-174,34,108,0
-131,-71,108,0
-149,38,108,0
-149,42,108,0
-39,63,108,0
-58,58,108,2
174,35,108,0
-168,56,108,0
179,-76,108,0
-158,28,108,0
-43,-79,108,1
-136,40,108,0
-44,49,108,1
-40,61,108,1
-35,42,108,1
-173,49,108,0
-135,40,108,0
-46,33,108,0
-132,30,108,0
-140,34,108,0
145,32,108,0
-164,35,108,0
-52,32,108,0
-13,-73,108,0
-8,67,108,0
-168,-79,108,0
164,33,108,0
-176,56,108,0
174,-77,108,1
-58,-77,108,0
-48,57,108,0
-128,53,108,0
-47,50,108,0
-57,-73,108,0
-93,64,108,0
-145,-72,108,0
167,-74,108,0
-161,-74,108,1
-40,60,108,1
-48,55,108,0
-22,32,108,0
-148,45,108,1
-165,44,108,0
-147,39,108,0
163,35,108,0
-41,40,108,0
-172,30,108,0
-44,30,108,0
159,29,108,0
163,48,108,0
-134,44,108,0
-134,35,108,0
176,33,108,0
168,-75,108,0
170,38,108,0
147,50,108,0
-179,43,108,0
-135,-75,108,0
153,55,108,0
-49,59,108,0
-10,68,108,0
-134,-74,108,0
172,32,108,0
-174,28,108,0
9,34,108,0
-145,-75,108,0
-75,68,108,0
-160,37,108,0
-62,64,108,0
170,50,108,0
-164,41,108,0
-166,35,108,0
-19,41,108,0
-42,37,108,0
175,45,108,0
-133,41,108,0
-142,40,108,0
-26,65,108,1
-20,37,108,0
-116,-71,108,0
-126,-73,108,0
-15,-71,108,0
-161,31,108,0
-32,-74,108,0
171,29,108,0
-50,58,108,0
-37,55,108,0
179,28,108,0
-8,-71,108,0
-20,-72,108,0
-164,49,108,0
-177,-74,108,0
-54,65,108,0
-156,30,108,0
163,-78,108,0
-128,-71,108,0
-146,34,108,0
-129,34,108,0
-39,37,108,0
-48,39,108,0
-168,47,108,0
168,47,108,0
171,46,108,0
-46,46,108,1
164,45,108,0
-77,-72,108,0
165,33,108,0
-167,39,108,0
-177,-73,108,0
-168,-73,108,0
-80,-71,108,0
-26,-72,108,0
-59,-76,108,0
-155,-71,108,0
-160,-72,108,0
-76,68,108,0
-151,43,108,0
-59,62,108,0
-14,-71,108,0
151,55,108,0
-150,44,108,0
-144,50,108,0
-151,46,108,1
-78,67,108,0
-135,44,108,0
-66,65,108,0
-154,-72,108,0
158,37,108,0
-45,52,108,1
-180,61,108,0
-18,47,108,1
-168,51,108,0
-171,49,108,0
165,48,108,0
-157,53,108,0
-42,32,108,0
-41,43,108,0
-28,47,108,1
-131,29,108,0
165,39,108,0
-74,-73,108,0
-137,49,108,0
-71,63,108,0
75,67,108,0
-34,-77,108,0
-55,57,108,0
-29,68,108,0
-153,31,108,0
-95,-72,108,0
-31,-75,108,0
-144,29,108,0
175,38,108,0
-68,64,108,0
166,-72,108,0
169,30,108,0
164,32,108,0
-132,35,108,0
-174,33,108,0
-140,33,108,0
148,50,108,0
-49,32,108,0
-124,29,108,0
-42,65,108,0
-22,51,108,1
-33,32,108,0
157,28,108,0
164,35,108,0
-139,29,108,0
178,41,108,0
-155,52,108,0
-35,35,108,1
-161,30,108,0
-145,29,108,0
156,45,108,0
-54,-73,108,0
-37,31,108,0
-180,34,108,0
-146,-73,108,0
-179,63,108,0
-74,64,108,0
-165,56,108,0
-158,38,108,0
-164,39,108,0
-62,68,108,0
-170,-77,108,0
-53,60,108,0
-41,58,108,1
-145,32,108,0
-171,37,108,0
-31,47,108,0
-35,52,108,0
-30,-73,108,0
-22,-71,108,0
-52,37,108,1
161,41,108,0
147,47,108,0
147,29,108,0
147,38,108,0
-150,28,108,0
-165,35,108,0
-29,28,108,0
-127,-72,108,0
-119,-75,108,0
-39,53,108,0
-162,43,108,0
-66,62,108,0
169,43,108,0
-135,35,108,0
166,-76,108,0
-135,-74,108,0
-36,65,108,0
-130,-71,108,0
-177,44,108,0
-24,-75,108,0
-30,-74,108,0
24,-71,108,0
-37,-76,108,0
-19,-71,108,0
-29,47,108,1
-44,-71,108,0
-179,45,108,0
-40,49,108,0
-179,61,108,0
143,30,108,0
-44,57,108,1
149,48,108,0
169,48,108,0
174,37,108,0
172,44,108,0
-166,47,108,0
176,49,108,0
-150,46,108,1
-60,-71,108,0
175,65,108,0
-164,42,108,0
-169,42,108,0
-38,-76,108,0
-42,52,108,1
178,55,108,0
-69,65,108,0
-70,63,108,0
-16,65,108,0
-67,64,108,0
-165,43,108,0
143,43,108,0
-118,-73,108,0
-161,39,108,0
-160,44,108,0
-180,28,108,0
-85,-74,108,0
165,43,108,0
176,34,108,0
-142,-75,108,0
-22,34,108,0
-22,29,108,0
-26,46,108,1
-146,55,108,1
147,28,108,0
171,44,108,0
-167,31,108,0
175,30,108,0
-46,39,108,0
161,34,108,0
163,51,108,0
-143,50,108,0
153,44,108,0
-27,30,108,0
-38,58,108,0
-45,-71,108,0
-171,41,108,0
-180,37,108,0
-78,-74,108,0
-155,43,108,0
-63,64,108,0
-30,64,108,0
-179,-73,108,0
-168,37,108,0
-146,32,108,0
-57,56,108,0
-150,38,108,0
148,31,108,0
-51,57,108,0
-64,68,108,0
151,35,108,0
-61,63,108,0
-149,57,108,0
-32,57,108,0
-165,51,108,0
149,55,108,0
159,46,108,0
-174,45,108,0
-143,51,108,0
-129,31,108,0
-36,47,108,0
-43,44,108,0
179,42,108,0
168,48,108,0
-36,44,108,1
9,56,108,0
-85,60,108,0
-38,-71,108,0
-61,-76,108,0
-69,62,108,0
-152,39,108,0
-159,34,108,0
-165,-74,108,0
-24,-74,108,0
-89,-73,108,0
-102,-75,108,0
-164,44,108,0
-164,-74,108,0
-43,43,108,0
-29,-72,108,0
-66,68,108,0
147,51,108,0
-37,44,108,0
-17,48,108,1
-148,30,108,0
-42,30,108,0
-37,42,108,0
166,42,108,0
-44,43,108,0
-168,30,108,0
-144,40,108,0
153,53,108,0
-155,48,108,0
-143,41,108,0
-180,47,108,0
-173,34,108,0
-55,-74,108,0
-9,-71,108,0
-105,-74,108,0
-139,40,108,0
-52,59,108,0
176,65,108,0
-98,28,108,0
-162,51,108,0
-38,62,108,0
-31,-73,108,0
-151,41,108,0
172,-77,108,0
-138,-71,108,0
168,31,108,0
166,38,108,0
171,47,108,0
166,-77,108,0
-124,40,108,0
-50,68,108,0
-157,-77,108,0
-29,-76,108,0
-123,-74,108,0
-36,-78,108,0
-49,57,108,0
134,41,108,1
-146,48,108,0
-20,46,108,0
-130,31,108,0
-22,35,108,0
-161,32,108,0
-47,33,108,0
-156,49,108,0
-41,52,108,0
-57,61,108,0
-34,57,108,0
28,45,108,0
-32,-73,108,0
-133,39,108,0
160,46,108,0
176,56,108,0
68,66,108,0
38,-71,108,0
-41,-75,108,0
-46,-79,108,0
179,30,108,0
-37,38,108,0
-135,-71,108,0
-131,42,108,0
175,31,108,0
-141,49,108,0
173,48,108,0
157,41,108,0
149,31,108,0
-144,38,108,0
-36,43,108,0
-53,65,108,0
-83,-73,108,0
-175,-74,108,0
-147,-75,108,0
-164,-79,108,0
-170,45,108,0
-107,-76,108,0
-32,59,108,0
-17,65,108,0
166,29,108,0
-156,38,108,0
-155,34,108,0
179,-79,108,0
167,35,108,0
-14,-72,108,0
146,35,108,0
173,31,108,0
-59,68,108,0
-178,38,108,0
-31,29,108,0
142,30,108,1
-46,38,108,0
-144,28,108,0
-34,31,108,0
-126,30,108,0
-134,32,108,0
149,34,108,0
159,40,108,0
-108,-75,108,0
-94,-71,108,0
-103,-73,108,0
175,-74,108,0
-157,34,108,0
-136,-72,108,0
163,38,108,0
-41,50,108,0
-50,56,108,0
-67,68,108,0
-153,33,108,0
166,47,108,0
-171,31,108,0
-43,-75,108,0
170,-74,108,0
179,66,108,0
-130,-72,108,0
-158,42,108,0
-174,39,108,0
-21,34,108,0
-176,34,108,0
170,28,108,0
-92,-73,108,0
-36,45,108,0
-54,31,108,0
-56,28,108,0
-40,29,108,0
-43,35,108,0
-21,56,108,1
150,42,108,0
-143,42,108,0
159,41,108,0
-166,32,108,0
-28,64,108,0
-112,-74,108,0
-52,-72,108,0
-59,65,108,0
-149,54,108,0
-164,-78,108,0
152,51,108,0
172,-78,108,0
-178,46,108,0
-136,30,108,0
-54,66,108,0
-35,49,108,0
-172,31,108,0
-33,58,108,0
-174,32,108,0
-172,48,108,0
161,30,108,0
-160,40,108,0
-160,42,108,0
171,48,108,0
178,43,108,0
175,37,108,0
-106,-76,108,0
-28,-71,108,0
-39,62,108,0
-81,-73,108,0
-38,38,108,0
-62,-75,108,0
167,47,108,0
-29,-75,108,0
-50,-76,108,0
170,56,108,0
-82,51,108,0
-17,-71,108,0
164,52,108,0
162,34,108,0
-139,39,108,0
-61,-73,108,1
172,-75,108,0
162,39,108,0
-57,58,108,0
-138,44,108,0
-21,32,108,0
-175,41,108,0
-143,37,108,0
-35,57,108,0
153,56,108,104
-179,34,108,0
-180,52,108,95
-155,42,108,0
-24,52,108,1
175,50,108,61
152,39,108,0
-166,49,108,0
-175,51,108,107
-15,61,108,106
-134,47,108,0
-19,33,108,108
-17,39,108,104
-22,56,108,1
119,39,108,106
-14,54,108,108
-26,59,108,5
-74,29,108,106
-56,52,108,108
139,43,108,108
-136,45,108,0
150,51,108,0
15,58,108,0
-14,46,108,108
-133,35,108,0
-178,54,108,0
-12,34,108,108
-15,52,108,108
-80,59,108,59
-167,-72,108,0
-83,66,108,60
179,47,108,0
-54,53,108,107
-83,29,108,108
-95,-73,108,0
-58,64,108,0
-8,35,108,108
-62,34,108,100
141,40,108,108
-149,58,108,81
-131,30,108,0
6,67,108,108
-130,30,108,0
15,56,108,108
-31,41,108,104
-31,39,108,104
-23,66,108,108
-86,65,108,60
-35,65,108,0
27,31,108,108
-58,62,108,0
-158,-78,108,0
27,60,108,108
21,32,108,108
-140,40,108,0
154,42,108,0
-13,40,108,108
-9,58,108,108
158,41,108,0
-120,33,108,108
-156,55,108,103
-51,30,108,0
-29,37,108,108
-170,66,108,108
-162,42,108,0
132,30,108,39
-177,47,108,0
-74,63,108,60
176,52,108,107
142,35,108,60
8,41,108,108
132,38,108,1
-19,67,108,108
-144,51,108,0
-168,61,108,108
-161,56,108,107
-29,57,108,0
-147,48,108,0
-80,53,108,108
-166,41,108,0
-174,37,108,0
-174,31,108,0
-168,52,108,108
129,39,108,95
-174,61,108,99
-150,-71,108,0
-136,31,108,0
-101,68,108,60
-89,67,108,60
-175,30,108,0
-90,61,108,0
-33,41,108,1
-136,51,108,57
167,30,108,0
166,56,108,107
164,44,108,0
122,34,108,107
-32,35,108,103
22,37,108,108
-145,38,108,0
170,58,108,0
168,55,108,60
-132,46,108,53
20,60,108,108
-144,35,108,0
-11,57,108,108
136,41,108,41
-48,54,108,0
-173,51,108,108
-147,60,108,105
-9,52,108,108
-174,62,108,105
-54,-78,108,0
-167,44,108,0
158,47,108,0
-145,50,108,0
-138,-76,108,0
-2,65,108,108
-36,28,108,0
-15,38,108,108
153,47,108,106
129,40,108,93
139,28,108,1
-65,50,108,108
-66,34,108,101
2,57,108,108
-56,37,108,1
-177,52,108,108
20,54,108,108
133,32,108,107
-66,42,108,103
-68,32,108,1
-71,41,108,108
139,34,108,108
2,52,108,108
11,40,108,108
-25,49,108,1
-61,53,108,107
-15,48,108,108
-95,67,108,0
-79,58,108,59
-64,31,108,1
-122,-72,108,0
-31,33,108,108
146,58,108,106
-72,37,108,107
-111,-72,108,0
-167,49,108,0
-28,62,108,0
179,39,108,0
-19,32,108,108
176,55,108,0
-123,35,108,108
-140,31,108,0
-8,58,108,108
-15,29,108,108
118,37,108,107
-142,51,108,0
134,31,108,106
146,44,108,108
174,-73,108,0
141,42,108,108
-72,34,108,104
153,48,108,106
176,59,108,0
-38,43,108,0
-61,42,108,107
-179,52,108,95
-5,43,108,108
-107,-75,108,0
-67,30,108,2
-149,34,108,0
-151,61,108,105
-7,51,108,108
-176,68,108,60
35,68,108,0
156,57,108,107
43,65,108,0
135,32,108,58
9,65,108,108
-57,28,108,0
-130,51,108,99
-169,60,108,108
155,31,108,0
129,35,108,108
139,37,108,108
-61,59,108,59
-166,64,108,108
162,61,108,107
-135,28,108,0
-43,-76,108,0
44,67,108,60
21,56,108,108
-147,51,108,0
142,52,108,0
-121,30,108,106
-38,-77,108,0
-159,-73,108,0
21,54,108,108
-179,33,108,0
167,54,108,60
-63,40,108,106
-18,65,108,108
138,53,108,60
-73,33,108,104
-19,62,108,108
-162,57,108,107
26,35,108,108
49,30,108,108
-10,47,108,108
18,41,108,108
156,60,108,107
16,40,108,108
163,61,108,107
-18,34,108,108
-165,-79,108,0
-27,61,108,10
-171,59,108,108
157,30,108,0
158,40,108,0
-25,41,108,104
-145,56,108,1
22,34,108,108
-141,57,108,97
-157,47,108,1
-53,48,108,108
-57,34,108,1
-173,68,108,60
-175,56,108,0
-77,56,108,108
-144,56,108,1
-87,64,108,60
-61,60,108,59
170,47,108,0
-135,-72,108,0
35,35,108,108
-175,44,108,0
155,35,108,0
148,42,108,0
0,61,108,108
146,47,108,86
133,28,108,2
13,43,108,108
7,38,108,108
-118,32,108,108
1,58,108,108
-57,44,108,107
-172,52,108,108
-33,66,108,0
15,37,108,108
2,65,108,108
-30,58,108,0
-36,60,108,0
-138,50,108,53
173,55,108,0
142,54,108,107
175,49,108,0
-26,64,108,108
-132,-71,108,0
-112,29,108,0
-122,37,108,0
-51,64,108,0
-68,40,108,108
-6,64,108,108
-80,62,108,60
150,44,108,58
-21,58,108,106
153,49,108,108
175,58,108,0
14,40,108,108
-25,40,108,104
7,41,108,108
33,45,108,108
-135,56,108,107
149,47,108,108
-11,33,108,108
-179,44,108,0
-24,62,108,108
130,40,108,60
-61,-75,108,0
-90,56,108,59
174,62,108,0
-80,63,108,60
-156,46,108,0
-36,29,108,0
24,40,108,108
-149,60,108,103
5,37,108,108
-133,48,108,54
-135,48,108,54
-18,33,108,108
47,30,108,0
-10,52,108,108
-7,62,108,108
-3,57,108,108
-5,50,108,108
-122,-71,108,0
-62,63,108,0
170,55,108,0
18,38,108,108
-47,-75,108,0
-11,55,108,108
-120,30,108,108
-40,-76,108,0
-41,33,108,0
149,53,108,0
-172,58,108,60
-25,33,108,104
-133,57,108,108
-179,46,108,0
-10,62,108,108
-174,52,108,108
14,68,108,108
-143,57,108,1
-126,43,108,108
-12,29,108,108
125,34,108,108
-10,43,108,108
20,37,108,108
9,59,108,108
-167,41,108,0
-50,54,108,0
-137,46,108,0
-30,40,108,108
-152,31,108,0
-41,60,108,1
174,47,108,0
-165,-78,108,0
170,57,108,0
-70,29,108,3
-16,39,108,108
-173,52,108,108
140,32,108,59
-15,47,108,61
41,41,108,108
8,38,108,108
2,58,108,108
-4,46,108,108
-28,50,108,1
-54,-71,108,0
-30,-72,108,0
-139,42,108,0
-142,43,108,0
-157,49,108,1
-63,58,108,59
34,41,108,108
-30,48,108,1
-163,56,108,107
-138,55,108,99
19,30,108,108
-36,55,108,0
-87,30,108,108
-43,53,108,1
-8,49,108,108
-49,42,108,0
1,52,108,108
141,41,108,108
170,41,108,0
-162,49,108,0
171,50,108,0
175,29,108,0
-12,55,108,108
24,31,108,108
140,58,108,7
-54,35,108,0
-136,29,108,0
-140,-73,108,0
157,61,108,107
-20,61,108,106
-151,35,108,0
4,55,108,108
-93,29,108,108
6,39,108,108
-2,48,108,108
174,45,108,0
-57,52,108,108
-164,63,108,108
-58,39,108,0
-160,66,108,0
-2,54,108,108
-63,49,108,108
-70,37,108,107
11,66,108,108
-9,49,108,108
-116,28,108,108
24,56,108,0
130,30,108,108
-128,50,108,99
120,39,108,108
146,32,108,0
15,39,108,108
16,33,108,108
-164,50,108,0
-22,-75,108,0
-55,64,108,0
149,59,108,107
-175,-72,108,0
164,59,108,107
-34,45,108,0
155,42,108,0
-18,46,108,1
-12,41,108,108
169,45,108,0
-150,58,108,81
-81,29,108,108
121,32,108,108
14,45,108,108
-4,43,108,108
-168,40,108,0
-173,60,108,107
157,59,108,107
-152,-76,108,0
-177,-78,108,1
-13,65,108,108
-93,-72,108,0
-52,66,108,0
158,60,108,107
-16,51,108,61
-155,45,108,0
1,64,108,108
19,59,108,108
-4,35,108,108
-8,48,108,108
132,43,108,61
-95,28,108,108
-30,66,108,0
15,66,108,0
171,53,108,60
-23,40,108,104
-38,35,108,0
-157,-75,108,1
-166,51,108,0
-87,-71,108,0
-35,60,108,0
29,44,108,108
36,44,108,108
157,43,108,0
162,45,108,0
13,65,108,108
-149,48,108,1
-154,39,108,0
-67,40,108,108
32,44,108,108
-116,30,108,108
-20,29,108,108
-127,41,108,106
-8,43,108,108
-81,31,108,108
4,64,108,108
-13,29,108,108
133,31,108,107
-104,-76,108,0
-15,53,108,108
-23,32,108,0
-136,53,108,57
12,54,108,108
49,28,108,108
153,57,108,107
-9,48,108,108
-36,34,108,0
-40,-78,108,0
-1,63,108,108
-23,-75,108,0
-14,51,108,108
-55,45,108,107
70,66,108,59
-166,-79,108,0
169,42,108,0
-162,38,108,0
27,33,108,108
145,57,108,0
-174,51,108,107
-151,59,108,107
39,43,108,108
-5,60,108,108
-33,51,108,0
4,39,108,108
-6,58,108,108
-31,45,108,103
25,34,108,108
123,28,108,108
-51,-74,108,0
-71,58,108,60
-137,40,108,0
174,-75,108,0
-23,39,108,104
-125,31,108,0
-5,63,108,108
-6,62,108,108
-63,41,108,106
-23,63,108,108
137,28,108,1
-10,59,108,108
-151,49,108,1
24,58,108,108
138,33,108,108
-150,-77,108,0
-93,57,108,60
-176,64,108,60
-132,51,108,104
-48,40,108,0
-44,-72,108,0
-83,63,108,60
-21,-71,108,0
-69,33,108,104
-167,59,108,108
-105,-73,108,0
-23,-74,108,0
-176,57,108,0
-136,43,108,0
4,63,108,108
156,56,108,107
-24,44,108,104
150,37,108,0
-159,47,108,1
29,30,108,108
-68,45,108,108
18,31,108,108
-138,53,108,57
-69,35,108,107
131,34,108,108
-3,44,108,108
12,43,108,108
-110,-73,108,0
-32,32,108,0
-57,-71,108,0
-32,31,108,0
145,34,108,0
-57,65,108,0
-73,41,108,108
22,60,108,108
154,32,108,0
149,40,108,0
-120,29,108,107
163,43,108,0
-135,38,108,0
-138,56,108,99
-175,46,108,0
-57,37,108,1
140,38,108,108
-173,53,108,50
165,40,108,0
-84,58,108,0
-11,37,108,108
-29,42,108,108
-135,51,108,58
157,49,108,106
19,38,108,108
128,38,108,102
-140,53,108,53
-46,41,108,0
-104,-72,108,0
-129,43,108,53
-19,57,108,106
-57,47,108,108
-156,44,108,0
-35,43,108,1
-29,56,108,0
11,59,108,108
133,38,108,26
-62,39,108,102
2,37,108,108
-12,44,108,108
-36,38,108,0
-175,-79,108,0
-132,-73,108,0
24,57,108,108
-44,-78,108,1
178,63,108,107
-32,-76,108,0
160,38,108,0
-122,31,108,108
-154,38,108,0
-136,32,108,0
-26,60,108,5
4,67,108,108
38,68,108,20
-3,49,108,108
-119,30,108,108
145,31,108,0
-26,57,108,1
-56,44,108,107
3,41,108,108
-87,56,108,60
-159,49,108,1
141,47,108,108
-22,45,108,0
137,37,108,108
-4,64,108,108
-81,59,108,59
-127,44,108,99
160,61,108,107
-170,-72,108,0
155,57,108,107
-36,62,108,0
-176,47,108,0
-158,29,108,0
-126,48,108,99
15,33,108,108
136,37,108,108
-68,35,108,107
122,33,108,108
161,54,108,107
-176,50,108,3
18,55,108,108
-125,46,108,108
178,-75,108,0
165,37,108,0
-166,59,108,108
-73,29,108,5
132,40,108,59
-27,45,108,0
-41,48,108,0
-41,51,108,0
7,44,108,0
-117,-75,108,0
159,61,108,107
-52,43,108,98
38,41,108,108
-114,29,108,108
-4,60,108,108
-130,52,108,104
-51,29,108,0
-19,38,108,102
-6,61,108,108
144,55,108,80
130,33,108,108
150,45,108,108
15,34,108,108
-57,-74,108,0
159,49,108,0
165,53,108,0
-160,58,108,101
-9,33,108,108
-160,47,108,1
-1,40,108,0
-72,41,108,108
-23,60,108,106
-84,29,108,108
-39,-78,108,0
-171,65,108,108
-158,35,108,0
-127,28,108,0
-106,-72,108,0
156,48,108,60
-94,64,108,0
-9,40,108,108
175,-72,108,0
-152,61,108,106
-15,37,108,108
3,62,108,108
-61,32,108,1
-65,30,108,2
143,58,108,107
-162,63,108,108
-171,67,108,108
-16,58,108,108
36,68,108,108
-172,53,108,60
-84,67,108,0
170,60,108,107
-172,46,108,0
176,-73,108,0
-123,32,108,108
145,44,108,108
-25,-75,108,0
-117,28,108,107
-179,58,108,0
132,35,108,108
179,56,108,0
-75,65,108,0
138,32,108,59
121,40,108,108
-142,46,108,0
-180,59,108,0
-130,53,108,104
-131,54,108,104
175,62,108,107
-11,45,108,108
-95,29,108,108
141,33,108,59
-34,-75,108,0
151,58,108,107
-1,53,108,108
-169,35,108,0
-42,-76,108,0
159,38,108,0
-43,32,108,0
152,46,108,108
-148,60,108,105
14,67,108,108
-19,54,108,5
-23,-72,108,0
41,42,108,108
-164,55,108,108
-24,54,108,1
121,31,108,108
21,55,108,108
156,52,108,107
-49,56,108,0
-51,-71,108,0
2,63,108,108
-161,55,108,106
-48,34,108,0
-13,35,108,108
-133,47,108,53
5,43,108,108
-96,59,108,0
-15,35,108,108
-163,-75,108,0
-166,57,108,0
-88,67,108,60
-10,37,108,108
-140,56,108,97
-15,40,108,108
-131,51,108,104
120,31,108,0
-36,-74,108,0
-66,44,108,108
-164,46,108,0
4,62,108,108
-125,35,108,108
139,41,108,108
-68,57,108,0
136,55,108,60
-88,68,108,60
-18,38,108,104
-42,55,108,1
-38,-72,108,0
169,-76,108,0
-25,-74,108,0
-36,33,108,0
5,53,108,108
-58,-73,108,1
-29,53,108,1
136,33,108,108
-61,66,108,0
-22,62,108,108
155,54,108,107
-9,62,108,108
-7,35,108,108
-131,48,108,54
-38,33,108,0
176,53,108,104
172,53,108,60
140,45,108,108
-122,-74,108,0
-68,59,108,58
148,55,108,0
-178,42,108,0
162,60,108,107
-72,63,108,0
-154,54,108,2
-170,-76,108,3
174,46,108,0
0,64,108,108
-45,33,108,0
-171,57,108,60
177,28,108,0
-80,29,108,107
-49,45,108,0
-26,32,108,104
18,42,108,108
166,-71,108,0
-38,66,108,0
163,49,108,0
-56,55,108,108
149,49,108,0
163,28,108,0
-88,29,108,108
-75,28,108,106
3,65,108,108
8,65,108,108
-18,45,108,0
-13,59,108,108
-59,43,108,107
-11,60,108,108
123,35,108,108
171,39,108,0
-18,62,108,108
-52,62,108,0
10,34,108,108
173,-74,108,0
-168,28,108,0
-155,59,108,103
-35,50,108,0
33,29,108,108
162,58,108,107
-78,29,108,107
26,39,108,108
-159,53,108,2
151,44,108,38
-54,54,108,107
-176,-72,108,0
-115,-75,108,0
-35,67,108,0
-176,59,108,0
158,57,108,107
-150,-72,108,0
61,68,108,57
-132,29,108,0
-51,61,108,0
150,47,108,108
138,56,108,60
-127,31,108,0
-172,66,108,107
-148,50,108,0
7,56,108,108
-35,47,108,0
20,55,108,108
-151,33,108,0
177,-72,108,0
158,48,108,0
-95,-71,108,0
-107,67,108,0
-72,62,108,60
-138,54,108,53
-162,48,108,0
171,33,108,0
-45,-72,108,0
156,42,108,0
-127,50,108,99
166,50,108,0
152,58,108,107
134,35,108,108
-62,40,108,106
-157,45,108,0
-2,43,108,108
15,31,108,108
-25,38,108,104
-47,-77,108,1
-169,-77,108,3
-102,-76,108,0
-102,67,108,60
-67,48,108,102
-151,48,108,1
-152,35,108,0
-156,32,108,0
-163,29,108,0
155,56,108,107
-39,49,108,0
-172,33,108,0
-12,66,108,1
-159,-76,108,1
-51,65,108,0
-177,-79,108,0
157,58,108,107
-131,-72,108,0
141,37,108,108
-164,58,108,101
-148,31,108,0
-3,50,108,108
-12,60,108,108
140,56,108,60
-141,-73,108,0
-71,33,108,104
161,48,108,0
-169,56,108,60
-52,48,108,108
-157,35,108,0
-41,63,108,0
-82,61,108,60
-17,38,108,104
-92,68,108,0
21,-71,108,0
168,33,108,0
164,29,108,0
174,61,108,107
-35,-77,108,0
-123,37,108,108
-76,35,108,108
-4,49,108,108
42,68,108,20
4,58,108,108
-69,63,108,0
-138,57,108,99
19,37,108,108
167,59,108,107
-150,59,108,106
165,35,108,0
-113,30,108,102
128,40,108,93
-141,48,108,0
37,42,108,108
-150,34,108,0
-94,59,108,60
-69,44,108,108
-20,50,108,0
-24,32,108,102
-55,49,108,108
-180,51,108,95
18,37,108,108
20,35,108,108
-6,44,108,108
137,34,108,108
-155,58,108,103
-77,32,108,107
-178,65,108,60
173,-71,108,0
-161,63,108,108
-31,-74,108,0
78,68,108,60
-132,52,108,104
-20,31,108,0
178,64,108,108
-66,31,108,1
131,30,108,108
-180,39,108,0
-116,-73,108,0
169,-73,108,0
159,34,108,0
-171,68,108,103
-74,-72,108,0
-76,29,108,106
-4,50,108,108
174,58,108,0
-61,35,108,102
-63,65,108,0
57,68,108,60
-44,53,108,1
-131,32,108,0
146,45,108,108
1,38,108,108
-6,55,108,108
-59,47,108,108
-140,47,108,0
-19,47,108,0
-101,-72,108,0
-140,49,108,0
33,30,108,0
-40,47,108,0
-179,-79,108,0
-62,67,108,0
-26,31,108,104
162,-71,108,0
-31,53,108,0
-26,52,108,1
-42,39,108,1
-56,51,108,108
-130,47,108,54
9,40,108,108
-53,51,108,107
-63,44,108,108
168,40,108,0
-30,43,108,103
-83,-74,108,0
48,29,108,108
-78,32,108,107
-151,-72,108,0
-154,44,108,0
-176,65,108,60
143,48,108,108
151,48,108,106
-16,49,108,108
-1,55,108,108
-176,38,108,0
-26,-71,108,0
-142,45,108,0
-94,63,108,56
-24,-71,108,0
-130,-75,108,0
6,62,108,108
-166,28,108,0
-36,-75,108,0
-177,56,108,0
-14,66,108,108
-123,34,108,108
-36,41,108,0
-3,67,108,45
-179,47,108,0
-149,41,108,0
-37,-72,108,0
-44,-75,108,0
172,56,108,0
27,41,108,108
-19,63,108,108
141,35,108,108
36,41,108,108
-61,34,108,100
-103,67,108,60
-13,38,108,108
-5,55,108,108
135,30,108,1
-106,-74,108,0
-31,56,108,0
-148,56,108,0
-59,49,108,108
142,40,108,108
-6,54,108,108
16,32,108,108
-152,49,108,1
-55,56,108,0
156,59,108,107
-170,62,108,108
152,55,108,0
-22,42,108,104
-51,49,108,0
-36,53,108,0
25,38,108,108
-130,-74,108,0
-61,50,108,108
-73,-71,108,0
-56,58,108,0
155,33,108,0
-26,-75,108,0
-151,57,108,103
5,59,108,108
-17,45,108,103
24,37,108,108
4,53,108,108
48,28,108,108
17,33,108,108
23,33,108,108
-154,-76,108,1
141,39,108,108
-36,35,108,0
-125,34,108,108
-3,53,108,108
141,57,108,8
-141,37,108,0
5,52,108,108
-114,68,108,98
-27,55,108,1
-157,56,108,103
-170,-71,108,0
-146,50,108,0
13,32,108,108
121,29,108,108
-2,49,108,108
-78,30,108,107
-131,28,108,0
-136,37,108,0
-159,28,108,0
-47,-79,108,0
-31,66,108,0
-25,68,108,0
-17,61,108,108
6,65,108,108
142,45,108,108
12,35,108,108
-3,47,108,108
-90,66,108,0
-93,56,108,0
149,29,108,0
-31,-77,108,0
-38,55,108,0
-32,67,108,0
169,34,108,0
27,34,108,108
-3,66,108,61
-25,-71,108,0
-65,38,108,103
-172,45,108,0
160,45,108,0
-22,68,108,55
-180,30,108,0
-4,68,108,0
24,59,108,108
-52,58,108,0
173,-75,108,0
-144,48,108,0
28,43,108,108
1,59,108,108
-167,50,108,0
141,46,108,108
-152,42,108,0
-145,60,108,108
28,40,108,108
-178,60,108,0
-173,-71,108,0
-3,48,108,108
137,54,108,60
171,41,108,0
37,47,108,108
-32,40,108,103
-146,53,108,0
4,59,108,108
-8,50,108,108
-140,42,108,0
-152,48,108,1
-177,62,108,0
147,59,108,107
-175,33,108,0
-30,33,108,108
-5,58,108,108
-46,-72,108,0
-98,-71,108,0
-21,62,108,108
17,42,108,108
-176,61,108,0
-126,37,108,107
-172,54,108,56
-33,37,108,103
-127,42,108,108
-34,48,108,0
144,42,108,108
-174,-76,108,1
-20,41,108,0
21,60,108,108
-41,-77,108,0
-151,-71,108,0
-42,49,108,0
-6,63,108,108
-55,31,108,0
13,66,108,108
-180,48,108,0
-86,66,108,60
-42,28,108,0
-71,42,108,108
-170,30,108,0
-132,54,108,104
10,58,108,108
125,32,108,61
-70,41,108,108
142,42,108,108
-62,60,108,59
-1,64,108,108
-44,52,108,1
-19,50,108,1
-71,40,108,108
-45,-75,108,0
-3,45,108,108
-48,-78,108,1
165,41,108,0
158,43,108,0
-141,39,108,0
-9,37,108,108
-75,64,108,60
-79,31,108,107
17,30,108,108
-79,53,108,60
-142,60,108,108
-63,56,108,107
-44,61,108,0
164,-75,108,0
10,57,108,108
-49,-74,108,0
-168,43,108,0
43,67,108,60
-162,-74,108,0
128,30,108,108
-10,60,108,108
-20,55,108,1
167,53,108,0
-156,43,108,0
19,54,108,108
-92,-71,108,0
122,39,108,108
16,55,108,108
32,68,108,0
-147,-72,108,0
-26,38,108,104
-38,59,108,0
20,64,108,108
168,35,108,0
32,67,108,108
9,54,108,108
27,42,108,108
33,35,108,108
-22,48,108,1
-168,-75,108,3
-118,-75,108,0
-172,57,108,60
-96,-72,108,0
26,32,108,108
-143,60,108,108
31,66,108,0
-17,56,108,104
-139,57,108,99
-53,57,108,0
2,43,108,0
18,59,108,108
-69,39,108,107
-63,68,108,0
135,34,108,108
-58,28,108,1
16,39,108,108
-21,61,108,106
172,38,108,0
-124,35,108,108
-47,52,108,0
-46,32,108,0
-151,28,108,0
-64,50,108,108
-173,46,108,0
-29,34,108,108
13,68,108,108
146,38,108,0
165,55,108,97
-61,47,108,108
168,59,108,107
-135,52,108,103
-39,43,108,0
135,35,108,108
131,28,108,108
-152,60,108,106
-143,55,108,1
168,50,108,0
-157,57,108,102
-129,37,108,54
-42,62,108,0
-115,68,108,105
-131,49,108,58
-14,40,108,108
-53,68,108,0
-113,-75,108,0
-12,33,108,108
-166,54,108,107
19,32,108,108
-132,32,108,0
-157,32,108,0
45,68,108,17
-152,51,108,1
-42,54,108,1
-22,28,108,0
140,48,108,108
150,28,108,0
-53,46,108,108
-176,33,108,0
-27,53,108,1
-31,60,108,0
-148,51,108,0
72,68,108,59
-70,43,108,108
38,66,108,108
169,38,108,0
-176,67,108,60
-80,28,108,108
-37,51,108,0
-49,39,108,0
145,39,108,0
7,37,108,108
-168,53,108,108
158,52,108,107
-55,66,108,0
-152,58,108,103
-12,64,108,56
-68,61,108,0
-8,45,108,108
-76,63,108,60
-29,46,108,0
176,62,108,107
-55,33,108,0
163,34,108,0
-6,49,108,108
-151,58,108,104
-12,32,108,108
-109,-75,108,0
30,60,108,0
-165,29,108,0
-30,-71,108,0
-153,38,108,0
-43,57,108,1
-172,-72,108,0
-175,66,108,60
-61,56,108,108
-40,46,108,0
-69,40,108,107
-2,61,108,108
-43,-78,108,1
-46,58,108,0
-26,61,108,17
-31,-72,108,0
178,56,108,0
32,46,108,108
178,52,108,107
167,34,108,0
176,32,108,0
118,39,108,106
19,62,108,108
33,33,108,108
-169,37,108,0
-141,-75,108,0
162,40,108,0
-124,45,108,108
131,29,108,108
-20,58,108,106
-134,30,108,0
-180,29,108,0
4,66,108,108
-73,63,108,0
-139,41,108,0
144,37,108,39
-125,44,108,108
17,57,108,108
-128,33,108,0
-56,-72,108,0
-41,-76,108,0
-83,54,108,60
-56,35,108,0
-54,40,108,2
-39,58,108,0
-153,-71,108,0
-29,59,108,0
153,42,108,0
-151,-73,108,0
162,44,108,0
-32,62,108,0
-159,46,108,0
-15,68,108,102
168,32,108,0
-70,30,108,2
11,58,108,108
8,54,108,108
20,57,108,108
-44,38,108,1
-22,39,108,0
49,67,108,23
-45,56,108,1
131,33,108,108
-61,37,108,98
-94,29,108,108
-45,43,108,0
-9,39,108,108
-88,63,108,60
-99,68,108,60
-69,59,108,60
-33,-77,108,0
-73,-73,108,0
-69,37,108,107
-5,65,108,108
-126,40,108,107
33,28,108,108
12,57,108,108
-55,68,108,0
-146,30,108,0
-54,46,108,108
-151,47,108,1
132,29,108,2
40,42,108,108
-143,43,108,0
-126,45,108,108
33,43,108,108
-140,54,108,53
-124,38,108,108
-70,48,108,108
-133,30,108,0
33,66,108,108
-167,35,108,0
-65,66,108,0
150,56,108,0
174,-72,108,0
154,47,108,106
-163,31,108,0
21,64,108,108
-29,39,108,108
9,67,108,108
46,68,108,23
-38,39,108,0
-89,59,108,59
-41,-74,108,0
-48,49,108,0
174,50,108,104
179,58,108,0
-142,55,108,53
-128,35,108,105
-40,50,108,0
-137,68,108,107
-83,-72,108,0
-137,58,108,108
173,53,108,60
-22,59,108,106
-42,48,108,0
-9,46,108,108
136,44,108,61
-32,43,108,1
-171,46,108,0
-178,28,108,0
-167,33,108,0
-35,34,108,1
11,37,108,108
-50,29,108,0
-161,38,108,0
145,59,108,107
-21,38,108,0
-6,57,108,108
159,39,108,0
154,44,108,0
-9,64,108,108
-75,66,108,0
164,54,108,81
-41,30,108,0
12,53,108,0
-158,30,108,0
-178,-75,108,0
166,34,108,0
-94,68,108,55
-138,29,108,0
-16,60,108,108
-40,58,108,1
-79,64,108,60
-153,60,108,106
-11,53,108,108
-144,30,108,0
-177,34,108,0
-150,41,108,0
-18,29,108,108
-93,-71,108,0
-68,42,108,108
-45,29,108,0
29,45,108,108
-33,28,108,0
-7,52,108,108
34,45,108,108
-43,37,108,0
-38,56,108,0
-78,28,108,107
-137,31,108,0
-36,54,108,0
142,53,108,107
-60,39,108,98
11,39,108,108
176,57,108,0
-175,-78,108,1
-172,-76,108,0
-13,61,108,108
-25,47,108,1
21,57,108,108
-1,54,108,108
-51,67,108,0
-33,-73,108,0
171,61,108,0
-69,48,108,108
29,42,108,108
143,51,108,108
-62,48,108,108
-86,56,108,60
-165,33,108,0
34,31,108,108
179,50,108,0
161,29,108,0
-157,50,108,1
155,49,108,108
-137,34,108,0
-110,68,108,60
-133,52,108,104
-59,38,108,0
-11,32,108,108
-144,31,108,0
-180,68,108,60
17,60,108,108
17,62,108,108
155,40,108,0
-137,55,108,99
-122,35,108,108
-58,38,108,0
169,31,108,0
148,45,108,108
-8,44,108,108
-53,40,108,2
-93,58,108,60
-14,47,108,108
32,34,108,108
-152,-78,108,0
-92,58,108,60
-25,53,108,1
-10,40,108,108
-136,68,108,107
-65,40,108,103
-24,61,108,18
-157,58,108,98
28,35,108,108
-160,56,108,107
-50,43,108,0
168,41,108,0
-95,68,108,59
-74,33,108,104
-136,47,108,0
127,32,108,62
-55,-76,108,0
-141,38,108,0
-78,65,108,0
-132,31,108,0
-169,44,108,0
-55,59,108,0
168,60,108,107
-121,35,108,108
-141,53,108,53
-173,-76,108,0
2,39,108,108
-14,28,108,108
-168,67,108,108
17,63,108,0
133,33,108,108
-29,41,108,108
-6,48,108,108
39,46,108,108
-5,51,108,108
7,40,108,108
-170,57,108,60
163,29,108,0
10,37,108,108
17,55,108,108
-17,67,108,108
-11,43,108,108
-174,68,108,60
-149,61,108,103
-64,64,108,0
-29,58,108,0
-166,50,108,0
-141,44,108,0
2,40,108,108
-143,45,108,0
-21,60,108,106
-57,-77,108,0
-30,28,108,0
10,67,108,108
17,34,108,108
-34,66,108,0
-163,50,108,0
-38,44,108,0
178,-74,108,0
-18,32,108,108
-40,52,108,0
168,51,108,0
-62,43,108,107
167,60,108,107
-64,61,108,59
140,44,108,108
-40,56,108,1
-65,44,108,108
-163,-79,108,0
146,52,108,0
-40,44,108,0
-74,67,108,0
138,55,108,60
-145,44,108,0
134,28,108,2
-155,55,108,103
147,52,108,0
-13,50,108,108
-129,-72,108,0
-180,-78,108,0
-30,42,108,108
-40,51,108,0
-179,49,108,0
-160,-73,108,0
-25,29,108,102
-9,45,108,108
-139,44,108,0
-177,50,108,59
-70,32,108,104
4,57,108,108
-44,33,108,0
-27,37,108,108
-152,56,108,103
-66,66,108,0
-143,-75,108,0
145,58,108,107
-35,31,108,0
-125,47,108,106
21,38,108,108
-164,52,108,0
13,45,108,108
-147,31,108,0
167,50,108,0
-37,59,108,0
-152,-72,108,0
-78,66,108,0
-168,44,108,0
-163,-72,108,0
-39,31,108,0
48,68,108,23
-39,44,108,0
149,28,108,0
-173,37,108,0
-71,38,108,107
-11,47,108,108
-5,47,108,108
158,53,108,107
163,-79,108,0
143,29,108,0
-20,-73,108,0
-173,43,108,0
151,38,108,0
-38,50,108,0
145,28,108,0
-17,46,108,1
-75,29,108,106
3,38,108,108
16,35,108,108
-71,59,108,60
-25,42,108,104
-61,62,108,0
-43,-72,108,0
-41,61,108,1
-129,46,108,97
-142,58,108,58
170,-72,108,0
-11,56,108,108
19,56,108,108
-170,35,108,0
-128,31,108,0
30,41,108,108
-23,61,108,106
-33,57,108,0
-169,33,108,0
-177,49,108,0
-18,40,108,103
-68,44,108,108
136,40,108,41
-89,58,108,60
-14,44,108,108
-179,50,108,52
-52,46,108,108
-9,51,108,108
-166,52,108,100
150,31,108,0
-14,41,108,108
-166,60,108,108
-52,-73,108,0
-81,63,108,60
-12,-71,108,0
-43,59,108,1
-132,42,108,0
-169,45,108,0
7,65,108,108
49,29,108,108
170,-75,108,0
-178,34,108,0
10,38,108,108
48,30,108,108
-109,-71,108,0
166,55,108,60
-23,51,108,1
179,68,108,0
-73,35,108,107
-139,-74,108,0
177,32,108,0
-129,52,108,104
130,32,108,108
-122,33,108,108
-163,64,108,108
-130,45,108,53
-178,-76,108,1
-149,-71,108,0
-48,-72,108,0
-41,64,108,0
-88,66,108,0
-106,68,108,58
-48,42,108,0
9,38,108,108
-42,41,108,1
145,33,108,0
178,-71,108,0
-166,58,108,0
137,30,108,2
-70,58,108,60
137,55,108,60
-39,57,108,0
-153,48,108,0
160,42,108,0
129,30,108,108
-46,-77,108,1
-131,55,108,104
49,68,108,23
-14,62,108,108
-14,53,108,108
-7,68,108,0
-136,52,108,57
-37,-71,108,0
-164,56,108,95
123,30,108,108
-98,67,108,56
-28,-73,108,0
-26,30,108,102
-126,34,108,108
8,44,108,108
39,47,108,108
-34,-74,108,0
-60,41,108,107
-153,28,108,0
-152,-74,108,0
16,38,108,108
-10,51,108,108
-159,58,108,104
-132,47,108,53
140,52,108,0
-163,-74,108,0
-125,32,108,64
10,65,108,108
-37,33,108,0
-155,44,108,0
-91,-72,108,0
-150,49,108,1
124,32,108,8
-145,45,108,0
179,65,108,108
-21,33,108,0
-180,49,108,0
-155,-77,108,0
-129,38,108,54
-175,47,108,0
-13,37,108,108
166,51,108,0
33,34,108,108
177,61,108,107
17,68,108,108
-44,-77,108,1
-146,54,108,1
34,33,108,108
16,61,108,0
-63,31,108,1
-17,34,108,108
-45,-74,108,0
-27,-74,108,0
-176,-75,108,0
-155,49,108,0
-5,64,108,108
177,40,108,0
9,33,108,0
166,31,108,0
170,59,108,107
-153,58,108,103
136,38,108,107
-27,-75,108,0
-121,29,108,107
-178,-78,108,0
162,57,108,107
-12,59,108,108
141,48,108,108
-38,40,108,0
-15,-73,108,0
-139,45,108,0
-20,66,108,108
31,33,108,108
155,38,108,0
-169,67,108,108
-20,63,108,108
12,44,108,108
-36,40,108,0
157,45,108,0
-57,-72,108,1
-171,45,108,0
160,58,108,0
19,-71,108,0
-44,29,108,0
2,54,108,108
12,67,108,108
161,39,108,0
158,62,108,0
-55,-71,108,0
-18,61,108,108
-174,65,108,0
-34,-73,108,0
-173,29,108,0
-27,28,108,0
-26,-74,108,0
-38,32,108,0
-147,47,108,0
145,46,108,86
-179,62,108,0
128,29,108,108
-7,54,108,108
37,41,108,108
136,42,108,61
-142,28,108,0
-153,32,108,0
-150,56,108,57
-147,54,108,0
-175,40,108,0
-126,-74,108,0
176,-74,108,0
-127,43,108,108
-76,39,108,108
-108,68,108,60
-80,67,108,59
144,39,108,60
128,28,108,108
-137,33,108,0
-158,43,108,0
-131,46,108,54
-90,60,108,12
-146,-72,108,0
-142,59,108,108
-164,31,108,0
160,54,108,107
-42,56,108,1
-139,46,108,0
-172,55,108,60
138,44,108,85
-91,63,108,57
122,35,108,107
-50,-71,108,0
165,-74,108,0
-179,-75,108,0
-144,53,108,1
141,49,108,108
-173,-72,108,0
-42,34,108,0
-3,46,108,108
-161,54,108,106
-124,30,108,102
134,30,108,1
-168,54,108,107
34,28,108,108
-53,38,108,2
172,37,108,0
-136,-71,108,0
79,67,108,0
143,42,108,108
-73,30,108,5
-7,43,108,108
-138,45,108,0
-69,-71,108,0
64,68,108,0
-157,-73,108,0
-61,65,108,0
-160,45,108,0
36,66,108,108
-60,57,108,60
-178,52,108,96
-157,55,108,103
-167,30,108,0
-128,52,108,104
-118,31,108,108
-153,43,108,0
-76,33,108,107
-142,39,108,0
-173,31,108,0
-56,41,108,107
-149,-74,108,0
-18,50,108,1
-163,28,108,0
-138,38,108,0
-149,43,108,0
1,40,108,108
143,50,108,108
-34,29,108,0
-31,49,108,0
-35,32,108,0
-52,51,108,107
-143,40,108,0
143,40,108,60
-133,45,108,0
-81,32,108,108
-143,54,108,1
-139,38,108,0
0,52,108,108
-56,65,108,0
-17,47,108,1
145,41,108,107
-145,-71,108,0
143,54,108,106
2,50,108,0
150,46,108,108
161,52,108,0
-51,-76,108,0
-57,54,108,108
155,50,108,108
-137,-73,108,0
-16,38,108,108
-162,34,108,0
-178,44,108,0
-44,48,108,1
-176,43,108,0
-14,52,108,108
-174,63,108,104
176,48,108,0
-77,67,108,0
-92,57,108,60
144,52,108,108
156,32,108,0
-29,54,108,1
-14,37,108,108
-134,51,108,103
-70,61,108,60
3,56,108,108
120,34,108,108
-170,29,108,0
171,34,108,0
-154,49,108,0
-156,31,108,0
-63,47,108,108
-125,40,108,108
-84,63,108,60
-29,66,108,0
152,43,108,0
-152,53,108,2
-102,68,108,60
-17,35,108,108
-18,51,108,1
132,31,108,108
-79,57,108,59
166,53,108,0
157,37,108,0
-86,59,108,58
-11,-71,108,0
-40,53,108,0
-30,50,108,1
50,28,108,108
-2,58,108,108
-176,39,108,0
-158,54,108,106
-159,44,108,0
-6,43,108,108
-112,-73,108,0
-151,31,108,0
-168,62,108,108
-171,-73,108,0
-87,-74,108,0
3,63,108,108
-12,54,108,108
-61,67,108,0
-20,67,108,108
-26,44,108,104
132,39,108,1
-63,67,108,0
140,34,108,108
159,33,108,0
154,37,108,0
-52,61,108,0
-156,54,108,81
-180,54,108,0
-92,59,108,60
-85,29,108,108
-41,44,108,0
-170,46,108,0
-22,67,108,108
-70,39,108,108
-34,52,108,0
-17,44,108,103
-160,28,108,0
-29,51,108,1
138,37,108,108
-119,29,108,106
36,64,108,108
160,33,108,0
-119,28,108,106
177,37,108,0
-143,56,108,1
-167,-78,108,3
7,67,108,108
-146,46,108,0
-28,31,108,104
-81,-72,108,0
-87,68,108,60
-85,63,108,60
-54,58,108,0
-39,56,108,0
-22,61,108,106
-68,43,108,108
2,64,108,108
168,-77,108,0
-8,66,108,5
-125,38,108,108
-13,41,108,108
-8,64,108,108
166,28,108,0
-52,-75,108,0
-161,65,108,0
-171,54,108,60
-64,41,108,106
-86,28,108,72
147,46,108,57
-19,58,108,106
-148,28,108,0
-44,62,108,0
-54,42,108,2
-53,56,108,0
160,40,108,0
-126,31,108,0
-91,-73,108,0
-117,-73,108,0
-166,63,108,108
143,52,108,108
-175,38,108,0
-23,56,108,1
-139,52,108,0
-150,50,108,1
-79,68,108,0
-176,-79,108,0
-84,56,108,60
-47,49,108,1
154,33,108,0
129,29,108,108
-27,-72,108,0
-92,61,108,59
-144,49,108,0
-126,51,108,0
-178,30,108,0
14,37,108,108
-14,31,108,108
-66,40,108,108
-137,45,108,0
28,41,108,108
-66,49,108,108
-137,39,108,0
151,40,108,0
1,65,108,108
-30,53,108,0
-175,-71,108,0
172,47,108,0
-37,45,108,0
-62,61,108,59
-145,-73,108,0
-85,-73,108,0
-164,59,108,97
30,59,108,108
-44,37,108,0
-167,58,108,37
-5,53,108,108
-71,61,108,60
-13,67,108,56
25,33,108,108
-154,51,108,0
173,45,108,0
15,55,108,108
-62,38,108,102
-148,40,108,0
-179,40,108,0
169,33,108,0
-136,59,108,61
-157,59,108,0
-165,32,108,0
-86,60,108,0
-54,-77,108,0
-42,61,108,1
-24,33,108,104
-49,46,108,0
-93,63,108,56
-40,-72,108,0
-147,35,108,0
-26,53,108,1
30,35,108,108
-149,55,108,0
-171,-76,108,3
133,43,108,0
-123,31,108,108
-48,51,108,0
-159,29,108,0
-161,-78,108,0
-58,33,108,1
-28,57,108,1
-156,57,108,102
-123,-71,108,0
-173,39,108,0
163,55,108,107
20,56,108,108
-167,45,108,0
163,39,108,0
140,47,108,108
-163,57,108,107
-174,50,108,0
-51,48,108,0
-165,58,108,0
-62,28,108,0
-128,44,108,99
44,68,108,20
163,56,108,107
-46,51,108,0
-73,-74,108,1
-10,39,108,108
-9,54,108,108
-28,52,108,1
-28,-76,108,0
-139,32,108,0
-116,68,108,105
-169,47,108,0
-82,54,108,60
-30,68,108,0
153,39,108,0
-39,66,108,0
-81,61,108,59
148,47,108,107
-132,38,108,0
14,35,108,108
172,33,108,0
-41,41,108,0
-27,54,108,1
-68,58,108,58
-13,56,108,108
168,34,108,0
-179,64,108,59
-124,-73,108,0
145,45,108,108
-180,-79,108,0
134,43,108,61
-8,54,108,108
51,68,108,54
-135,39,108,0
-66,45,108,108
-174,40,108,0
165,38,108,0
-73,62,108,60
-26,43,108,108
4,60,108,108
-26,67,108,42
-50,46,108,0
-78,37,108,0
-156,53,108,0
24,32,108,108
-26,51,108,1
171,68,108,0
-14,49,108,108
-175,32,108,0
0,51,108,108
-149,33,108,0
-166,65,108,0
-10,53,108,108
-38,61,108,0
-137,38,108,0
-161,59,108,100
-166,39,108,0
170,-77,108,0
-123,29,108,105
152,38,108,0
18,32,108,108
-46,-73,108,0
-170,63,108,108
-36,49,108,0
30,45,108,108
-10,66,108,5
-166,40,108,0
176,28,108,0
-157,48,108,1
-166,30,108,0
-79,34,108,0
16,37,108,108
-36,48,108,0
-52,29,108,0
-78,33,108,108
127,39,108,95
-42,59,108,1
-27,39,108,108
53,68,108,54
-32,54,108,0
-96,68,108,59
-26,28,108,102
67,68,108,52
-32,-78,108,0
-130,50,108,99
150,39,108,0
177,49,108,0
131,39,108,59
9,44,108,108
-159,39,108,0
-100,68,108,60
-84,60,108,0
154,38,108,0
-81,67,108,59
-38,60,108,0
-17,28,108,108
-35,37,108,1
-22,-73,108,0
167,42,108,0
-174,64,108,107
18,62,108,108
-44,50,108,0
-55,37,108,1
-33,56,108,0
-37,58,108,0
2,51,108,108
-51,-78,108,1
-28,65,108,0
-16,59,108,108
-41,-73,108,0
-81,55,108,60
-34,61,108,0
-82,-74,108,0
-51,45,108,98
-86,57,108,58
179,-71,108,0
-37,43,108,0
-72,33,108,104
-168,58,108,37
14,34,108,108
-3,55,108,108
178,35,108,0
-130,41,108,57
-82,55,108,60
-137,52,108,57
-56,38,108,1
177,-71,108,0
-82,62,108,60
37,63,108,108
-150,48,108,1
-145,57,108,1
2,59,108,108
-146,28,108,0
-157,51,108,2
-92,62,108,60
-55,61,108,0
7,43,108,108
-148,57,108,0
138,54,108,96
-24,40,108,104
-29,44,108,104
-21,55,108,1
-61,-72,108,1
-117,67,108,0
-43,58,108,1
-168,45,108,0
166,52,108,0
126,38,108,0
-148,-75,108,0
27,59,108,108
-133,33,108,0
38,42,108,108
-122,-73,108,0
-11,34,108,108
-88,59,108,59
163,62,108,107
142,39,108,108
-160,-74,108,1
-89,62,108,60
-128,28,108,0
177,62,108,107
137,42,108,41
6,52,108,0
-140,50,108,0
162,49,108,0
-10,29,108,108
-29,40,108,108
-34,62,108,0
-43,-77,108,0
-71,34,108,104
-21,50,108,0
-58,34,108,1
-72,39,108,108
-77,62,108,60
-167,42,108,0
-31,32,108,104
156,35,108,0
-157,31,108,0
-109,-72,108,0
-177,33,108,0
-156,48,108,0
34,34,108,108
-88,61,108,60
22,63,108,108
-56,45,108,107
140,50,108,107
-56,54,108,108
-101,-75,108,0
-46,54,108,0
-173,48,108,0
-148,52,108,0
-123,30,108,102
-140,59,108,108
-85,56,108,60
-133,49,108,54
17,32,108,108
-155,53,108,0
-58,37,108,0
-27,34,108,104
-89,61,108,60
-37,35,108,0
172,31,108,0
-59,40,108,107
10,55,108,108
-174,29,108,0
164,60,108,107
-115,29,108,108
168,28,108,0
-129,28,108,0
174,59,108,0
146,53,108,60
174,53,108,60
178,47,108,0
14,33,108,108
-38,31,108,0
-171,66,108,108
-153,47,108,0
10,43,108,108
-79,63,108,60
-16,47,108,61
-157,37,108,0
-132,-74,108,0
-145,39,108,0
138,30,108,2
-165,48,108,0
-151,52,108,2
156,47,108,38
-14,-73,108,0
-4,58,108,108
-24,31,108,102
-129,39,108,58
-136,48,108,0
-7,65,108,108
-35,-72,108,0
16,34,108,108
-57,50,108,108
11,33,108,108
-158,-77,108,0
-43,33,108,0
-87,59,108,59
-42,-77,108,0
172,28,108,0
-7,59,108,108
-172,38,108,0
-47,34,108,0
126,37,108,106
-126,29,108,0
-64,59,108,59
178,49,108,0
-151,38,108,0
-162,52,108,2
12,65,108,108
13,37,108,108
-81,60,108,59
-154,58,108,103
-31,37,108,108
6,43,108,108
-139,30,108,0
-91,56,108,0
22,40,108,108
-143,47,108,0
171,28,108,0
-148,-74,108,0
-16,63,108,108
156,54,108,0
-83,57,108,1
-82,28,108,0
-46,30,108,0
-33,59,108,0
-29,30,108,0
-171,64,108,108
141,32,108,59
-32,29,108,0
-159,-78,108,0
-168,59,108,108
160,31,108,0
-68,34,108,99
28,34,108,108
-122,34,108,108
-62,-74,108,0
-42,43,108,0
-165,-71,108,0
-59,61,108,0
-148,-77,108,0
-6,66,108,60
-75,-72,108,0
142,47,108,108
-135,68,108,0
-166,-73,108,0
-158,32,108,0
-66,32,108,1
-150,53,108,2
-1,50,108,108
-164,54,108,100
168,38,108,0
178,-72,108,0
-17,33,108,108
-163,39,108,0
-56,30,108,0
-84,55,108,60
40,65,108,59
-31,50,108,0
-159,-77,108,0
-141,45,108,0
160,51,108,2
-161,52,108,2
-179,-76,108,1
168,56,108,0
-178,40,108,0
-48,46,108,0
-42,64,108,0
-11,68,108,0
-158,-75,108,1
-60,31,108,2
-47,35,108,0
-53,32,108,0
40,68,108,20
174,29,108,0
176,31,108,0
-20,54,108,1
-102,-72,108,0
-33,44,108,1
163,47,108,0
-30,59,108,0
136,28,108,1
-57,29,108,0
142,28,108,1
-65,28,108,2
177,-75,108,0
-101,-76,108,0
-153,-78,108,0
-26,68,108,0
-50,28,108,0
162,37,108,0
144,40,108,1
-25,48,108,1
-73,28,108,6
-176,-78,108,1
-36,59,108,0
-161,41,108,0
-36,-73,108,0
-147,-76,108,0
-142,-72,108,0
-174,47,108,0
-131,37,108,0
-34,64,108,0
41,43,108,0
162,47,108,0
-55,63,108,0
15,45,108,0
168,49,108,0
-41,49,108,0
-170,34,108,0
-133,32,108,0
-127,-74,108,0
-168,41,108,0
-113,-73,108,0
-176,42,108,0
-61,-71,108,1
-173,40,108,0
-148,32,108,0
-28,68,108,0
127,31,108,5
-4,-71,108,0
-139,37,108,0
-24,49,108,1
-146,57,108,1
-29,48,108,1
-166,-78,108,3
-31,55,108,0
-60,61,108,0
143,35,108,2
167,48,108,0
-165,57,108,0
-137,29,108,0
-148,53,108,0
-44,39,108,1
-42,53,108,1
-2,47,108,0
-27,52,108,1
172,49,108,0
6,-71,108,0
160,49,108,0
126,31,108,3
-156,35,108,0
-72,29,108,4
-55,58,108,0
-38,-74,108,0
-55,30,108,0
-58,63,108,0
144,29,108,0
158,45,108,0
-48,37,108,0
165,31,108,0
167,41,108,0
-163,42,108,0
-11,-72,108,0
-112,-71,108,0
176,42,108,0
-164,-76,108,3
-156,41,108,0
2,-71,108,0
-159,50,108,1
-44,44,108,0
178,45,108,0
-124,-74,108,0
-179,-78,108,0
-22,54,108,1
-31,62,108,0
168,46,108,0
134,40,108,3
148,54,108,0
174,48,108,0
-150,-74,108,0
-161,34,108,0
161,-71,108,0
-52,38,108,2
-20,44,108,0
-180,-71,108,0
-105,-72,108,0
-169,28,108,0
-51,33,108,0
-41,39,108,1
-142,41,108,0
-150,40,108,0
-24,55,108,1
-172,39,108,0
-73,68,108,0
-40,-73,108,0
-159,-75,108,1
-135,29,108,0
-69,57,108,0
-147,30,108,0
-30,-75,108,0
-21,-74,108,0
165,-78,108,0
-21,-75,108,0
-152,-75,108,0
-28,67,108,0
177,41,108,0
149,54,108,0
11,-71,108,1
-44,40,108,1
-18,49,108,1
-49,38,108,0
172,54,108,0
-154,32,108,0
-171,28,108,0
-47,47,108,1
-48,-77,108,1
-1,46,108,0
-47,57,108,0
161,38,108,0
177,44,108,0
-119,-71,108,0
-47,30,108,0
-47,43,108,0
124,34,108,8
-43,49,108,1
-42,60,108,1
137,29,108,2
-151,53,108,2
-142,38,108,0
165,42,108,0
-173,38,108,0
149,39,108,0
-40,57,108,1
-56,62,108,0
162,30,108,0
-78,68,108,0
162,52,108,0
-87,-73,108,0
-148,-73,108,0
-17,-73,108,0
178,37,108,0
-176,48,108,0
-33,29,108,0
-179,-77,108,1
-98,-73,108,0
-151,-76,108,0
167,38,108,0
-35,58,108,0
177,29,108,0
-149,52,108,1
-39,61,108,1
-52,35,108,0
-50,30,108,0
-91,61,108,0
143,57,108,0
-45,-79,108,1
-129,-73,108,0
173,37,108,0
-54,30,108,0
-48,43,108,0
-133,40,108,0
146,57,108,0
-133,44,108,0
-133,38,108,0
-51,40,108,1
-42,29,108,0
157,38,108,0
-168,39,108,0
-161,47,108,0
-38,-78,108,0
-90,-73,108,0
-143,29,108,0
-30,-77,108,0
172,-72,108,0
-176,41,108,0
160,-71,108,0
-38,30,108,0
165,28,108,0
-40,54,108,0
22,66,108,0
-154,40,108,0
167,29,108,0
-154,52,108,0
-60,30,108,2
-62,29,108,1
-74,30,108,4
-31,61,108,0
159,44,108,0
-18,-71,108,0
-164,33,108,0
-177,45,108,0
169,44,108,0
-52,68,108,0
-141,-72,108,0
-53,-73,108,0
-149,49,108,1
-7,67,108,0
-48,38,108,0
-59,-74,108,0
-22,37,108,0
-67,28,108,2
-32,45,108,1
-52,39,108,2
-154,47,108,0
-180,53,108,0
154,43,108,0
-141,50,108,0
142,56,108,0
-52,54,108,0
-160,38,108,0
-120,-73,108,0
-152,44,108,0
-169,-73,108,0
164,49,108,0
-177,54,108,0
-46,61,108,0
175,-78,108,1
176,38,108,0
-164,43,108,0
163,45,108,0
-43,40,108,1
-21,40,108,0
161,40,108,0
-33,53,108,0
163,33,108,0
159,31,108,0
-172,43,108,0
-39,47,108,0
13,56,108,0
-153,49,108,0
-165,28,108,0
168,43,108,0
-177,31,108,0
-100,-73,108,0
-38,-73,108,0
-129,-74,108,0
-48,56,108,0
-168,46,108,0
-33,52,108,0
126,28,108,4
-24,46,108,1
-171,50,108,0
-168,49,108,0
-171,33,108,0
-143,31,108,0
150,35,108,0
-43,46,108,0
-178,47,108,0
-163,-78,108,0
170,-71,108,0
-167,43,108,0
-53,35,108,0
149,30,108,0
-51,-73,108,0
-154,-77,108,0
-140,39,108,0
-28,-72,108,0
-131,56,108,0
-176,35,108,0
-153,-75,108,0
-21,52,108,1
-35,33,108,0
-54,34,108,0
-152,29,108,0
-172,29,108,0
-154,31,108,0
-89,60,108,0
7,-71,108,1
-156,28,108,0
-54,-75,108,0
-40,-79,108,0
-25,51,108,1
-60,64,108,0
-64,28,108,1
-134,37,108,0
-29,49,108,1
148,37,108,0
158,29,108,0
-134,33,108,0
12,64,108,0
-143,32,108,0
-55,67,108,0
-180,-76,108,0
-27,67,108,0
171,-76,108,0
-88,-71,108,0
177,-76,108,1
-161,-75,108,1
-76,67,108,0
169,56,108,0
-155,35,108,0
-150,-73,108,0
31,40,108,0
-155,32,108,0
-20,35,108,0
-45,53,108,1
-111,28,108,0
-58,57,108,2
166,46,108,0
-52,30,108,0
-180,-75,108,0
-36,52,108,0
-51,68,108,0
170,39,108,0
-156,40,108,0
-40,28,108,0
-52,53,108,0
-49,48,108,0
-151,54,108,2
-45,32,108,0
-36,39,108,0
163,44,108,0
-44,42,108,1
165,44,108,0
-162,45,108,0
145,56,108,0
-154,-73,108,0
-32,64,108,0
-177,58,108,0
-36,-77,108,0
-72,59,108,0
-77,66,108,0
-152,46,108,0
147,32,108,0
-69,32,108,1
-68,28,108,2
-176,62,108,0
-3,-71,108,0
-138,-73,108,0
-163,47,108,0
-28,55,108,1
-179,60,108,0
0,-71,108,0
-48,47,108,0
173,41,108,0
-39,52,108,0
-59,-71,108,0
174,39,108,0
-30,62,108,0
176,40,108,0
-59,-73,108,1
-138,37,108,0
-158,33,108,0
-21,48,108,0
-175,45,108,0
-39,46,108,0
-20,34,108,0
-49,55,108,0
-91,-71,108,0
164,-77,108,0
157,29,108,0
-139,-71,108,0
-45,-73,108,0
-130,38,108,0
-53,67,108,0
-156,-71,108,0
-43,-71,108,0
-133,-74,108,0
-142,44,108,0
-19,49,108,1
-178,33,108,0
177,45,108,0
-136,-75,108,0
-175,-73,108,0
174,30,108,0
-36,63,108,0
-160,59,108,0
163,-75,108,0
-144,-72,108,0
172,34,108,0
-133,-71,108,0
171,-75,108,0
164,39,108,0
-148,29,108,0
-149,44,108,0
-134,-72,108,0
-121,-72,108,0
177,43,108,0
150,43,108,0
-179,-74,108,0
-53,-71,108,0
-163,62,108,0
-40,30,108,0
162,35,108,0
-59,32,108,2
-179,54,108,0
156,39,108,0
163,52,108,0
175,33,108,0
-53,59,108,0
163,31,108,0
26,-71,108,0
-40,-75,108,0
-107,-74,108,0
159,48,108,0
-29,60,108,0
178,28,108,0
-54,67,108,0
-51,52,108,0
-56,60,108,0
-161,44,108,0
-29,-71,108,0
177,55,108,0
-34,35,108,1
-96,-73,108,0
-171,-79,108,0
-48,-71,108,0
161,58,108,0
-141,51,108,0
-34,47,108,0
-42,33,108,0
-134,46,108,0
-46,59,108,0
-12,-72,108,0
-58,61,108,0
-33,61,108,0
-49,-71,108,0
-68,67,108,0
-54,-76,108,0
-57,68,108,0
-48,-74,108,0
-176,30,108,0
139,53,108,0
-50,-73,108,0
-61,68,108,0
-46,50,108,0
-45,55,108,1
160,50,108,0
153,33,108,0
-176,44,108,0
-52,56,108,0
-74,-74,108,0
-56,68,108,0
-86,-71,108,0
123,40,108,0
-147,50,108,0
-50,35,108,0
-175,58,108,0
-45,54,108,1
-46,45,108,1
-20,45,108,0
-177,29,108,0
-21,37,108,0
-150,42,108,0
-130,32,108,0
-37,65,108,0
10,60,108,0
-137,-72,108,0
-167,-73,108,0
-143,-76,108,0
164,-79,108,0
-137,-74,108,0
-45,61,108,0
167,57,108,0
-105,-71,108,0
-150,32,108,0
-161,-77,108,0
-162,31,108,0
-137,28,108,0
-34,53,108,0
159,30,108,0
-21,35,108,0
-161,46,108,0
-162,29,108,0
-149,37,108,0
161,45,108,0
-86,64,108,0
-120,-72,108,0
-31,54,108,0
-19,-72,108,0
-146,-77,108,0
164,-78,108,0
-144,-75,108,0
-38,-75,108,0
173,39,108,0
-149,28,108,0
-49,37,108,0
-174,35,108,0
-135,45,108,0
-144,41,108,0
-54,33,108,0
-33,60,108,0
-27,-76,108,0
-140,41,108,0
-41,-79,108,0
-176,49,108,0
-166,45,108,0
-54,-74,108,0
165,34,108,0
-49,54,108,0
-38,37,108,0
-132,44,108,0
-157,40,108,0
-39,29,108,0
-43,31,108,0
-49,44,108,0
-164,62,108,0
-127,34,108,0
-174,43,108,0
-75,-73,108,0
166,32,108,0
175,59,108,0
147,57,108,0
163,53,108,0
146,31,108,0
175,41,108,0
170,44,108,0
163,-76,108,0
-66,64,108,0
-73,66,108,0
-59,64,108,0
-153,45,108,0
-46,28,108,0
-92,28,108,107
123,39,108,108
-144,32,108,0
178,61,108,107
-53,30,108,0
173,33,108,0
-138,33,108,0
-11,50,108,108
-12,62,108,108
161,49,108,0
-58,31,108,2
38,63,108,108
-18,53,108,61
-13,53,108,108
-170,53,108,108
-176,37,108,0
-136,54,108,80
-59,45,108,108
35,29,108,0
-66,29,108,2
174,33,108,0
-39,-73,108,0
-148,44,108,0
8,40,108,108
-15,41,108,108
-41,55,108,1
7,68,108,108
-132,39,108,0
-53,66,108,0
-55,47,108,108
156,33,108,0
-16,35,108,108
-7,66,108,58
-16,52,108,61
-142,30,108,0
-152,33,108,0
5,68,108,108
-167,48,108,0
-27,33,108,104
39,-71,108,0
8,55,108,108
-58,47,108,108
-150,29,108,0
175,32,108,0
152,28,108,0
-17,32,108,108
-12,63,108,108
5,42,108,108
-162,54,108,106
-25,66,108,108
-5,59,108,108
-178,56,108,0
-82,60,108,59
-155,31,108,0
-127,46,108,99
17,61,108,108
-33,65,108,0
-60,55,108,108
25,37,108,108
10,64,108,108
-45,38,108,0
-170,-73,108,0
-64,34,108,102
-163,33,108,0
-158,51,108,2
-44,54,108,1
-64,60,108,59
-179,31,108,0
158,59,108,107
-141,31,108,0
-27,51,108,1
174,55,108,0
37,66,108,108
-159,30,108,0
-126,39,108,107
-121,28,108,107
-27,31,108,104
-56,31,108,0
-137,53,108,57
-62,50,108,108
-60,37,108,98
-11,52,108,108
-36,-76,108,0
-1,56,108,108
-158,37,108,0
-77,39,108,108
-141,56,108,53
-10,54,108,108
166,30,108,0
-65,59,108,59
-55,48,108,108
-153,-77,108,0
44,65,108,60
146,30,108,0
-174,48,108,0
39,64,108,59
-171,40,108,0
-125,29,108,0
-55,52,108,108
-52,49,108,108
-45,59,108,0
24,33,108,108
-52,41,108,2
146,29,108,0
-171,48,108,0
-47,48,108,1
-54,49,108,108
27,40,108,108
-173,50,108,0
-43,30,108,0
-150,30,108,0
-12,35,108,108
14,66,108,108
-14,56,108,108
-122,30,108,105
-28,45,108,104
-132,55,108,108
12,68,108,108
-29,65,108,0
-17,31,108,108
-164,47,108,0
-33,43,108,1
-169,66,108,108
-1,45,108,108
-61,58,108,59
170,32,108,0
12,42,108,0
-77,60,108,0
-12,28,108,108
140,42,108,108
-151,50,108,1
-9,35,108,108
-13,68,108,0
-15,50,108,108
174,32,108,0
-178,49,108,0
-170,-74,108,0
-31,48,108,0
-74,65,108,0
125,35,108,108
-3,56,108,108
29,31,108,108
-83,67,108,60
-178,50,108,52
-75,37,108,108
144,32,108,0
-55,43,108,107
-14,32,108,108
122,29,108,108
-169,58,108,60
-12,61,108,108
-114,28,108,108
128,37,108,102
-168,60,108,108
-11,61,108,108
-72,42,108,108
-28,34,108,108
-134,40,108,0
-140,60,108,108
-71,29,108,3
-148,61,108,105
-41,42,108,0
4,38,108,108
-47,46,108,1
-145,46,108,0
-160,53,108,2
21,34,108,108
-175,54,108,0
-153,53,108,2
-80,57,108,59
-167,-75,108,3
-155,54,108,0
-15,63,108,108
-49,-77,108,1
119,38,108,107
-76,30,108,106
-86,29,108,107
152,41,108,0
0,54,108,108
-31,57,108,0
164,58,108,107
4,42,108,108
139,35,108,108
0,40,108,108
175,57,108,0
151,29,108,0
-26,50,108,1
13,39,108,108
-83,61,108,60
19,58,108,108
-5,48,108,108
-46,34,108,0
20,65,108,0
156,29,108,0
-89,29,108,108
-159,32,108,0
-1,57,108,108
18,33,108,108
-81,57,108,59
147,54,108,0
-139,50,108,53
-172,28,108,0
-71,46,108,108
-173,59,108,107
-58,40,108,107
-24,38,108,104
-77,64,108,60
-31,42,108,103
21,63,108,108
138,34,108,108
175,51,108,107
-108,-73,108,0
-89,-72,108,0
0,62,108,108
-130,42,108,54
30,44,108,108
-56,-75,108,0
-69,43,108,108
2,60,108,108
19,41,108,108
151,39,108,0
149,33,108,0
-77,63,108,60
32,33,108,108
3,57,108,108
161,31,108,0
136,53,108,60
143,44,108,108
146,41,108,107
-131,35,108,0
-12,65,108,46
-87,58,108,59
-30,63,108,0
-10,42,108,108
-165,31,108,0
172,57,108,0
168,30,108,0
178,32,108,0
-151,32,108,0
-115,28,108,108
-162,55,108,106
-57,43,108,107
-5,67,108,45
-144,52,108,1
124,28,108,6
-122,28,108,105
-53,43,108,107
-28,32,108,104
-89,68,108,60
-48,35,108,0
-152,38,108,0
-175,49,108,0
-26,39,108,104
-116,67,108,105
173,49,108,0
175,53,108,0
-162,-73,108,0
-35,-76,108,0
-171,60,108,108
-41,-78,108,0
-36,58,108,0
178,34,108,0
-7,56,108,108
161,61,108,107
-19,48,108,0
-163,41,108,0
161,-77,108,0
-111,67,108,98
8,56,108,108
-52,28,108,0
-69,30,108,2
-11,41,108,108
32,42,108,108
-16,67,108,108
-167,65,108,108
-134,-71,108,0
-64,42,108,106
1,51,108,108
-19,43,108,0
3,43,108,108
-54,61,108,0
-52,55,108,0
179,-72,108,0
-125,51,108,0
-83,62,108,60
34,66,108,108
33,31,108,108
177,59,108,0
-127,49,108,99
174,57,108,0
-154,48,108,0
-20,60,108,106
-80,66,108,6
-171,43,108,0
-27,46,108,1
-68,48,108,108
6,57,108,108
-94,60,108,59
-59,-75,108,0
58,68,108,56
-15,28,108,108
-146,60,108,108
-141,42,108,0
-66,46,108,0
153,34,108,0
-169,63,108,108
-138,49,108,0
-49,58,108,0
-166,55,108,107
-35,-73,108,0
-145,28,108,0
176,60,108,0
-155,51,108,0
123,33,108,8
179,34,108,0
-68,37,108,107
-39,55,108,0
137,32,108,5
134,34,108,108
19,55,108,108
157,57,108,107
174,-76,108,1
-175,60,108,104
176,-76,108,1
-117,-71,108,0
-49,-78,108,1
-61,33,108,1
-25,67,108,108
-79,54,108,108
1,67,108,108
-144,43,108,0
-134,55,108,108
35,42,108,108
-81,65,108,60
-146,47,108,0
-180,45,108,0
162,50,108,0
-164,28,108,0
175,43,108,0
-23,64,108,108
-2,57,108,108
-58,46,108,107
-128,29,108,0
-73,32,108,104
-104,-73,108,0
-69,68,108,0
146,40,108,0
-179,30,108,0
146,39,108,0
147,41,108,0
30,43,108,108
-60,59,108,0
-144,55,108,1
13,42,108,108
-137,42,108,0
27,30,108,0
171,32,108,0
-74,66,108,0
144,41,108,107
-37,46,108,0
-34,30,108,0
173,32,108,0
-76,32,108,107
-133,43,108,0
175,52,108,107
33,32,108,108
-170,28,108,0
-157,-72,108,0
149,37,108,0
40,41,108,108
9,64,108,108
-45,-77,108,1
-50,60,108,0
21,39,108,108
144,56,108,0
-104,67,108,60
166,58,108,107
-178,62,108,0
-119,31,108,108
22,32,108,108
152,33,108,0
-63,43,108,108
-25,32,108,104
-67,38,108,108
-176,66,108,0
14,42,108,108
-35,40,108,1
5,67,108,108
-43,61,108,1
-43,34,108,0
-165,34,108,0
-139,48,108,0
147,58,108,107
-164,48,108,0
165,47,108,0
-168,68,108,108
19,60,108,108
166,54,108,60
-33,38,108,1
-153,54,108,2
-126,46,108,99
-146,-74,108,0
-92,29,108,108
-20,32,108,0
-136,50,108,57
-175,55,108,0
171,38,108,0
-54,39,108,2
31,67,108,0
36,63,108,108
-139,-75,108,0
-30,45,108,103
147,34,108,0
-171,38,108,0
151,57,108,0
-146,45,108,0
-103,-74,108,0
-56,48,108,0
-170,42,108,0
-39,32,108,0
-14,34,108,108
14,44,108,108
172,60,108,107
75,68,108,59
-78,35,108,0
-172,50,108,0
-173,-78,108,1
-51,31,108,0
-22,66,108,108
-123,33,108,108
140,33,108,108
-167,60,108,108
15,40,108,108
-18,-73,108,0
155,60,108,107
28,44,108,108
16,41,108,108
-9,42,108,108
176,50,108,105
161,32,108,0
173,28,108,0
165,32,108,0
167,32,108,0
10,33,108,108
23,34,108,108
-20,53,108,1
179,55,108,0
8,37,108,108
20,33,108,108
-124,49,108,106
134,29,108,1
8,66,108,108
-11,31,108,108
22,61,108,0
-25,39,108,104
-88,-73,108,0
-165,64,108,108
-143,52,108,1
-46,-75,108,0
34,35,108,108
160,30,108,0
-151,40,108,0
-18,48,108,1
-162,50,108,0
-70,-71,108,0
-67,67,108,0
-24,63,108,108
-74,39,108,108
171,42,108,0
-82,29,108,107
-3,68,108,25
122,31,108,108
-152,-77,108,0
-123,-72,108,0
171,57,108,0
145,48,108,106
-46,42,108,0
-169,49,108,0
131,32,108,108
-133,34,108,0
-91,57,108,60
-130,37,108,0
-22,44,108,45
-148,39,108,0
-57,-75,108,0
-62,65,108,0
-28,-74,108,0
3,40,108,108
9,57,108,108
-19,59,108,106
-38,63,108,0
-21,64,108,0
25,32,108,108
-59,34,108,2
121,41,108,0
-40,39,108,0
-59,48,108,108
158,61,108,107
-147,-73,108,0
-49,-72,108,0
-149,-73,108,0
-162,-75,108,0
-133,31,108,0
-63,28,108,0
-128,47,108,97
-58,65,108,0
177,48,108,0
-38,48,108,0
-163,-73,108,0
174,40,108,0
133,34,108,108
-164,-77,108,3
172,48,108,0
-99,-71,108,0
11,65,108,108
-34,37,108,1
-170,33,108,0
-28,46,108,0
-180,32,108,0
-57,31,108,0
-155,41,108,0
153,43,108,0
-146,-71,108,0
-157,29,108,0
14,55,108,108
-137,50,108,53
-85,59,108,58
177,30,108,0
-173,58,108,60
-65,47,108,108
47,67,108,60
151,33,108,0
0,41,108,108
-146,31,108,0
-114,67,108,57
-154,-78,108,0
-171,42,108,0
-86,63,108,60
174,49,108,0
-166,67,108,108
7,64,108,108
-145,51,108,0
35,63,108,0
-22,55,108,1
-65,67,108,0
-22,31,108,0
-79,56,108,108
-147,52,108,0
-152,55,108,94
-154,55,108,103
176,29,108,0
-172,-75,108,0
-54,56,108,0
-163,32,108,0
-14,65,108,108
-83,28,108,108
-148,58,108,81
-180,42,108,0
143,34,108,2
-79,-71,108,0
-157,41,108,0
172,-73,108,0
26,59,108,108
126,30,108,56
165,45,108,0
-104,68,108,60
-48,-75,108,0
-7,61,108,108
-57,41,108,107
171,-73,108,0
-136,28,108,0
7,60,108,108
-95,64,108,0
177,47,108,0
171,35,108,0
144,48,108,108
-148,33,108,0
-54,51,108,108
-24,48,108,1
119,34,108,108
-59,59,108,0
-56,61,108,0
159,58,108,107
-145,43,108,0
-177,28,108,0
-40,34,108,0
-61,61,108,59
-27,44,108,104
-57,53,108,108
28,32,108,108
-12,48,108,108
-112,67,108,98
-85,65,108,60
-148,48,108,1
146,42,108,108
-83,53,108,60
142,32,108,1
-6,67,108,10
161,47,108,0
156,51,108,108
-170,51,108,107
-175,59,108,104
-151,29,108,0
156,61,108,107
129,33,108,108
-64,58,108,59
179,62,108,107
-78,58,108,59
-53,58,108,0
-64,45,108,108
-12,39,108,108
-68,39,108,107
13,-71,108,0
-25,37,108,104
-82,59,108,59
155,59,108,107
6,66,108,108
-177,68,108,60
-67,61,108,58
35,37,108,0
157,31,108,0
137,40,108,41
-137,-75,108,0
-108,-74,108,0
-95,61,108,59
155,44,108,0
-170,68,108,107
-31,65,108,0
-146,42,108,0
-64,29,108,2
-88,60,108,0
-138,46,108,0
-162,41,108,0
146,51,108,0
-169,39,108,0
38,46,108,108
-50,39,108,2
178,48,108,0
-13,30,108,108
-31,28,108,0
-1,60,108,108
-24,-73,108,0
35,32,108,108
-77,37,108,108
153,51,108,105
-163,53,108,94
-3,51,108,108
-24,67,108,108
-60,63,108,0
-151,30,108,0
-51,54,108,0
12,45,108,108
-178,57,108,0
-155,29,108,0
-23,65,108,108
-6,45,108,108
-87,60,108,0
175,46,108,0
0,57,108,108
-127,38,108,107
-81,52,108,60
39,42,108,108
-61,55,108,108
-2,60,108,108
148,34,108,0
-136,34,108,0
-35,55,108,0
-153,30,108,0
-93,61,108,59
-101,67,108,60
-139,49,108,0
-138,30,108,0
-55,29,108,0
11,35,108,108
-172,56,108,60
-177,51,108,108
-175,61,108,99
143,55,108,80
-66,58,108,58
161,51,108,0
144,38,108,39
-144,-76,108,0
-65,65,108,0
-141,47,108,0
-159,48,108,1
-81,51,108,60
-145,53,108,1
-164,57,108,95
-97,-71,108,0
-145,31,108,0
6,41,108,108
-27,56,108,1
-26,45,108,0
-156,34,108,0
-144,59,108,108
-153,56,108,103
-171,44,108,0
-78,64,108,60
150,50,108,38
-23,67,108,108
-40,38,108,0
-16,55,108,104
-16,50,108,57
34,64,108,108
-55,-73,108,0
-120,-71,108,0
175,-73,108,0
-156,-74,108,0
-12,38,108,108
-15,-72,108,0
-173,35,108,0
-171,-74,108,0
-175,31,108,0
-28,41,108,108
-4,47,108,108
-154,37,108,0
154,54,108,105
142,29,108,1
-72,32,108,104
173,52,108,60
151,30,108,0
-163,35,108,0
-55,38,108,1
-41,56,108,1
-175,52,108,108
-143,33,108,0
-128,32,108,0
-85,67,108,0
-171,56,108,60
-129,47,108,97
-67,65,108,0
127,29,108,56
22,-71,108,0
36,45,108,108
177,35,108,0
-35,-75,108,0
-55,-77,108,0
48,66,108,0
-180,63,108,0
-41,65,108,0
-69,29,108,2
-118,28,108,107
-170,44,108,0
-50,51,108,0
-169,43,108,0
177,57,108,0
-138,43,108,0
-37,34,108,0
-149,-72,108,0
-84,62,108,60
-160,50,108,1
-25,52,108,1
-169,64,108,108
-45,46,108,1
-18,66,108,108
14,54,108,108
-174,-75,108,0
-56,-71,108,0
-143,44,108,0
143,56,108,0
121,30,108,108
-18,31,108,108
-5,62,108,108
-52,60,108,0
178,-79,108,0
136,32,108,4
-179,68,108,60
167,58,108,0
-176,46,108,0
-158,50,108,1
131,38,108,60
-172,-78,108,1
-46,49,108,1
-138,32,108,0
-44,31,108,0
-64,43,108,108
-33,30,108,0
-176,54,108,0
-24,47,108,1
-16,29,108,108
169,-75,108,0
-58,29,108,1
-29,-74,108,0
-40,45,108,0
146,48,108,106
37,44,108,108
-87,62,108,60
-163,30,108,0
169,39,108,0
-170,48,108,0
-56,50,108,108
171,-77,108,0
119,37,108,107
-59,60,108,0
-33,-76,108,0
148,40,108,0
36,34,108,0
170,42,108,0
-131,39,108,0
-71,47,108,108
-45,-78,108,1
-58,60,108,0
-126,35,108,108
-90,65,108,60
126,29,108,56
128,34,108,108
163,59,108,107
156,31,108,0
-171,39,108,0
-51,58,108,0
4,54,108,108
-7,49,108,108
-130,46,108,54
-176,-74,108,0
-50,55,108,0
-65,45,108,108
-165,40,108,0
148,33,108,0
167,-77,108,0
-84,64,108,60
176,-77,108,1
-2,-71,108,0
178,-78,108,1
-50,64,108,0
-50,57,108,0
160,34,108,0
-35,62,108,0
-1,52,108,0
-125,-71,108,0
-51,60,108,0
160,35,108,0
-172,64,108,108
-30,65,108,0
154,30,108,0
-115,-74,108,0
156,30,108,0
-154,56,108,103
-177,-77,108,1
154,40,108,0
-41,38,108,1
-52,31,108,0
-179,32,108,0
-94,56,108,0
-55,62,108,0
-20,49,108,0
33,68,108,108
-169,29,108,0
-16,-72,108,0
173,54,108,0
-30,49,108,1
-130,39,108,0
-130,44,108,53
159,42,108,0
-128,34,108,0
-180,40,108,0
-173,33,108,0
-150,33,108,0
-161,45,108,0
20,31,108,108
167,-76,108,0
25,40,108,108
-151,37,108,0
-56,56,108,0
-35,56,108,0
-152,28,108,0
-160,33,108,0
-62,58,108,59
-15,39,108,108
-55,41,108,1
-143,28,108,0
-138,48,108,0
-89,57,108,60
-135,58,108,108
-39,60,108,1
-138,31,108,0
168,29,108,0
-29,-73,108,0
136,39,108,41
170,46,108,0
-47,51,108,0
-79,30,108,107
-144,-73,108,0
-38,29,108,0
131,40,108,59
-147,44,108,0
157,46,108,0
-66,59,108,58
-43,28,108,0
-13,52,108,108
-159,31,108,0
-34,39,108,1
-1,44,108,0
-147,45,108,0
167,-78,108,0
-168,-72,108,0
-158,-74,108,1
-39,-77,108,0
-75,61,108,0
-52,34,108,0
-28,56,108,1
-123,46,108,0
-47,58,108,0
173,50,108,0
-13,-71,108,0
-11,66,108,5
-36,-72,108,0
-8,37,108,108
-19,39,108,0
-69,31,108,2
144,33,108,0
-47,-76,108,0
-34,-76,108,0
-23,52,108,1
-63,62,108,0
-25,60,108,5
164,37,108,0
-166,-71,108,0
-46,-78,108,1
-80,-74,108,0
-177,41,108,0
-56,-74,108,0
-63,-76,108,0
165,-77,108,0
-25,55,108,1
-79,66,108,2
-55,32,108,0
131,37,108,62
-142,34,108,0
-102,-73,108,0
152,54,108,0
-32,63,108,0
179,43,108,0
-160,48,108,1
-141,33,108,0
-172,47,108,0
-56,-70,108,0
176,-70,108,0
-115,-70,108,0
-74,-70,108,0
36,-70,108,0
-175,-70,108,0
-111,-70,108,0
22,-70,108,0
-46,-70,108,0
-130,-70,108,0
-144,-70,108,0
-70,-70,108,0
175,-70,108,0
-132,-70,108,0
-76,-70,108,0
-134,-70,108,0
-19,-70,108,0
-180,-70,108,0
-25,-70,108,0
-93,-70,108,0
12,-70,108,1
-109,-70,108,0
39,-70,108,0
163,-70,108,0
-99,-70,108,0
-172,-70,108,0
-16,-70,108,0
-10,-70,108,0
-52,-70,108,0
-8,-70,108,0
155,-70,108,0
-44,-70,108,0
-4,-70,108,0
-22,-70,108,0
-81,-70,108,0
28,-70,108,0
14,-70,108,1
-91,-70,108,0
-51,-70,108,0
-84,-70,108,0
-178,-70,108,0
-35,-70,108,0
35,-70,108,0
-176,-70,108,0
-27,-70,108,0
-102,-70,108,0
-162,-70,108,0
-150,-70,108,0
5,-70,108,1
-168,-70,108,0
-50,-70,108,0
178,-70,108,0
-11,-70,108,0
-125,-70,108,0
-138,-70,108,0
-80,-70,108,0
-145,-70,108,0
29,-70,108,0
18,-70,108,0
-31,-70,108,0
-126,-70,108,0
-121,-70,108,0
-106,-70,108,0
-104,-70,108,0
13,-70,108,1
159,-70,108,0
-92,-70,108,0
-43,-70,108,0
-15,-70,108,0
-87,-70,108,0
23,-70,108,0
-154,-70,108,0
-41,-70,108,0
-24,-70,108,0
-77,-70,108,0
-133,-70,108,0
-28,-70,108,0
-160,-70,108,0
-135,-70,108,0
27,-70,108,0
177,-70,108,0
-3,-70,108,0
-18,-70,108,0
-120,-70,108,0
-119,-70,108,0
-173,-70,108,0
-86,-70,108,0
-142,-70,108,0
179,-70,108,0
171,-70,108,0
-131,-70,108,0
-156,-70,108,0
11,-70,108,1
-155,-70,108,0
-47,-70,108,0
-177,-70,108,0
6,-70,108,1
168,-70,108,0
-57,-70,108,0
-12,-70,108,0
-179,-70,108,0
-128,-70,108,0
162,-70,108,0
-108,-70,108,0
37,-70,108,0
-9,-70,108,0
1,-70,108,0
21,-70,108,0
161,-70,108,0
156,-70,108,0
165,-70,108,0
-167,-70,108,0
-103,-70,108,0
-169,-70,108,0
8,-70,108,1
-164,-70,108,0
-78,-70,108,0
-21,-70,108,0
164,-70,108,0
-6,-70,108,0
-88,-70,108,0
-32,-70,108,0
-116,-70,108,0
166,-70,108,0
-20,-70,108,0
73,-70,108,0
-166,-70,108,0
-96,-70,108,0
-98,-70,108,0
-136,-70,108,0
33,-70,108,0
74,-70,108,0
-146,-70,108,0
-17,-70,108,0
34,-70,108,0
-107,-70,108,0
2,-70,108,0
75,-70,108,0
-13,-70,108,0
-30,-70,108,0
-97,-70,108,0
-39,-70,108,0
-127,-70,108,0
-117,-70,108,0
-75,-70,108,0
10,-70,108,1
-118,-70,108,0
78,-70,108,0
-61,-70,108,0
174,-70,108,0
-100,-70,108,0
77,-70,108,0
-29,-70,108,0
-95,-70,108,0
0,-70,108,0
-36,-70,108,0
-69,-70,108,0
-165,-70,108,0
-1,-70,108,0
7,-70,108,1
-163,-70,108,0
71,-70,108,0
-7,-70,108,0
-83,-70,108,0
-94,-70,108,0
-60,-70,108,0
38,-70,108,0
-34,-70,108,0
154,-70,108,0
-59,-70,108,0
15,-70,108,1
-73,-70,108,0
72,-70,108,0
170,-70,108,0
-71,-70,108,0
-90,-70,108,0
-123,-70,108,0
30,-70,108,0
-68,-70,108,0
16,-70,108,1
-153,-70,108,0
160,-70,108,0
25,-70,108,0
-139,-70,108,0
-148,-70,108,0
-54,-70,108,0
-114,-70,108,0
-113,-70,108,0
-2,-70,108,0
-55,-70,108,0
158,-70,108,0
-49,-70,108,0
9,-70,108,1
-161,-70,108,0
-174,-70,108,0
-42,-70,108,0
-157,-70,108,0
4,-70,108,1
-147,-70,108,0
-141,-70,108,0
-40,-70,108,0
-137,-70,108,0
-124,-70,108,0
-171,-70,108,0
-149,-70,108,0
-143,-70,108,0
-33,-70,108,0
-5,-70,108,0
-110,-70,108,0
-105,-70,108,0
-129,-70,108,0
26,-70,108,0
-151,-70,108,0
-26,-70,108,0
-45,-70,108,0
-152,-70,108,0
-37,-70,108,0
-38,-70,108,0
169,-70,108,0
-101,-70,108,0
173,-70,108,0
40,-70,108,0
-89,-70,108,0
-82,-70,108,0
-58,-70,108,0
32,-70,108,0
157,-70,108,0
-23,-70,108,0
24,-70,108,0
-140,-70,108,0
-158,-70,108,0
-48,-70,108,0
-53,-70,108,0
31,-70,108,0
-14,-70,108,0
-170,-70,108,0
172,-70,108,0
-122,-70,108,0
-159,-70,108,0
-72,-70,108,0
19,-70,108,0
20,-70,108,0
17,-70,108,1
3,-70,108,1
167,-70,108,0
76,-70,108,0
-79,-70,108,0
-112,-70,108,0
-85,-70,108,0
-119,-69,108,0
-167,-69,108,0
44,-69,108,0
-37,-69,108,0
34,-69,108,0
-122,-69,108,0
-3,-69,108,0
-171,-69,108,0
-13,-69,108,0
-98,-69,108,0
176,-69,108,0
165,-69,108,0
-91,-69,108,0
-9,-69,108,0
-143,-69,108,0
75,-69,108,0
-21,-69,108,0
-16,-69,108,0
-138,-69,108,0
-5,-69,108,0
41,-69,108,0
5,-69,108,1
-15,-69,108,0
-61,-69,108,0
7,-69,108,1
-29,-69,108,0
174,-69,108,0
42,-69,108,0
-174,-69,108,0
-19,-69,108,0
-162,-69,108,0
147,-69,108,0
153,-69,108,0
-93,-69,108,0
-95,-69,108,0
-36,-69,108,0
-17,-69,108,0
-156,-69,108,0
178,-69,108,0
146,-69,108,0
-35,-69,108,0
-103,-69,108,0
-72,-69,108,0
155,-69,108,0
-11,-69,108,0
-126,-69,108,0
-12,-69,108,0
8,-69,108,1
-180,-69,108,0
-106,-69,108,0
-110,-69,108,0
72,-69,108,0
-82,-69,108,0
-7,-69,108,0
-30,-69,108,0
6,-69,108,1
-150,-69,108,0
-47,-69,108,0
10,-69,108,1
-43,-69,108,0
-96,-69,108,0
-75,-69,108,0
-84,-69,108,0
169,-69,108,0
-90,-69,108,0
-87,-69,108,0
70,-69,108,0
-48,-69,108,0
-57,-69,108,0
-145,-69,108,0
73,-69,108,0
-153,-69,108,0
-6,-69,108,0
-127,-69,108,1
-67,-69,108,0
-71,-69,108,0
-144,-69,108,0
-104,-69,108,0
-139,-69,108,0
-78,-69,108,0
148,-69,108,0
-128,-69,108,1
-92,-69,108,0
79,-69,108,0
-173,-69,108,0
29,-69,108,0
-33,-69,108,0
-81,-69,108,0
16,-69,108,0
2,-69,108,0
-158,-69,108,0
-149,-69,108,0
-134,-69,108,0
24,-69,108,0
-34,-69,108,0
177,-69,108,0
-133,-69,108,1
-68,-69,108,0
-118,-69,108,0
40,-69,108,0
78,-69,108,0
-170,-69,108,0
-160,-69,108,0
-129,-69,108,1
-154,-69,108,0
-85,-69,108,0
31,-69,108,0
19,-69,108,0
172,-69,108,0
-117,-69,108,0
-83,-69,108,0
71,-69,108,0
173,-69,108,0
-169,-69,108,0
-54,-69,108,0
-163,-69,108,0
-102,-69,108,0
-123,-69,108,0
-28,-69,108,0
77,-69,108,0
15,-69,108,0
26,-69,108,0
-130,-69,108,1
13,-69,108,1
-4,-69,108,0
-111,-69,108,0
-148,-69,108,0
1,-69,108,0
-116,-69,108,0
-74,-69,108,0
35,-69,108,0
158,-69,108,0
-1,-69,108,0
21,-69,108,0
-115,-69,108,0
-136,-69,108,0
76,-69,108,0
-89,-69,108,0
-125,-69,108,0
156,-69,108,0
-39,-69,108,0
-94,-69,108,0
17,-69,108,0
-31,-69,108,0
-151,-69,108,0
157,-69,108,0
-73,-69,108,0
-131,-69,108,1
-50,-69,108,0
171,-69,108,0
-44,-69,108,0
-155,-69,108,0
150,-69,108,0
-172,-69,108,0
175,-69,108,0
-23,-69,108,0
43,-69,108,0
179,-69,108,0
-8,-69,108,0
-27,-69,108,0
-10,-69,108,0
160,-69,108,0
-141,-69,108,0
-132,-69,108,1
-112,-69,108,0
-26,-69,108,0
3,-69,108,0
25,-69,108,0
38,-69,108,0
-109,-69,108,0
170,-69,108,0
-41,-69,108,0
163,-69,108,0
162,-69,108,0
-140,-69,108,0
-76,-69,108,0
30,-69,108,0
-24,-69,108,0
-100,-69,108,0
12,-69,108,1
-80,-69,108,0
4,-69,108,0
32,-69,108,0
-40,-69,108,0
-137,-69,108,0
-56,-69,108,0
0,-69,108,0
168,-69,108,0
-124,-69,108,0
152,-69,108,0
-101,-69,108,0
-113,-69,108,0
151,-69,108,0
166,-69,108,0
-121,-69,108,0
-42,-69,108,0
-18,-69,108,0
-135,-69,108,0
-108,-69,108,0
164,-69,108,0
-20,-69,108,0
74,-69,108,0
-161,-69,108,0
-114,-69,108,0
-175,-69,108,0
69,-69,108,0
39,-69,108,0
-164,-69,108,0
167,-69,108,0
-159,-69,108,0
11,-69,108,1
-45,-69,108,0
9,-69,108,1
-25,-69,108,0
33,-69,108,0
-88,-69,108,0
14,-69,108,1
-49,-69,108,0
-99,-69,108,0
80,-69,108,0
-14,-69,108,0
-142,-69,108,0
-55,-69,108,0
23,-69,108,0
-165,-69,108,0
-69,-69,108,0
-70,-69,108,0
-97,-69,108,0
-86,-69,108,0
28,-69,108,0
-2,-69,108,0
20,-69,108,0
-53,-69,108,0
-166,-69,108,0
-178,-69,108,0
-51,-69,108,0
-59,-69,108,0
-147,-69,108,0
-179,-69,108,0
22,-69,108,0
-22,-69,108,0
161,-69,108,0
-32,-69,108,0
-157,-69,108,0
-168,-69,108,0
-38,-69,108,0
-176,-69,108,0
-79,-69,108,0
18,-69,108,0
-120,-69,108,0
-107,-69,108,0
27,-69,108,0
159,-69,108,0
149,-69,108,0
-46,-69,108,0
37,-69,108,0
36,-69,108,0
-60,-69,108,0
-52,-69,108,0
-177,-69,108,0
-58,-69,108,0
-105,-69,108,0
-152,-69,108,0
-146,-69,108,0
154,-69,108,0
-77,-69,108,0
174,-68,108,0
19,-68,108,0
-163,-68,108,0
155,-68,108,0
128,-68,108,0
24,-68,108,0
148,-68,108,0
68,-68,108,0
-49,-68,108,0
-39,-68,108,0
-173,-68,108,0
-144,-68,108,0
51,-68,108,0
-125,-68,108,1
-21,-68,108,0
-82,-68,108,0
-96,-68,108,0
154,-68,108,0
28,-68,108,0
-157,-68,108,0
158,-68,108,0
142,-68,108,0
-174,-68,108,0
48,-68,108,0
9,-68,108,0
-73,-68,108,0
-90,-68,108,0
-12,-68,108,0
64,-68,108,0
-43,-68,108,0
153,-68,108,0
-57,-68,108,0
79,-68,108,0
-177,-68,108,0
66,-68,108,0
-140,-68,108,0
175,-68,108,0
-176,-68,108,0
-120,-68,108,0
-46,-68,108,0
70,-68,108,0
157,-68,108,0
73,-68,108,0
-164,-68,108,0
23,-68,108,0
-124,-68,108,1
-142,-68,108,0
56,-68,108,0
-109,-68,108,0
-122,-68,108,0
38,-68,108,0
25,-68,108,0
20,-68,108,0
-127,-68,108,1
80,-68,108,0
-40,-68,108,0
-153,-68,108,0
-171,-68,108,0
-3,-68,108,0
12,-68,108,0
-156,-68,108,0
-99,-68,108,0
-106,-68,108,0
-110,-68,108,0
-53,-68,108,0
-77,-68,108,0
-27,-68,108,0
-42,-68,108,0
62,-68,108,0
-149,-68,108,0
-143,-68,108,0
65,-68,108,0
-45,-68,108,0
167,-68,108,0
-51,-68,108,0
-50,-68,108,0
49,-68,108,0
42,-68,108,0
8,-68,108,0
39,-68,108,0
-15,-68,108,0
67,-68,108,0
-137,-68,108,0
-138,-68,108,0
168,-68,108,0
-119,-68,108,0
-108,-68,108,0
-180,-68,108,0
-126,-68,108,2
-32,-68,108,0
60,-68,108,0
-98,-68,108,0
-150,-68,108,0
-67,-68,108,0
-28,-68,108,0
-74,-68,108,0
-17,-68,108,0
71,-68,108,0
166,-68,108,0
4,-68,108,0
-162,-68,108,0
108,-68,108,0
-19,-68,108,0
-87,-68,108,0
-10,-68,108,0
34,-68,108,0
-69,-68,108,0
147,-68,108,0
-34,-68,108,0
143,-68,108,0
78,-68,108,0
11,-68,108,0
-121,-68,108,0
-95,-68,108,0
0,-68,108,0
172,-68,108,0
163,-68,108,0
-38,-68,108,0
81,-68,108,0
151,-68,108,0
-94,-68,108,0
-31,-68,108,0
-8,-68,108,0
72,-68,108,0
-61,-68,108,0
-29,-68,108,0
16,-68,108,0
18,-68,108,0
-92,-68,108,0
-169,-68,108,0
-167,-68,108,0
-129,-68,108,1
-68,-68,108,0
44,-68,108,0
109,-68,108,0
-37,-68,108,0
13,-68,108,0
-161,-68,108,0
-71,-68,108,0
-170,-68,108,0
-135,-68,108,0
-105,-68,108,0
21,-68,108,0
2,-68,108,0
32,-68,108,0
50,-68,108,0
-55,-68,108,0
58,-68,108,0
171,-68,108,0
-159,-68,108,0
17,-68,108,0
-97,-68,108,0
-9,-68,108,0
27,-68,108,0
41,-68,108,0
-75,-68,108,0
-47,-68,108,0
-33,-68,108,0
-154,-68,108,0
-26,-68,108,0
173,-68,108,0
7,-68,108,0
-141,-68,108,0
159,-68,108,0
26,-68,108,0
57,-68,108,0
-4,-68,108,0
-148,-68,108,0
-100,-68,108,0
-132,-68,108,1
10,-68,108,0
-59,-68,108,0
-1,-68,108,0
59,-68,108,0
-179,-68,108,0
129,-68,108,0
127,-68,108,0
-86,-68,108,0
-56,-68,108,0
-130,-68,108,1
-16,-68,108,0
-131,-68,108,1
-103,-68,108,0
-117,-68,108,0
-41,-68,108,0
-91,-68,108,0
145,-68,108,0
169,-68,108,0
170,-68,108,0
-101,-68,108,0
82,-68,108,0
14,-68,108,0
-58,-68,108,0
30,-68,108,0
-60,-68,108,0
118,-68,108,0
150,-68,108,0
-146,-68,108,0
-70,-68,108,0
-88,-68,108,0
22,-68,108,0
-139,-68,108,0
-20,-68,108,0
-145,-68,108,0
-54,-68,108,0
-102,-68,108,0
-147,-68,108,0
45,-68,108,0
-85,-68,108,0
-2,-68,108,0
-175,-68,108,0
149,-68,108,0
-112,-68,108,0
-36,-68,108,0
179,-68,108,0
-48,-68,108,0
-44,-68,108,0
43,-68,108,0
-118,-68,108,0
-151,-68,108,0
164,-68,108,0
1,-68,108,0
15,-68,108,0
-123,-68,108,1
-83,-68,108,0
-72,-68,108,0
178,-68,108,0
31,-68,108,0
-79,-68,108,0
-52,-68,108,0
146,-68,108,0
40,-68,108,0
-165,-68,108,0
119,-68,108,0
-14,-68,108,0
-178,-68,108,0
-168,-68,108,0
-93,-68,108,0
177,-68,108,0
-107,-68,108,0
-30,-68,108,0
61,-68,108,0
-166,-68,108,0
162,-68,108,0
-18,-68,108,0
176,-68,108,0
-24,-68,108,0
-104,-68,108,0
-76,-68,108,0
-155,-68,108,0
63,-68,108,0
-11,-68,108,0
-115,-68,108,0
69,-68,108,0
-152,-68,108,0
6,-68,108,0
165,-68,108,0
-84,-68,108,0
36,-68,108,0
33,-68,108,0
-158,-68,108,0
-113,-68,108,0
161,-68,108,0
-160,-68,108,0
-116,-68,108,0
152,-68,108,0
37,-68,108,0
-134,-68,108,1
-172,-68,108,0
76,-68,108,0
160,-68,108,0
3,-68,108,0
29,-68,108,0
-22,-68,108,0
75,-68,108,0
-35,-68,108,0
-114,-68,108,0
-23,-68,108,0
-7,-68,108,0
-5,-68,108,0
-25,-68,108,0
156,-68,108,0
5,-68,108,0
74,-68,108,0
-133,-68,108,1
-13,-68,108,0
46,-68,108,0
117,-68,108,0
-78,-68,108,0
-136,-68,108,0
-81,-68,108,0
-111,-68,108,0
144,-68,108,0
-6,-68,108,0
-128,-68,108,1
-89,-68,108,0
47,-68,108,0
-80,-68,108,0
35,-68,108,0
77,-68,108,0
-118,-67,108,0
144,-67,108,0
-1,-67,108,0
-139,-67,108,0
-62,-67,108,0
95,-67,108,0
71,-67,108,0
-37,-67,108,0
75,-67,108,0
104,-67,108,0
-145,-67,108,0
-98,-67,108,0
86,-67,108,0
-129,-67,108,2
153,-67,108,0
90,-67,108,0
165,-67,108,0
-69,-67,108,0
132,-67,108,0
42,-67,108,0
116,-67,108,0
-126,-67,108,1
55,-67,108,0
18,-67,108,0
21,-67,108,0
84,-67,108,0
-40,-67,108,0
52,-67,108,0
93,-67,108,0
-5,-67,108,0
-105,-67,108,0
-160,-67,108,0
76,-67,108,0
-133,-67,108,0
-148,-67,108,0
147,-67,108,0
24,-67,108,0
118,-67,108,0
-81,-67,108,0
-115,-67,108,0
138,-67,108,0
130,-67,108,0
-16,-67,108,0
-45,-67,108,0
163,-67,108,0
107,-67,108,0
164,-67,108,0
-72,-67,108,0
-9,-67,108,0
-154,-67,108,0
80,-67,108,0
-17,-67,108,0
-142,-67,108,0
82,-67,108,0
88,-67,108,0
70,-67,108,0
73,-67,108,0
69,-67,108,0
72,-67,108,0
117,-67,108,0
-156,-67,108,0
-171,-67,108,0
-96,-67,108,0
29,-67,108,0
-78,-67,108,0
-13,-67,108,0
166,-67,108,0
-20,-67,108,0
140,-67,108,0
87,-67,108,0
-144,-67,108,0
136,-67,108,0
61,-67,108,0
177,-67,108,0
120,-67,108,0
-128,-67,108,2
6,-67,108,0
94,-67,108,0
-92,-67,108,0
135,-67,108,0
-165,-67,108,0
129,-67,108,0
-21,-67,108,0
-159,-67,108,0
-35,-67,108,0
10,-67,108,0
-19,-67,108,0
19,-67,108,0
34,-67,108,0
-146,-67,108,0
123,-67,108,0
152,-67,108,0
30,-67,108,0
-113,-67,108,0
65,-67,108,0
45,-67,108,0
155,-67,108,0
15,-67,108,0
-15,-67,108,0
-59,-67,108,0
26,-67,108,0
151,-67,108,0
16,-67,108,0
59,-67,108,0
109,-67,108,0
-34,-67,108,0
9,-67,108,0
38,-67,108,0
139,-67,108,0
-27,-67,108,0
2,-67,108,0
-25,-67,108,0
-123,-67,108,1
-176,-67,108,0
-93,-67,108,0
-137,-67,108,0
-70,-67,108,0
-60,-67,108,0
176,-67,108,0
14,-67,108,0
-175,-67,108,0
-127,-67,108,2
-30,-67,108,0
179,-67,108,0
159,-67,108,0
-50,-67,108,0
51,-67,108,0
-26,-67,108,0
162,-67,108,0
-23,-67,108,0
56,-67,108,0
-82,-67,108,0
-10,-67,108,0
67,-67,108,0
148,-67,108,0
40,-67,108,0
-86,-67,108,0
-7,-67,108,0
-116,-67,108,0
-77,-67,108,0
-150,-67,108,0
-179,-67,108,0
-94,-67,108,0
48,-67,108,0
-102,-67,108,0
158,-67,108,0
36,-67,108,0
124,-67,108,0
46,-67,108,0
134,-67,108,0
-36,-67,108,0
83,-67,108,0
146,-67,108,0
62,-67,108,0
32,-67,108,0
-65,-67,108,0
-53,-67,108,0
-136,-67,108,0
-51,-67,108,0
99,-67,108,0
161,-67,108,0
12,-67,108,0
-101,-67,108,0
133,-67,108,0
-95,-67,108,0
141,-67,108,0
171,-67,108,0
-56,-67,108,0
-161,-67,108,0
-89,-67,108,0
-79,-67,108,0
168,-67,108,0
78,-67,108,0
167,-67,108,0
-147,-67,108,0
33,-67,108,0
22,-67,108,0
-67,-67,108,0
50,-67,108,0
-41,-67,108,0
-155,-67,108,0
170,-67,108,0
-104,-67,108,0
114,-67,108,0
-111,-67,108,0
41,-67,108,0
89,-67,108,0
-91,-67,108,0
-97,-67,108,0
-124,-67,108,1
3,-67,108,0
-3,-67,108,0
-152,-67,108,0
27,-67,108,0
128,-67,108,0
8,-67,108,0
-80,-67,108,0
-114,-67,108,0
-107,-67,108,0
-43,-67,108,0
-140,-67,108,0
-99,-67,108,0
25,-67,108,0
92,-67,108,0
-73,-67,108,0
68,-67,108,0
-57,-67,108,0
5,-67,108,0
-131,-67,108,1
174,-67,108,0
175,-67,108,0
-75,-67,108,0
-108,-67,108,0
156,-67,108,0
-12,-67,108,0
7,-67,108,0
-61,-67,108,0
125,-67,108,0
-11,-67,108,0
172,-67,108,0
-163,-67,108,0
58,-67,108,0
106,-67,108,0
-106,-67,108,0
-119,-67,108,0
-109,-67,108,0
-166,-67,108,0
-158,-67,108,0
53,-67,108,0
63,-67,108,0
-76,-67,108,0
85,-67,108,0
-88,-67,108,0
-28,-67,108,0
-132,-67,108,1
20,-67,108,0
-54,-67,108,0
105,-67,108,0
11,-67,108,0
-55,-67,108,0
127,-67,108,0
115,-67,108,0
121,-67,108,0
-84,-67,108,0
-180,-67,108,0
4,-67,108,0
39,-67,108,0
-83,-67,108,0
150,-67,108,0
-121,-67,108,0
-71,-67,108,0
108,-67,108,0
74,-67,108,0
-31,-67,108,0
49,-67,108,0
79,-67,108,0
-153,-67,108,0
-149,-67,108,0
-143,-67,108,0
-42,-67,108,0
-33,-67,108,0
-138,-67,108,0
66,-67,108,0
35,-67,108,0
-68,-67,108,0
-120,-67,108,0
-167,-67,108,0
-122,-67,108,0
-130,-67,108,1
-47,-67,108,0
143,-67,108,0
-4,-67,108,0
145,-67,108,0
111,-67,108,0
-117,-67,108,0
149,-67,108,0
113,-67,108,0
-49,-67,108,0
-14,-67,108,0
-46,-67,108,0
-39,-67,108,0
-135,-67,108,0
44,-67,108,0
-177,-67,108,0
126,-67,108,0
-85,-67,108,0
-134,-67,108,0
-110,-67,108,0
157,-67,108,0
173,-67,108,0
119,-67,108,0
137,-67,108,0
77,-67,108,0
-162,-67,108,0
-169,-67,108,0
-32,-67,108,0
-151,-67,108,0
47,-67,108,0
122,-67,108,0
-141,-67,108,0
17,-67,108,0
-164,-67,108,0
-38,-67,108,0
-44,-67,108,0
-112,-67,108,0
-173,-67,108,0
-2,-67,108,0
-103,-67,108,0
178,-67,108,0
-48,-67,108,0
-58,-67,108,0
142,-67,108,0
-172,-67,108,0
-29,-67,108,0
23,-67,108,0
-170,-67,108,0
1,-67,108,0
-174,-67,108,0
91,-67,108,0
64,-67,108,0
-22,-67,108,0
131,-67,108,0
-74,-67,108,0
160,-67,108,0
60,-67,108,0
43,-67,108,0
-66,-67,108,0
31,-67,108,0
-18,-67,108,0
81,-67,108,0
-87,-67,108,0
28,-67,108,0
-24,-67,108,0
-168,-67,108,0
-157,-67,108,0
-100,-67,108,0
57,-67,108,0
169,-67,108,0
-178,-67,108,0
-90,-67,108,0
-8,-67,108,0
0,-67,108,0
-52,-67,108,0
154,-67,108,0
37,-67,108,0
54,-67,108,0
110,-67,108,0
-125,-67,108,1
13,-67,108,0
-6,-67,108,0
-2,-66,108,0
22,-66,108,0
-100,-66,108,0
111,-66,108,0
75,-66,108,0
-71,-66,108,0
178,-66,108,0
157,-66,108,0
-80,-66,108,0
-49,-66,108,0
-170,-66,108,0
-115,-66,108,0
83,-66,108,0
-13,-66,108,0
62,-66,108,0
-141,-66,108,0
-70,-66,108,0
-23,-66,108,0
-67,-66,108,0
-105,-66,108,0
148,-66,108,0
155,-66,108,0
82,-66,108,0
-64,-66,108,0
-166,-66,108,0
-128,-66,108,1
-101,-66,108,0
154,-66,108,0
15,-66,108,0
-138,-66,108,0
-87,-66,108,0
-61,-66,108,0
36,-66,108,0
-39,-66,108,0
114,-66,108,0
131,-66,108,0
-154,-66,108,0
-143,-66,108,0
42,-66,108,0
-151,-66,108,0
-177,-66,108,0
158,-66,108,0
-97,-66,108,0
12,-66,108,0
20,-66,108,0
-144,-66,108,0
-56,-66,108,0
-86,-66,108,0
66,-66,108,0
138,-66,108,0
18,-66,108,0
49,-66,108,0
4,-66,108,0
-60,-66,108,0
149,-66,108,0
57,-66,108,0
32,-66,108,0
-3,-66,108,0
-53,-66,108,0
47,-66,108,0
-54,-66,108,0
169,-66,108,0
21,-66,108,0
107,-66,108,0
116,-66,108,0
60,-66,108,0
120,-66,108,0
-27,-66,108,0
56,-66,108,0
23,-66,108,0
-91,-66,108,0
-20,-66,108,0
-59,-66,108,0
109,-66,108,0
1,-66,108,0
-74,-66,108,0
5,-66,108,0
7,-66,108,0
-95,-66,108,0
-172,-66,108,0
53,-66,108,0
-21,-66,108,0
179,-66,108,0
55,-66,108,0
173,-66,108,0
-47,-66,108,0
-116,-66,108,0
136,-66,108,0
76,-66,108,0
-114,-66,108,0
122,-66,108,0
8,-66,108,0
-94,-66,108,0
68,-66,108,0
-158,-66,108,0
89,-66,108,0
164,-66,108,0
99,-66,108,0
152,-66,108,0
-180,-66,108,0
-98,-66,108,0
-9,-66,108,0
-145,-66,108,0
-104,-66,108,0
-153,-66,108,0
43,-66,108,0
-58,-66,108,0
-63,-66,108,0
24,-66,108,0
-22,-66,108,0
31,-66,108,0
156,-66,108,0
100,-66,108,0
102,-66,108,0
129,-66,108,0
142,-66,108,0
-147,-66,108,0
-77,-66,108,0
-150,-66,108,0
-7,-66,108,0
-31,-66,108,0
-26,-66,108,0
86,-66,108,0
162,-66,108,0
150,-66,108,0
133,-66,108,0
10,-66,108,0
16,-66,108,0
14,-66,108,0
135,-66,108,0
161,-66,108,0
45,-66,108,0
141,-66,108,0
-137,-66,108,0
119,-66,108,0
40,-66,108,0
-142,-66,108,0
-103,-66,108,0
41,-66,108,0
-173,-66,108,0
-45,-66,108,0
78,-66,108,0
48,-66,108,0
128,-66,108,0
-82,-66,108,0
177,-66,108,0
165,-66,108,0
172,-66,108,0
-122,-66,108,0
160,-66,108,0
-163,-66,108,0
144,-66,108,0
13,-66,108,0
-107,-66,108,0
-130,-66,108,0
77,-66,108,0
-152,-66,108,0
-66,-66,108,0
70,-66,108,0
-136,-66,108,0
-175,-66,108,0
85,-66,108,0
-155,-66,108,0
-176,-66,108,0
54,-66,108,0
-108,-66,108,0
-48,-66,108,0
28,-66,108,0
50,-66,108,0
-69,-66,108,0
-38,-66,108,0
98,-66,108,0
127,-66,108,0
-110,-66,108,0
174,-66,108,0
-92,-66,108,0
-89,-66,108,0
46,-66,108,0
-14,-66,108,0
0,-66,108,0
-169,-66,108,0
11,-66,108,0
-159,-66,108,0
72,-66,108,0
126,-66,108,0
130,-66,108,0
39,-66,108,0
-134,-66,108,0
124,-66,108,0
-5,-66,108,0
-96,-66,108,0
-162,-66,108,0
-11,-66,108,0
92,-66,108,0
79,-66,108,0
108,-66,108,0
137,-66,108,0
-37,-66,108,0
-132,-66,108,0
-33,-66,108,0
-78,-66,108,0
-57,-66,108,0
-157,-66,108,0
-133,-66,108,0
175,-66,108,0
-127,-66,108,1
34,-66,108,0
-32,-66,108,0
93,-66,108,0
-119,-66,108,0
-35,-66,108,0
9,-66,108,0
-1,-66,108,0
-84,-66,108,0
52,-66,108,0
87,-66,108,0
-28,-66,108,0
38,-66,108,0
168,-66,108,0
-43,-66,108,0
-16,-66,108,0
-102,-66,108,0
-73,-66,108,0
63,-66,108,0
-109,-66,108,0
103,-66,108,0
-40,-66,108,0
71,-66,108,0
-29,-66,108,0
170,-66,108,0
69,-66,108,0
-25,-66,108,0
176,-66,108,0
-42,-66,108,0
-15,-66,108,0
95,-66,108,0
-79,-66,108,0
101,-66,108,0
-55,-66,108,0
153,-66,108,0
94,-66,108,0
84,-66,108,0
134,-66,108,0
90,-66,108,0
-146,-66,108,0
-76,-66,108,0
-124,-66,108,0
-41,-66,108,0
-65,-66,108,0
-68,-66,108,0
3,-66,108,0
-24,-66,108,0
-34,-66,108,0
-168,-66,108,0
-50,-66,108,0
30,-66,108,0
80,-66,108,0
-88,-66,108,0
151,-66,108,0
-51,-66,108,0
25,-66,108,0
-19,-66,108,0
117,-66,108,0
96,-66,108,0
-135,-66,108,0
26,-66,108,0
74,-66,108,0
97,-66,108,0
-17,-66,108,0
-123,-66,108,0
163,-66,108,0
140,-66,108,0
-75,-66,108,0
-179,-66,108,0
-121,-66,108,0
-164,-66,108,0
-30,-66,108,0
145,-66,108,0
-93,-66,108,0
61,-66,108,0
67,-66,108,0
-148,-66,108,0
146,-66,108,0
-81,-66,108,0
132,-66,108,0
33,-66,108,0
-18,-66,108,0
51,-66,108,0
-44,-66,108,0
-6,-66,108,0
125,-66,108,0
59,-66,108,0
44,-66,108,0
-83,-66,108,0
19,-66,108,0
112,-66,108,0
-139,-66,108,0
-46,-66,108,0
-99,-66,108,0
-129,-66,108,0
-149,-66,108,0
81,-66,108,0
171,-66,108,0
-167,-66,108,0
37,-66,108,0
115,-66,108,0
64,-66,108,0
167,-66,108,0
88,-66,108,0
-106,-66,108,0
105,-66,108,0
-165,-66,108,0
-131,-66,108,0
-113,-66,108,0
106,-66,108,0
139,-66,108,0
27,-66,108,0
-85,-66,108,0
143,-66,108,0
-90,-66,108,0
-4,-66,108,0
110,-66,108,0
91,-66,108,0
-52,-66,108,0
113,-66,108,0
73,-66,108,0
-10,-66,108,0
166,-66,108,0
-171,-66,108,0
-72,-66,108,0
-36,-66,108,0
-125,-66,108,0
-140,-66,108,0
147,-66,108,0
-12,-66,108,0
123,-66,108,0
121,-66,108,0
-8,-66,108,0
-126,-66,108,1
65,-66,108,0
-160,-66,108,0
-117,-66,108,0
-120,-66,108,0
6,-66,108,0
17,-66,108,0
35,-66,108,0
-112,-66,108,0
29,-66,108,0
118,-66,108,0
104,-66,108,0
-174,-66,108,0
2,-66,108,0
-156,-66,108,0
159,-66,108,0
-161,-66,108,0
-118,-66,108,0
-178,-66,108,0
58,-66,108,0
-111,-66,108,0
97,-65,108,0
146,-65,108,0
58,-65,108,0
-49,-65,108,0
129,-65,108,0
-146,-65,108,0
57,-65,108,0
-13,-65,108,0
-54,-65,108,0
60,-65,108,0
33,-65,108,0
-126,-65,108,0
-44,-65,108,0
78,-65,108,0
-144,-65,108,0
-149,-65,108,0
-63,-65,108,0
-38,-65,108,0
-89,-65,108,0
49,-65,108,0
51,-65,108,0
-108,-65,108,0
-65,-65,108,0
-82,-65,108,0
52,-65,108,0
-90,-65,108,0
6,-65,108,0
113,-65,108,0
-11,-65,108,0
-157,-65,108,0
-46,-65,108,0
30,-65,108,0
76,-65,108,0
-21,-65,108,0
39,-65,108,0
-135,-65,108,0
-60,-65,108,0
172,-65,108,0
153,-65,108,0
-169,-65,108,0
-47,-65,108,0
106,-65,108,0
16,-65,108,0
-122,-65,108,0
42,-65,108,0
-125,-65,108,0
118,-65,108,0
-92,-65,108,0
36,-65,108,0
-129,-65,108,0
-145,-65,108,0
142,-65,108,0
-6,-65,108,0
-36,-65,108,0
136,-65,108,0
-67,-65,108,0
-5,-65,108,0
96,-65,108,0
-128,-65,108,0
41,-65,108,0
-164,-65,108,0
-56,-65,108,0
171,-65,108,0
62,-65,108,0
66,-65,108,0
-62,-65,108,0
-142,-65,108,0
-27,-65,108,0
-175,-65,108,0
121,-65,108,0
14,-65,108,0
131,-65,108,0
-40,-65,108,0
-52,-65,108,0
24,-65,108,0
-93,-65,108,0
-127,-65,108,0
-80,-65,108,0
126,-65,108,0
19,-65,108,0
-19,-65,108,0
21,-65,108,0
-151,-65,108,0
-166,-65,108,0
-66,-65,108,0
68,-65,108,0
83,-65,108,0
-118,-65,108,0
-154,-65,108,0
-100,-65,108,0
-20,-65,108,0
-10,-65,108,0
-15,-65,108,0
-31,-65,108,0
157,-65,108,0
155,-65,108,0
-7,-65,108,0
119,-65,108,0
147,-65,108,0
-87,-65,108,0
45,-65,108,0
-102,-65,108,0
-55,-65,108,0
-51,-65,108,0
37,-65,108,0
-61,-65,108,0
-117,-65,108,0
100,-65,108,0
-18,-65,108,0
-26,-65,108,0
-162,-65,108,0
-24,-65,108,0
-73,-65,108,0
-85,-65,108,0
138,-65,108,0
175,-65,108,0
61,-65,108,0
132,-65,108,0
-45,-65,108,0
10,-65,108,0
17,-65,108,0
46,-65,108,0
165,-65,108,0
-106,-65,108,0
92,-65,108,0
-112,-65,108,0
-110,-65,108,0
-136,-65,108,0
-76,-65,108,0
168,-65,108,0
-74,-65,108,0
-148,-65,108,0
-41,-65,108,0
13,-65,108,0
139,-65,108,0
151,-65,108,0
110,-65,108,0
114,-65,108,0
71,-65,108,0
85,-65,108,0
-167,-65,108,0
44,-65,108,0
-39,-65,108,0
20,-65,108,0
-59,-65,108,0
-68,-65,108,1
170,-65,108,0
-75,-65,108,0
65,-65,108,0
94,-65,108,0
-2,-65,108,0
-104,-65,108,0
149,-65,108,0
64,-65,108,0
-174,-65,108,0
103,-65,108,0
-58,-65,108,0
-113,-65,108,0
50,-65,108,0
-160,-65,108,0
141,-65,108,0
-168,-65,108,0
-28,-65,108,0
89,-65,108,0
28,-65,108,0
112,-65,108,0
43,-65,108,0
124,-65,108,0
-101,-65,108,0
176,-65,108,0
31,-65,108,0
87,-65,108,0
7,-65,108,0
77,-65,108,0
-114,-65,108,0
-105,-65,108,0
-69,-65,108,1
72,-65,108,0
-111,-65,108,0
56,-65,108,0
-119,-65,108,0
-64,-65,108,0
140,-65,108,0
-81,-65,108,0
-99,-65,108,0
-84,-65,108,0
-120,-65,108,0
-132,-65,108,0
-3,-65,108,0
9,-65,108,0
12,-65,108,0
105,-65,108,0
152,-65,108,0
161,-65,108,0
173,-65,108,0
-83,-65,108,0
-153,-65,108,0
5,-65,108,0
-97,-65,108,0
82,-65,108,0
150,-65,108,0
-163,-65,108,0
158,-65,108,0
167,-65,108,0
91,-65,108,0
-30,-65,108,0
-152,-65,108,0
123,-65,108,0
120,-65,108,0
-12,-65,108,0
156,-65,108,0
53,-65,108,0
-141,-65,108,0
18,-65,108,0
144,-65,108,0
133,-65,108,0
86,-65,108,0
102,-65,108,0
108,-65,108,0
177,-65,108,0
-96,-65,108,0
-115,-65,108,0
127,-65,108,0
154,-65,108,0
55,-65,108,0
117,-65,108,0
-107,-65,108,0
22,-65,108,0
47,-65,108,0
-139,-65,108,0
93,-65,108,0
174,-65,108,0
54,-65,108,0
115,-65,108,0
-9,-65,108,0
-17,-65,108,0
-165,-65,108,0
160,-65,108,0
-95,-65,108,0
4,-65,108,0
-172,-65,108,0
-147,-65,108,0
-57,-65,108,0
-140,-65,108,0
-70,-65,108,0
38,-65,108,0
-177,-65,108,0
-138,-65,108,0
178,-65,108,0
75,-65,108,0
-171,-65,108,0
84,-65,108,0
130,-65,108,0
-91,-65,108,0
-130,-65,108,0
79,-65,108,0
11,-65,108,0
98,-65,108,0
-86,-65,108,0
-137,-65,108,0
-170,-65,108,0
73,-65,108,0
32,-65,108,0
128,-65,108,0
-42,-65,108,0
-116,-65,108,0
-37,-65,108,0
-124,-65,108,0
-179,-65,108,0
-180,-65,108,0
-134,-65,108,0
-159,-65,108,0
-48,-65,108,0
-155,-65,108,0
70,-65,108,0
-94,-65,108,0
35,-65,108,0
-32,-65,108,0
-16,-65,108,0
8,-65,108,0
-176,-65,108,0
-121,-65,108,0
-50,-65,108,0
-8,-65,108,0
166,-65,108,0
69,-65,108,0
107,-65,108,0
74,-65,108,0
-29,-65,108,0
99,-65,108,0
29,-65,108,0
116,-65,108,0
163,-65,108,0
26,-65,108,0
122,-65,108,0
90,-65,108,0
2,-65,108,0
-173,-65,108,0
23,-65,108,0
101,-65,108,0
-35,-65,108,0
148,-65,108,0
-143,-65,108,0
80,-65,108,0
143,-65,108,0
-4,-65,108,0
59,-65,108,0
1,-65,108,0
-178,-65,108,0
-78,-65,108,0
145,-65,108,0
-109,-65,108,0
88,-65,108,0
-14,-65,108,0
125,-65,108,0
-133,-65,108,0
-158,-65,108,0
-88,-65,108,0
135,-65,108,0
137,-65,108,0
-123,-65,108,0
27,-65,108,0
164,-65,108,0
-131,-65,108,0
-33,-65,108,0
-34,-65,108,0
134,-65,108,0
-98,-65,108,0
-103,-65,108,0
-156,-65,108,0
34,-65,108,0
-77,-65,108,0
-161,-65,108,0
-22,-65,108,0
40,-65,108,0
104,-65,108,0
15,-65,108,0
25,-65,108,0
81,-65,108,0
3,-65,108,0
-25,-65,108,0
-1,-65,108,0
111,-65,108,0
0,-65,108,0
-79,-65,108,0
-23,-65,108,0
109,-65,108,0
159,-65,108,0
63,-65,108,0
-43,-65,108,0
-150,-65,108,0
-53,-65,108,0
95,-65,108,0
162,-65,108,0
179,-65,108,0
67,-65,108,0
169,-65,108,0
-72,-65,108,0
48,-65,108,0
-71,-65,108,0
85,-64,108,0
101,-64,108,0
4,-64,108,0
-82,-64,108,0
-70,-64,108,1
-161,-64,108,0
-137,-64,108,0
25,-64,108,1
-166,-64,108,0
-74,-64,108,0
-95,-64,108,0
-178,-64,108,0
-43,-64,108,0
-156,-64,108,0
69,-64,108,0
12,-64,108,0
114,-64,108,0
162,-64,108,0
-179,-64,108,0
-15,-64,108,0
15,-64,108,0
-134,-64,108,0
176,-64,108,0
-147,-64,108,0
155,-64,108,0
-77,-64,108,0
-29,-64,108,0
-45,-64,108,0
-5,-64,108,0
-68,-64,108,1
99,-64,108,0
-9,-64,108,0
-34,-64,108,0
177,-64,108,0
-51,-64,108,0
6,-64,108,0
-175,-64,108,0
119,-64,108,0
30,-64,108,0
132,-64,108,0
86,-64,108,0
-120,-64,108,0
-97,-64,108,0
-40,-64,108,0
3,-64,108,0
-177,-64,108,0
61,-64,108,0
-54,-64,108,0
173,-64,108,0
-165,-64,108,0
158,-64,108,0
-154,-64,108,0
-88,-64,108,0
118,-64,108,0
-170,-64,108,0
111,-64,108,0
-139,-64,108,0
-57,-64,108,0
-44,-64,108,0
44,-64,108,0
49,-64,108,0
-32,-64,108,0
-81,-64,108,0
-86,-64,108,0
-87,-64,108,0
-124,-64,108,0
-30,-64,108,0
-113,-64,108,0
24,-64,108,1
-19,-64,108,0
127,-64,108,0
105,-64,108,0
93,-64,108,0
140,-64,108,0
1,-64,108,0
-132,-64,108,0
-52,-64,108,0
-39,-64,108,0
92,-64,108,0
64,-64,108,0
106,-64,108,0
-63,-64,108,0
107,-64,108,0
38,-64,108,0
128,-64,108,0
172,-64,108,0
-26,-64,108,0
-73,-64,108,1
-76,-64,108,0
-146,-64,108,0
-140,-64,108,0
8,-64,108,0
-167,-64,108,0
-159,-64,108,0
-168,-64,108,0
115,-64,108,0
-121,-64,108,0
-112,-64,108,0
135,-64,108,0
65,-64,108,0
67,-64,108,0
143,-64,108,0
-150,-64,108,0
-2,-64,108,0
-53,-64,108,0
121,-64,108,0
116,-64,108,0
-106,-64,108,0
108,-64,108,0
-69,-64,108,1
46,-64,108,0
-174,-64,108,0
39,-64,108,0
42,-64,108,0
-91,-64,108,0
-103,-64,108,0
97,-64,108,0
126,-64,108,0
-42,-64,108,0
131,-64,108,0
32,-64,108,0
-100,-64,108,0
83,-64,108,0
84,-64,108,0
-131,-64,108,0
-123,-64,108,0
29,-64,108,0
-158,-64,108,0
17,-64,108,0
-153,-64,108,0
120,-64,108,0
70,-64,108,0
-155,-64,108,0
56,-64,108,0
-145,-64,108,0
34,-64,108,0
22,-64,108,0
58,-64,108,0
-37,-64,108,0
-109,-64,108,0
80,-64,108,0
19,-64,108,0
-176,-64,108,0
-64,-64,108,0
-171,-64,108,0
100,-64,108,0
90,-64,108,0
-122,-64,108,0
89,-64,108,0
47,-64,108,0
-50,-64,108,0
-85,-64,108,0
136,-64,108,0
7,-64,108,0
-22,-64,108,0
-60,-64,108,0
-66,-64,108,1
-163,-64,108,0
-46,-64,108,0
-152,-64,108,0
-127,-64,108,0
52,-64,108,0
-65,-64,108,1
-105,-64,108,0
-144,-64,108,0
-141,-64,108,0
28,-64,108,0
123,-64,108,0
55,-64,108,0
-4,-64,108,0
79,-64,108,0
-102,-64,108,0
112,-64,108,0
11,-64,108,0
159,-64,108,0
-92,-64,108,0
137,-64,108,0
165,-64,108,0
-49,-64,108,0
95,-64,108,0
-58,-64,108,0
-84,-64,108,0
76,-64,108,0
141,-64,108,0
-33,-64,108,0
-93,-64,108,0
-118,-64,108,0
-110,-64,108,0
-67,-64,108,1
-59,-64,108,0
-20,-64,108,0
18,-64,108,0
-61,-64,108,0
179,-64,108,0
-116,-64,108,0
66,-64,108,0
-173,-64,108,0
144,-64,108,0
-148,-64,108,0
68,-64,108,0
134,-64,108,0
-138,-64,108,0
74,-64,108,0
169,-64,108,0
-149,-64,108,0
-24,-64,108,0
170,-64,108,0
175,-64,108,0
-108,-64,108,0
113,-64,108,0
150,-64,108,0
-115,-64,108,0
-12,-64,108,0
75,-64,108,0
156,-64,108,0
139,-64,108,0
26,-64,108,1
23,-64,108,0
125,-64,108,0
-83,-64,108,0
-16,-64,108,0
63,-64,108,0
145,-64,108,0
-126,-64,108,0
-13,-64,108,0
77,-64,108,0
35,-64,108,0
-35,-64,108,0
130,-64,108,0
-143,-64,108,0
161,-64,108,0
-48,-64,108,0
-119,-64,108,0
-94,-64,108,0
81,-64,108,0
-111,-64,108,0
72,-64,108,0
-7,-64,108,0
98,-64,108,0
14,-64,108,0
-79,-64,108,0
57,-64,108,0
146,-64,108,0
-101,-64,108,0
27,-64,108,0
-98,-64,108,0
-75,-64,108,0
138,-64,108,0
36,-64,108,0
157,-64,108,0
-180,-64,108,0
-107,-64,108,0
-6,-64,108,0
-96,-64,108,0
-136,-64,108,0
-162,-64,108,0
164,-64,108,0
91,-64,108,0
-90,-64,108,0
-117,-64,108,0
171,-64,108,0
154,-64,108,0
-160,-64,108,0
-36,-64,108,0
-133,-64,108,0
-23,-64,108,0
31,-64,108,0
147,-64,108,0
163,-64,108,0
0,-64,108,0
-28,-64,108,0
-99,-64,108,0
-128,-64,108,0
-104,-64,108,0
117,-64,108,0
-62,-64,108,0
109,-64,108,0
-135,-64,108,0
-78,-64,108,0
-114,-64,108,0
124,-64,108,0
-1,-64,108,0
96,-64,108,0
-14,-64,108,0
-55,-64,108,0
20,-64,108,0
-56,-64,108,0
-129,-64,108,0
-80,-64,108,0
-164,-64,108,0
142,-64,108,0
-17,-64,108,0
21,-64,108,0
151,-64,108,0
71,-64,108,0
133,-64,108,0
59,-64,108,0
167,-64,108,0
-3,-64,108,0
-89,-64,108,0
-47,-64,108,0
122,-64,108,0
-8,-64,108,0
-72,-64,108,1
78,-64,108,0
-10,-64,108,0
149,-64,108,0
43,-64,108,0
174,-64,108,0
5,-64,108,0
82,-64,108,0
102,-64,108,0
2,-64,108,0
-169,-64,108,0
166,-64,108,0
51,-64,108,0
160,-64,108,0
148,-64,108,0
-41,-64,108,0
-27,-64,108,0
62,-64,108,0
45,-64,108,0
104,-64,108,0
-125,-64,108,0
-31,-64,108,0
-11,-64,108,0
9,-64,108,0
129,-64,108,0
50,-64,108,0
53,-64,108,0
152,-64,108,0
-18,-64,108,0
110,-64,108,0
60,-64,108,0
73,-64,108,0
-25,-64,108,0
94,-64,108,0
54,-64,108,0
13,-64,108,0
88,-64,108,0
168,-64,108,0
33,-64,108,0
-172,-64,108,0
40,-64,108,0
-38,-64,108,0
37,-64,108,0
48,-64,108,0
87,-64,108,0
16,-64,108,0
103,-64,108,0
-71,-64,108,1
-151,-64,108,0
178,-64,108,0
-21,-64,108,0
153,-64,108,0
-142,-64,108,0
-130,-64,108,0
10,-64,108,0
41,-64,108,0
-157,-64,108,0
23,-63,108,1
-32,-63,108,0
-87,-63,108,0
-78,-63,108,0
78,-63,108,0
126,-63,108,0
128,-63,108,0
97,-63,108,0
148,-63,108,0
-76,-63,108,0
-34,-63,108,0
-102,-63,108,0
-70,-63,108,1
63,-63,108,0
8,-63,108,0
117,-63,108,0
-165,-63,108,0
129,-63,108,0
53,-63,108,0
77,-63,108,0
-148,-63,108,0
-115,-63,108,1
100,-63,108,0
-68,-63,108,1
170,-63,108,0
60,-63,108,0
-151,-63,108,0
51,-63,108,0
-134,-63,108,0
-127,-63,108,0
59,-63,108,0
43,-63,108,0
-116,-63,108,0
70,-63,108,0
159,-63,108,0
-106,-63,108,0
85,-63,108,0
-7,-63,108,0
-113,-63,108,1
12,-63,108,0
151,-63,108,0
-100,-63,108,0
-82,-63,108,0
-132,-63,108,0
106,-63,108,0
149,-63,108,0
-175,-63,108,0
-114,-63,108,1
66,-63,108,0
-179,-63,108,0
-99,-63,108,0
-18,-63,108,0
-157,-63,108,0
-136,-63,108,0
-81,-63,108,0
102,-63,108,0
-109,-63,108,0
2,-63,108,0
114,-63,108,0
-19,-63,108,0
-37,-63,108,0
-26,-63,108,0
25,-63,108,1
-111,-63,108,0
-42,-63,108,0
140,-63,108,0
119,-63,108,0
-142,-63,108,0
-101,-63,108,0
44,-63,108,0
74,-63,108,0
4,-63,108,0
-139,-63,108,0
-158,-63,108,0
-168,-63,108,0
168,-63,108,0
-73,-63,108,0
-150,-63,108,0
-137,-63,108,0
-43,-63,108,0
-147,-63,108,0
-93,-63,108,0
-155,-63,108,0
-129,-63,108,0
-46,-63,108,0
15,-63,108,0
21,-63,108,0
139,-63,108,0
18,-63,108,0
-21,-63,108,0
-65,-63,108,1
6,-63,108,0
9,-63,108,0
58,-63,108,0
-33,-63,108,0
122,-63,108,0
-153,-63,108,0
38,-63,108,0
20,-63,108,0
22,-63,108,0
130,-63,108,0
48,-63,108,0
47,-63,108,0
36,-63,108,0
118,-63,108,0
-44,-63,108,0
90,-63,108,0
-11,-63,108,0
150,-63,108,0
-51,-63,108,0
-58,-63,108,0
108,-63,108,0
160,-63,108,0
138,-63,108,0
-24,-63,108,0
136,-63,108,0
-53,-63,108,0
-164,-63,108,0
-55,-63,108,0
141,-63,108,0
137,-63,108,0
57,-63,108,0
176,-63,108,0
161,-63,108,0
157,-63,108,0
95,-63,108,0
-77,-63,108,0
17,-63,108,0
-172,-63,108,0
-117,-63,108,0
-174,-63,108,0
112,-63,108,0
120,-63,108,0
-35,-63,108,0
-159,-63,108,0
172,-63,108,0
-52,-63,108,0
-45,-63,108,0
127,-63,108,0
-88,-63,108,0
-133,-63,108,0
152,-63,108,0
7,-63,108,0
-97,-63,108,0
41,-63,108,0
1,-63,108,0
113,-63,108,0
-22,-63,108,0
145,-63,108,0
-69,-63,108,1
27,-63,108,1
-75,-63,108,0
-90,-63,108,0
39,-63,108,0
-149,-63,108,0
-125,-63,108,0
73,-63,108,0
-94,-63,108,0
179,-63,108,0
-16,-63,108,0
0,-63,108,0
143,-63,108,0
5,-63,108,0
76,-63,108,0
24,-63,108,1
52,-63,108,0
-128,-63,108,0
147,-63,108,0
11,-63,108,0
-96,-63,108,0
-124,-63,108,0
142,-63,108,0
-162,-63,108,0
49,-63,108,0
-98,-63,108,0
-2,-63,108,0
-13,-63,108,0
-121,-63,108,0
116,-63,108,0
-110,-63,108,0
-167,-63,108,0
-71,-63,108,1
-123,-63,108,0
-135,-63,108,0
-95,-63,108,0
92,-63,108,0
-143,-63,108,0
-74,-63,108,0
75,-63,108,0
33,-63,108,0
46,-63,108,0
-112,-63,108,0
144,-63,108,0
-39,-63,108,0
135,-63,108,0
-9,-63,108,0
-17,-63,108,0
-38,-63,108,0
-138,-63,108,0
-57,-63,108,0
64,-63,108,0
-63,-63,108,0
-130,-63,108,0
-171,-63,108,0
-152,-63,108,0
109,-63,108,0
-28,-63,108,0
-146,-63,108,0
-3,-63,108,0
131,-63,108,0
3,-63,108,0
169,-63,108,0
-47,-63,108,0
-56,-63,108,0
-4,-63,108,0
67,-63,108,0
153,-63,108,0
28,-63,108,1
69,-63,108,0
35,-63,108,0
158,-63,108,0
174,-63,108,0
31,-63,108,0
-14,-63,108,0
45,-63,108,0
55,-63,108,0
40,-63,108,0
-8,-63,108,0
-126,-63,108,0
-85,-63,108,0
-173,-63,108,0
-64,-63,108,1
-66,-63,108,1
-140,-63,108,0
134,-63,108,0
-6,-63,108,0
42,-63,108,0
173,-63,108,0
-178,-63,108,0
166,-63,108,0
14,-63,108,0
-118,-63,108,0
-105,-63,108,0
-131,-63,108,0
-62,-63,108,0
175,-63,108,0
94,-63,108,0
54,-63,108,0
-141,-63,108,0
-104,-63,108,0
146,-63,108,0
50,-63,108,0
87,-63,108,0
104,-63,108,0
84,-63,108,0
-176,-63,108,0
88,-63,108,0
30,-63,108,0
-177,-63,108,0
-49,-63,108,0
80,-63,108,0
105,-63,108,0
98,-63,108,0
156,-63,108,0
72,-63,108,0
99,-63,108,0
111,-63,108,0
68,-63,108,0
124,-63,108,0
19,-63,108,0
-166,-63,108,0
125,-63,108,0
-107,-63,108,0
162,-63,108,0
-84,-63,108,0
82,-63,108,0
13,-63,108,0
-60,-63,108,0
110,-63,108,0
-40,-63,108,0
-20,-63,108,0
86,-63,108,0
-29,-63,108,0
-119,-63,108,0
32,-63,108,0
34,-63,108,0
26,-63,108,1
-25,-63,108,0
-36,-63,108,0
89,-63,108,0
-170,-63,108,0
132,-63,108,0
-144,-63,108,0
123,-63,108,0
171,-63,108,0
-154,-63,108,0
-79,-63,108,0
-54,-63,108,0
-72,-63,108,1
-91,-63,108,0
-30,-63,108,0
-160,-63,108,0
-27,-63,108,0
121,-63,108,0
-89,-63,108,0
101,-63,108,0
-59,-63,108,0
93,-63,108,0
61,-63,108,0
-50,-63,108,0
164,-63,108,0
107,-63,108,0
-31,-63,108,0
177,-63,108,0
-122,-63,108,0
81,-63,108,0
56,-63,108,0
-61,-63,108,0
10,-63,108,0
79,-63,108,0
37,-63,108,0
-41,-63,108,0
115,-63,108,0
71,-63,108,0
155,-63,108,0
154,-63,108,0
91,-63,108,0
83,-63,108,0
65,-63,108,0
-48,-63,108,0
16,-63,108,0
-5,-63,108,0
-67,-63,108,1
-108,-63,108,0
-180,-63,108,0
-145,-63,108,0
-80,-63,108,0
-169,-63,108,0
-15,-63,108,0
-161,-63,108,0
62,-63,108,0
-103,-63,108,0
96,-63,108,0
103,-63,108,0
163,-63,108,0
-23,-63,108,0
-92,-63,108,0
-163,-63,108,0
167,-63,108,0
-1,-63,108,0
-10,-63,108,0
-12,-63,108,0
178,-63,108,0
-156,-63,108,0
-120,-63,108,0
-83,-63,108,0
-86,-63,108,0
29,-63,108,1
165,-63,108,0
133,-63,108,0
-27,-62,108,0
175,-62,108,0
46,-62,108,0
-128,-62,108,0
-61,-62,108,0
-163,-62,108,0
173,-62,108,0
179,-62,108,0
28,-62,108,1
-7,-62,108,0
58,-62,108,0
-31,-62,108,0
-140,-62,108,0
-120,-62,108,0
-49,-62,108,0
18,-62,108,0
150,-62,108,0
115,-62,108,0
145,-62,108,0
149,-62,108,0
-29,-62,108,0
178,-62,108,0
-38,-62,108,0
-84,-62,108,0
5,-62,108,0
0,-62,108,0
-96,-62,108,0
-43,-62,108,0
-107,-62,108,0
169,-62,108,0
79,-62,108,0
111,-62,108,0
22,-62,108,0
47,-62,108,0
-148,-62,108,0
135,-62,108,0
-173,-62,108,0
30,-62,108,0
-145,-62,108,0
126,-62,108,0
-90,-62,108,0
-151,-62,108,0
108,-62,108,0
-82,-62,108,0
106,-62,108,0
-21,-62,108,0
-114,-62,108,1
-123,-62,108,0
-91,-62,108,0
152,-62,108,0
-127,-62,108,0
21,-62,108,0
-125,-62,108,0
-122,-62,108,0
155,-62,108,0
-19,-62,108,0
110,-62,108,0
-89,-62,108,0
163,-62,108,0
142,-62,108,0
-152,-62,108,0
-68,-62,108,1
86,-62,108,0
171,-62,108,0
-117,-62,108,1
-167,-62,108,0
164,-62,108,0
167,-62,108,0
-103,-62,108,0
109,-62,108,0
-165,-62,108,0
104,-62,108,0
132,-62,108,0
-60,-62,108,0
-131,-62,108,0
59,-62,108,0
101,-62,108,0
3,-62,108,0
17,-62,108,0
9,-62,108,0
92,-62,108,0
-85,-62,108,0
127,-62,108,0
-59,-62,108,1
-32,-62,108,0
-172,-62,108,0
-37,-62,108,0
91,-62,108,0
42,-62,108,0
71,-62,108,0
80,-62,108,0
26,-62,108,1
122,-62,108,0
-157,-62,108,0
48,-62,108,0
-150,-62,108,0
-1,-62,108,0
77,-62,108,0
-180,-62,108,0
15,-62,108,0
-65,-62,108,1
-97,-62,108,0
-99,-62,108,0
-144,-62,108,0
116,-62,108,0
118,-62,108,0
19,-62,108,0
-18,-62,108,0
168,-62,108,0
78,-62,108,0
-22,-62,108,0
-51,-62,108,0
137,-62,108,0
131,-62,108,0
138,-62,108,0
-10,-62,108,0
16,-62,108,0
75,-62,108,0
84,-62,108,0
177,-62,108,0
49,-62,108,0
102,-62,108,0
76,-62,108,0
-106,-62,108,0
56,-62,108,0
-79,-62,108,0
-34,-62,108,0
27,-62,108,1
-177,-62,108,0
-55,-62,108,1
-175,-62,108,0
143,-62,108,0
-116,-62,108,1
-69,-62,108,1
97,-62,108,0
-40,-62,108,0
82,-62,108,0
-139,-62,108,0
-64,-62,108,1
-176,-62,108,0
-9,-62,108,0
14,-62,108,0
147,-62,108,0
81,-62,108,0
119,-62,108,0
60,-62,108,0
141,-62,108,0
68,-62,108,0
151,-62,108,0
-143,-62,108,0
-171,-62,108,0
-13,-62,108,0
-30,-62,108,0
-154,-62,108,0
133,-62,108,0
-15,-62,108,0
160,-62,108,0
-160,-62,108,0
-134,-62,108,0
96,-62,108,0
-14,-62,108,0
-174,-62,108,0
-153,-62,108,0
-17,-62,108,0
-93,-62,108,0
-118,-62,108,1
103,-62,108,0
83,-62,108,0
-81,-62,108,0
-83,-62,108,0
35,-62,108,0
156,-62,108,0
-77,-62,108,0
11,-62,108,0
113,-62,108,0
117,-62,108,0
105,-62,108,0
-2,-62,108,0
95,-62,108,0
67,-62,108,0
-39,-62,108,0
-35,-62,108,0
-179,-62,108,0
6,-62,108,0
-136,-62,108,0
157,-62,108,0
129,-62,108,0
10,-62,108,0
66,-62,108,0
7,-62,108,0
-80,-62,108,0
-130,-62,108,0
-36,-62,108,0
70,-62,108,0
40,-62,108,0
-70,-62,108,1
20,-62,108,0
93,-62,108,0
165,-62,108,0
-33,-62,108,0
41,-62,108,0
-110,-62,108,0
51,-62,108,0
-108,-62,108,0
124,-62,108,0
24,-62,108,0
-42,-62,108,0
54,-62,108,0
-115,-62,108,1
-48,-62,108,0
144,-62,108,0
139,-62,108,0
-101,-62,108,0
-100,-62,108,0
-105,-62,108,0
8,-62,108,0
25,-62,108,1
161,-62,108,0
-50,-62,108,0
174,-62,108,0
-133,-62,108,0
-168,-62,108,0
-53,-62,108,1
146,-62,108,0
64,-62,108,0
153,-62,108,0
125,-62,108,0
-41,-62,108,0
98,-62,108,0
-104,-62,108,0
-137,-62,108,0
-135,-62,108,0
-74,-62,108,0
-161,-62,108,0
12,-62,108,0
-159,-62,108,0
36,-62,108,0
121,-62,108,0
-126,-62,108,0
-8,-62,108,0
-102,-62,108,0
-71,-62,108,1
-164,-62,108,0
50,-62,108,0
-11,-62,108,0
158,-62,108,0
-166,-62,108,0
37,-62,108,0
-72,-62,108,0
162,-62,108,0
23,-62,108,0
-112,-62,108,1
38,-62,108,0
148,-62,108,0
-52,-62,108,1
4,-62,108,0
-58,-62,108,1
-26,-62,108,0
154,-62,108,0
-162,-62,108,0
-16,-62,108,0
-95,-62,108,0
44,-62,108,0
-155,-62,108,0
-25,-62,108,0
52,-62,108,0
45,-62,108,0
-5,-62,108,0
-146,-62,108,0
-76,-62,108,0
-170,-62,108,0
43,-62,108,0
13,-62,108,0
-54,-62,108,1
90,-62,108,0
-20,-62,108,0
74,-62,108,0
73,-62,108,0
123,-62,108,0
-47,-62,108,0
-121,-62,108,0
114,-62,108,0
128,-62,108,0
140,-62,108,0
-149,-62,108,0
-92,-62,108,0
-98,-62,108,0
-111,-62,108,0
-4,-62,108,0
57,-62,108,0
-66,-62,108,1
-147,-62,108,0
85,-62,108,0
32,-62,108,0
134,-62,108,0
-87,-62,108,0
39,-62,108,0
-132,-62,108,0
31,-62,108,0
166,-62,108,0
-28,-62,108,0
-78,-62,108,0
-56,-62,108,0
94,-62,108,0
87,-62,108,0
-67,-62,108,1
2,-62,108,0
-88,-62,108,0
-57,-62,108,1
-169,-62,108,0
170,-62,108,0
-141,-62,108,0
-119,-62,108,0
-178,-62,108,0
-109,-62,108,0
-113,-62,108,1
88,-62,108,0
-44,-62,108,0
159,-62,108,0
55,-62,108,0
-124,-62,108,0
-158,-62,108,0
34,-62,108,0
172,-62,108,0
33,-62,108,0
1,-62,108,0
-24,-62,108,0
61,-62,108,0
-138,-62,108,0
63,-62,108,0
53,-62,108,0
-3,-62,108,0
136,-62,108,0
120,-62,108,0
69,-62,108,0
72,-62,108,0
-86,-62,108,0
130,-62,108,0
89,-62,108,0
62,-62,108,0
-23,-62,108,0
-45,-62,108,0
-156,-62,108,0
-63,-62,108,1
-75,-62,108,0
29,-62,108,0
-73,-62,108,0
-12,-62,108,0
-46,-62,108,0
100,-62,108,0
99,-62,108,0
-129,-62,108,0
-142,-62,108,0
112,-62,108,0
65,-62,108,0
-94,-62,108,0
-6,-62,108,0
176,-62,108,0
107,-62,108,0
-62,-62,108,0
-68,-61,108,1
-111,-61,108,0
-46,-61,108,0
37,-61,108,0
-15,-61,108,0
144,-61,108,1
-62,-61,108,1
174,-61,108,0
-139,-61,108,0
164,-61,108,0
46,-61,108,0
167,-61,108,0
-66,-61,108,1
-166,-61,108,0
150,-61,108,0
28,-61,108,0
25,-61,108,0
63,-61,108,0
64,-61,108,0
88,-61,108,0
-159,-61,108,0
-83,-61,108,0
-104,-61,108,0
125,-61,108,0
111,-61,108,0
-77,-61,108,0
166,-61,108,0
-59,-61,108,1
-108,-61,108,0
-149,-61,108,0
79,-61,108,0
-65,-61,108,1
-81,-61,108,0
-152,-61,108,0
-42,-61,108,1
54,-61,108,0
-5,-61,108,0
53,-61,108,0
8,-61,108,0
179,-61,108,0
15,-61,108,1
100,-61,108,0
-11,-61,108,0
135,-61,108,0
148,-61,108,0
-131,-61,108,0
-54,-61,108,1
-162,-61,108,0
-147,-61,108,0
2,-61,108,0
-63,-61,108,1
110,-61,108,0
52,-61,108,0
127,-61,108,0
41,-61,108,0
-13,-61,108,0
-74,-61,108,0
130,-61,108,0
154,-61,108,0
155,-61,108,0
0,-61,108,0
22,-61,108,0
123,-61,108,0
171,-61,108,0
-69,-61,108,1
3,-61,108,0
143,-61,108,1
-177,-61,108,0
7,-61,108,0
-79,-61,108,0
-114,-61,108,1
74,-61,108,0
-57,-61,108,2
-180,-61,108,0
-51,-61,108,0
35,-61,108,0
159,-61,108,0
66,-61,108,0
109,-61,108,0
165,-61,108,0
26,-61,108,0
-80,-61,108,0
-78,-61,108,0
-133,-61,108,0
51,-61,108,0
-124,-61,108,0
113,-61,108,0
-4,-61,108,0
70,-61,108,0
128,-61,108,0
57,-61,108,0
103,-61,108,0
31,-61,108,0
-156,-61,108,0
-55,-61,108,1
19,-61,108,0
-170,-61,108,0
23,-61,108,0
121,-61,108,0
-129,-61,108,0
-53,-61,108,1
124,-61,108,0
-23,-61,108,0
-136,-61,108,0
-19,-61,108,0
50,-61,108,0
-93,-61,108,0
107,-61,108,0
177,-61,108,0
40,-61,108,0
-61,-61,108,1
-174,-61,108,0
86,-61,108,0
-154,-61,108,0
-82,-61,108,0
55,-61,108,0
1,-61,108,0
102,-61,108,0
39,-61,108,0
-105,-61,108,0
-2,-61,108,0
-175,-61,108,0
97,-61,108,0
-172,-61,108,0
-12,-61,108,0
-29,-61,108,0
-102,-61,108,0
61,-61,108,0
-72,-61,108,0
153,-61,108,0
48,-61,108,0
-1,-61,108,0
-71,-61,108,0
120,-61,108,0
-48,-61,108,0
11,-61,108,0
67,-61,108,0
69,-61,108,0
90,-61,108,0
76,-61,108,0
142,-61,108,1
-157,-61,108,0
-144,-61,108,0
16,-61,108,1
-39,-61,108,0
-167,-61,108,0
126,-61,108,0
-28,-61,108,0
-84,-61,108,0
89,-61,108,0
134,-61,108,0
14,-61,108,0
175,-61,108,0
158,-61,108,0
-146,-61,108,0
-98,-61,108,0
-20,-61,108,0
129,-61,108,0
172,-61,108,0
-113,-61,108,0
157,-61,108,0
93,-61,108,0
-91,-61,108,0
-145,-61,108,0
95,-61,108,0
-45,-61,108,0
-75,-61,108,0
-110,-61,108,0
-116,-61,108,1
-168,-61,108,0
-96,-61,108,0
-60,-61,108,1
-122,-61,108,0
-49,-61,108,0
106,-61,108,0
-160,-61,108,0
21,-61,108,0
133,-61,108,0
92,-61,108,0
-132,-61,108,0
58,-61,108,0
10,-61,108,0
27,-61,108,0
147,-61,108,0
77,-61,108,0
-123,-61,108,0
-6,-61,108,0
105,-61,108,0
101,-61,108,0
140,-61,108,0
73,-61,108,0
-7,-61,108,0
-103,-61,108,0
18,-61,108,0
-8,-61,108,0
151,-61,108,0
-112,-61,108,0
-44,-61,108,0
-37,-61,108,0
47,-61,108,0
176,-61,108,0
49,-61,108,0
-138,-61,108,0
114,-61,108,0
161,-61,108,0
-36,-61,108,0
-140,-61,108,0
-25,-61,108,0
-87,-61,108,0
-155,-61,108,0
98,-61,108,0
-126,-61,108,0
60,-61,108,0
78,-61,108,0
160,-61,108,0
117,-61,108,0
-135,-61,108,0
-134,-61,108,0
-109,-61,108,0
115,-61,108,0
94,-61,108,0
43,-61,108,0
6,-61,108,0
-137,-61,108,0
-85,-61,108,0
36,-61,108,0
-143,-61,108,0
131,-61,108,0
104,-61,108,0
119,-61,108,0
71,-61,108,0
91,-61,108,0
96,-61,108,0
-90,-61,108,0
116,-61,108,0
-121,-61,108,1
-158,-61,108,0
-169,-61,108,0
-35,-61,108,0
82,-61,108,0
-10,-61,108,0
-31,-61,108,0
-153,-61,108,0
108,-61,108,0
68,-61,108,0
17,-61,108,1
163,-61,108,0
-92,-61,108,0
-142,-61,108,0
42,-61,108,0
-32,-61,108,0
139,-61,108,0
-24,-61,108,0
12,-61,108,0
29,-61,108,0
-56,-61,108,2
-33,-61,108,0
-179,-61,108,0
146,-61,108,0
-64,-61,108,1
-120,-61,108,1
136,-61,108,0
-3,-61,108,0
-34,-61,108,0
141,-61,108,0
-173,-61,108,0
-70,-61,108,1
32,-61,108,0
33,-61,108,0
-14,-61,108,0
-161,-61,108,0
5,-61,108,0
152,-61,108,0
118,-61,108,0
-117,-61,108,2
162,-61,108,0
-128,-61,108,0
38,-61,108,0
83,-61,108,0
-38,-61,108,0
178,-61,108,0
13,-61,108,0
-58,-61,108,1
170,-61,108,0
-18,-61,108,0
169,-61,108,0
45,-61,108,0
-50,-61,108,0
75,-61,108,0
-100,-61,108,0
-176,-61,108,0
85,-61,108,0
-89,-61,108,0
-52,-61,108,1
173,-61,108,0
-76,-61,108,0
-165,-61,108,0
20,-61,108,0
59,-61,108,0
-119,-61,108,1
-115,-61,108,1
56,-61,108,0
44,-61,108,0
-22,-61,108,0
-17,-61,108,0
62,-61,108,0
34,-61,108,0
112,-61,108,0
132,-61,108,0
145,-61,108,1
-41,-61,108,1
-178,-61,108,0
-40,-61,108,0
80,-61,108,0
-86,-61,108,0
-125,-61,108,0
-94,-61,108,0
-99,-61,108,0
-67,-61,108,1
-130,-61,108,0
-9,-61,108,0
-26,-61,108,0
-127,-61,108,0
4,-61,108,0
-21,-61,108,0
-148,-61,108,0
156,-61,108,0
-164,-61,108,0
87,-61,108,0
-27,-61,108,0
-47,-61,108,0
-171,-61,108,0
-163,-61,108,0
-101,-61,108,0
-88,-61,108,0
-95,-61,108,0
122,-61,108,0
-73,-61,108,0
-118,-61,108,1
9,-61,108,0
149,-61,108,0
168,-61,108,0
-30,-61,108,0
-141,-61,108,0
-151,-61,108,0
-43,-61,108,0
138,-61,108,0
84,-61,108,0
72,-61,108,0
137,-61,108,0
-106,-61,108,0
-97,-61,108,0
-107,-61,108,0
30,-61,108,0
24,-61,108,0
-150,-61,108,0
65,-61,108,0
81,-61,108,0
99,-61,108,0
-16,-61,108,0
68,-60,108,0
141,-60,108,1
12,-60,108,0
154,-60,108,0
96,-60,108,0
138,-60,108,0
169,-60,108,0
112,-60,108,0
146,-60,108,1
-174,-60,108,0
-67,-60,108,1
-28,-60,108,0
-49,-60,108,0
115,-60,108,0
-79,-60,108,0
50,-60,108,0
165,-60,108,0
-29,-60,108,0
-84,-60,108,0
-59,-60,108,1
49,-60,108,0
85,-60,108,0
-132,-60,108,0
111,-60,108,0
-98,-60,108,0
-115,-60,108,0
-116,-60,108,0
-138,-60,108,0
157,-60,108,0
63,-60,108,0
20,-60,108,0
-33,-60,108,0
-22,-60,108,0
-41,-60,108,1
-51,-60,108,1
122,-60,108,0
-93,-60,108,0
164,-60,108,0
152,-60,108,0
36,-60,108,0
-73,-60,108,0
151,-60,108,0
-130,-60,108,0
176,-60,108,0
-153,-60,108,0
31,-60,108,0
98,-60,108,0
19,-60,108,1
-113,-60,108,0
70,-60,108,0
-141,-60,108,0
46,-60,108,0
159,-60,108,0
-171,-60,108,0
134,-60,108,0
-172,-60,108,0
59,-60,108,0
-4,-60,108,0
-144,-60,108,0
124,-60,108,0
-131,-60,108,0
79,-60,108,0
15,-60,108,1
-121,-60,108,1
87,-60,108,0
-91,-60,108,0
160,-60,108,0
-170,-60,108,0
121,-60,108,0
-157,-60,108,0
52,-60,108,0
-13,-60,108,0
-63,-60,108,1
-162,-60,108,0
-82,-60,108,0
-14,-60,108,0
-103,-60,108,0
-72,-60,108,0
-178,-60,108,0
120,-60,108,0
61,-60,108,0
-95,-60,108,0
110,-60,108,0
136,-60,108,0
-27,-60,108,0
-125,-60,108,0
-160,-60,108,0
-102,-60,108,0
51,-60,108,0
16,-60,108,1
-70,-60,108,0
132,-60,108,0
-20,-60,108,0
54,-60,108,0
34,-60,108,0
-64,-60,108,1
142,-60,108,1
-77,-60,108,0
-65,-60,108,1
76,-60,108,0
92,-60,108,0
45,-60,108,0
167,-60,108,0
-173,-60,108,0
82,-60,108,0
5,-60,108,0
72,-60,108,0
-57,-60,108,1
137,-60,108,0
-11,-60,108,0
47,-60,108,0
106,-60,108,0
175,-60,108,0
99,-60,108,0
-62,-60,108,1
-120,-60,108,1
-111,-60,108,0
7,-60,108,0
-129,-60,108,0
130,-60,108,0
140,-60,108,0
44,-60,108,0
-2,-60,108,0
-156,-60,108,0
-123,-60,108,0
-161,-60,108,0
-56,-60,108,2
118,-60,108,0
-40,-60,108,0
-18,-60,108,0
-99,-60,108,0
3,-60,108,0
168,-60,108,0
-136,-60,108,0
-92,-60,108,0
-10,-60,108,0
148,-60,108,0
-151,-60,108,0
43,-60,108,0
-8,-60,108,0
-158,-60,108,0
174,-60,108,0
75,-60,108,0
-127,-60,108,0
29,-60,108,0
37,-60,108,0
-140,-60,108,0
-24,-60,108,0
74,-60,108,0
-7,-60,108,0
-104,-60,108,0
166,-60,108,0
-25,-60,108,0
-68,-60,108,1
-117,-60,108,1
-119,-60,108,1
42,-60,108,0
116,-60,108,0
-148,-60,108,0
123,-60,108,0
-152,-60,108,0
86,-60,108,0
177,-60,108,0
8,-60,108,0
171,-60,108,0
-106,-60,108,0
-48,-60,108,0
-17,-60,108,0
-74,-60,108,0
107,-60,108,0
-87,-60,108,0
83,-60,108,0
30,-60,108,0
109,-60,108,0
6,-60,108,0
1,-60,108,0
-97,-60,108,0
0,-60,108,0
-31,-60,108,0
89,-60,108,0
24,-60,108,0
-105,-60,108,0
-81,-60,108,0
179,-60,108,0
-50,-60,108,0
-168,-60,108,0
-6,-60,108,0
4,-60,108,0
-154,-60,108,0
-96,-60,108,0
57,-60,108,0
-75,-60,108,0
-118,-60,108,1
-38,-60,108,0
161,-60,108,0
-21,-60,108,0
-66,-60,108,1
11,-60,108,0
40,-60,108,0
105,-60,108,0
48,-60,108,0
163,-60,108,0
-1,-60,108,0
135,-60,108,0
-147,-60,108,0
97,-60,108,0
-52,-60,108,1
60,-60,108,0
-46,-60,108,0
-137,-60,108,0
-122,-60,108,1
-150,-60,108,0
73,-60,108,0
-23,-60,108,0
94,-60,108,0
-163,-60,108,0
144,-60,108,1
129,-60,108,0
114,-60,108,0
62,-60,108,0
-71,-60,108,0
-53,-60,108,1
-34,-60,108,0
58,-60,108,0
-69,-60,108,1
2,-60,108,0
32,-60,108,0
81,-60,108,0
-35,-60,108,0
69,-60,108,0
104,-60,108,0
-133,-60,108,0
100,-60,108,0
101,-60,108,0
-80,-60,108,0
-134,-60,108,0
-167,-60,108,0
67,-60,108,0
-30,-60,108,0
162,-60,108,0
-60,-60,108,1
131,-60,108,0
-145,-60,108,0
-16,-60,108,0
35,-60,108,0
-54,-60,108,1
103,-60,108,0
-169,-60,108,0
-143,-60,108,0
-114,-60,108,0
91,-60,108,0
38,-60,108,0
-58,-60,108,1
56,-60,108,0
77,-60,108,0
-149,-60,108,0
28,-60,108,0
-139,-60,108,0
-175,-60,108,0
-86,-60,108,0
-164,-60,108,0
113,-60,108,0
-78,-60,108,0
119,-60,108,0
55,-60,108,0
93,-60,108,0
95,-60,108,0
-12,-60,108,0
155,-60,108,0
102,-60,108,0
-177,-60,108,0
71,-60,108,0
-94,-60,108,0
9,-60,108,0
-88,-60,108,0
-110,-60,108,0
-61,-60,108,1
-15,-60,108,0
-159,-60,108,0
139,-60,108,0
17,-60,108,1
-89,-60,108,0
27,-60,108,0
65,-60,108,0
-85,-60,108,0
-39,-60,108,0
-101,-60,108,0
-55,-60,108,2
147,-60,108,1
41,-60,108,0
-42,-60,108,1
150,-60,108,0
143,-60,108,1
-90,-60,108,0
-109,-60,108,0
10,-60,108,0
-124,-60,108,0
-44,-60,108,1
149,-60,108,0
172,-60,108,0
-36,-60,108,0
126,-60,108,0
-176,-60,108,0
117,-60,108,0
-100,-60,108,0
53,-60,108,0
-146,-60,108,0
39,-60,108,0
128,-60,108,0
26,-60,108,0
-107,-60,108,0
-19,-60,108,0
21,-60,108,0
-112,-60,108,0
145,-60,108,1
18,-60,108,1
-5,-60,108,0
170,-60,108,0
-155,-60,108,0
-47,-60,108,0
-179,-60,108,0
-108,-60,108,0
14,-60,108,1
-166,-60,108,0
-180,-60,108,0
-37,-60,108,0
90,-60,108,0
33,-60,108,0
125,-60,108,0
-43,-60,108,1
-126,-60,108,0
133,-60,108,0
-3,-60,108,0
108,-60,108,0
78,-60,108,0
13,-60,108,0
-9,-60,108,0
178,-60,108,0
84,-60,108,0
-32,-60,108,0
-26,-60,108,0
66,-60,108,0
173,-60,108,0
80,-60,108,0
-142,-60,108,0
127,-60,108,0
88,-60,108,0
23,-60,108,0
156,-60,108,0
-165,-60,108,0
-128,-60,108,0
25,-60,108,0
-135,-60,108,0
22,-60,108,0
158,-60,108,0
-45,-60,108,1
-76,-60,108,0
-83,-60,108,0
153,-60,108,0
64,-60,108,0
-39,-59,108,0
0,-59,108,0
20,-59,108,0
37,-59,108,0
-72,-59,108,0
-120,-59,108,0
-146,-59,108,0
-105,-59,108,0
-159,-59,108,0
103,-59,108,0
-51,-59,108,1
-137,-59,108,0
-104,-59,108,0
161,-59,108,0
-149,-59,108,0
112,-59,108,0
-64,-59,108,0
-56,-59,108,1
-49,-59,108,0
169,-59,108,0
-154,-59,108,0
-11,-59,108,0
-136,-59,108,0
137,-59,108,0
-73,-59,108,0
-98,-59,108,0
-124,-59,108,0
-108,-59,108,0
45,-59,108,0
75,-59,108,0
40,-59,108,0
2,-59,108,0
-100,-59,108,0
3,-59,108,0
-129,-59,108,0
16,-59,108,0
-151,-59,108,0
-25,-59,108,0
95,-59,108,0
93,-59,108,0
163,-59,108,0
-99,-59,108,0
-122,-59,108,0
-47,-59,108,0
51,-59,108,0
11,-59,108,0
83,-59,108,0
-162,-59,108,0
72,-59,108,0
159,-59,108,0
73,-59,108,0
-43,-59,108,1
-3,-59,108,0
108,-59,108,0
80,-59,108,0
-19,-59,108,0
162,-59,108,0
-52,-59,108,1
113,-59,108,0
90,-59,108,0
132,-59,108,0
82,-59,108,0
-171,-59,108,0
134,-59,108,0
42,-59,108,0
76,-59,108,0
-76,-59,108,0
-36,-59,108,0
-10,-59,108,0
179,-59,108,0
166,-59,108,0
-50,-59,108,1
67,-59,108,0
-158,-59,108,0
-93,-59,108,0
141,-59,108,1
-116,-59,108,0
-29,-59,108,0
-150,-59,108,0
17,-59,108,1
91,-59,108,0
104,-59,108,0
-96,-59,108,0
143,-59,108,1
144,-59,108,1
165,-59,108,0
56,-59,108,0
147,-59,108,0
-156,-59,108,0
-13,-59,108,0
-110,-59,108,0
87,-59,108,0
-65,-59,108,0
8,-59,108,0
-101,-59,108,0
-115,-59,108,0
-111,-59,108,0
168,-59,108,0
78,-59,108,0
-70,-59,108,0
-139,-59,108,0
109,-59,108,0
6,-59,108,0
-28,-59,108,0
111,-59,108,0
-32,-59,108,0
-172,-59,108,0
-114,-59,108,0
-16,-59,108,0
-26,-59,108,0
-90,-59,108,0
-83,-59,108,0
-40,-59,108,0
-106,-59,108,0
-91,-59,108,0
-153,-59,108,0
149,-59,108,0
-87,-59,108,0
36,-59,108,0
126,-59,108,0
58,-59,108,0
55,-59,108,0
142,-59,108,1
70,-59,108,0
1,-59,108,0
-14,-59,108,0
-176,-59,108,0
-55,-59,108,2
48,-59,108,0
-53,-59,108,1
60,-59,108,0
12,-59,108,0
97,-59,108,0
7,-59,108,0
138,-59,108,0
5,-59,108,0
-21,-59,108,0
-12,-59,108,0
74,-59,108,0
-5,-59,108,0
-17,-59,108,0
-109,-59,108,0
117,-59,108,0
35,-59,108,0
122,-59,108,0
-94,-59,108,0
-30,-59,108,0
66,-59,108,0
-81,-59,108,0
-24,-59,108,0
-37,-59,108,0
-23,-59,108,0
-123,-59,108,0
-95,-59,108,0
-61,-59,108,0
175,-59,108,0
-20,-59,108,0
99,-59,108,0
65,-59,108,0
-177,-59,108,0
100,-59,108,0
-84,-59,108,0
-117,-59,108,0
68,-59,108,0
140,-59,108,0
-68,-59,108,0
164,-59,108,0
-118,-59,108,0
129,-59,108,0
-102,-59,108,0
106,-59,108,0
53,-59,108,0
28,-59,108,0
43,-59,108,0
-80,-59,108,0
57,-59,108,0
128,-59,108,0
-7,-59,108,0
171,-59,108,0
77,-59,108,0
52,-59,108,0
64,-59,108,0
-113,-59,108,0
-35,-59,108,0
-180,-59,108,0
133,-59,108,0
-169,-59,108,0
174,-59,108,0
156,-59,108,0
26,-59,108,0
-74,-59,108,0
146,-59,108,1
85,-59,108,0
14,-59,108,0
105,-59,108,0
18,-59,108,1
23,-59,108,0
-133,-59,108,0
54,-59,108,0
-38,-59,108,0
-34,-59,108,0
-63,-59,108,0
-131,-59,108,0
-78,-59,108,0
-121,-59,108,1
89,-59,108,0
-75,-59,108,0
-45,-59,108,1
69,-59,108,0
-2,-59,108,0
63,-59,108,0
157,-59,108,0
98,-59,108,0
177,-59,108,0
-69,-59,108,0
-46,-59,108,0
-79,-59,108,0
-48,-59,108,0
-22,-59,108,0
135,-59,108,0
62,-59,108,0
32,-59,108,0
-134,-59,108,0
-85,-59,108,0
121,-59,108,0
92,-59,108,0
44,-59,108,0
4,-59,108,0
61,-59,108,0
33,-59,108,0
102,-59,108,0
-1,-59,108,0
-82,-59,108,0
-145,-59,108,0
-31,-59,108,0
81,-59,108,0
127,-59,108,0
30,-59,108,0
34,-59,108,0
-165,-59,108,0
-42,-59,108,1
-166,-59,108,0
-107,-59,108,0
136,-59,108,0
153,-59,108,0
-9,-59,108,0
-89,-59,108,0
-6,-59,108,0
-179,-59,108,0
130,-59,108,0
13,-59,108,0
173,-59,108,0
-164,-59,108,0
-163,-59,108,0
21,-59,108,0
115,-59,108,0
38,-59,108,0
41,-59,108,0
46,-59,108,0
-112,-59,108,0
124,-59,108,0
-168,-59,108,0
148,-59,108,0
22,-59,108,0
-125,-59,108,0
170,-59,108,0
119,-59,108,0
50,-59,108,0
-141,-59,108,0
151,-59,108,0
176,-59,108,0
-161,-59,108,0
-97,-59,108,0
-59,-59,108,1
145,-59,108,1
-103,-59,108,0
9,-59,108,0
107,-59,108,0
125,-59,108,0
-58,-59,108,1
-128,-59,108,0
79,-59,108,0
101,-59,108,0
19,-59,108,1
-167,-59,108,0
-143,-59,108,0
59,-59,108,0
-8,-59,108,0
118,-59,108,0
-41,-59,108,1
-142,-59,108,0
-127,-59,108,0
158,-59,108,0
47,-59,108,0
116,-59,108,0
-15,-59,108,0
-27,-59,108,0
88,-59,108,0
24,-59,108,0
27,-59,108,0
114,-59,108,0
-147,-59,108,0
-132,-59,108,0
-88,-59,108,0
25,-59,108,0
15,-59,108,0
-148,-59,108,0
167,-59,108,0
-33,-59,108,0
123,-59,108,0
-140,-59,108,0
96,-59,108,0
86,-59,108,0
94,-59,108,0
-160,-59,108,0
154,-59,108,0
-175,-59,108,0
-152,-59,108,0
71,-59,108,0
-138,-59,108,0
-126,-59,108,0
29,-59,108,0
139,-59,108,0
31,-59,108,0
10,-59,108,0
-54,-59,108,2
152,-59,108,0
-66,-59,108,1
150,-59,108,0
-57,-59,108,1
-18,-59,108,0
120,-59,108,0
-92,-59,108,0
-178,-59,108,0
131,-59,108,0
-86,-59,108,0
-67,-59,108,0
-62,-59,108,0
160,-59,108,0
-77,-59,108,0
-144,-59,108,0
-130,-59,108,0
-155,-59,108,0
-174,-59,108,0
-71,-59,108,0
-173,-59,108,0
-4,-59,108,0
-135,-59,108,0
49,-59,108,0
172,-59,108,0
178,-59,108,0
84,-59,108,0
-44,-59,108,1
-119,-59,108,0
-60,-59,108,1
155,-59,108,0
-170,-59,108,0
-157,-59,108,0
39,-59,108,0
110,-59,108,0
-18,-58,108,0
-4,-58,108,0
-15,-58,108,0
148,-58,108,0
-87,-58,108,0
174,-58,108,0
24,-58,108,0
-108,-58,108,0
-105,-58,108,0
77,-58,108,0
-53,-58,108,1
165,-58,108,0
-160,-58,108,0
-112,-58,108,0
-19,-58,108,0
-5,-58,108,0
-97,-58,108,0
-134,-58,108,0
-145,-58,108,0
-35,-58,108,0
28,-58,108,0
-95,-58,108,0
-111,-58,108,0
123,-58,108,0
172,-58,108,0
-149,-58,108,0
-45,-58,108,0
-88,-58,108,0
-163,-58,108,0
40,-58,108,0
-49,-58,108,0
-33,-58,108,0
93,-58,108,0
-22,-58,108,0
53,-58,108,0
-126,-58,108,0
54,-58,108,0
155,-58,108,0
20,-58,108,0
19,-58,108,0
51,-58,108,0
70,-58,108,0
59,-58,108,0
167,-58,108,0
-26,-58,108,0
-150,-58,108,0
-180,-58,108,0
-175,-58,108,0
102,-58,108,0
149,-58,108,0
-152,-58,108,0
-130,-58,108,0
44,-58,108,0
78,-58,108,0
-167,-58,108,0
73,-58,108,0
-52,-58,108,1
-148,-58,108,0
64,-58,108,0
-86,-58,108,0
114,-58,108,0
143,-58,108,1
92,-58,108,0
66,-58,108,0
-81,-58,108,0
-3,-58,108,0
-21,-58,108,0
164,-58,108,0
-113,-58,108,0
-115,-58,108,0
-102,-58,108,0
121,-58,108,0
-73,-58,108,0
95,-58,108,0
154,-58,108,0
138,-58,108,0
-44,-58,108,0
-65,-58,108,50
86,-58,108,0
-13,-58,108,0
3,-58,108,0
111,-58,108,0
-132,-58,108,0
-32,-58,108,0
-135,-58,108,0
79,-58,108,0
-62,-58,108,0
-57,-58,108,1
-23,-58,108,0
-14,-58,108,0
-124,-58,108,0
7,-58,108,0
46,-58,108,0
-138,-58,108,0
140,-58,108,1
-159,-58,108,0
32,-58,108,1
-114,-58,108,0
-118,-58,108,0
57,-58,108,0
152,-58,108,0
83,-58,108,0
-137,-58,108,0
-172,-58,108,0
-173,-58,108,0
-38,-58,108,0
99,-58,108,0
147,-58,108,0
-92,-58,108,0
27,-58,108,0
120,-58,108,0
89,-58,108,0
-151,-58,108,0
-155,-58,108,0
-61,-58,108,0
49,-58,108,0
-127,-58,108,0
-78,-58,108,0
-107,-58,108,0
-156,-58,108,0
55,-58,108,0
17,-58,108,0
107,-58,108,0
-117,-58,108,0
9,-58,108,0
94,-58,108,0
113,-58,108,0
-47,-58,108,0
-177,-58,108,0
31,-58,108,1
-164,-58,108,0
168,-58,108,0
-10,-58,108,0
-123,-58,108,0
146,-58,108,0
88,-58,108,0
-6,-58,108,0
-165,-58,108,0
141,-58,108,1
47,-58,108,0
-76,-58,108,0
116,-58,108,0
-58,-58,108,1
-154,-58,108,0
-51,-58,108,1
-12,-58,108,0
134,-58,108,0
-168,-58,108,0
97,-58,108,0
-143,-58,108,0
133,-58,108,0
-169,-58,108,0
-7,-58,108,0
-129,-58,108,0
156,-58,108,0
-158,-58,108,0
153,-58,108,0
-11,-58,108,0
-121,-58,108,0
177,-58,108,0
-162,-58,108,0
6,-58,108,0
136,-58,108,0
-1,-58,108,0
178,-58,108,0
25,-58,108,0
65,-58,108,0
-171,-58,108,0
110,-58,108,0
135,-58,108,0
36,-58,108,0
101,-58,108,0
-83,-58,108,0
-79,-58,108,0
100,-58,108,0
-109,-58,108,0
128,-58,108,0
-42,-58,108,0
-166,-58,108,0
-48,-58,108,0
74,-58,108,0
-43,-58,108,0
-122,-58,108,0
21,-58,108,0
-68,-58,108,0
11,-58,108,0
5,-58,108,0
-55,-58,108,1
-20,-58,108,0
18,-58,108,0
37,-58,108,0
-93,-58,108,0
169,-58,108,0
-120,-58,108,0
-99,-58,108,0
-72,-58,108,0
-91,-58,108,0
76,-58,108,0
96,-58,108,0
84,-58,108,0
105,-58,108,0
-131,-58,108,0
-31,-58,108,0
-77,-58,108,0
-82,-58,108,0
-29,-58,108,0
58,-58,108,0
-46,-58,108,0
139,-58,108,0
-136,-58,108,0
-101,-58,108,0
170,-58,108,0
38,-58,108,0
-54,-58,108,2
4,-58,108,0
-141,-58,108,0
112,-58,108,0
-66,-58,108,59
-142,-58,108,0
52,-58,108,0
163,-58,108,0
108,-58,108,0
-157,-58,108,0
85,-58,108,0
12,-58,108,0
81,-58,108,0
-17,-58,108,0
14,-58,108,0
61,-58,108,0
122,-58,108,0
-67,-58,108,59
-71,-58,108,0
-37,-58,108,0
68,-58,108,0
-70,-58,108,0
-179,-58,108,0
119,-58,108,0
-104,-58,108,0
62,-58,108,0
-59,-58,108,1
150,-58,108,0
-119,-58,108,0
8,-58,108,0
-27,-58,108,0
142,-58,108,1
124,-58,108,0
33,-58,108,1
126,-58,108,0
34,-58,108,1
166,-58,108,0
176,-58,108,0
129,-58,108,0
115,-58,108,0
80,-58,108,0
-106,-58,108,0
39,-58,108,0
-96,-58,108,0
159,-58,108,0
-89,-58,108,0
1,-58,108,0
30,-58,108,0
-103,-58,108,0
35,-58,108,0
-174,-58,108,0
145,-58,108,1
-84,-58,108,0
45,-58,108,0
-40,-58,108,0
13,-58,108,0
157,-58,108,0
-34,-58,108,0
43,-58,108,1
175,-58,108,0
-116,-58,108,0
69,-58,108,0
-139,-58,108,0
125,-58,108,0
-60,-58,108,0
-74,-58,108,0
151,-58,108,0
-56,-58,108,1
179,-58,108,0
118,-58,108,0
-50,-58,108,1
-75,-58,108,0
-41,-58,108,0
103,-58,108,0
71,-58,108,0
48,-58,108,0
67,-58,108,0
22,-58,108,0
91,-58,108,0
127,-58,108,0
-144,-58,108,0
-110,-58,108,0
-28,-58,108,0
-94,-58,108,0
144,-58,108,1
-36,-58,108,0
173,-58,108,0
10,-58,108,0
-90,-58,108,0
-161,-58,108,0
160,-58,108,0
-153,-58,108,0
-30,-58,108,0
50,-58,108,0
-80,-58,108,0
41,-58,108,0
-98,-58,108,0
132,-58,108,0
-2,-58,108,0
23,-58,108,0
-100,-58,108,0
171,-58,108,0
109,-58,108,0
2,-58,108,0
-24,-58,108,0
98,-58,108,0
158,-58,108,0
82,-58,108,0
75,-58,108,0
-63,-58,108,0
-85,-58,108,0
-16,-58,108,0
-178,-58,108,0
-8,-58,108,0
60,-58,108,0
-147,-58,108,0
161,-58,108,0
63,-58,108,0
-140,-58,108,0
-25,-58,108,0
-64,-58,108,0
137,-58,108,0
0,-58,108,0
-146,-58,108,0
-128,-58,108,0
131,-58,108,0
104,-58,108,0
-176,-58,108,0
-9,-58,108,0
16,-58,108,0
29,-58,108,0
26,-58,108,0
15,-58,108,0
56,-58,108,0
42,-58,108,0
72,-58,108,0
-69,-58,108,0
-170,-58,108,0
117,-58,108,0
-133,-58,108,0
90,-58,108,0
-39,-58,108,0
106,-58,108,0
162,-58,108,0
130,-58,108,0
-125,-58,108,0
87,-58,108,0
-140,-57,108,0
-104,-57,108,0
136,-57,108,0
-33,-57,108,0
24,-57,108,0
-79,-57,108,0
-96,-57,108,0
-92,-57,108,1
-37,-57,108,0
62,-57,108,0
152,-57,108,0
-145,-57,108,0
125,-57,108,0
73,-57,108,0
-75,-57,108,0
65,-57,108,0
70,-57,108,1
60,-57,108,0
-13,-57,108,0
61,-57,108,0
38,-57,108,0
-88,-57,108,0
-150,-57,108,0
-125,-57,108,0
-142,-57,108,0
-34,-57,108,0
-163,-57,108,0
108,-57,108,0
51,-57,108,0
121,-57,108,0
-22,-57,108,0
-68,-57,108,108
-71,-57,108,70
134,-57,108,0
97,-57,108,0
45,-57,108,1
-147,-57,108,0
-59,-57,108,0
118,-57,108,0
-116,-57,108,0
-149,-57,108,0
-122,-57,108,0
-39,-57,108,0
-108,-57,108,0
-31,-57,108,0
-118,-57,108,0
-55,-57,108,0
-177,-57,108,0
174,-57,108,0
9,-57,108,0
-173,-57,108,0
-159,-57,108,0
55,-57,108,0
-72,-57,108,46
-90,-57,108,1
67,-57,108,0
-135,-57,108,0
159,-57,108,0
-62,-57,108,0
-7,-57,108,0
-113,-57,108,0
-78,-57,108,0
74,-57,108,0
107,-57,108,0
-170,-57,108,0
-26,-57,108,0
-69,-57,108,108
-64,-57,108,0
53,-57,108,0
0,-57,108,0
178,-57,108,0
64,-57,108,0
-60,-57,108,0
80,-57,108,0
31,-57,108,1
163,-57,108,0
124,-57,108,0
69,-57,108,1
14,-57,108,0
137,-57,108,0
-48,-57,108,0
20,-57,108,0
2,-57,108,0
57,-57,108,0
-65,-57,108,59
-76,-57,108,0
-114,-57,108,0
-164,-57,108,0
169,-57,108,0
-82,-57,108,0
149,-57,108,0
-5,-57,108,0
86,-57,108,0
146,-57,108,0
89,-57,108,0
153,-57,108,0
161,-57,108,0
63,-57,108,0
-81,-57,108,0
170,-57,108,0
-30,-57,108,0
8,-57,108,0
-3,-57,108,0
90,-57,108,0
-66,-57,108,59
-161,-57,108,0
21,-57,108,0
129,-57,108,0
56,-57,108,0
41,-57,108,0
132,-57,108,0
-18,-57,108,0
94,-57,108,0
106,-57,108,0
81,-57,108,0
-41,-57,108,0
-115,-57,108,0
139,-57,108,0
-143,-57,108,0
91,-57,108,0
-54,-57,108,0
110,-57,108,0
28,-57,108,0
-24,-57,108,0
179,-57,108,0
-38,-57,108,0
126,-57,108,0
-172,-57,108,0
-174,-57,108,0
79,-57,108,0
117,-57,108,0
46,-57,108,1
-61,-57,108,0
-156,-57,108,0
168,-57,108,0
84,-57,108,0
95,-57,108,0
-137,-57,108,0
143,-57,108,1
25,-57,108,0
6,-57,108,0
102,-57,108,0
-19,-57,108,0
-77,-57,108,0
128,-57,108,0
-148,-57,108,0
-12,-57,108,0
-80,-57,108,0
-168,-57,108,0
176,-57,108,0
59,-57,108,0
-52,-57,108,0
-110,-57,108,0
-49,-57,108,0
48,-57,108,0
7,-57,108,0
3,-57,108,1
-93,-57,108,0
-121,-57,108,0
-160,-57,108,0
115,-57,108,0
-14,-57,108,0
-35,-57,108,0
-44,-57,108,0
88,-57,108,0
112,-57,108,0
-154,-57,108,0
-15,-57,108,0
82,-57,108,0
-152,-57,108,0
114,-57,108,0
-153,-57,108,0
-25,-57,108,0
-84,-57,108,0
-175,-57,108,0
78,-57,108,0
123,-57,108,0
-102,-57,108,0
75,-57,108,0
-103,-57,108,0
157,-57,108,0
-86,-57,108,0
148,-57,108,0
-139,-57,108,0
77,-57,108,0
-87,-57,108,0
155,-57,108,0
-47,-57,108,0
83,-57,108,0
-53,-57,108,0
144,-57,108,1
36,-57,108,0
-107,-57,108,0
39,-57,108,0
-141,-57,108,0
-83,-57,108,0
52,-57,108,0
-155,-57,108,0
23,-57,108,0
-6,-57,108,0
66,-57,108,0
49,-57,108,0
-94,-57,108,0
-42,-57,108,0
-27,-57,108,0
-162,-57,108,0
101,-57,108,0
-134,-57,108,0
-16,-57,108,0
-146,-57,108,0
85,-57,108,0
-32,-57,108,0
-29,-57,108,0
-169,-57,108,0
109,-57,108,0
18,-57,108,0
22,-57,108,0
-109,-57,108,0
-28,-57,108,0
-99,-57,108,0
-106,-57,108,0
-157,-57,108,0
-133,-57,108,0
127,-57,108,0
-111,-57,108,0
113,-57,108,0
156,-57,108,0
-8,-57,108,0
166,-57,108,0
-144,-57,108,0
-74,-57,108,0
-57,-57,108,0
-178,-57,108,0
42,-57,108,1
177,-57,108,0
44,-57,108,1
-67,-57,108,108
-21,-57,108,0
-23,-57,108,0
-167,-57,108,0
171,-57,108,0
-98,-57,108,0
-124,-57,108,0
145,-57,108,0
98,-57,108,0
162,-57,108,0
-138,-57,108,0
165,-57,108,0
-43,-57,108,0
-56,-57,108,0
30,-57,108,0
-89,-57,108,1
68,-57,108,0
5,-57,108,1
141,-57,108,1
175,-57,108,0
-151,-57,108,0
33,-57,108,1
173,-57,108,0
-166,-57,108,0
104,-57,108,0
13,-57,108,0
142,-57,108,1
138,-57,108,0
-132,-57,108,0
-51,-57,108,0
131,-57,108,0
151,-57,108,0
4,-57,108,1
158,-57,108,0
135,-57,108,0
-91,-57,108,1
-70,-57,108,70
-20,-57,108,0
26,-57,108,0
-126,-57,108,0
-2,-57,108,0
12,-57,108,0
71,-57,108,1
-171,-57,108,0
-130,-57,108,0
15,-57,108,0
116,-57,108,0
47,-57,108,1
147,-57,108,0
154,-57,108,0
87,-57,108,0
-97,-57,108,0
16,-57,108,0
-119,-57,108,0
1,-57,108,0
54,-57,108,0
122,-57,108,0
-50,-57,108,0
-40,-57,108,0
72,-57,108,1
-136,-57,108,0
-127,-57,108,0
-9,-57,108,0
103,-57,108,0
-129,-57,108,0
-123,-57,108,0
160,-57,108,0
35,-57,108,1
17,-57,108,0
43,-57,108,1
27,-57,108,0
-85,-57,108,0
29,-57,108,0
130,-57,108,0
100,-57,108,0
105,-57,108,0
-58,-57,108,0
167,-57,108,0
-117,-57,108,0
-131,-57,108,0
-100,-57,108,0
-101,-57,108,0
93,-57,108,0
-120,-57,108,0
-73,-57,108,46
96,-57,108,0
-105,-57,108,0
120,-57,108,0
32,-57,108,1
-63,-57,108,0
92,-57,108,0
-11,-57,108,0
150,-57,108,0
76,-57,108,0
164,-57,108,0
119,-57,108,0
-112,-57,108,0
-180,-57,108,0
11,-57,108,0
10,-57,108,0
19,-57,108,0
111,-57,108,0
-17,-57,108,0
-165,-57,108,0
34,-57,108,1
172,-57,108,0
-128,-57,108,0
-46,-57,108,0
99,-57,108,0
-36,-57,108,0
-45,-57,108,0
-10,-57,108,0
37,-57,108,0
-158,-57,108,0
-1,-57,108,0
-95,-57,108,0
58,-57,108,0
-4,-57,108,0
140,-57,108,1
40,-57,108,0
133,-57,108,0
50,-57,108,0
-176,-57,108,0
-179,-57,108,0
-119,-56,108,0
144,-56,108,1
-177,-56,108,0
120,-56,108,0
-52,-56,108,0
-29,-56,108,0
-172,-56,108,0
-154,-56,108,0
-67,-56,108,108
-122,-56,108,0
-173,-56,108,0
62,-56,108,0
-38,-56,108,53
11,-56,108,0
143,-56,108,1
-180,-56,108,0
-7,-56,108,0
-26,-56,108,0
15,-56,108,0
26,-56,108,0
174,-56,108,0
82,-56,108,0
42,-56,108,1
-43,-56,108,0
-145,-56,108,0
34,-56,108,1
-164,-56,108,0
114,-56,108,0
165,-56,108,0
-8,-56,108,0
8,-56,108,0
-126,-56,108,0
-30,-56,108,0
-84,-56,108,0
-63,-56,108,0
-165,-56,108,0
-46,-56,108,0
-123,-56,108,0
36,-56,108,0
-156,-56,108,0
-87,-56,108,0
-121,-56,108,0
152,-56,108,0
153,-56,108,0
106,-56,108,0
75,-56,108,0
86,-56,108,0
48,-56,108,0
-139,-56,108,0
55,-56,108,0
-72,-56,108,77
126,-56,108,0
-110,-56,108,0
56,-56,108,0
112,-56,108,0
46,-56,108,1
94,-56,108,0
98,-56,108,0
35,-56,108,0
-41,-56,108,0
102,-56,108,0
-76,-56,108,1
-9,-56,108,0
-12,-56,108,0
-179,-56,108,0
-170,-56,108,0
-150,-56,108,0
65,-56,108,0
-71,-56,108,71
-60,-56,108,0
-91,-56,108,1
71,-56,108,1
52,-56,108,0
119,-56,108,0
178,-56,108,0
80,-56,108,0
-35,-56,108,53
-82,-56,108,0
-101,-56,108,0
-152,-56,108,0
-141,-56,108,0
100,-56,108,0
-65,-56,108,108
50,-56,108,0
135,-56,108,0
93,-56,108,0
-135,-56,108,0
-70,-56,108,71
70,-56,108,1
127,-56,108,0
159,-56,108,0
157,-56,108,0
77,-56,108,0
109,-56,108,0
137,-56,108,0
61,-56,108,0
20,-56,108,0
-10,-56,108,0
177,-56,108,0
-77,-56,108,1
-47,-56,108,0
172,-56,108,0
113,-56,108,0
158,-56,108,0
124,-56,108,0
-21,-56,108,0
-48,-56,108,0
32,-56,108,0
-17,-56,108,0
-100,-56,108,0
-95,-56,108,0
122,-56,108,0
-148,-56,108,0
9,-56,108,0
31,-56,108,0
-59,-56,108,0
14,-56,108,0
-55,-56,108,0
89,-56,108,0
-108,-56,108,0
169,-56,108,0
68,-56,108,0
-56,-56,108,0
-33,-56,108,0
12,-56,108,0
118,-56,108,0
54,-56,108,0
-106,-56,108,0
173,-56,108,0
-109,-56,108,0
-157,-56,108,0
88,-56,108,0
123,-56,108,0
171,-56,108,0
-27,-56,108,0
43,-56,108,1
-22,-56,108,0
136,-56,108,0
-89,-56,108,1
78,-56,108,0
161,-56,108,0
-161,-56,108,0
115,-56,108,0
125,-56,108,0
16,-56,108,0
-1,-56,108,0
5,-56,108,1
103,-56,108,0
117,-56,108,0
-92,-56,108,1
63,-56,108,0
155,-56,108,0
-140,-56,108,0
147,-56,108,0
-80,-56,108,0
108,-56,108,0
149,-56,108,0
138,-56,108,0
-143,-56,108,0
19,-56,108,0
69,-56,108,1
-102,-56,108,0
18,-56,108,0
-6,-56,108,0
13,-56,108,0
64,-56,108,0
73,-56,108,1
-175,-56,108,0
-162,-56,108,0
-49,-56,108,0
-42,-56,108,0
-28,-56,108,0
97,-56,108,0
151,-56,108,0
74,-56,108,0
133,-56,108,0
-117,-56,108,0
-96,-56,108,0
-111,-56,108,0
57,-56,108,0
116,-56,108,0
-13,-56,108,0
-137,-56,108,0
-107,-56,108,0
79,-56,108,0
-147,-56,108,0
96,-56,108,0
-86,-56,108,0
76,-56,108,0
-23,-56,108,0
-57,-56,108,0
-167,-56,108,0
6,-56,108,1
130,-56,108,0
146,-56,108,0
90,-56,108,0
145,-56,108,0
-24,-56,108,0
10,-56,108,0
33,-56,108,1
-166,-56,108,0
-130,-56,108,0
-168,-56,108,0
-114,-56,108,0
53,-56,108,0
148,-56,108,0
-127,-56,108,0
105,-56,108,0
66,-56,108,0
167,-56,108,0
59,-56,108,0
154,-56,108,0
-174,-56,108,0
-138,-56,108,0
-74,-56,108,39
-68,-56,108,108
41,-56,108,0
163,-56,108,0
-73,-56,108,73
-88,-56,108,0
28,-56,108,0
-62,-56,108,0
179,-56,108,0
25,-56,108,0
-15,-56,108,0
142,-56,108,0
-16,-56,108,0
-142,-56,108,0
162,-56,108,0
-163,-56,108,0
175,-56,108,0
-32,-56,108,0
139,-56,108,0
-14,-56,108,0
4,-56,108,1
129,-56,108,0
-85,-56,108,0
45,-56,108,1
-50,-56,108,0
-132,-56,108,0
-31,-56,108,0
156,-56,108,0
166,-56,108,0
-169,-56,108,0
38,-56,108,0
-178,-56,108,0
-81,-56,108,0
-66,-56,108,108
-98,-56,108,0
-128,-56,108,0
7,-56,108,1
-104,-56,108,0
30,-56,108,0
3,-56,108,1
22,-56,108,0
67,-56,108,0
29,-56,108,0
-113,-56,108,0
-112,-56,108,0
150,-56,108,0
-18,-56,108,0
-5,-56,108,0
-37,-56,108,53
-160,-56,108,0
-149,-56,108,0
-116,-56,108,0
-53,-56,108,0
-144,-56,108,0
-136,-56,108,0
58,-56,108,0
44,-56,108,1
-69,-56,108,108
-51,-56,108,0
51,-56,108,0
49,-56,108,0
99,-56,108,0
23,-56,108,0
95,-56,108,0
134,-56,108,0
91,-56,108,0
-4,-56,108,0
-99,-56,108,0
-158,-56,108,0
84,-56,108,0
110,-56,108,0
1,-56,108,0
-44,-56,108,0
131,-56,108,0
-75,-56,108,35
-94,-56,108,1
72,-56,108,1
-171,-56,108,0
141,-56,108,0
37,-56,108,0
-78,-56,108,1
-159,-56,108,0
-103,-56,108,0
164,-56,108,0
-90,-56,108,1
-133,-56,108,0
-115,-56,108,0
-93,-56,108,1
47,-56,108,1
0,-56,108,0
40,-56,108,0
24,-56,108,0
-153,-56,108,0
87,-56,108,0
83,-56,108,0
-155,-56,108,0
176,-56,108,0
170,-56,108,0
85,-56,108,0
-97,-56,108,0
-45,-56,108,0
-146,-56,108,0
2,-56,108,0
-20,-56,108,0
-134,-56,108,0
-40,-56,108,0
-151,-56,108,0
39,-56,108,0
132,-56,108,0
-34,-56,108,0
107,-56,108,0
-124,-56,108,0
-2,-56,108,0
-131,-56,108,0
-61,-56,108,0
168,-56,108,0
-36,-56,108,53
-58,-56,108,0
-118,-56,108,0
104,-56,108,0
111,-56,108,0
17,-56,108,0
-19,-56,108,0
-129,-56,108,0
121,-56,108,0
160,-56,108,0
-25,-56,108,0
101,-56,108,0
21,-56,108,0
-125,-56,108,0
-120,-56,108,0
-176,-56,108,0
-64,-56,108,61
140,-56,108,0
27,-56,108,0
-54,-56,108,0
92,-56,108,0
128,-56,108,0
-11,-56,108,0
-39,-56,108,53
-83,-56,108,0
-3,-56,108,0
-79,-56,108,0
-105,-56,108,0
81,-56,108,0
60,-56,108,0
-2,-55,108,0
133,-55,108,0
51,-55,108,0
113,-55,108,0
58,-55,108,0
-86,-55,108,0
82,-55,108,0
-17,-55,108,0
22,-55,108,0
-87,-55,108,0
-158,-55,108,0
-91,-55,108,1
-174,-55,108,0
106,-55,108,0
-67,-55,108,108
156,-55,108,0
9,-55,108,0
-120,-55,108,0
-165,-55,108,0
96,-55,108,0
-30,-55,108,0
77,-55,108,0
-112,-55,108,0
152,-55,108,0
99,-55,108,0
172,-55,108,0
-66,-55,108,108
108,-55,108,0
69,-55,108,1
-9,-55,108,0
68,-55,108,1
136,-55,108,0
46,-55,108,1
50,-55,108,0
56,-55,108,0
92,-55,108,0
-77,-55,108,1
-54,-55,108,0
145,-55,108,0
-141,-55,108,0
-65,-55,108,108
-48,-55,108,0
-110,-55,108,0
-146,-55,108,0
-76,-55,108,93
-157,-55,108,0
54,-55,108,0
154,-55,108,0
-73,-55,108,94
175,-55,108,0
52,-55,108,0
-12,-55,108,0
131,-55,108,0
-170,-55,108,0
112,-55,108,0
-39,-55,108,53
-132,-55,108,0
-6,-55,108,0
-21,-55,108,0
-128,-55,108,0
177,-55,108,0
-82,-55,108,0
-68,-55,108,108
171,-55,108,0
65,-55,108,0
70,-55,108,1
117,-55,108,0
-178,-55,108,0
149,-55,108,0
85,-55,108,0
101,-55,108,0
153,-55,108,0
-149,-55,108,0
-121,-55,108,0
-150,-55,108,0
120,-55,108,0
73,-55,108,1
144,-55,108,0
-7,-55,108,0
34,-55,108,0
-46,-55,108,0
63,-55,108,0
111,-55,108,0
60,-55,108,0
-43,-55,108,0
-113,-55,108,0
-129,-55,108,0
158,-55,108,0
43,-55,108,1
12,-55,108,0
-88,-55,108,0
179,-55,108,0
91,-55,108,0
3,-55,108,0
167,-55,108,0
-108,-55,108,0
-136,-55,108,0
-179,-55,108,0
-117,-55,108,0
-124,-55,108,0
-90,-55,108,0
118,-55,108,0
-152,-55,108,0
-106,-55,108,0
102,-55,108,0
148,-55,108,0
-28,-55,108,0
105,-55,108,0
-114,-55,108,0
-36,-55,108,53
57,-55,108,0
-111,-55,108,0
7,-55,108,1
-164,-55,108,0
25,-55,108,0
-24,-55,108,0
-33,-55,108,0
-167,-55,108,0
-64,-55,108,61
-177,-55,108,0
-84,-55,108,0
-81,-55,108,0
-102,-55,108,0
72,-55,108,1
31,-55,108,0
-171,-55,108,0
-14,-55,108,0
-26,-55,108,0
30,-55,108,0
32,-55,108,0
74,-55,108,0
-60,-55,108,0
146,-55,108,0
-59,-55,108,0
140,-55,108,0
151,-55,108,0
-134,-55,108,0
-11,-55,108,0
119,-55,108,0
29,-55,108,0
160,-55,108,0
-18,-55,108,0
-92,-55,108,1
10,-55,108,0
-3,-55,108,0
-83,-55,108,0
-47,-55,108,0
135,-55,108,0
159,-55,108,0
55,-55,108,0
-122,-55,108,0
18,-55,108,0
-44,-55,108,0
-32,-55,108,0
66,-55,108,0
122,-55,108,0
17,-55,108,0
-138,-55,108,0
-31,-55,108,0
67,-55,108,0
178,-55,108,0
-27,-55,108,0
-53,-55,108,0
11,-55,108,0
98,-55,108,0
47,-55,108,0
-127,-55,108,0
123,-55,108,0
59,-55,108,0
121,-55,108,0
-45,-55,108,0
79,-55,108,0
-172,-55,108,0
86,-55,108,0
-155,-55,108,0
-23,-55,108,0
142,-55,108,0
116,-55,108,0
-154,-55,108,0
15,-55,108,0
97,-55,108,0
45,-55,108,1
-62,-55,108,0
100,-55,108,0
174,-55,108,0
61,-55,108,0
5,-55,108,1
94,-55,108,0
110,-55,108,0
48,-55,108,0
-180,-55,108,0
176,-55,108,0
-125,-55,108,0
33,-55,108,0
-1,-55,108,0
104,-55,108,0
155,-55,108,0
-153,-55,108,0
-51,-55,108,0
-162,-55,108,0
157,-55,108,0
-5,-55,108,0
42,-55,108,1
26,-55,108,0
147,-55,108,0
-79,-55,108,0
90,-55,108,0
-16,-55,108,0
-95,-55,108,0
-41,-55,108,0
125,-55,108,0
20,-55,108,0
134,-55,108,0
130,-55,108,0
-160,-55,108,0
-56,-55,108,0
169,-55,108,0
-13,-55,108,0
49,-55,108,0
-104,-55,108,0
2,-55,108,0
-15,-55,108,0
-4,-55,108,0
19,-55,108,0
-75,-55,108,93
0,-55,108,0
-70,-55,108,107
161,-55,108,0
6,-55,108,1
37,-55,108,0
-151,-55,108,0
-94,-55,108,0
62,-55,108,0
-173,-55,108,0
-29,-55,108,0
28,-55,108,0
-37,-55,108,53
-78,-55,108,1
143,-55,108,0
137,-55,108,0
-156,-55,108,0
-71,-55,108,64
40,-55,108,0
-61,-55,108,0
165,-55,108,0
-10,-55,108,0
-119,-55,108,0
-116,-55,108,0
-25,-55,108,0
129,-55,108,0
166,-55,108,0
-137,-55,108,0
78,-55,108,0
114,-55,108,0
-72,-55,108,94
75,-55,108,0
-69,-55,108,108
-168,-55,108,0
-140,-55,108,0
107,-55,108,0
-130,-55,108,0
-107,-55,108,0
138,-55,108,0
-40,-55,108,0
-57,-55,108,0
-143,-55,108,0
-144,-55,108,0
-35,-55,108,53
-145,-55,108,0
24,-55,108,0
-169,-55,108,0
-52,-55,108,0
-96,-55,108,0
163,-55,108,0
-109,-55,108,0
128,-55,108,0
109,-55,108,0
-142,-55,108,0
35,-55,108,0
-74,-55,108,94
-100,-55,108,0
-147,-55,108,0
-38,-55,108,53
168,-55,108,0
-93,-55,108,1
-123,-55,108,0
-99,-55,108,0
-103,-55,108,0
4,-55,108,1
-19,-55,108,0
76,-55,108,0
-85,-55,108,0
164,-55,108,0
139,-55,108,0
-175,-55,108,0
16,-55,108,0
-22,-55,108,0
-55,-55,108,0
14,-55,108,0
-20,-55,108,0
-115,-55,108,0
126,-55,108,0
-58,-55,108,0
89,-55,108,0
88,-55,108,0
-176,-55,108,0
84,-55,108,0
-139,-55,108,0
64,-55,108,0
-89,-55,108,0
81,-55,108,0
38,-55,108,0
150,-55,108,0
83,-55,108,0
87,-55,108,0
21,-55,108,0
36,-55,108,0
93,-55,108,0
141,-55,108,0
8,-55,108,0
-161,-55,108,0
103,-55,108,0
-49,-55,108,0
39,-55,108,0
-63,-55,108,61
95,-55,108,0
-80,-55,108,0
-50,-55,108,0
53,-55,108,0
71,-55,108,1
1,-55,108,0
44,-55,108,1
-101,-55,108,0
-118,-55,108,0
-8,-55,108,0
-105,-55,108,0
23,-55,108,0
-131,-55,108,0
13,-55,108,0
-163,-55,108,0
173,-55,108,0
127,-55,108,0
124,-55,108,0
-34,-55,108,0
-148,-55,108,0
-98,-55,108,0
80,-55,108,0
-42,-55,108,0
-97,-55,108,0
132,-55,108,0
-135,-55,108,0
41,-55,108,1
162,-55,108,0
-166,-55,108,0
-159,-55,108,0
115,-55,108,0
-133,-55,108,0
-126,-55,108,0
170,-55,108,0
27,-55,108,0
179,-54,108,0
-5,-54,108,0
168,-54,108,0
-86,-54,108,1
-68,-54,108,107
-124,-54,108,0
-12,-54,108,0
27,-54,108,1
70,-54,108,1
-147,-54,108,0
147,-54,108,0
-35,-54,108,53
-129,-54,108,0
-46,-54,108,0
-64,-54,108,60
68,-54,108,1
56,-54,108,0
80,-54,108,0
121,-54,108,0
-44,-54,108,0
59,-54,108,0
93,-54,108,0
-154,-54,108,0
67,-54,108,1
103,-54,108,0
-176,-54,108,0
1,-54,108,0
-162,-54,108,0
-146,-54,108,0
7,-54,108,0
55,-54,108,0
-113,-54,108,0
-18,-54,108,0
171,-54,108,0
-105,-54,108,0
-47,-54,108,0
-108,-54,108,0
130,-54,108,0
-62,-54,108,0
105,-54,108,0
-52,-54,108,0
-67,-54,108,108
137,-54,108,0
-133,-54,108,0
161,-54,108,0
150,-54,108,0
175,-54,108,0
-150,-54,108,0
34,-54,108,0
-24,-54,108,0
87,-54,108,0
81,-54,108,0
118,-54,108,0
38,-54,108,0
-7,-54,108,0
64,-54,108,0
143,-54,108,0
-34,-54,108,0
-50,-54,108,0
95,-54,108,0
50,-54,108,0
-178,-54,108,0
-172,-54,108,0
-76,-54,108,93
127,-54,108,0
63,-54,108,0
-141,-54,108,0
89,-54,108,0
31,-54,108,0
2,-54,108,0
66,-54,108,0
-57,-54,108,0
-27,-54,108,0
69,-54,108,1
-36,-54,108,53
-112,-54,108,0
-148,-54,108,0
-31,-54,108,0
24,-54,108,0
75,-54,108,0
-53,-54,108,0
113,-54,108,0
-127,-54,108,0
124,-54,108,0
-89,-54,108,0
-51,-54,108,0
119,-54,108,0
-140,-54,108,0
-2,-54,108,1
22,-54,108,0
-128,-54,108,0
-95,-54,108,0
-84,-54,108,0
117,-54,108,0
-98,-54,108,0
-109,-54,108,0
-135,-54,108,0
-174,-54,108,0
-25,-54,108,0
-75,-54,108,95
-15,-54,108,0
116,-54,108,0
157,-54,108,0
-131,-54,108,0
12,-54,108,0
134,-54,108,0
11,-54,108,0
-91,-54,108,0
-6,-54,108,0
-87,-54,108,1
-155,-54,108,0
-160,-54,108,0
16,-54,108,1
-121,-54,108,0
61,-54,108,0
17,-54,108,1
-93,-54,108,0
98,-54,108,0
-3,-54,108,1
178,-54,108,0
86,-54,108,0
3,-54,108,0
-152,-54,108,0
72,-54,108,1
-42,-54,108,0
46,-54,108,0
40,-54,108,0
92,-54,108,0
-130,-54,108,0
-117,-54,108,0
73,-54,108,1
-114,-54,108,0
-10,-54,108,0
107,-54,108,0
4,-54,108,0
43,-54,108,1
-163,-54,108,0
176,-54,108,0
-102,-54,108,0
39,-54,108,0
-82,-54,108,0
13,-54,108,0
159,-54,108,0
51,-54,108,0
29,-54,108,0
-119,-54,108,0
76,-54,108,0
-88,-54,108,0
-125,-54,108,0
-144,-54,108,0
-101,-54,108,0
122,-54,108,0
83,-54,108,0
-142,-54,108,0
54,-54,108,0
-171,-54,108,0
-8,-54,108,0
-40,-54,108,0
-120,-54,108,0
102,-54,108,0
36,-54,108,0
35,-54,108,0
112,-54,108,0
-92,-54,108,0
115,-54,108,0
60,-54,108,0
162,-54,108,0
-111,-54,108,0
-169,-54,108,0
57,-54,108,0
169,-54,108,0
-29,-54,108,0
142,-54,108,0
25,-54,108,0
172,-54,108,0
79,-54,108,0
-17,-54,108,0
-43,-54,108,0
-157,-54,108,0
-156,-54,108,0
163,-54,108,0
-33,-54,108,0
-23,-54,108,0
-166,-54,108,0
-168,-54,108,0
141,-54,108,0
145,-54,108,0
-13,-54,108,0
151,-54,108,0
-97,-54,108,0
-145,-54,108,0
138,-54,108,0
-14,-54,108,0
132,-54,108,0
-30,-54,108,0
44,-54,108,1
-167,-54,108,0
62,-54,108,0
136,-54,108,0
21,-54,108,0
-151,-54,108,0
49,-54,108,0
-149,-54,108,0
170,-54,108,0
-32,-54,108,0
111,-54,108,0
123,-54,108,0
146,-54,108,0
-138,-54,108,0
28,-54,108,0
154,-54,108,0
-179,-54,108,0
-77,-54,108,93
-137,-54,108,0
133,-54,108,0
82,-54,108,0
-55,-54,108,0
-165,-54,108,0
-49,-54,108,0
48,-54,108,0
140,-54,108,0
-22,-54,108,0
109,-54,108,0
-70,-54,108,107
-71,-54,108,108
-39,-54,108,53
167,-54,108,0
-61,-54,108,0
-126,-54,108,0
165,-54,108,0
-180,-54,108,0
-74,-54,108,95
-20,-54,108,0
0,-54,108,1
152,-54,108,0
14,-54,108,0
-170,-54,108,0
32,-54,108,0
74,-54,108,1
-80,-54,108,0
-83,-54,108,0
90,-54,108,0
-37,-54,108,53
174,-54,108,0
-69,-54,108,107
-175,-54,108,0
158,-54,108,0
153,-54,108,0
149,-54,108,0
-4,-54,108,0
126,-54,108,0
-118,-54,108,0
-85,-54,108,1
10,-54,108,0
139,-54,108,0
-122,-54,108,0
41,-54,108,1
-106,-54,108,0
-115,-54,108,0
-104,-54,108,0
101,-54,108,0
23,-54,108,0
58,-54,108,0
-48,-54,108,0
-45,-54,108,0
30,-54,108,0
156,-54,108,0
65,-54,108,0
108,-54,108,0
52,-54,108,0
88,-54,108,0
5,-54,108,0
135,-54,108,0
-9,-54,108,0
-159,-54,108,0
-100,-54,108,0
99,-54,108,0
-1,-54,108,1
173,-54,108,0
128,-54,108,0
-78,-54,108,1
-63,-54,108,0
-59,-54,108,0
45,-54,108,1
-73,-54,108,108
-58,-54,108,0
-19,-54,108,0
20,-54,108,0
-164,-54,108,0
148,-54,108,0
19,-54,108,1
-94,-54,108,0
-56,-54,108,0
129,-54,108,0
110,-54,108,0
131,-54,108,0
-90,-54,108,0
164,-54,108,0
97,-54,108,0
-158,-54,108,0
-81,-54,108,0
104,-54,108,0
-173,-54,108,0
155,-54,108,0
-134,-54,108,0
84,-54,108,0
-143,-54,108,0
-123,-54,108,0
-107,-54,108,0
-28,-54,108,0
8,-54,108,0
-79,-54,108,1
-11,-54,108,0
-153,-54,108,0
-110,-54,108,0
-54,-54,108,0
-177,-54,108,0
177,-54,108,0
33,-54,108,0
166,-54,108,0
-103,-54,108,0
-96,-54,108,0
-60,-54,108,0
15,-54,108,0
-65,-54,108,60
-161,-54,108,0
-132,-54,108,0
42,-54,108,1
94,-54,108,0
120,-54,108,0
100,-54,108,0
-66,-54,108,108
160,-54,108,0
37,-54,108,0
18,-54,108,1
-26,-54,108,0
9,-54,108,0
71,-54,108,1
-41,-54,108,0
-16,-54,108,0
-38,-54,108,53
91,-54,108,0
106,-54,108,0
144,-54,108,0
-116,-54,108,0
125,-54,108,0
6,-54,108,0
77,-54,108,0
-99,-54,108,0
-21,-54,108,0
85,-54,108,0
-72,-54,108,108
96,-54,108,0
114,-54,108,0
-139,-54,108,0
53,-54,108,0
78,-54,108,0
-136,-54,108,0
26,-54,108,1
47,-54,108,0
-80,-53,108,0
-9,-53,108,0
-60,-53,108,60
-133,-53,108,0
-53,-53,108,0
-127,-53,108,0
83,-53,108,0
-15,-53,108,0
-75,-53,108,95
-95,-53,108,0
-5,-53,108,0
113,-53,108,0
162,-53,108,0
118,-53,108,0
-4,-53,108,0
146,-53,108,0
100,-53,108,0
19,-53,108,1
54,-53,108,0
-24,-53,108,0
-117,-53,108,0
-69,-53,108,108
-124,-53,108,0
111,-53,108,0
110,-53,108,0
121,-53,108,0
37,-53,108,0
-104,-53,108,0
133,-53,108,0
86,-53,108,0
28,-53,108,1
30,-53,108,1
-11,-53,108,0
-165,-53,108,0
-28,-53,108,0
-162,-53,108,0
38,-53,108,0
-36,-53,108,0
-160,-53,108,0
176,-53,108,0
-16,-53,108,0
151,-53,108,0
-71,-53,108,108
-168,-53,108,0
-29,-53,108,0
-51,-53,108,0
-40,-53,108,0
24,-53,108,0
-66,-53,108,97
-2,-53,108,1
-130,-53,108,0
80,-53,108,0
-128,-53,108,0
175,-53,108,0
70,-53,108,1
131,-53,108,0
-31,-53,108,0
-65,-53,108,0
-87,-53,108,1
-54,-53,108,0
-14,-53,108,0
-33,-53,108,0
128,-53,108,0
-180,-53,108,0
-175,-53,108,0
-121,-53,108,0
-38,-53,108,0
58,-53,108,0
57,-53,108,0
-138,-53,108,0
98,-53,108,0
93,-53,108,0
21,-53,108,0
18,-53,108,2
-21,-53,108,0
40,-53,108,0
61,-53,108,0
74,-53,108,0
56,-53,108,0
55,-53,108,0
-137,-53,108,0
31,-53,108,0
127,-53,108,0
25,-53,108,1
-47,-53,108,0
148,-53,108,0
106,-53,108,0
-157,-53,108,0
167,-53,108,0
-78,-53,108,1
159,-53,108,0
-88,-53,108,1
-119,-53,108,0
-136,-53,108,0
-68,-53,108,108
-7,-53,108,0
-32,-53,108,0
102,-53,108,0
156,-53,108,0
166,-53,108,0
-174,-53,108,0
153,-53,108,0
109,-53,108,0
-169,-53,108,0
87,-53,108,0
-57,-53,108,0
143,-53,108,0
-167,-53,108,0
-61,-53,108,60
142,-53,108,0
41,-53,108,0
-55,-53,108,0
69,-53,108,1
123,-53,108,0
-72,-53,108,108
112,-53,108,0
-89,-53,108,1
32,-53,108,0
44,-53,108,1
-63,-53,108,0
17,-53,108,2
-58,-53,108,60
43,-53,108,1
65,-53,108,0
67,-53,108,2
169,-53,108,0
-179,-53,108,0
42,-53,108,0
22,-53,108,0
116,-53,108,0
71,-53,108,1
20,-53,108,1
7,-53,108,0
-149,-53,108,0
-97,-53,108,0
-129,-53,108,0
94,-53,108,0
53,-53,108,0
-145,-53,108,0
126,-53,108,0
141,-53,108,0
150,-53,108,0
105,-53,108,0
-13,-53,108,0
163,-53,108,0
-86,-53,108,1
-152,-53,108,0
-48,-53,108,0
-148,-53,108,0
27,-53,108,1
82,-53,108,0
-64,-53,108,0
3,-53,108,0
-161,-53,108,0
171,-53,108,0
-42,-53,108,0
75,-53,108,1
-159,-53,108,0
96,-53,108,0
145,-53,108,0
138,-53,108,0
-35,-53,108,0
95,-53,108,0
-27,-53,108,0
-46,-53,108,0
11,-53,108,0
81,-53,108,0
1,-53,108,1
161,-53,108,0
-116,-53,108,0
-82,-53,108,0
2,-53,108,0
15,-53,108,2
-158,-53,108,0
103,-53,108,0
-30,-53,108,0
85,-53,108,0
79,-53,108,0
50,-53,108,0
23,-53,108,0
-126,-53,108,0
-91,-53,108,0
-106,-53,108,0
-170,-53,108,0
-120,-53,108,0
49,-53,108,0
-23,-53,108,0
59,-53,108,0
107,-53,108,0
125,-53,108,0
-150,-53,108,0
114,-53,108,0
-153,-53,108,0
-103,-53,108,0
179,-53,108,0
-56,-53,108,0
73,-53,108,1
-70,-53,108,108
16,-53,108,2
-114,-53,108,0
34,-53,108,0
-59,-53,108,60
-92,-53,108,0
-99,-53,108,0
-123,-53,108,0
-67,-53,108,108
172,-53,108,0
60,-53,108,0
-105,-53,108,0
72,-53,108,1
-22,-53,108,0
5,-53,108,0
174,-53,108,0
134,-53,108,0
-43,-53,108,0
122,-53,108,0
-113,-53,108,0
136,-53,108,0
-18,-53,108,0
35,-53,108,0
-178,-53,108,0
-50,-53,108,0
157,-53,108,0
-125,-53,108,0
14,-53,108,0
-135,-53,108,0
48,-53,108,0
77,-53,108,0
36,-53,108,0
129,-53,108,0
-25,-53,108,0
-109,-53,108,0
-112,-53,108,0
104,-53,108,0
10,-53,108,0
-12,-53,108,0
9,-53,108,0
-164,-53,108,0
8,-53,108,0
4,-53,108,0
-76,-53,108,93
-177,-53,108,0
-26,-53,108,0
-166,-53,108,0
88,-53,108,0
78,-53,108,0
6,-53,108,0
89,-53,108,0
160,-53,108,0
-155,-53,108,0
39,-53,108,0
52,-53,108,0
29,-53,108,1
-34,-53,108,0
-163,-53,108,0
168,-53,108,0
63,-53,108,0
120,-53,108,0
-154,-53,108,0
132,-53,108,0
-140,-53,108,0
147,-53,108,0
-146,-53,108,0
135,-53,108,0
158,-53,108,0
-173,-53,108,0
165,-53,108,0
-100,-53,108,0
-49,-53,108,0
117,-53,108,0
13,-53,108,0
139,-53,108,0
84,-53,108,0
90,-53,108,0
-94,-53,108,0
-62,-53,108,60
-107,-53,108,0
-73,-53,108,108
154,-53,108,0
-101,-53,108,0
-102,-53,108,0
92,-53,108,0
-85,-53,108,1
-118,-53,108,0
-151,-53,108,0
-142,-53,108,0
-74,-53,108,95
-110,-53,108,0
140,-53,108,0
-141,-53,108,0
-8,-53,108,0
-90,-53,108,0
-37,-53,108,0
-171,-53,108,0
-39,-53,108,0
-17,-53,108,0
-10,-53,108,0
-84,-53,108,0
-122,-53,108,0
-96,-53,108,0
-115,-53,108,0
51,-53,108,0
164,-53,108,0
124,-53,108,0
144,-53,108,0
-172,-53,108,0
178,-53,108,0
-52,-53,108,0
-45,-53,108,0
155,-53,108,0
-139,-53,108,0
-156,-53,108,0
137,-53,108,0
-144,-53,108,0
26,-53,108,1
170,-53,108,0
119,-53,108,0
-93,-53,108,0
66,-53,108,0
-134,-53,108,0
-98,-53,108,0
115,-53,108,0
101,-53,108,0
12,-53,108,0
108,-53,108,0
91,-53,108,0
-77,-53,108,93
-20,-53,108,0
76,-53,108,0
-3,-53,108,1
-81,-53,108,0
64,-53,108,0
-79,-53,108,1
-132,-53,108,0
-44,-53,108,0
46,-53,108,0
45,-53,108,1
152,-53,108,0
68,-53,108,1
-147,-53,108,0
47,-53,108,0
-108,-53,108,0
33,-53,108,0
-6,-53,108,0
0,-53,108,1
130,-53,108,0
-83,-53,108,0
-111,-53,108,0
-1,-53,108,1
173,-53,108,0
-19,-53,108,0
177,-53,108,0
62,-53,108,0
-143,-53,108,0
-41,-53,108,0
99,-53,108,0
-131,-53,108,0
97,-53,108,0
149,-53,108,0
-176,-53,108,0
119,-52,108,0
-151,-52,108,0
46,-52,108,0
117,-52,108,0
-90,-52,108,0
155,-52,108,0
-68,-52,108,108
149,-52,108,0
-131,-52,108,0
47,-52,108,0
-149,-52,108,0
-59,-52,108,60
68,-52,108,2
66,-52,108,2
-18,-52,108,0
151,-52,108,0
27,-52,108,1
53,-52,108,0
-122,-52,108,0
-153,-52,108,0
131,-52,108,0
-87,-52,108,1
-118,-52,108,0
-26,-52,108,0
-24,-52,108,0
-86,-52,108,1
6,-52,108,0
-62,-52,108,60
-91,-52,108,0
-142,-52,108,0
-156,-52,108,0
120,-52,108,0
98,-52,108,0
139,-52,108,0
65,-52,108,0
-66,-52,108,97
-95,-52,108,0
-150,-52,108,0
35,-52,108,0
-160,-52,108,0
-23,-52,108,0
-168,-52,108,0
56,-52,108,0
-92,-52,108,0
96,-52,108,0
28,-52,108,1
2,-52,108,0
111,-52,108,0
172,-52,108,0
-148,-52,108,0
-80,-52,108,1
49,-52,108,0
136,-52,108,0
-36,-52,108,0
-143,-52,108,0
4,-52,108,0
-75,-52,108,93
138,-52,108,0
-104,-52,108,0
115,-52,108,0
-133,-52,108,0
153,-52,108,0
-74,-52,108,93
125,-52,108,0
-136,-52,108,0
158,-52,108,0
147,-52,108,0
34,-52,108,0
-10,-52,108,0
61,-52,108,1
-9,-52,108,0
41,-52,108,0
-53,-52,108,0
-47,-52,108,0
142,-52,108,0
167,-52,108,0
129,-52,108,0
95,-52,108,0
121,-52,108,0
17,-52,108,2
107,-52,108,0
-64,-52,108,33
106,-52,108,0
-117,-52,108,0
-22,-52,108,0
59,-52,108,0
127,-52,108,0
178,-52,108,0
40,-52,108,0
-11,-52,108,0
124,-52,108,0
-78,-52,108,82
-73,-52,108,108
76,-52,108,1
122,-52,108,0
-44,-52,108,0
-35,-52,108,0
62,-52,108,0
-155,-52,108,0
88,-52,108,0
-79,-52,108,1
42,-52,108,0
133,-52,108,0
-93,-52,108,0
137,-52,108,0
-51,-52,108,0
-19,-52,108,0
-170,-52,108,0
165,-52,108,0
-13,-52,108,0
-120,-52,108,0
-94,-52,108,0
132,-52,108,0
170,-52,108,0
112,-52,108,0
-161,-52,108,0
-58,-52,108,60
-101,-52,108,0
26,-52,108,1
-89,-52,108,1
48,-52,108,0
18,-52,108,2
63,-52,108,0
-178,-52,108,0
-1,-52,108,1
-42,-52,108,0
135,-52,108,0
15,-52,108,2
-54,-52,108,0
-3,-52,108,0
75,-52,108,2
-125,-52,108,0
-171,-52,108,0
-97,-52,108,0
-33,-52,108,0
110,-52,108,0
-14,-52,108,0
-137,-52,108,0
-88,-52,108,1
57,-52,108,0
-135,-52,108,0
-119,-52,108,0
-108,-52,108,0
87,-52,108,0
99,-52,108,0
-65,-52,108,0
-41,-52,108,0
-173,-52,108,0
-144,-52,108,0
-45,-52,108,0
-147,-52,108,0
-121,-52,108,0
14,-52,108,0
-37,-52,108,0
-98,-52,108,0
-7,-52,108,0
33,-52,108,0
-82,-52,108,0
-40,-52,108,0
-111,-52,108,0
105,-52,108,0
-114,-52,108,0
-12,-52,108,0
77,-52,108,1
69,-52,108,2
-34,-52,108,0
-132,-52,108,0
103,-52,108,0
-129,-52,108,0
173,-52,108,0
-30,-52,108,0
37,-52,108,0
31,-52,108,0
-4,-52,108,0
21,-52,108,0
179,-52,108,0
81,-52,108,0
45,-52,108,0
113,-52,108,0
-55,-52,108,0
-5,-52,108,0
-146,-52,108,0
84,-52,108,0
38,-52,108,0
-167,-52,108,0
177,-52,108,0
36,-52,108,0
164,-52,108,0
-102,-52,108,0
123,-52,108,0
-84,-52,108,0
160,-52,108,0
-56,-52,108,0
-57,-52,108,0
-20,-52,108,0
-107,-52,108,0
22,-52,108,0
-38,-52,108,0
10,-52,108,0
-99,-52,108,0
-31,-52,108,0
60,-52,108,1
141,-52,108,0
-100,-52,108,0
-141,-52,108,0
-96,-52,108,0
-180,-52,108,0
-127,-52,108,0
1,-52,108,1
-174,-52,108,0
102,-52,108,0
-164,-52,108,0
-52,-52,108,0
-2,-52,108,0
169,-52,108,0
130,-52,108,0
8,-52,108,0
-158,-52,108,0
134,-52,108,0
79,-52,108,0
-116,-52,108,0
80,-52,108,0
51,-52,108,0
91,-52,108,0
73,-52,108,2
58,-52,108,0
78,-52,108,1
12,-52,108,0
-8,-52,108,0
100,-52,108,0
148,-52,108,0
163,-52,108,0
-48,-52,108,0
101,-52,108,0
-172,-52,108,0
32,-52,108,0
-60,-52,108,60
86,-52,108,0
-83,-52,108,0
-15,-52,108,0
-43,-52,108,0
11,-52,108,0
175,-52,108,0
93,-52,108,0
72,-52,108,2
159,-52,108,0
-126,-52,108,0
-69,-52,108,108
-152,-52,108,0
50,-52,108,0
70,-52,108,38
-46,-52,108,0
-165,-52,108,0
7,-52,108,0
152,-52,108,0
92,-52,108,0
5,-52,108,0
67,-52,108,2
118,-52,108,0
-67,-52,108,108
-85,-52,108,0
-27,-52,108,0
-162,-52,108,0
-103,-52,108,0
166,-52,108,0
-21,-52,108,0
-138,-52,108,0
54,-52,108,0
-139,-52,108,0
-159,-52,108,0
140,-52,108,0
55,-52,108,0
-169,-52,108,0
-6,-52,108,0
83,-52,108,0
89,-52,108,0
3,-52,108,0
-163,-52,108,0
174,-52,108,0
-16,-52,108,0
16,-52,108,2
-123,-52,108,0
24,-52,108,0
64,-52,108,0
19,-52,108,2
-175,-52,108,0
85,-52,108,0
74,-52,108,2
43,-52,108,0
104,-52,108,0
-113,-52,108,0
23,-52,108,0
176,-52,108,0
13,-52,108,0
154,-52,108,0
-28,-52,108,0
-130,-52,108,0
145,-52,108,0
-49,-52,108,0
-128,-52,108,0
82,-52,108,0
39,-52,108,0
94,-52,108,0
108,-52,108,0
-63,-52,108,1
162,-52,108,0
109,-52,108,0
-50,-52,108,0
-110,-52,108,0
-115,-52,108,0
-134,-52,108,0
-166,-52,108,0
-32,-52,108,0
-77,-52,108,93
9,-52,108,0
-177,-52,108,0
-154,-52,108,0
-29,-52,108,0
44,-52,108,0
150,-52,108,0
143,-52,108,0
-176,-52,108,0
97,-52,108,0
171,-52,108,0
-109,-52,108,0
156,-52,108,0
-61,-52,108,60
157,-52,108,0
-140,-52,108,0
-17,-52,108,0
29,-52,108,1
-112,-52,108,0
-39,-52,108,0
90,-52,108,0
-179,-52,108,0
128,-52,108,0
-25,-52,108,0
-145,-52,108,0
52,-52,108,0
161,-52,108,0
71,-52,108,1
-157,-52,108,0
30,-52,108,0
0,-52,108,1
-105,-52,108,0
-76,-52,108,93
168,-52,108,0
25,-52,108,1
-81,-52,108,0
116,-52,108,0
114,-52,108,0
126,-52,108,0
146,-52,108,0
-70,-52,108,108
144,-52,108,0
-106,-52,108,0
-124,-52,108,0
20,-52,108,0
-144,-51,108,0
179,-51,108,0
93,-51,108,0
62,-51,108,1
135,-51,108,0
-174,-51,108,0
177,-51,108,0
-20,-51,108,0
-110,-51,108,0
39,-51,108,0
-93,-51,108,0
53,-51,108,0
127,-51,108,0
138,-51,108,0
-121,-51,108,0
122,-51,108,0
-100,-51,108,0
-21,-51,108,0
35,-51,108,0
-27,-51,108,0
91,-51,108,0
-14,-51,108,0
-172,-51,108,0
-8,-51,108,0
17,-51,108,2
88,-51,108,0
-18,-51,108,0
-77,-51,108,93
-140,-51,108,0
-82,-51,108,0
100,-51,108,0
-175,-51,108,0
79,-51,108,0
-67,-51,108,102
43,-51,108,0
-89,-51,108,0
70,-51,108,42
-53,-51,108,0
141,-51,108,0
125,-51,108,0
175,-51,108,0
-142,-51,108,0
-86,-51,108,0
-52,-51,108,0
20,-51,108,0
121,-51,108,0
176,-51,108,0
30,-51,108,0
-37,-51,108,0
-126,-51,108,0
-166,-51,108,0
42,-51,108,0
-125,-51,108,0
69,-51,108,40
23,-51,108,0
18,-51,108,2
66,-51,108,2
-132,-51,108,0
12,-51,108,0
-129,-51,108,0
-29,-51,108,0
-106,-51,108,0
-49,-51,108,0
-161,-51,108,0
-178,-51,108,0
77,-51,108,1
-12,-51,108,0
-45,-51,108,0
161,-51,108,0
120,-51,108,0
-70,-51,108,108
92,-51,108,0
90,-51,108,0
-177,-51,108,0
153,-51,108,0
-103,-51,108,0
-163,-51,108,0
-158,-51,108,0
-164,-51,108,0
28,-51,108,1
107,-51,108,0
-94,-51,108,0
81,-51,108,0
0,-51,108,0
56,-51,108,0
159,-51,108,0
134,-51,108,0
-141,-51,108,0
-136,-51,108,0
-76,-51,108,93
-25,-51,108,0
-180,-51,108,0
-64,-51,108,33
-149,-51,108,0
155,-51,108,0
-173,-51,108,0
-39,-51,108,0
160,-51,108,0
15,-51,108,2
-130,-51,108,0
71,-51,108,41
-32,-51,108,0
2,-51,108,0
-43,-51,108,0
-101,-51,108,0
-157,-51,108,0
-138,-51,108,0
-6,-51,108,0
126,-51,108,0
-127,-51,108,0
119,-51,108,0
9,-51,108,0
-80,-51,108,1
55,-51,108,0
-117,-51,108,0
-10,-51,108,0
-153,-51,108,0
171,-51,108,0
5,-51,108,0
-113,-51,108,0
-143,-51,108,0
-55,-51,108,0
-118,-51,108,0
-104,-51,108,0
-50,-51,108,0
-34,-51,108,0
-78,-51,108,93
-115,-51,108,0
110,-51,108,0
131,-51,108,0
94,-51,108,0
-111,-51,108,0
-152,-51,108,0
-24,-51,108,0
-65,-51,108,90
97,-51,108,0
49,-51,108,0
-179,-51,108,0
26,-51,108,1
132,-51,108,0
-60,-51,108,60
-13,-51,108,0
-63,-51,108,33
-87,-51,108,0
-26,-51,108,0
16,-51,108,2
-123,-51,108,0
-137,-51,108,0
-22,-51,108,0
96,-51,108,0
-59,-51,108,1
32,-51,108,0
78,-51,108,1
-95,-51,108,0
-169,-51,108,0
164,-51,108,0
65,-51,108,1
-131,-51,108,0
59,-51,108,1
162,-51,108,0
118,-51,108,0
64,-51,108,1
63,-51,108,1
156,-51,108,0
152,-51,108,0
76,-51,108,2
137,-51,108,0
-108,-51,108,0
-23,-51,108,0
-5,-51,108,0
-36,-51,108,0
-159,-51,108,0
-54,-51,108,0
109,-51,108,0
-107,-51,108,0
104,-51,108,0
38,-51,108,0
117,-51,108,0
-176,-51,108,0
112,-51,108,0
-88,-51,108,0
83,-51,108,0
22,-51,108,0
115,-51,108,0
123,-51,108,0
146,-51,108,0
168,-51,108,0
-9,-51,108,0
147,-51,108,0
166,-51,108,0
-148,-51,108,0
4,-51,108,0
85,-51,108,0
86,-51,108,0
-97,-51,108,0
136,-51,108,0
173,-51,108,0
144,-51,108,0
-85,-51,108,0
21,-51,108,0
-11,-51,108,0
-44,-51,108,0
130,-51,108,0
58,-51,108,0
-99,-51,108,0
48,-51,108,0
-81,-51,108,0
-135,-51,108,0
57,-51,108,0
-66,-51,108,90
-151,-51,108,0
13,-51,108,0
-109,-51,108,0
-57,-51,108,0
33,-51,108,0
-171,-51,108,0
68,-51,108,40
-160,-51,108,0
-41,-51,108,0
-47,-51,108,0
102,-51,108,0
103,-51,108,0
105,-51,108,0
98,-51,108,0
-134,-51,108,0
151,-51,108,0
67,-51,108,40
145,-51,108,0
-145,-51,108,0
-105,-51,108,0
108,-51,108,0
-150,-51,108,0
150,-51,108,0
165,-51,108,0
-128,-51,108,0
61,-51,108,1
25,-51,108,1
-19,-51,108,0
-75,-51,108,93
-62,-51,108,1
114,-51,108,0
172,-51,108,0
29,-51,108,1
8,-51,108,0
-61,-51,108,60
-165,-51,108,0
-122,-51,108,0
-92,-51,108,0
36,-51,108,0
-30,-51,108,0
129,-51,108,0
-147,-51,108,0
-69,-51,108,108
-119,-51,108,0
87,-51,108,0
37,-51,108,0
-68,-51,108,108
-40,-51,108,0
54,-51,108,0
-28,-51,108,0
60,-51,108,1
-98,-51,108,0
-2,-51,108,0
116,-51,108,0
-84,-51,108,0
46,-51,108,0
-74,-51,108,93
-133,-51,108,0
-170,-51,108,0
-42,-51,108,0
45,-51,108,0
-162,-51,108,0
163,-51,108,0
47,-51,108,0
149,-51,108,0
111,-51,108,0
44,-51,108,0
7,-51,108,0
84,-51,108,0
14,-51,108,2
-114,-51,108,0
6,-51,108,0
-31,-51,108,0
24,-51,108,1
-3,-51,108,0
-79,-51,108,1
124,-51,108,0
-16,-51,108,0
95,-51,108,0
74,-51,108,2
140,-51,108,0
-155,-51,108,0
41,-51,108,0
169,-51,108,0
-116,-51,108,0
-1,-51,108,0
3,-51,108,0
-46,-51,108,0
178,-51,108,0
-83,-51,108,0
-35,-51,108,0
-33,-51,108,0
-56,-51,108,0
-146,-51,108,0
82,-51,108,0
133,-51,108,0
128,-51,108,0
52,-51,108,0
72,-51,108,2
40,-51,108,0
-124,-51,108,0
157,-51,108,0
75,-51,108,2
-154,-51,108,0
174,-51,108,0
101,-51,108,0
99,-51,108,0
-156,-51,108,0
139,-51,108,0
-167,-51,108,0
-91,-51,108,0
31,-51,108,0
170,-51,108,0
-168,-51,108,0
-139,-51,108,0
167,-51,108,0
80,-51,108,0
154,-51,108,0
-17,-51,108,0
-58,-51,108,0
19,-51,108,0
-102,-51,108,0
11,-51,108,0
73,-51,108,2
-120,-51,108,0
27,-51,108,1
148,-51,108,0
-90,-51,108,0
-51,-51,108,0
113,-51,108,0
10,-51,108,0
50,-51,108,0
142,-51,108,0
-4,-51,108,0
51,-51,108,0
89,-51,108,0
34,-51,108,0
-96,-51,108,0
-112,-51,108,0
-15,-51,108,0
143,-51,108,0
-48,-51,108,0
1,-51,108,0
158,-51,108,0
106,-51,108,0
-7,-51,108,0
-38,-51,108,0
132,-50,108,0
34,-50,108,0
-111,-50,108,0
-18,-50,108,0
102,-50,108,0
-12,-50,108,0
-152,-50,108,0
-9,-50,108,0
65,-50,108,2
-67,-50,108,108
-161,-50,108,0
115,-50,108,0
-62,-50,108,1
158,-50,108,0
-74,-50,108,55
166,-50,108,0
177,-50,108,0
-22,-50,108,0
116,-50,108,0
-132,-50,108,0
-35,-50,108,1
146,-50,108,0
-142,-50,108,0
-108,-50,108,0
-158,-50,108,0
124,-50,108,0
171,-50,108,0
84,-50,108,0
-77,-50,108,85
44,-50,108,0
-179,-50,108,0
118,-50,108,0
8,-50,108,0
14,-50,108,1
131,-50,108,0
-32,-50,108,0
-174,-50,108,0
-6,-50,108,0
51,-50,108,0
-107,-50,108,0
31,-50,108,0
-10,-50,108,0
-156,-50,108,0
-175,-50,108,0
-52,-50,108,0
68,-50,108,42
-97,-50,108,0
113,-50,108,0
70,-50,108,41
55,-50,108,0
85,-50,108,0
39,-50,108,0
-121,-50,108,0
-7,-50,108,0
82,-50,108,0
93,-50,108,0
-53,-50,108,0
17,-50,108,2
-96,-50,108,0
-49,-50,108,0
-59,-50,108,1
50,-50,108,0
-134,-50,108,0
-177,-50,108,0
23,-50,108,0
-125,-50,108,0
40,-50,108,0
110,-50,108,0
77,-50,108,1
-149,-50,108,0
153,-50,108,0
120,-50,108,0
79,-50,108,0
5,-50,108,0
-58,-50,108,1
133,-50,108,0
-100,-50,108,0
156,-50,108,0
-65,-50,108,90
36,-50,108,0
80,-50,108,0
144,-50,108,0
41,-50,108,0
-25,-50,108,0
-89,-50,108,0
63,-50,108,1
-14,-50,108,0
170,-50,108,0
42,-50,108,0
-173,-50,108,0
-68,-50,108,108
-171,-50,108,0
126,-50,108,0
2,-50,108,0
48,-50,108,0
-78,-50,108,34
-166,-50,108,0
-130,-50,108,0
-44,-50,108,0
111,-50,108,0
43,-50,108,0
28,-50,108,1
-63,-50,108,33
-135,-50,108,0
-98,-50,108,0
-38,-50,108,1
-141,-50,108,0
25,-50,108,1
62,-50,108,1
-154,-50,108,0
-153,-50,108,0
134,-50,108,0
150,-50,108,0
119,-50,108,0
-146,-50,108,0
-92,-50,108,0
6,-50,108,0
-61,-50,108,1
148,-50,108,0
-19,-50,108,0
121,-50,108,0
149,-50,108,0
-2,-50,108,0
-151,-50,108,0
167,-50,108,0
-17,-50,108,0
-81,-50,108,0
78,-50,108,0
141,-50,108,0
122,-50,108,0
32,-50,108,0
-164,-50,108,0
-30,-50,108,0
74,-50,108,2
-1,-50,108,0
-144,-50,108,0
-27,-50,108,0
4,-50,108,0
-39,-50,108,0
64,-50,108,1
-133,-50,108,0
151,-50,108,0
-86,-50,108,0
173,-50,108,0
-23,-50,108,0
-36,-50,108,1
-26,-50,108,0
104,-50,108,0
-47,-50,108,0
137,-50,108,0
100,-50,108,0
38,-50,108,0
96,-50,108,0
-131,-50,108,0
-37,-50,108,1
46,-50,108,0
37,-50,108,0
-162,-50,108,0
10,-50,108,0
-122,-50,108,0
-29,-50,108,0
24,-50,108,1
-180,-50,108,0
-168,-50,108,0
-116,-50,108,0
0,-50,108,0
139,-50,108,0
168,-50,108,0
-117,-50,108,0
-120,-50,108,0
164,-50,108,0
-99,-50,108,0
-148,-50,108,0
52,-50,108,0
109,-50,108,0
13,-50,108,0
-34,-50,108,1
127,-50,108,0
-147,-50,108,0
-139,-50,108,0
-109,-50,108,0
20,-50,108,0
136,-50,108,0
94,-50,108,0
-20,-50,108,0
101,-50,108,0
-55,-50,108,0
47,-50,108,0
-87,-50,108,0
107,-50,108,0
-84,-50,108,0
1,-50,108,0
-106,-50,108,0
160,-50,108,0
-69,-50,108,108
-136,-50,108,0
-15,-50,108,0
61,-50,108,1
-172,-50,108,0
56,-50,108,0
91,-50,108,0
-91,-50,108,0
69,-50,108,42
-76,-50,108,93
90,-50,108,0
169,-50,108,0
176,-50,108,0
-105,-50,108,0
-124,-50,108,0
-54,-50,108,0
-11,-50,108,0
71,-50,108,40
-143,-50,108,0
-127,-50,108,0
106,-50,108,0
73,-50,108,2
11,-50,108,0
-46,-50,108,0
-129,-50,108,0
-114,-50,108,0
-145,-50,108,0
-80,-50,108,0
-95,-50,108,0
-163,-50,108,0
86,-50,108,0
66,-50,108,2
-112,-50,108,0
103,-50,108,0
72,-50,108,2
112,-50,108,0
-40,-50,108,0
18,-50,108,2
175,-50,108,0
27,-50,108,1
-170,-50,108,0
-138,-50,108,0
81,-50,108,0
75,-50,108,2
165,-50,108,0
-75,-50,108,93
162,-50,108,0
-178,-50,108,0
-43,-50,108,0
-41,-50,108,0
-90,-50,108,0
88,-50,108,0
-50,-50,108,0
16,-50,108,2
105,-50,108,0
130,-50,108,0
-110,-50,108,0
163,-50,108,0
-56,-50,108,0
-51,-50,108,0
159,-50,108,0
99,-50,108,0
-66,-50,108,90
-118,-50,108,0
-64,-50,108,33
-88,-50,108,0
9,-50,108,0
-79,-50,108,33
45,-50,108,0
129,-50,108,0
33,-50,108,0
-102,-50,108,0
-83,-50,108,0
-42,-50,108,0
161,-50,108,0
-126,-50,108,0
87,-50,108,0
147,-50,108,0
174,-50,108,0
-115,-50,108,0
-60,-50,108,1
-101,-50,108,0
145,-50,108,0
83,-50,108,0
-8,-50,108,0
-167,-50,108,0
-140,-50,108,0
-128,-50,108,0
142,-50,108,0
-123,-50,108,0
3,-50,108,0
-176,-50,108,0
-165,-50,108,0
-157,-50,108,0
19,-50,108,0
123,-50,108,0
-93,-50,108,0
98,-50,108,0
95,-50,108,0
97,-50,108,0
59,-50,108,1
-119,-50,108,0
-85,-50,108,0
15,-50,108,2
22,-50,108,0
-5,-50,108,0
155,-50,108,0
-94,-50,108,0
49,-50,108,0
92,-50,108,0
154,-50,108,0
-137,-50,108,0
54,-50,108,0
-33,-50,108,0
172,-50,108,0
-160,-50,108,0
60,-50,108,1
-159,-50,108,0
-4,-50,108,0
135,-50,108,0
35,-50,108,0
53,-50,108,0
-16,-50,108,0
117,-50,108,0
57,-50,108,0
157,-50,108,0
114,-50,108,0
-169,-50,108,0
21,-50,108,0
-82,-50,108,0
26,-50,108,1
7,-50,108,0
29,-50,108,0
125,-50,108,0
-150,-50,108,0
138,-50,108,0
-3,-50,108,0
179,-50,108,0
89,-50,108,0
30,-50,108,0
128,-50,108,0
143,-50,108,0
67,-50,108,42
-104,-50,108,0
-103,-50,108,0
-13,-50,108,0
-28,-50,108,0
-113,-50,108,0
-24,-50,108,0
58,-50,108,0
152,-50,108,0
-21,-50,108,0
-48,-50,108,0
-45,-50,108,0
108,-50,108,0
76,-50,108,1
178,-50,108,0
-155,-50,108,0
-57,-50,108,0
-31,-50,108,0
140,-50,108,0
12,-50,108,0
-63,-49,108,33
-68,-49,108,108
146,-49,108,0
-57,-49,108,0
158,-49,108,0
88,-49,108,0
123,-49,108,0
-145,-49,108,0
119,-49,108,0
-170,-49,108,0
12,-49,108,0
96,-49,108,0
55,-49,108,0
-146,-49,108,0
-65,-49,108,90
-61,-49,108,1
-142,-49,108,0
-156,-49,108,0
155,-49,108,0
-130,-49,108,0
-125,-49,108,0
100,-49,108,0
90,-49,108,0
8,-49,108,0
-101,-49,108,0
159,-49,108,0
95,-49,108,0
131,-49,108,0
-44,-49,108,0
152,-49,108,0
91,-49,108,0
-158,-49,108,0
156,-49,108,0
129,-49,108,0
-113,-49,108,0
23,-49,108,0
-129,-49,108,0
49,-49,108,0
71,-49,108,40
46,-49,108,0
56,-49,108,0
54,-49,108,0
10,-49,108,0
113,-49,108,0
1,-49,108,0
115,-49,108,0
-122,-49,108,0
-23,-49,108,0
-16,-49,108,0
62,-49,108,1
-58,-49,108,1
-111,-49,108,0
6,-49,108,0
-166,-49,108,0
98,-49,108,0
104,-49,108,0
-135,-49,108,0
-92,-49,108,0
92,-49,108,0
109,-49,108,0
28,-49,108,0
-54,-49,108,0
-30,-49,108,0
-86,-49,108,0
22,-49,108,0
-62,-49,108,33
-4,-49,108,0
-96,-49,108,0
125,-49,108,0
68,-49,108,40
-123,-49,108,0
-179,-49,108,0
133,-49,108,0
63,-49,108,1
-127,-49,108,0
-78,-49,108,71
-154,-49,108,0
147,-49,108,0
-31,-49,108,0
-74,-49,108,105
-100,-49,108,0
17,-49,108,1
-119,-49,108,0
-15,-49,108,0
101,-49,108,0
-82,-49,108,0
-176,-49,108,0
177,-49,108,0
-21,-49,108,0
148,-49,108,0
31,-49,108,0
-139,-49,108,0
-175,-49,108,0
45,-49,108,0
151,-49,108,0
52,-49,108,0
-8,-49,108,0
15,-49,108,1
-51,-49,108,0
-136,-49,108,0
-124,-49,108,0
-165,-49,108,0
24,-49,108,0
-97,-49,108,0
35,-49,108,0
-13,-49,108,0
107,-49,108,0
-79,-49,108,33
-43,-49,108,0
153,-49,108,0
-103,-49,108,0
-35,-49,108,1
-172,-49,108,0
-118,-49,108,0
-42,-49,108,0
136,-49,108,0
157,-49,108,0
-93,-49,108,0
165,-49,108,98
-17,-49,108,0
83,-49,108,0
-114,-49,108,0
-55,-49,108,0
73,-49,108,2
128,-49,108,0
-80,-49,108,33
36,-49,108,1
168,-49,108,0
-47,-49,108,0
47,-49,108,0
-168,-49,108,0
-32,-49,108,0
-169,-49,108,0
14,-49,108,0
16,-49,108,1
38,-49,108,1
39,-49,108,0
89,-49,108,0
-117,-49,108,0
87,-49,108,0
60,-49,108,1
86,-49,108,0
-167,-49,108,0
134,-49,108,0
171,-49,108,0
143,-49,108,0
-46,-49,108,0
-9,-49,108,0
-133,-49,108,0
58,-49,108,1
84,-49,108,0
-88,-49,108,0
-83,-49,108,0
-152,-49,108,0
-2,-49,108,0
-160,-49,108,0
110,-49,108,0
-153,-49,108,0
34,-49,108,0
97,-49,108,0
-138,-49,108,0
137,-49,108,0
-161,-49,108,0
37,-49,108,1
18,-49,108,0
77,-49,108,1
2,-49,108,0
167,-49,108,0
-87,-49,108,0
160,-49,108,0
66,-49,108,2
150,-49,108,0
-11,-49,108,0
-84,-49,108,0
127,-49,108,0
41,-49,108,0
-18,-49,108,0
-81,-49,108,0
-52,-49,108,0
-121,-49,108,0
20,-49,108,0
-148,-49,108,0
-5,-49,108,0
-128,-49,108,0
144,-49,108,0
42,-49,108,0
-120,-49,108,0
-33,-49,108,0
82,-49,108,0
-106,-49,108,0
169,-49,108,0
-6,-49,108,0
-85,-49,108,0
-1,-49,108,0
81,-49,108,0
43,-49,108,0
174,-49,108,0
139,-49,108,0
-98,-49,108,0
-49,-49,108,0
126,-49,108,0
149,-49,108,0
164,-49,108,0
173,-49,108,0
-48,-49,108,0
-116,-49,108,0
75,-49,108,2
64,-49,108,1
57,-49,108,0
135,-49,108,0
-157,-49,108,0
-45,-49,108,0
138,-49,108,0
30,-49,108,0
79,-49,108,0
141,-49,108,0
93,-49,108,0
-60,-49,108,1
103,-49,108,0
-66,-49,108,102
108,-49,108,0
-134,-49,108,0
-40,-49,108,0
-50,-49,108,0
-110,-49,108,0
13,-49,108,0
-67,-49,108,108
-7,-49,108,0
142,-49,108,0
178,-49,108,0
-140,-49,108,0
145,-49,108,0
106,-49,108,0
80,-49,108,0
-151,-49,108,0
163,-49,108,0
118,-49,108,0
172,-49,108,0
121,-49,108,0
99,-49,108,0
117,-49,108,0
-27,-49,108,0
-26,-49,108,0
69,-49,108,40
33,-49,108,0
-94,-49,108,0
32,-49,108,0
-64,-49,108,90
7,-49,108,0
53,-49,108,0
29,-49,108,0
-10,-49,108,0
154,-49,108,0
-171,-49,108,0
-56,-49,108,0
67,-49,108,40
-141,-49,108,0
-126,-49,108,0
-147,-49,108,0
-164,-49,108,0
-115,-49,108,0
105,-49,108,0
124,-49,108,0
70,-49,108,39
120,-49,108,0
170,-49,108,0
-91,-49,108,0
122,-49,108,0
-39,-49,108,0
-149,-49,108,0
-155,-49,108,0
78,-49,108,1
-36,-49,108,1
-75,-49,108,105
-95,-49,108,0
74,-49,108,2
132,-49,108,0
166,-49,108,0
-150,-49,108,0
-29,-49,108,0
0,-49,108,0
-163,-49,108,0
-143,-49,108,0
102,-49,108,0
59,-49,108,1
72,-49,108,2
51,-49,108,0
-59,-49,108,1
111,-49,108,0
-144,-49,108,0
44,-49,108,0
-24,-49,108,0
-53,-49,108,0
-25,-49,108,0
61,-49,108,1
21,-49,108,0
161,-49,108,0
-131,-49,108,0
-159,-49,108,0
-177,-49,108,0
85,-49,108,0
-108,-49,108,0
9,-49,108,0
-12,-49,108,0
-104,-49,108,0
-180,-49,108,0
-3,-49,108,0
-178,-49,108,0
-99,-49,108,0
112,-49,108,0
176,-49,108,0
-38,-49,108,0
-28,-49,108,0
175,-49,108,0
40,-49,108,0
65,-49,108,2
-34,-49,108,1
19,-49,108,0
140,-49,108,0
-20,-49,108,0
27,-49,108,1
26,-49,108,0
-102,-49,108,0
4,-49,108,0
76,-49,108,1
-77,-49,108,88
179,-49,108,0
-76,-49,108,88
-137,-49,108,0
-112,-49,108,0
-41,-49,108,0
-90,-49,108,0
130,-49,108,0
5,-49,108,0
11,-49,108,0
3,-49,108,0
-132,-49,108,0
25,-49,108,0
-19,-49,108,0
-173,-49,108,0
-105,-49,108,0
162,-49,108,0
-14,-49,108,0
-107,-49,108,0
48,-49,108,0
94,-49,108,0
116,-49,108,0
-37,-49,108,1
114,-49,108,0
-22,-49,108,0
50,-49,108,0
-109,-49,108,0
-89,-49,108,0
-162,-49,108,0
-174,-49,108,0
-134,-48,108,0
-28,-48,108,0
-141,-48,108,0
-104,-48,108,0
130,-48,108,0
9,-48,108,0
110,-48,108,0
2,-48,108,0
-116,-48,108,0
-142,-48,108,0
109,-48,108,0
144,-48,108,0
64,-48,108,1
43,-48,108,0
99,-48,108,0
-106,-48,108,0
50,-48,108,0
135,-48,108,0
-159,-48,108,0
129,-48,108,0
-97,-48,108,0
-3,-48,108,0
-90,-48,108,0
27,-48,108,0
-17,-48,108,0
-136,-48,108,0
-49,-48,108,0
-26,-48,108,0
-12,-48,108,0
80,-48,108,0
84,-48,108,0
-152,-48,108,0
113,-48,108,0
-154,-48,108,0
136,-48,108,0
-35,-48,108,0
-131,-48,108,0
-75,-48,108,106
-177,-48,108,0
68,-48,108,40
47,-48,108,0
37,-48,108,2
63,-48,108,1
-31,-48,108,0
45,-48,108,0
151,-48,108,0
-6,-48,108,0
128,-48,108,0
179,-48,108,0
-11,-48,108,0
-112,-48,108,0
-94,-48,108,0
145,-48,108,0
-124,-48,108,0
33,-48,108,0
156,-48,108,0
-96,-48,108,0
8,-48,108,0
138,-48,108,0
-137,-48,108,0
-22,-48,108,0
-111,-48,108,0
140,-48,108,0
123,-48,108,0
51,-48,108,0
164,-48,108,0
-83,-48,108,0
87,-48,108,0
-74,-48,108,106
-37,-48,108,0
112,-48,108,0
62,-48,108,1
5,-48,108,0
-132,-48,108,0
-30,-48,108,0
-39,-48,108,0
-149,-48,108,0
85,-48,108,0
30,-48,108,0
165,-48,108,108
-20,-48,108,0
82,-48,108,0
-135,-48,108,0
-25,-48,108,0
90,-48,108,0
116,-48,108,0
-78,-48,108,88
166,-48,108,108
167,-48,108,108
-138,-48,108,0
92,-48,108,0
-130,-48,108,0
-107,-48,108,0
-51,-48,108,0
-122,-48,108,0
-178,-48,108,0
15,-48,108,0
132,-48,108,0
67,-48,108,2
-92,-48,108,0
-93,-48,108,0
53,-48,108,0
-14,-48,108,0
73,-48,108,2
-41,-48,108,0
-155,-48,108,0
124,-48,108,0
141,-48,108,0
-139,-48,108,0
78,-48,108,1
-170,-48,108,0
31,-48,108,0
65,-48,108,2
104,-48,108,0
171,-48,108,89
-67,-48,108,108
114,-48,108,0
163,-48,108,0
148,-48,108,0
-179,-48,108,0
-117,-48,108,0
-80,-48,108,34
-62,-48,108,33
-4,-48,108,0
-163,-48,108,0
66,-48,108,2
-60,-48,108,0
118,-48,108,0
79,-48,108,0
-48,-48,108,0
60,-48,108,1
25,-48,108,0
131,-48,108,0
158,-48,108,0
21,-48,108,0
147,-48,108,0
-86,-48,108,0
-109,-48,108,0
39,-48,108,1
146,-48,108,0
-175,-48,108,0
160,-48,108,0
-33,-48,108,0
101,-48,108,0
86,-48,108,0
-43,-48,108,0
83,-48,108,0
100,-48,108,0
102,-48,108,0
105,-48,108,0
70,-48,108,1
-121,-48,108,0
10,-48,108,0
-140,-48,108,0
-103,-48,108,0
153,-48,108,0
-123,-48,108,0
-164,-48,108,0
103,-48,108,0
-118,-48,108,0
-29,-48,108,0
-115,-48,108,0
44,-48,108,0
173,-48,108,0
115,-48,108,0
-91,-48,108,0
-55,-48,108,0
-144,-48,108,0
56,-48,108,0
-160,-48,108,0
-171,-48,108,0
159,-48,108,0
48,-48,108,0
-57,-48,108,0
81,-48,108,0
-120,-48,108,0
108,-48,108,0
-151,-48,108,0
-36,-48,108,0
94,-48,108,0
-145,-48,108,0
-169,-48,108,0
-173,-48,108,0
-176,-48,108,0
-65,-48,108,90
17,-48,108,0
178,-48,108,0
-161,-48,108,0
170,-48,108,89
-63,-48,108,33
54,-48,108,0
-157,-48,108,0
176,-48,108,0
-146,-48,108,0
-50,-48,108,0
22,-48,108,0
46,-48,108,0
97,-48,108,0
12,-48,108,0
133,-48,108,0
154,-48,108,0
-64,-48,108,90
28,-48,108,0
26,-48,108,0
174,-48,108,0
-47,-48,108,0
-42,-48,108,0
20,-48,108,0
-66,-48,108,108
-18,-48,108,0
-59,-48,108,0
76,-48,108,1
-32,-48,108,0
-27,-48,108,0
-44,-48,108,0
-158,-48,108,0
11,-48,108,0
-165,-48,108,0
74,-48,108,2
-53,-48,108,0
-99,-48,108,0
126,-48,108,0
-167,-48,108,0
32,-48,108,0
-84,-48,108,0
16,-48,108,0
-54,-48,108,0
-10,-48,108,0
-108,-48,108,0
-153,-48,108,0
-133,-48,108,0
-166,-48,108,0
-148,-48,108,0
34,-48,108,0
58,-48,108,1
168,-48,108,108
122,-48,108,0
-105,-48,108,0
61,-48,108,1
-58,-48,108,0
137,-48,108,0
107,-48,108,0
42,-48,108,0
106,-48,108,0
-23,-48,108,0
-156,-48,108,0
-76,-48,108,106
120,-48,108,0
6,-48,108,0
-114,-48,108,0
-147,-48,108,0
-1,-48,108,0
-77,-48,108,88
-126,-48,108,0
-87,-48,108,0
13,-48,108,0
121,-48,108,0
-56,-48,108,0
157,-48,108,0
-102,-48,108,0
18,-48,108,0
-162,-48,108,0
127,-48,108,0
-85,-48,108,0
177,-48,108,0
23,-48,108,0
59,-48,108,1
3,-48,108,0
119,-48,108,0
-168,-48,108,0
150,-48,108,0
-2,-48,108,0
172,-48,108,0
-16,-48,108,0
149,-48,108,0
36,-48,108,2
35,-48,108,2
-82,-48,108,1
143,-48,108,0
-21,-48,108,0
161,-48,108,0
75,-48,108,1
71,-48,108,2
96,-48,108,0
98,-48,108,0
-119,-48,108,0
-100,-48,108,0
77,-48,108,1
24,-48,108,0
-127,-48,108,0
89,-48,108,0
117,-48,108,0
-45,-48,108,0
142,-48,108,0
-24,-48,108,0
-128,-48,108,0
-5,-48,108,0
-101,-48,108,0
-19,-48,108,0
-113,-48,108,0
95,-48,108,0
-7,-48,108,0
-95,-48,108,0
152,-48,108,0
-125,-48,108,0
55,-48,108,0
-174,-48,108,0
52,-48,108,0
88,-48,108,0
40,-48,108,0
162,-48,108,0
-46,-48,108,0
4,-48,108,0
169,-48,108,108
-79,-48,108,34
-8,-48,108,0
175,-48,108,0
-88,-48,108,0
72,-48,108,2
-40,-48,108,0
111,-48,108,0
-150,-48,108,0
134,-48,108,0
-110,-48,108,0
0,-48,108,0
-180,-48,108,0
49,-48,108,0
-61,-48,108,0
-172,-48,108,0
-52,-48,108,0
-34,-48,108,0
-89,-48,108,0
14,-48,108,0
-13,-48,108,0
-143,-48,108,0
93,-48,108,0
-38,-48,108,0
19,-48,108,0
41,-48,108,0
155,-48,108,0
-9,-48,108,0
38,-48,108,1
-81,-48,108,1
7,-48,108,0
69,-48,108,37
57,-48,108,0
91,-48,108,0
-15,-48,108,0
-129,-48,108,0
139,-48,108,0
125,-48,108,0
-98,-48,108,0
1,-48,108,0
29,-48,108,0
132,-47,108,0
-89,-47,108,0
-97,-47,108,0
-17,-47,108,0
7,-47,108,0
-56,-47,108,0
-106,-47,108,0
160,-47,108,0
-159,-47,108,0
-10,-47,108,0
-32,-47,108,0
-112,-47,108,0
-162,-47,108,0
-84,-47,108,0
-20,-47,108,0
69,-47,108,1
-35,-47,108,0
137,-47,108,0
158,-47,108,0
-46,-47,108,0
66,-47,108,1
-172,-47,108,0
141,-47,108,0
130,-47,108,0
67,-47,108,1
-149,-47,108,0
-169,-47,108,0
151,-47,108,0
-93,-47,108,0
-92,-47,108,0
-117,-47,108,0
-61,-47,108,33
-26,-47,108,0
143,-47,108,0
-76,-47,108,105
-65,-47,108,108
78,-47,108,1
-6,-47,108,0
-141,-47,108,0
111,-47,108,0
34,-47,108,0
38,-47,108,2
-109,-47,108,0
-27,-47,108,0
-114,-47,108,0
-175,-47,108,0
-3,-47,108,0
-127,-47,108,0
54,-47,108,0
101,-47,108,0
86,-47,108,0
83,-47,108,0
77,-47,108,1
-58,-47,108,0
-157,-47,108,0
-33,-47,108,0
3,-47,108,0
-30,-47,108,0
-62,-47,108,33
-24,-47,108,0
71,-47,108,0
127,-47,108,0
-90,-47,108,0
172,-47,108,108
32,-47,108,0
48,-47,108,0
152,-47,108,0
-167,-47,108,0
-8,-47,108,0
120,-47,108,0
154,-47,108,0
-38,-47,108,0
11,-47,108,0
100,-47,108,0
-43,-47,108,0
-91,-47,108,0
-47,-47,108,0
-135,-47,108,0
-137,-47,108,0
80,-47,108,0
29,-47,108,0
-111,-47,108,0
-134,-47,108,0
134,-47,108,0
-60,-47,108,0
-49,-47,108,0
-39,-47,108,0
-120,-47,108,0
-150,-47,108,0
126,-47,108,0
-176,-47,108,0
128,-47,108,0
-126,-47,108,0
12,-47,108,0
140,-47,108,0
-105,-47,108,0
-74,-47,108,105
161,-47,108,0
18,-47,108,0
-95,-47,108,0
133,-47,108,0
91,-47,108,0
107,-47,108,0
-15,-47,108,0
-136,-47,108,0
74,-47,108,2
15,-47,108,0
-18,-47,108,0
-59,-47,108,0
106,-47,108,0
-2,-47,108,0
-67,-47,108,108
117,-47,108,0
170,-47,108,108
162,-47,108,0
9,-47,108,0
122,-47,108,0
171,-47,108,108
4,-47,108,0
-132,-47,108,0
-4,-47,108,0
-179,-47,108,0
13,-47,108,0
52,-47,108,0
-77,-47,108,89
19,-47,108,0
82,-47,108,0
157,-47,108,0
-148,-47,108,0
-14,-47,108,0
-118,-47,108,0
57,-47,108,0
-55,-47,108,0
-57,-47,108,0
-82,-47,108,1
73,-47,108,2
-85,-47,108,0
147,-47,108,0
156,-47,108,0
-163,-47,108,0
65,-47,108,1
-158,-47,108,0
-144,-47,108,0
25,-47,108,0
-21,-47,108,0
-151,-47,108,0
135,-47,108,0
-110,-47,108,0
76,-47,108,1
-174,-47,108,0
-87,-47,108,0
148,-47,108,0
104,-47,108,0
174,-47,108,0
90,-47,108,0
-171,-47,108,0
36,-47,108,2
6,-47,108,0
-108,-47,108,0
-54,-47,108,0
87,-47,108,0
108,-47,108,0
-152,-47,108,0
116,-47,108,0
-7,-47,108,0
-160,-47,108,0
-40,-47,108,0
-165,-47,108,0
17,-47,108,0
24,-47,108,0
125,-47,108,0
129,-47,108,0
-99,-47,108,0
-115,-47,108,0
-12,-47,108,0
99,-47,108,0
0,-47,108,0
124,-47,108,0
93,-47,108,0
55,-47,108,0
-80,-47,108,1
33,-47,108,0
-5,-47,108,0
-138,-47,108,0
27,-47,108,0
-11,-47,108,0
47,-47,108,0
10,-47,108,0
-155,-47,108,0
59,-47,108,1
-45,-47,108,0
88,-47,108,0
-22,-47,108,0
20,-47,108,0
-153,-47,108,0
179,-47,108,0
-168,-47,108,0
-9,-47,108,0
105,-47,108,0
144,-47,108,0
-41,-47,108,0
-140,-47,108,0
22,-47,108,0
-123,-47,108,0
-107,-47,108,0
-31,-47,108,0
103,-47,108,0
-103,-47,108,0
72,-47,108,0
44,-47,108,0
-88,-47,108,0
-52,-47,108,0
62,-47,108,1
39,-47,108,1
43,-47,108,0
37,-47,108,2
-143,-47,108,0
-48,-47,108,0
-51,-47,108,0
60,-47,108,1
-142,-47,108,0
-124,-47,108,0
-121,-47,108,0
115,-47,108,0
85,-47,108,0
176,-47,108,0
-145,-47,108,0
81,-47,108,0
-146,-47,108,0
167,-47,108,108
166,-47,108,108
96,-47,108,0
-131,-47,108,0
114,-47,108,0
-78,-47,108,85
146,-47,108,0
40,-47,108,0
-44,-47,108,0
-25,-47,108,0
-63,-47,108,94
163,-47,108,0
28,-47,108,0
42,-47,108,0
102,-47,108,0
-64,-47,108,94
165,-47,108,108
-166,-47,108,0
-36,-47,108,0
-37,-47,108,0
-116,-47,108,0
-139,-47,108,0
159,-47,108,0
70,-47,108,1
123,-47,108,0
-79,-47,108,71
56,-47,108,0
175,-47,108,0
173,-47,108,90
-177,-47,108,0
45,-47,108,0
-129,-47,108,0
64,-47,108,1
164,-47,108,98
-101,-47,108,0
-147,-47,108,0
68,-47,108,1
-170,-47,108,0
118,-47,108,0
136,-47,108,0
-164,-47,108,0
97,-47,108,0
8,-47,108,0
178,-47,108,0
-104,-47,108,0
5,-47,108,0
-68,-47,108,108
92,-47,108,0
-94,-47,108,0
131,-47,108,0
-113,-47,108,0
79,-47,108,0
21,-47,108,0
177,-47,108,0
-125,-47,108,0
-86,-47,108,0
-119,-47,108,0
75,-47,108,1
23,-47,108,0
16,-47,108,0
61,-47,108,1
35,-47,108,2
89,-47,108,0
-161,-47,108,0
-28,-47,108,0
-50,-47,108,0
-83,-47,108,0
-53,-47,108,0
-102,-47,108,0
95,-47,108,0
153,-47,108,0
26,-47,108,0
-173,-47,108,0
-96,-47,108,0
110,-47,108,0
2,-47,108,0
1,-47,108,0
50,-47,108,0
-13,-47,108,0
-98,-47,108,0
109,-47,108,0
-100,-47,108,0
-34,-47,108,0
-1,-47,108,0
51,-47,108,0
-128,-47,108,0
-19,-47,108,0
-75,-47,108,106
121,-47,108,0
113,-47,108,0
138,-47,108,0
119,-47,108,0
-66,-47,108,108
98,-47,108,0
-81,-47,108,1
41,-47,108,0
63,-47,108,1
-178,-47,108,0
150,-47,108,0
142,-47,108,0
-16,-47,108,0
53,-47,108,0
-42,-47,108,0
112,-47,108,0
169,-47,108,108
139,-47,108,0
14,-47,108,0
-180,-47,108,0
31,-47,108,0
58,-47,108,0
-130,-47,108,0
145,-47,108,0
168,-47,108,108
-154,-47,108,0
46,-47,108,0
-23,-47,108,0
-156,-47,108,0
155,-47,108,0
-122,-47,108,0
-133,-47,108,0
49,-47,108,0
94,-47,108,0
84,-47,108,0
-29,-47,108,0
149,-47,108,0
30,-47,108,0
74,-46,108,1
-158,-46,108,0
171,-46,108,108
-20,-46,108,0
-128,-46,108,0
-112,-46,108,0
-152,-46,108,0
-73,-46,108,108
-63,-46,108,96
-61,-46,108,38
-126,-46,108,0
-130,-46,108,0
-104,-46,108,0
-6,-46,108,0
128,-46,108,0
49,-46,108,0
5,-46,108,0
-157,-46,108,0
9,-46,108,0
24,-46,108,0
-115,-46,108,0
165,-46,108,98
-93,-46,108,0
58,-46,108,0
-42,-46,108,0
23,-46,108,0
22,-46,108,0
-76,-46,108,105
-2,-46,108,0
-173,-46,108,0
114,-46,108,0
10,-46,108,0
134,-46,108,0
130,-46,108,0
-160,-46,108,0
-46,-46,108,0
-96,-46,108,0
-11,-46,108,0
-145,-46,108,0
68,-46,108,0
-35,-46,108,0
178,-46,108,0
44,-46,108,0
101,-46,108,0
-36,-46,108,0
-21,-46,108,0
-9,-46,108,0
65,-46,108,1
21,-46,108,0
-95,-46,108,0
-139,-46,108,0
141,-46,108,0
176,-46,108,0
-98,-46,108,0
157,-46,108,0
33,-46,108,0
117,-46,108,0
34,-46,108,1
-172,-46,108,0
93,-46,108,0
118,-46,108,0
-67,-46,108,108
-15,-46,108,0
-146,-46,108,0
19,-46,108,0
166,-46,108,108
11,-46,108,0
41,-46,108,0
-47,-46,108,0
78,-46,108,0
138,-46,108,0
-168,-46,108,0
-97,-46,108,0
139,-46,108,0
18,-46,108,0
-49,-46,108,0
-175,-46,108,0
109,-46,108,0
88,-46,108,0
-68,-46,108,108
76,-46,108,1
-131,-46,108,0
-162,-46,108,0
-43,-46,108,0
143,-46,108,0
87,-46,108,0
70,-46,108,0
92,-46,108,0
-7,-46,108,0
80,-46,108,0
116,-46,108,0
30,-46,108,0
97,-46,108,0
115,-46,108,0
107,-46,108,0
-81,-46,108,0
-136,-46,108,0
-57,-46,108,0
170,-46,108,108
42,-46,108,0
163,-46,108,0
-121,-46,108,0
120,-46,108,0
12,-46,108,0
45,-46,108,0
146,-46,108,0
179,-46,108,0
148,-46,108,0
-132,-46,108,0
174,-46,108,90
47,-46,108,0
-75,-46,108,108
-32,-46,108,0
152,-46,108,0
-169,-46,108,0
79,-46,108,0
175,-46,108,0
-101,-46,108,0
-59,-46,108,3
105,-46,108,0
15,-46,108,0
-110,-46,108,0
20,-46,108,0
-156,-46,108,0
-29,-46,108,0
113,-46,108,0
-58,-46,108,0
125,-46,108,0
-176,-46,108,0
-155,-46,108,0
31,-46,108,0
-80,-46,108,0
-37,-46,108,0
-22,-46,108,0
156,-46,108,0
39,-46,108,0
-1,-46,108,0
66,-46,108,1
-177,-46,108,0
59,-46,108,0
-16,-46,108,0
112,-46,108,0
-13,-46,108,0
-149,-46,108,0
-147,-46,108,0
-82,-46,108,0
83,-46,108,0
149,-46,108,0
135,-46,108,0
-117,-46,108,0
62,-46,108,0
137,-46,108,0
102,-46,108,0
-10,-46,108,0
151,-46,108,0
100,-46,108,0
136,-46,108,0
155,-46,108,0
-39,-46,108,0
99,-46,108,0
14,-46,108,0
1,-46,108,0
-56,-46,108,0
-41,-46,108,0
72,-46,108,0
-44,-46,108,0
-24,-46,108,0
131,-46,108,0
-53,-46,108,0
-89,-46,108,0
98,-46,108,0
-166,-46,108,0
-92,-46,108,0
142,-46,108,0
4,-46,108,0
108,-46,108,0
-99,-46,108,0
-137,-46,108,0
-8,-46,108,0
-153,-46,108,0
-27,-46,108,0
48,-46,108,0
69,-46,108,0
46,-46,108,0
-114,-46,108,0
119,-46,108,0
50,-46,108,0
53,-46,108,0
-135,-46,108,0
123,-46,108,0
81,-46,108,0
-171,-46,108,0
26,-46,108,0
-60,-46,108,3
-85,-46,108,0
-178,-46,108,0
28,-46,108,0
8,-46,108,0
17,-46,108,0
-141,-46,108,0
-108,-46,108,0
153,-46,108,0
-170,-46,108,0
-86,-46,108,0
-94,-46,108,0
96,-46,108,0
-154,-46,108,0
154,-46,108,0
-3,-46,108,0
-116,-46,108,0
95,-46,108,0
63,-46,108,1
-62,-46,108,36
-159,-46,108,0
-12,-46,108,0
-65,-46,108,108
13,-46,108,0
-48,-46,108,0
-74,-46,108,108
-120,-46,108,0
-124,-46,108,0
-140,-46,108,0
160,-46,108,0
-133,-46,108,0
147,-46,108,0
40,-46,108,0
-52,-46,108,0
54,-46,108,0
-113,-46,108,0
64,-46,108,1
0,-46,108,0
-38,-46,108,0
-14,-46,108,0
145,-46,108,0
164,-46,108,98
-144,-46,108,0
7,-46,108,0
-19,-46,108,0
-88,-46,108,0
103,-46,108,0
57,-46,108,0
104,-46,108,0
172,-46,108,108
-151,-46,108,0
-134,-46,108,0
106,-46,108,0
52,-46,108,0
61,-46,108,0
-164,-46,108,0
-30,-46,108,0
124,-46,108,0
-66,-46,108,108
51,-46,108,0
-143,-46,108,0
-54,-46,108,0
-119,-46,108,0
-78,-46,108,38
-123,-46,108,0
-90,-46,108,0
177,-46,108,0
-18,-46,108,0
-28,-46,108,0
84,-46,108,0
75,-46,108,1
56,-46,108,0
-138,-46,108,0
-91,-46,108,0
-148,-46,108,0
-100,-46,108,0
-180,-46,108,0
-165,-46,108,0
89,-46,108,0
55,-46,108,0
-105,-46,108,0
132,-46,108,0
-106,-46,108,0
-51,-46,108,0
86,-46,108,0
-179,-46,108,0
126,-46,108,0
-84,-46,108,0
3,-46,108,0
144,-46,108,0
-118,-46,108,0
159,-46,108,0
-26,-46,108,0
-127,-46,108,0
121,-46,108,0
-150,-46,108,0
150,-46,108,0
-109,-46,108,0
85,-46,108,0
91,-46,108,0
-161,-46,108,0
161,-46,108,0
67,-46,108,1
43,-46,108,0
90,-46,108,0
82,-46,108,0
35,-46,108,1
-122,-46,108,0
-163,-46,108,0
158,-46,108,0
-34,-46,108,0
94,-46,108,0
129,-46,108,0
-174,-46,108,0
-111,-46,108,0
16,-46,108,0
-17,-46,108,0
-129,-46,108,0
162,-46,108,0
-33,-46,108,0
127,-46,108,0
-142,-46,108,0
133,-46,108,0
-25,-46,108,0
-45,-46,108,0
73,-46,108,1
110,-46,108,0
60,-46,108,0
-77,-46,108,105
-125,-46,108,0
-5,-46,108,0
-40,-46,108,0
77,-46,108,1
167,-46,108,108
-64,-46,108,96
71,-46,108,0
-79,-46,108,38
-83,-46,108,0
-107,-46,108,0
-103,-46,108,0
140,-46,108,0
173,-46,108,90
-31,-46,108,0
27,-46,108,0
37,-46,108,2
-55,-46,108,0
-50,-46,108,0
29,-46,108,0
38,-46,108,2
-167,-46,108,0
25,-46,108,0
122,-46,108,0
6,-46,108,0
-87,-46,108,0
2,-46,108,0
36,-46,108,1
111,-46,108,0
-102,-46,108,0
32,-46,108,0
-4,-46,108,0
-23,-46,108,0
150,-45,108,0
-85,-45,108,0
51,-45,108,0
158,-45,108,0
-7,-45,108,0
164,-45,108,98
167,-45,108,108
131,-45,108,0
-144,-45,108,0
118,-45,108,0
135,-45,108,0
73,-45,108,0
78,-45,108,0
133,-45,108,0
-109,-45,108,0
-153,-45,108,0
17,-45,108,0
173,-45,108,108
136,-45,108,0
-179,-45,108,0
-172,-45,108,0
-62,-45,108,101
100,-45,108,0
5,-45,108,0
-166,-45,108,0
-107,-45,108,0
79,-45,108,0
-65,-45,108,108
61,-45,108,0
-165,-45,108,0
-3,-45,108,0
41,-45,108,0
-31,-45,108,0
111,-45,108,0
156,-45,108,0
44,-45,108,0
-58,-45,108,3
-96,-45,108,0
60,-45,108,0
-50,-45,108,0
7,-45,108,0
-61,-45,108,64
1,-45,108,0
-28,-45,108,0
-22,-45,108,0
-178,-45,108,0
165,-45,108,98
-116,-45,108,0
-60,-45,108,64
123,-45,108,0
-106,-45,108,0
109,-45,108,0
-150,-45,108,0
62,-45,108,0
87,-45,108,0
65,-45,108,1
64,-45,108,0
119,-45,108,0
39,-45,108,0
-115,-45,108,0
-54,-45,108,0
88,-45,108,0
32,-45,108,0
-120,-45,108,0
-86,-45,108,0
-94,-45,108,0
11,-45,108,0
129,-45,108,0
147,-45,108,107
25,-45,108,0
169,-45,108,0
-76,-45,108,105
-6,-45,108,0
26,-45,108,0
168,-45,108,108
-45,-45,108,0
67,-45,108,0
174,-45,108,90
157,-45,108,0
59,-45,108,0
-133,-45,108,0
57,-45,108,0
171,-45,108,108
18,-45,108,0
125,-45,108,0
-35,-45,108,0
37,-45,108,1
138,-45,108,0
-162,-45,108,0
-142,-45,108,0
72,-45,108,0
101,-45,108,0
-180,-45,108,0
-9,-45,108,0
4,-45,108,0
-25,-45,108,0
-55,-45,108,0
16,-45,108,0
-176,-45,108,0
-159,-45,108,0
-4,-45,108,0
-177,-45,108,0
8,-45,108,0
-44,-45,108,0
-114,-45,108,0
-13,-45,108,0
76,-45,108,1
77,-45,108,1
106,-45,108,0
-149,-45,108,0
-145,-45,108,0
-111,-45,108,0
115,-45,108,0
9,-45,108,0
-75,-45,108,108
-136,-45,108,0
99,-45,108,0
-164,-45,108,0
98,-45,108,0
-46,-45,108,0
12,-45,108,0
-77,-45,108,102
-53,-45,108,0
-82,-45,108,0
152,-45,108,0
-51,-45,108,0
-63,-45,108,101
-171,-45,108,0
172,-45,108,108
-34,-45,108,0
-18,-45,108,0
-19,-45,108,0
15,-45,108,0
34,-45,108,1
107,-45,108,0
49,-45,108,0
-100,-45,108,0
-11,-45,108,0
35,-45,108,1
14,-45,108,0
6,-45,108,0
27,-45,108,0
97,-45,108,0
-146,-45,108,0
-113,-45,108,0
24,-45,108,0
-122,-45,108,0
-38,-45,108,0
-156,-45,108,0
-8,-45,108,0
-33,-45,108,0
122,-45,108,0
-126,-45,108,0
-93,-45,108,0
-1,-45,108,0
161,-45,108,0
-129,-45,108,0
-88,-45,108,0
-135,-45,108,0
132,-45,108,0
68,-45,108,0
-42,-45,108,0
-17,-45,108,0
140,-45,108,0
21,-45,108,0
-163,-45,108,0
143,-45,108,0
-147,-45,108,0
175,-45,108,0
-21,-45,108,0
40,-45,108,0
31,-45,108,0
116,-45,108,0
114,-45,108,0
142,-45,108,0
42,-45,108,0
-81,-45,108,0
-39,-45,108,0
-169,-45,108,0
29,-45,108,0
-95,-45,108,0
92,-45,108,0
-158,-45,108,0
56,-45,108,0
104,-45,108,0
160,-45,108,0
63,-45,108,0
124,-45,108,0
-160,-45,108,0
-105,-45,108,0
-14,-45,108,0
-134,-45,108,0
177,-45,108,0
55,-45,108,0
-132,-45,108,0
0,-45,108,0
155,-45,108,0
43,-45,108,0
66,-45,108,1
-57,-45,108,0
-64,-45,108,108
-56,-45,108,1
3,-45,108,0
38,-45,108,1
-92,-45,108,0
-110,-45,108,0
69,-45,108,0
137,-45,108,0
75,-45,108,1
-148,-45,108,0
153,-45,108,0
84,-45,108,0
82,-45,108,0
81,-45,108,0
110,-45,108,0
-36,-45,108,0
-52,-45,108,0
179,-45,108,0
-123,-45,108,0
-2,-45,108,0
95,-45,108,0
-112,-45,108,0
53,-45,108,0
166,-45,108,108
139,-45,108,0
-48,-45,108,0
-108,-45,108,0
170,-45,108,0
-128,-45,108,0
-41,-45,108,0
-104,-45,108,0
-37,-45,108,0
20,-45,108,0
-170,-45,108,0
102,-45,108,0
46,-45,108,0
-157,-45,108,0
145,-45,108,29
-73,-45,108,108
33,-45,108,0
28,-45,108,0
-174,-45,108,0
36,-45,108,1
-103,-45,108,0
-151,-45,108,0
105,-45,108,0
-155,-45,108,0
70,-45,108,0
19,-45,108,0
-87,-45,108,0
-83,-45,108,0
45,-45,108,0
-23,-45,108,0
-140,-45,108,0
13,-45,108,0
-43,-45,108,0
146,-45,108,107
148,-45,108,107
-30,-45,108,0
-168,-45,108,0
154,-45,108,0
121,-45,108,0
-78,-45,108,38
-40,-45,108,0
-161,-45,108,0
-67,-45,108,108
-26,-45,108,0
-24,-45,108,0
127,-45,108,0
-138,-45,108,0
-66,-45,108,108
-121,-45,108,0
-131,-45,108,0
22,-45,108,0
151,-45,108,0
126,-45,108,0
-119,-45,108,0
-29,-45,108,0
-15,-45,108,0
2,-45,108,0
-101,-45,108,0
-12,-45,108,0
-97,-45,108,0
-98,-45,108,0
94,-45,108,0
52,-45,108,0
90,-45,108,0
-124,-45,108,0
-20,-45,108,0
-49,-45,108,0
23,-45,108,0
10,-45,108,0
48,-45,108,0
-173,-45,108,0
176,-45,108,0
-32,-45,108,0
-79,-45,108,0
-137,-45,108,0
-10,-45,108,0
-127,-45,108,0
-141,-45,108,0
-117,-45,108,0
-130,-45,108,0
-91,-45,108,0
134,-45,108,0
89,-45,108,0
159,-45,108,0
-89,-45,108,0
-143,-45,108,0
-84,-45,108,0
-154,-45,108,0
-175,-45,108,0
149,-45,108,0
112,-45,108,0
-47,-45,108,0
91,-45,108,0
80,-45,108,0
-102,-45,108,0
-99,-45,108,0
93,-45,108,0
85,-45,108,0
-74,-45,108,108
-27,-45,108,0
141,-45,108,0
130,-45,108,0
-125,-45,108,0
58,-45,108,0
47,-45,108,0
144,-45,108,0
108,-45,108,0
86,-45,108,0
103,-45,108,0
162,-45,108,0
-16,-45,108,0
71,-45,108,0
120,-45,108,0
-90,-45,108,0
178,-45,108,0
-118,-45,108,0
117,-45,108,0
54,-45,108,0
-59,-45,108,3
83,-45,108,0
96,-45,108,0
-167,-45,108,0
-80,-45,108,0
128,-45,108,0
-152,-45,108,0
163,-45,108,0
113,-45,108,0
-139,-45,108,0
30,-45,108,0
50,-45,108,0
-5,-45,108,0
74,-45,108,1
-64,-44,108,108
127,-44,108,0
125,-44,108,0
-97,-44,108,0
-34,-44,108,0
102,-44,108,0
-37,-44,108,0
-109,-44,108,0
168,-44,108,108
-89,-44,108,0
69,-44,108,0
-31,-44,108,0
-143,-44,108,0
35,-44,108,0
167,-44,108,108
173,-44,108,108
-62,-44,108,101
-73,-44,108,108
154,-44,108,0
13,-44,108,0
76,-44,108,0
-175,-44,108,0
71,-44,108,0
84,-44,108,0
19,-44,108,0
156,-44,108,0
144,-44,108,105
165,-44,108,0
-139,-44,108,0
-82,-44,108,0
-85,-44,108,0
-110,-44,108,0
-81,-44,108,0
128,-44,108,0
170,-44,108,108
-58,-44,108,4
-60,-44,108,64
-48,-44,108,0
-138,-44,108,0
-90,-44,108,0
-63,-44,108,101
-162,-44,108,0
106,-44,108,0
-47,-44,108,0
54,-44,108,0
-15,-44,108,0
-153,-44,108,0
96,-44,108,0
-150,-44,108,0
-130,-44,108,0
145,-44,108,107
-78,-44,108,71
139,-44,108,0
42,-44,108,0
-77,-44,108,71
-136,-44,108,0
-29,-44,108,0
-92,-44,108,0
4,-44,108,0
25,-44,108,0
107,-44,108,0
100,-44,108,0
92,-44,108,0
104,-44,108,0
64,-44,108,0
3,-44,108,0
-126,-44,108,0
-149,-44,108,0
51,-44,108,0
123,-44,108,0
-108,-44,108,0
-83,-44,108,0
-84,-44,108,0
-137,-44,108,0
-6,-44,108,0
-129,-44,108,0
-163,-44,108,0
-79,-44,108,0
-156,-44,108,0
-10,-44,108,0
129,-44,108,0
85,-44,108,0
-65,-44,108,108
-38,-44,108,0
133,-44,108,0
-174,-44,108,0
9,-44,108,0
111,-44,108,0
-32,-44,108,0
-5,-44,108,0
-165,-44,108,0
-99,-44,108,0
-131,-44,108,0
43,-44,108,0
-124,-44,108,0
-3,-44,108,0
-123,-44,108,0
137,-44,108,0
30,-44,108,0
-61,-44,108,64
27,-44,108,0
-142,-44,108,0
-45,-44,108,0
138,-44,108,0
-133,-44,108,0
122,-44,108,0
-146,-44,108,0
-44,-44,108,0
147,-44,108,107
158,-44,108,0
-88,-44,108,0
52,-44,108,0
172,-44,108,108
-59,-44,108,4
-117,-44,108,0
-103,-44,108,0
15,-44,108,0
-75,-44,108,108
56,-44,108,0
157,-44,108,0
118,-44,108,0
-57,-44,108,1
120,-44,108,0
-17,-44,108,0
143,-44,108,0
33,-44,108,0
0,-44,108,0
-178,-44,108,0
97,-44,108,0
-40,-44,108,0
-179,-44,108,0
-164,-44,108,0
-141,-44,108,0
155,-44,108,0
-166,-44,108,0
61,-44,108,0
-16,-44,108,0
-2,-44,108,0
132,-44,108,0
-87,-44,108,0
5,-44,108,0
-22,-44,108,0
-176,-44,108,0
-28,-44,108,0
36,-44,108,0
40,-44,108,0
74,-44,108,0
24,-44,108,0
39,-44,108,0
151,-44,108,0
23,-44,108,0
-98,-44,108,0
-49,-44,108,0
29,-44,108,0
-106,-44,108,0
31,-44,108,0
-128,-44,108,0
14,-44,108,0
-160,-44,108,0
22,-44,108,0
124,-44,108,0
-169,-44,108,0
32,-44,108,0
-180,-44,108,0
-4,-44,108,0
10,-44,108,0
90,-44,108,0
-20,-44,108,0
-14,-44,108,0
-51,-44,108,0
-168,-44,108,0
-26,-44,108,0
67,-44,108,0
-101,-44,108,0
-115,-44,108,0
179,-44,108,0
101,-44,108,0
108,-44,108,0
-148,-44,108,0
17,-44,108,0
21,-44,108,0
-95,-44,108,0
-111,-44,108,0
68,-44,108,0
-151,-44,108,0
12,-44,108,0
7,-44,108,0
-11,-44,108,0
-127,-44,108,0
-113,-44,108,0
-158,-44,108,0
-43,-44,108,0
45,-44,108,0
-134,-44,108,0
49,-44,108,0
65,-44,108,0
-172,-44,108,0
-13,-44,108,0
146,-44,108,107
-41,-44,108,0
-1,-44,108,0
169,-44,108,108
-121,-44,108,0
73,-44,108,0
175,-44,108,105
-27,-44,108,0
-36,-44,108,0
174,-44,108,105
150,-44,108,0
34,-44,108,0
48,-44,108,0
-76,-44,108,94
109,-44,108,0
93,-44,108,0
-159,-44,108,0
117,-44,108,0
-46,-44,108,0
-56,-44,108,1
50,-44,108,0
6,-44,108,0
55,-44,108,0
-55,-44,108,0
-104,-44,108,0
-140,-44,108,0
57,-44,108,0
149,-44,108,0
-30,-44,108,0
28,-44,108,0
72,-44,108,0
-24,-44,108,0
59,-44,108,0
26,-44,108,0
110,-44,108,0
-171,-44,108,0
-144,-44,108,0
-170,-44,108,0
95,-44,108,0
162,-44,108,0
18,-44,108,0
119,-44,108,0
-39,-44,108,0
-94,-44,108,0
-161,-44,108,0
60,-44,108,0
126,-44,108,0
80,-44,108,0
-50,-44,108,0
140,-44,108,0
-8,-44,108,0
81,-44,108,0
87,-44,108,0
136,-44,108,0
94,-44,108,0
-91,-44,108,0
89,-44,108,0
114,-44,108,0
-157,-44,108,0
-52,-44,108,0
-120,-44,108,0
134,-44,108,0
-152,-44,108,0
1,-44,108,0
164,-44,108,0
153,-44,108,0
113,-44,108,0
141,-44,108,0
-125,-44,108,0
-154,-44,108,0
-74,-44,108,108
-173,-44,108,0
58,-44,108,0
-96,-44,108,0
-53,-44,108,0
46,-44,108,0
-177,-44,108,0
152,-44,108,0
105,-44,108,0
-102,-44,108,0
53,-44,108,0
70,-44,108,0
38,-44,108,0
-145,-44,108,0
82,-44,108,0
131,-44,108,0
159,-44,108,1
-35,-44,108,0
66,-44,108,0
130,-44,108,0
-107,-44,108,0
83,-44,108,0
-155,-44,108,0
142,-44,108,0
20,-44,108,0
-114,-44,108,0
88,-44,108,0
-42,-44,108,0
160,-44,108,1
-167,-44,108,0
176,-44,108,0
-21,-44,108,0
135,-44,108,0
-93,-44,108,0
-86,-44,108,0
-9,-44,108,0
63,-44,108,0
-18,-44,108,0
11,-44,108,0
8,-44,108,0
-122,-44,108,0
-80,-44,108,0
86,-44,108,0
-12,-44,108,0
62,-44,108,0
148,-44,108,107
163,-44,108,0
166,-44,108,98
47,-44,108,0
41,-44,108,0
-7,-44,108,0
-105,-44,108,0
-25,-44,108,0
-135,-44,108,0
-112,-44,108,0
99,-44,108,0
-132,-44,108,0
75,-44,108,0
177,-44,108,0
98,-44,108,0
44,-44,108,0
171,-44,108,108
-66,-44,108,108
-54,-44,108,0
37,-44,108,0
-118,-44,108,0
-19,-44,108,0
115,-44,108,0
78,-44,108,0
103,-44,108,0
116,-44,108,0
91,-44,108,0
178,-44,108,0
-100,-44,108,0
112,-44,108,0
161,-44,108,1
-116,-44,108,0
-147,-44,108,0
-33,-44,108,0
2,-44,108,0
16,-44,108,0
121,-44,108,0
77,-44,108,0
-119,-44,108,0
-23,-44,108,0
79,-44,108,0
157,-43,108,0
-84,-43,108,0
-155,-43,108,0
-21,-43,108,0
-153,-43,108,0
102,-43,108,0
76,-43,108,0
-150,-43,108,0
-101,-43,108,0
-55,-43,108,0
-149,-43,108,0
-73,-43,108,108
-94,-43,108,0
59,-43,108,0
-175,-43,108,0
57,-43,108,0
-145,-43,108,0
-143,-43,108,0
166,-43,108,0
44,-43,108,0
-65,-43,108,108
95,-43,108,0
-141,-43,108,0
-35,-43,108,0
-127,-43,108,0
41,-43,108,0
47,-43,108,0
171,-43,108,108
-132,-43,108,0
-166,-43,108,0
127,-43,108,0
-126,-43,108,0
-29,-43,108,0
-104,-43,108,0
94,-43,108,0
6,-43,108,0
38,-43,108,0
-108,-43,108,0
169,-43,108,108
-102,-43,108,0
117,-43,108,0
-114,-43,108,0
-113,-43,108,0
-147,-43,108,0
75,-43,108,0
39,-43,108,0
-120,-43,108,0
-59,-43,108,100
-123,-43,108,0
78,-43,108,0
29,-43,108,0
135,-43,108,0
-100,-43,108,0
-111,-43,108,0
-133,-43,108,0
-76,-43,108,100
123,-43,108,0
-82,-43,108,0
158,-43,108,1
103,-43,108,0
-107,-43,108,0
88,-43,108,0
-57,-43,108,4
-98,-43,108,0
-144,-43,108,0
-96,-43,108,0
150,-43,108,0
-87,-43,108,0
22,-43,108,0
111,-43,108,0
14,-43,108,0
-146,-43,108,0
-56,-43,108,1
-32,-43,108,0
148,-43,108,108
159,-43,108,1
-2,-43,108,0
-27,-43,108,0
-75,-43,108,105
143,-43,108,98
-64,-43,108,108
27,-43,108,0
-134,-43,108,0
91,-43,108,0
-137,-43,108,0
24,-43,108,0
178,-43,108,0
83,-43,108,0
71,-43,108,0
49,-43,108,0
168,-43,108,95
162,-43,108,1
115,-43,108,0
-88,-43,108,0
-99,-43,108,0
73,-43,108,0
155,-43,108,0
-7,-43,108,0
34,-43,108,0
72,-43,108,0
90,-43,108,0
-79,-43,108,0
-13,-43,108,0
-142,-43,108,0
147,-43,108,108
52,-43,108,0
79,-43,108,0
145,-43,108,107
-9,-43,108,0
-63,-43,108,101
138,-43,108,0
-157,-43,108,0
89,-43,108,0
-31,-43,108,0
2,-43,108,0
173,-43,108,108
-33,-43,108,0
160,-43,108,1
-165,-43,108,0
-8,-43,108,0
-6,-43,108,0
-97,-43,108,0
177,-43,108,107
179,-43,108,0
92,-43,108,0
139,-43,108,0
-44,-43,108,0
-85,-43,108,0
10,-43,108,0
-11,-43,108,0
131,-43,108,0
87,-43,108,0
74,-43,108,0
45,-43,108,0
85,-43,108,0
-58,-43,108,4
134,-43,108,0
33,-43,108,0
-51,-43,108,0
-131,-43,108,0
118,-43,108,0
-34,-43,108,0
151,-43,108,0
-92,-43,108,0
128,-43,108,0
164,-43,108,0
105,-43,108,0
-172,-43,108,0
-163,-43,108,0
-47,-43,108,0
142,-43,108,0
-115,-43,108,0
12,-43,108,0
-159,-43,108,0
109,-43,108,0
80,-43,108,0
141,-43,108,0
-49,-43,108,0
-179,-43,108,0
67,-43,108,0
136,-43,108,0
-28,-43,108,0
93,-43,108,0
-52,-43,108,0
1,-43,108,0
16,-43,108,0
-37,-43,108,0
130,-43,108,0
-178,-43,108,0
17,-43,108,0
-136,-43,108,0
21,-43,108,0
3,-43,108,0
116,-43,108,0
-18,-43,108,1
113,-43,108,0
-117,-43,108,0
154,-43,108,0
5,-43,108,0
114,-43,108,0
31,-43,108,0
-40,-43,108,0
-81,-43,108,0
-138,-43,108,0
-124,-43,108,0
25,-43,108,0
-148,-43,108,0
-130,-43,108,0
56,-43,108,0
-10,-43,108,0
32,-43,108,0
20,-43,108,0
-22,-43,108,0
-74,-43,108,108
96,-43,108,0
54,-43,108,0
-23,-43,108,0
-173,-43,108,0
-122,-43,108,0
-20,-43,108,1
-170,-43,108,0
9,-43,108,0
-119,-43,108,0
-156,-43,108,0
-125,-43,108,0
-177,-43,108,0
0,-43,108,0
-48,-43,108,0
133,-43,108,0
-39,-43,108,0
48,-43,108,0
7,-43,108,0
-116,-43,108,0
-91,-43,108,0
-168,-43,108,0
-15,-43,108,0
-93,-43,108,0
-160,-43,108,0
-161,-43,108,0
-77,-43,108,71
15,-43,108,0
-16,-43,108,0
-1,-43,108,0
104,-43,108,0
69,-43,108,0
-164,-43,108,0
-180,-43,108,0
-135,-43,108,0
50,-43,108,0
106,-43,108,0
-154,-43,108,0
152,-43,108,0
-167,-43,108,0
170,-43,108,108
35,-43,108,0
-80,-43,108,0
-66,-43,108,108
-121,-43,108,0
8,-43,108,0
-41,-43,108,0
84,-43,108,0
99,-43,108,0
55,-43,108,0
174,-43,108,108
175,-43,108,90
61,-43,108,0
36,-43,108,0
-61,-43,108,107
43,-43,108,0
64,-43,108,0
-45,-43,108,0
167,-43,108,95
107,-43,108,0
37,-43,108,0
4,-43,108,0
-54,-43,108,0
137,-43,108,0
-46,-43,108,0
-86,-43,108,0
-103,-43,108,0
-62,-43,108,101
-78,-43,108,33
82,-43,108,0
126,-43,108,0
-152,-43,108,0
-89,-43,108,0
-25,-43,108,0
122,-43,108,0
149,-43,108,0
120,-43,108,0
-3,-43,108,0
-151,-43,108,0
-140,-43,108,0
-176,-43,108,0
140,-43,108,0
100,-43,108,0
-50,-43,108,0
23,-43,108,0
172,-43,108,0
-42,-43,108,0
-90,-43,108,0
-95,-43,108,0
-112,-43,108,0
86,-43,108,0
125,-43,108,0
97,-43,108,0
-158,-43,108,0
-83,-43,108,0
163,-43,108,0
101,-43,108,0
60,-43,108,0
121,-43,108,0
81,-43,108,0
153,-43,108,0
70,-43,108,0
53,-43,108,0
-169,-43,108,0
98,-43,108,0
62,-43,108,0
-171,-43,108,0
-24,-43,108,0
-26,-43,108,0
-53,-43,108,0
-109,-43,108,0
-129,-43,108,0
77,-43,108,0
119,-43,108,0
42,-43,108,0
30,-43,108,0
110,-43,108,0
40,-43,108,0
58,-43,108,0
156,-43,108,0
-38,-43,108,0
-5,-43,108,0
-128,-43,108,0
-30,-43,108,0
65,-43,108,0
-106,-43,108,0
108,-43,108,0
-110,-43,108,0
132,-43,108,0
63,-43,108,0
-60,-43,108,100
46,-43,108,0
68,-43,108,0
-36,-43,108,0
18,-43,108,0
13,-43,108,0
-17,-43,108,0
112,-43,108,0
129,-43,108,0
-4,-43,108,0
66,-43,108,0
-105,-43,108,0
51,-43,108,0
11,-43,108,0
28,-43,108,0
-139,-43,108,0
-14,-43,108,0
144,-43,108,104
124,-43,108,0
165,-43,108,0
-118,-43,108,0
-12,-43,108,0
-174,-43,108,0
26,-43,108,0
-43,-43,108,0
176,-43,108,0
-19,-43,108,1
19,-43,108,0
161,-43,108,1
-162,-43,108,0
152,-42,108,0
51,-42,108,0
-179,-42,108,0
-8,-42,108,0
-59,-42,108,100
12,-42,108,0
171,-42,108,108
-52,-42,108,0
47,-42,108,0
9,-42,108,0
179,-42,108,0
138,-42,108,0
1,-42,108,0
-18,-42,108,1
-144,-42,108,0
44,-42,108,0
148,-42,108,106
125,-42,108,0
-5,-42,108,0
30,-42,108,0
116,-42,108,0
56,-42,108,0
-40,-42,108,0
-41,-42,108,0
172,-42,108,108
-85,-42,108,0
165,-42,108,0
175,-42,108,108
-49,-42,108,0
153,-42,108,0
-29,-42,108,0
-151,-42,108,0
108,-42,108,0
-162,-42,108,0
177,-42,108,108
-19,-42,108,1
133,-42,108,0
65,-42,108,0
4,-42,108,0
-13,-42,108,0
-130,-42,108,0
71,-42,108,0
123,-42,108,0
-106,-42,108,0
-60,-42,108,100
-73,-42,108,108
-74,-42,108,108
-178,-42,108,0
-66,-42,108,108
2,-42,108,0
150,-42,108,0
104,-42,108,0
31,-42,108,0
-104,-42,108,0
59,-42,108,0
66,-42,108,0
120,-42,108,0
-163,-42,108,0
-95,-42,108,0
-58,-42,108,3
90,-42,108,0
52,-42,108,0
115,-42,108,0
18,-42,108,0
-164,-42,108,0
-81,-42,108,0
-137,-42,108,0
121,-42,108,0
-45,-42,108,0
55,-42,108,0
166,-42,108,0
-123,-42,108,0
82,-42,108,0
-14,-42,108,0
119,-42,108,0
136,-42,108,0
34,-42,108,0
49,-42,108,0
19,-42,108,0
-9,-42,108,0
32,-42,108,0
-107,-42,108,0
-62,-42,108,108
17,-42,108,0
-80,-42,108,0
-12,-42,108,0
-166,-42,108,0
-82,-42,108,0
-2,-42,108,0
160,-42,108,1
-171,-42,108,0
159,-42,108,1
-88,-42,108,0
-111,-42,108,0
-98,-42,108,0
-36,-42,108,0
-38,-42,108,0
-167,-42,108,0
97,-42,108,0
155,-42,108,0
88,-42,108,0
-134,-42,108,0
117,-42,108,0
142,-42,108,0
6,-42,108,0
-154,-42,108,0
101,-42,108,0
168,-42,108,0
-136,-42,108,0
-32,-42,108,0
-50,-42,108,0
-61,-42,108,108
127,-42,108,0
-114,-42,108,0
-139,-42,108,0
73,-42,108,0
89,-42,108,0
174,-42,108,108
-64,-42,108,108
-92,-42,108,0
54,-42,108,0
-15,-42,108,0
-152,-42,108,0
74,-42,108,0
37,-42,108,0
-165,-42,108,0
-23,-42,108,0
129,-42,108,0
-161,-42,108,0
147,-42,108,106
-129,-42,108,0
-145,-42,108,0
41,-42,108,0
-21,-42,108,1
-110,-42,108,0
86,-42,108,0
-96,-42,108,0
68,-42,108,0
-102,-42,108,0
63,-42,108,0
103,-42,108,0
-175,-42,108,0
96,-42,108,0
-43,-42,108,0
106,-42,108,0
162,-42,108,1
83,-42,108,0
-46,-42,108,0
128,-42,108,0
-109,-42,108,0
-10,-42,108,0
139,-42,108,0
-26,-42,108,0
78,-42,108,0
112,-42,108,0
141,-42,108,0
81,-42,108,0
-27,-42,108,0
105,-42,108,0
-42,-42,108,0
-44,-42,108,0
99,-42,108,0
-39,-42,108,0
-83,-42,108,0
-47,-42,108,0
-103,-42,108,0
79,-42,108,0
-140,-42,108,0
-94,-42,108,0
-35,-42,108,0
-90,-42,108,0
-176,-42,108,0
-127,-42,108,0
62,-42,108,0
-157,-42,108,0
122,-42,108,0
92,-42,108,0
-121,-42,108,0
-142,-42,108,0
35,-42,108,0
-113,-42,108,0
-133,-42,108,0
-108,-42,108,0
113,-42,108,0
60,-42,108,0
-117,-42,108,0
75,-42,108,0
-120,-42,108,0
85,-42,108,0
-112,-42,108,0
-87,-42,108,0
-177,-42,108,0
15,-42,108,0
38,-42,108,0
-116,-42,108,0
69,-42,108,0
72,-42,108,0
87,-42,108,0
67,-42,108,0
-100,-42,108,0
45,-42,108,0
-122,-42,108,0
-156,-42,108,0
-31,-42,108,0
22,-42,108,0
143,-42,108,98
57,-42,108,0
126,-42,108,0
24,-42,108,0
-115,-42,108,0
173,-42,108,108
-63,-42,108,108
140,-42,108,0
50,-42,108,0
145,-42,108,105
144,-42,108,105
170,-42,108,108
124,-42,108,0
178,-42,108,108
-6,-42,108,0
26,-42,108,0
-91,-42,108,0
146,-42,108,108
-153,-42,108,0
-132,-42,108,0
-86,-42,108,0
-11,-42,108,0
42,-42,108,0
84,-42,108,0
-20,-42,108,1
16,-42,108,0
28,-42,108,0
-99,-42,108,0
-138,-42,108,0
156,-42,108,0
169,-42,108,98
-173,-42,108,0
80,-42,108,0
-54,-42,108,0
167,-42,108,0
-22,-42,108,0
58,-42,108,0
131,-42,108,0
-28,-42,108,0
7,-42,108,0
-93,-42,108,0
134,-42,108,0
14,-42,108,0
158,-42,108,1
-147,-42,108,0
20,-42,108,0
-135,-42,108,0
39,-42,108,0
-57,-42,108,3
-37,-42,108,0
-118,-42,108,0
114,-42,108,0
-146,-42,108,0
109,-42,108,0
-124,-42,108,0
-34,-42,108,0
-174,-42,108,0
-55,-42,108,0
-4,-42,108,0
163,-42,108,0
-76,-42,108,100
-25,-42,108,0
-158,-42,108,0
176,-42,108,108
149,-42,108,106
-65,-42,108,108
161,-42,108,1
100,-42,108,0
-53,-42,108,0
-155,-42,108,0
-126,-42,108,0
95,-42,108,0
151,-42,108,0
98,-42,108,0
-143,-42,108,0
-79,-42,108,0
91,-42,108,0
-89,-42,108,0
-51,-42,108,0
111,-42,108,0
21,-42,108,0
46,-42,108,0
-56,-42,108,0
43,-42,108,0
-33,-42,108,0
-128,-42,108,0
-24,-42,108,0
-97,-42,108,0
11,-42,108,0
0,-42,108,0
-131,-42,108,0
76,-42,108,0
29,-42,108,0
164,-42,108,0
102,-42,108,0
-159,-42,108,0
-141,-42,108,0
-16,-42,108,0
36,-42,108,0
157,-42,108,0
-160,-42,108,0
77,-42,108,0
-17,-42,108,1
23,-42,108,0
-149,-42,108,0
-3,-42,108,0
-101,-42,108,0
-170,-42,108,0
93,-42,108,0
-180,-42,108,0
94,-42,108,0
130,-42,108,0
70,-42,108,0
137,-42,108,0
48,-42,108,0
-119,-42,108,0
-148,-42,108,0
110,-42,108,0
107,-42,108,0
61,-42,108,0
27,-42,108,0
-1,-42,108,0
13,-42,108,0
-30,-42,108,0
118,-42,108,0
132,-42,108,0
-75,-42,108,105
-105,-42,108,0
-77,-42,108,50
40,-42,108,0
8,-42,108,0
25,-42,108,0
10,-42,108,0
33,-42,108,0
-169,-42,108,0
64,-42,108,0
135,-42,108,0
-48,-42,108,0
-150,-42,108,0
-78,-42,108,0
-168,-42,108,0
-172,-42,108,0
5,-42,108,0
154,-42,108,0
-7,-42,108,0
-125,-42,108,0
53,-42,108,0
3,-42,108,0
-84,-42,108,0
6,-41,108,0
-110,-41,108,0
-5,-41,108,0
143,-41,108,106
-119,-41,108,0
-128,-41,108,0
-37,-41,108,0
-9,-41,108,0
19,-41,108,64
51,-41,108,0
48,-41,108,0
-130,-41,108,0
34,-41,108,0
147,-41,108,108
170,-41,108,105
-166,-41,108,0
96,-41,108,0
36,-41,108,0
-124,-41,108,0
158,-41,108,1
97,-41,108,0
-158,-41,108,0
-92,-41,108,0
-96,-41,108,0
-147,-41,108,0
75,-41,108,0
-74,-41,108,108
-81,-41,108,0
-53,-41,108,0
43,-41,108,0
169,-41,108,0
-168,-41,108,0
101,-41,108,0
56,-41,108,0
-63,-41,108,108
-3,-41,108,0
-135,-41,108,0
108,-41,108,0
32,-41,108,0
-140,-41,108,0
-134,-41,108,0
-177,-41,108,0
83,-41,108,0
177,-41,108,108
73,-41,108,0
88,-41,108,0
150,-41,108,0
63,-41,108,0
132,-41,108,0
-60,-41,108,101
-23,-41,108,0
-40,-41,108,0
-167,-41,108,0
13,-41,108,0
26,-41,108,1
-14,-41,108,0
-10,-41,108,0
58,-41,108,0
89,-41,108,0
70,-41,108,0
23,-41,108,0
171,-41,108,105
22,-41,108,0
-30,-41,108,0
-126,-41,108,0
-45,-41,108,0
7,-41,108,0
-66,-41,108,108
79,-41,108,0
-39,-41,108,0
72,-41,108,0
-175,-41,108,0
66,-41,108,0
-89,-41,108,0
10,-41,108,0
125,-41,108,0
-136,-41,108,0
94,-41,108,0
44,-41,108,0
2,-41,108,0
-15,-41,108,0
161,-41,108,1
52,-41,108,0
117,-41,108,0
120,-41,108,0
172,-41,108,108
105,-41,108,0
16,-41,108,0
173,-41,108,108
9,-41,108,0
-49,-41,108,0
-178,-41,108,0
-118,-41,108,0
-61,-41,108,108
148,-41,108,104
-88,-41,108,0
24,-41,108,0
-111,-41,108,0
-32,-41,108,0
-97,-41,108,0
135,-41,108,0
3,-41,108,0
-108,-41,108,0
-165,-41,108,0
-102,-41,108,0
111,-41,108,0
-138,-41,108,0
-122,-41,108,0
-159,-41,108,0
142,-41,108,105
-98,-41,108,0
21,-41,108,0
-59,-41,108,105
77,-41,108,0
-133,-41,108,0
157,-41,108,0
0,-41,108,0
-4,-41,108,0
-116,-41,108,0
121,-41,108,0
20,-41,108,64
-104,-41,108,0
-101,-41,108,0
152,-41,108,0
-22,-41,108,0
-151,-41,108,0
-33,-41,108,0
-82,-41,108,0
27,-41,108,1
-109,-41,108,0
-58,-41,108,3
-173,-41,108,0
160,-41,108,1
124,-41,108,0
-91,-41,108,0
116,-41,108,0
-169,-41,108,0
-180,-41,108,0
-36,-41,108,0
-2,-41,108,0
110,-41,108,0
-57,-41,108,3
133,-41,108,0
-18,-41,108,1
-42,-41,108,0
153,-41,108,0
-103,-41,108,0
25,-41,108,0
166,-41,108,0
64,-41,108,0
-87,-41,108,0
106,-41,108,0
154,-41,108,0
54,-41,108,0
-99,-41,108,0
-162,-41,108,0
-170,-41,108,0
163,-41,108,0
-12,-41,108,0
-121,-41,108,0
11,-41,108,0
-84,-41,108,0
-150,-41,108,0
28,-41,108,1
-163,-41,108,0
14,-41,108,0
-13,-41,108,0
-7,-41,108,0
-100,-41,108,0
99,-41,108,0
155,-41,108,0
17,-41,108,0
104,-41,108,0
-146,-41,108,0
-160,-41,108,0
-155,-41,108,0
129,-41,108,0
59,-41,108,0
115,-41,108,0
49,-41,108,0
100,-41,108,0
-47,-41,108,0
12,-41,108,0
122,-41,108,0
162,-41,108,0
131,-41,108,0
-179,-41,108,0
-139,-41,108,0
113,-41,108,0
141,-41,108,0
5,-41,108,0
130,-41,108,0
-176,-41,108,0
30,-41,108,0
-8,-41,108,0
-129,-41,108,0
139,-41,108,0
-161,-41,108,0
114,-41,108,0
112,-41,108,0
-90,-41,108,0
-50,-41,108,0
-80,-41,108,0
42,-41,108,0
-145,-41,108,0
-123,-41,108,0
103,-41,108,0
-131,-41,108,0
-31,-41,108,0
-95,-41,108,0
46,-41,108,0
-132,-41,108,0
146,-41,108,108
-141,-41,108,0
-24,-41,108,0
-51,-41,108,0
-153,-41,108,0
-164,-41,108,0
-86,-41,108,0
84,-41,108,0
74,-41,108,0
-156,-41,108,0
-144,-41,108,0
-29,-41,108,0
-28,-41,108,0
-65,-41,108,108
126,-41,108,0
-62,-41,108,108
179,-41,108,0
-48,-41,108,0
29,-41,108,1
145,-41,108,108
-117,-41,108,0
-54,-41,108,0
-106,-41,108,0
41,-41,108,0
138,-41,108,0
-171,-41,108,0
-93,-41,108,0
-25,-41,108,0
-38,-41,108,0
53,-41,108,0
151,-41,108,0
98,-41,108,0
-107,-41,108,0
60,-41,108,0
-157,-41,108,0
1,-41,108,0
71,-41,108,0
68,-41,108,0
-77,-41,108,97
78,-41,108,0
91,-41,108,0
-174,-41,108,0
-105,-41,108,0
164,-41,108,0
123,-41,108,0
-21,-41,108,0
-35,-41,108,0
50,-41,108,0
33,-41,108,0
-46,-41,108,0
69,-41,108,0
156,-41,108,0
-113,-41,108,0
127,-41,108,0
-83,-41,108,0
93,-41,108,0
119,-41,108,0
175,-41,108,108
-11,-41,108,0
167,-41,108,0
-85,-41,108,0
95,-41,108,0
86,-41,108,0
102,-41,108,0
-34,-41,108,0
85,-41,108,0
-120,-41,108,0
136,-41,108,0
82,-41,108,0
-172,-41,108,0
-137,-41,108,0
109,-41,108,0
37,-41,108,0
-125,-41,108,0
-112,-41,108,0
140,-41,108,0
-115,-41,108,0
-56,-41,108,0
15,-41,108,0
8,-41,108,0
-79,-41,108,0
57,-41,108,0
87,-41,108,0
-149,-41,108,0
55,-41,108,0
35,-41,108,0
-114,-41,108,0
-19,-41,108,0
-44,-41,108,0
90,-41,108,0
-148,-41,108,0
67,-41,108,0
-17,-41,108,0
-142,-41,108,0
80,-41,108,0
4,-41,108,0
81,-41,108,0
-6,-41,108,0
-41,-41,108,0
-43,-41,108,0
47,-41,108,0
107,-41,108,0
92,-41,108,0
178,-41,108,108
149,-41,108,104
176,-41,108,108
76,-41,108,0
18,-41,108,64
174,-41,108,108
-75,-41,108,107
-55,-41,108,0
-143,-41,108,0
159,-41,108,1
-94,-41,108,0
-52,-41,108,0
128,-41,108,0
65,-41,108,0
39,-41,108,0
118,-41,108,0
144,-41,108,108
-1,-41,108,0
-64,-41,108,0
45,-41,108,0
-76,-41,108,100
-152,-41,108,0
-26,-41,108,0
137,-41,108,0
134,-41,108,0
-16,-41,108,0
-78,-41,108,0
165,-41,108,0
-27,-41,108,0
31,-41,108,0
40,-41,108,0
168,-41,108,0
-20,-41,108,0
61,-41,108,0
62,-41,108,0
-127,-41,108,0
-154,-41,108,0
38,-41,108,0
-21,-40,108,0
-18,-40,108,0
72,-40,108,0
-39,-40,108,0
30,-40,108,0
-130,-40,108,0
-148,-40,108,0
20,-40,108,64
-119,-40,108,0
-143,-40,108,0
150,-40,108,104
152,-40,108,78
142,-40,108,108
42,-40,108,0
-2,-40,108,0
-150,-40,108,0
-28,-40,108,0
-162,-40,108,0
134,-40,108,0
132,-40,108,0
148,-40,108,105
-168,-40,108,0
-109,-40,108,0
-172,-40,108,0
-95,-40,108,0
-103,-40,108,0
97,-40,108,0
-165,-40,108,0
6,-40,108,0
147,-40,108,105
45,-40,108,0
67,-40,108,0
-59,-40,108,106
25,-40,108,0
-126,-40,108,0
127,-40,108,0
-55,-40,108,0
126,-40,108,0
114,-40,108,0
54,-40,108,0
141,-40,108,108
-146,-40,108,0
-44,-40,108,0
173,-40,108,108
-1,-40,108,0
51,-40,108,0
167,-40,108,0
77,-40,108,0
-42,-40,108,0
27,-40,108,1
-104,-40,108,0
115,-40,108,0
131,-40,108,0
-36,-40,108,0
-179,-40,108,0
-38,-40,108,0
-46,-40,108,0
169,-40,108,0
140,-40,108,108
82,-40,108,0
151,-40,108,78
78,-40,108,0
-118,-40,108,0
-94,-40,108,0
9,-40,108,0
98,-40,108,0
155,-40,108,0
-128,-40,108,0
-124,-40,108,0
156,-40,108,0
36,-40,108,0
81,-40,108,0
-12,-40,108,0
-135,-40,108,0
-57,-40,108,3
-51,-40,108,0
145,-40,108,108
-108,-40,108,0
95,-40,108,0
88,-40,108,0
171,-40,108,93
26,-40,108,1
-180,-40,108,0
-99,-40,108,0
138,-40,108,0
14,-40,108,0
107,-40,108,0
177,-40,108,108
21,-40,108,64
-173,-40,108,0
-157,-40,108,0
-33,-40,108,0
53,-40,108,0
-151,-40,108,0
76,-40,108,0
23,-40,108,0
71,-40,108,0
175,-40,108,108
172,-40,108,108
162,-40,108,0
7,-40,108,0
158,-40,108,1
-63,-40,108,108
8,-40,108,0
-85,-40,108,0
50,-40,108,0
-142,-40,108,0
-22,-40,108,0
74,-40,108,0
59,-40,108,0
-125,-40,108,0
-79,-40,108,0
-178,-40,108,0
117,-40,108,0
143,-40,108,108
-112,-40,108,0
123,-40,108,0
-134,-40,108,0
92,-40,108,0
124,-40,108,0
174,-40,108,108
-136,-40,108,0
-110,-40,108,0
4,-40,108,0
-16,-40,108,0
60,-40,108,0
56,-40,108,0
-101,-40,108,0
-58,-40,108,106
17,-40,108,73
-93,-40,108,0
-129,-40,108,0
-27,-40,108,0
-17,-40,108,0
-19,-40,108,0
38,-40,108,0
49,-40,108,0
-106,-40,108,0
178,-40,108,108
-84,-40,108,0
13,-40,108,0
-86,-40,108,0
-56,-40,108,3
93,-40,108,0
-163,-40,108,0
-144,-40,108,0
-169,-40,108,0
11,-40,108,0
87,-40,108,0
34,-40,108,0
37,-40,108,0
-13,-40,108,0
44,-40,108,0
-52,-40,108,0
75,-40,108,0
153,-40,108,0
68,-40,108,0
-23,-40,108,0
-25,-40,108,0
70,-40,108,0
-176,-40,108,0
3,-40,108,0
-11,-40,108,0
89,-40,108,0
163,-40,108,0
106,-40,108,0
-82,-40,108,0
47,-40,108,0
-37,-40,108,0
-174,-40,108,0
-35,-40,108,0
-6,-40,108,0
15,-40,108,0
1,-40,108,0
159,-40,108,1
73,-40,108,0
-34,-40,108,0
-87,-40,108,0
5,-40,108,0
-26,-40,108,0
99,-40,108,0
-90,-40,108,0
35,-40,108,0
164,-40,108,0
41,-40,108,0
122,-40,108,0
-121,-40,108,0
-131,-40,108,0
24,-40,108,0
52,-40,108,0
91,-40,108,0
-77,-40,108,0
-3,-40,108,0
-154,-40,108,0
-80,-40,108,0
-30,-40,108,0
-81,-40,108,0
-97,-40,108,0
-5,-40,108,0
133,-40,108,0
61,-40,108,0
-107,-40,108,0
161,-40,108,1
104,-40,108,0
112,-40,108,0
-164,-40,108,0
62,-40,108,0
-153,-40,108,0
16,-40,108,0
39,-40,108,0
-105,-40,108,0
-167,-40,108,0
-10,-40,108,0
-7,-40,108,0
-83,-40,108,0
105,-40,108,0
-74,-40,108,108
144,-40,108,108
113,-40,108,0
-24,-40,108,0
79,-40,108,0
-138,-40,108,0
146,-40,108,108
94,-40,108,0
136,-40,108,0
-54,-40,108,0
-152,-40,108,0
100,-40,108,0
-20,-40,108,0
108,-40,108,0
103,-40,108,0
-91,-40,108,0
179,-40,108,97
118,-40,108,0
86,-40,108,0
101,-40,108,0
170,-40,108,0
-96,-40,108,0
-75,-40,108,108
63,-40,108,0
-161,-40,108,0
18,-40,108,73
-40,-40,108,0
46,-40,108,0
-170,-40,108,0
-139,-40,108,0
32,-40,108,0
12,-40,108,0
66,-40,108,0
64,-40,108,0
-98,-40,108,0
19,-40,108,73
-9,-40,108,0
-149,-40,108,0
-122,-40,108,0
-29,-40,108,0
-49,-40,108,0
-140,-40,108,0
-175,-40,108,0
168,-40,108,0
176,-40,108,108
-132,-40,108,0
149,-40,108,105
109,-40,108,0
-137,-40,108,0
160,-40,108,1
-120,-40,108,0
-89,-40,108,0
96,-40,108,0
165,-40,108,0
-62,-40,108,108
-31,-40,108,0
111,-40,108,0
85,-40,108,0
31,-40,108,0
102,-40,108,0
-76,-40,108,101
135,-40,108,0
69,-40,108,0
-141,-40,108,0
-171,-40,108,0
119,-40,108,0
43,-40,108,0
-50,-40,108,0
157,-40,108,1
-114,-40,108,0
-116,-40,108,0
58,-40,108,0
40,-40,108,0
-88,-40,108,0
28,-40,108,1
-160,-40,108,0
-156,-40,108,0
10,-40,108,0
65,-40,108,0
-127,-40,108,0
-123,-40,108,0
90,-40,108,0
-158,-40,108,0
128,-40,108,0
-14,-40,108,0
-100,-40,108,0
-117,-40,108,0
0,-40,108,0
-115,-40,108,0
110,-40,108,0
22,-40,108,0
-113,-40,108,0
-47,-40,108,0
129,-40,108,0
84,-40,108,0
-177,-40,108,0
55,-40,108,0
-155,-40,108,0
-102,-40,108,0
-147,-40,108,0
-53,-40,108,0
2,-40,108,0
83,-40,108,0
137,-40,108,0
-145,-40,108,0
116,-40,108,0
-92,-40,108,0
-45,-40,108,0
-159,-40,108,0
-60,-40,108,108
-133,-40,108,0
-15,-40,108,0
-78,-40,108,0
154,-40,108,0
139,-40,108,0
166,-40,108,0
80,-40,108,0
130,-40,108,0
121,-40,108,0
-4,-40,108,0
125,-40,108,0
-111,-40,108,0
120,-40,108,0
57,-40,108,0
29,-40,108,1
48,-40,108,0
-43,-40,108,0
-61,-40,108,108
-166,-40,108,0
33,-40,108,0
-48,-40,108,0
-8,-40,108,0
-41,-40,108,0
-32,-40,108,0
46,-39,108,0
-49,-39,108,0
-5,-39,108,0
-171,-39,108,0
140,-39,108,108
68,-39,108,0
50,-39,108,0
1,-39,108,0
-158,-39,108,0
146,-39,108,106
-92,-39,108,0
-167,-39,108,0
162,-39,108,0
33,-39,108,0
40,-39,108,0
-103,-39,108,0
-39,-39,108,0
111,-39,108,0
25,-39,108,1
89,-39,108,0
-157,-39,108,0
58,-39,108,0
17,-39,108,104
-58,-39,108,103
99,-39,108,0
18,-39,108,104
74,-39,108,0
-133,-39,108,0
173,-39,108,108
148,-39,108,106
-59,-39,108,107
126,-39,108,0
114,-39,108,0
139,-39,108,107
-48,-39,108,0
94,-39,108,0
0,-39,108,0
90,-39,108,0
-85,-39,108,0
3,-39,108,0
97,-39,108,0
79,-39,108,0
-164,-39,108,0
19,-39,108,74
-147,-39,108,0
62,-39,108,0
-176,-39,108,0
-102,-39,108,0
159,-39,108,1
21,-39,108,74
100,-39,108,0
55,-39,108,0
-177,-39,108,0
151,-39,108,78
-132,-39,108,0
179,-39,108,108
-20,-39,108,0
-6,-39,108,0
80,-39,108,0
-11,-39,108,0
-108,-39,108,0
-74,-39,108,108
132,-39,108,0
36,-39,108,0
152,-39,108,78
38,-39,108,0
-144,-39,108,0
145,-39,108,108
-55,-39,108,0
-18,-39,108,0
31,-39,108,0
-123,-39,108,0
93,-39,108,0
117,-39,108,0
-89,-39,108,0
64,-39,108,0
-104,-39,108,0
-25,-39,108,0
134,-39,108,0
28,-39,108,1
-105,-39,108,0
119,-39,108,0
-131,-39,108,0
-138,-39,108,0
-84,-39,108,0
-97,-39,108,0
102,-39,108,0
-56,-39,108,106
-54,-39,108,0
178,-39,108,108
-37,-39,108,0
60,-39,108,0
6,-39,108,0
44,-39,108,0
26,-39,108,1
176,-39,108,0
161,-39,108,0
-134,-39,108,0
78,-39,108,0
-32,-39,108,0
-26,-39,108,0
20,-39,108,74
82,-39,108,0
-95,-39,108,0
105,-39,108,0
-146,-39,108,0
168,-39,108,0
14,-39,108,0
48,-39,108,0
24,-39,108,0
-162,-39,108,0
59,-39,108,0
130,-39,108,0
-127,-39,108,0
166,-39,108,0
-9,-39,108,0
-168,-39,108,0
67,-39,108,0
-35,-39,108,0
-128,-39,108,0
16,-39,108,0
53,-39,108,0
133,-39,108,0
-76,-39,108,102
101,-39,108,0
-141,-39,108,0
-140,-39,108,0
-154,-39,108,0
-1,-39,108,0
-30,-39,108,0
-19,-39,108,0
-29,-39,108,0
-165,-39,108,0
95,-39,108,0
-3,-39,108,0
127,-39,108,0
124,-39,108,0
83,-39,108,0
-51,-39,108,0
-161,-39,108,0
-149,-39,108,0
138,-39,108,0
153,-39,108,0
118,-39,108,0
-170,-39,108,0
-172,-39,108,0
-119,-39,108,0
-14,-39,108,0
-28,-39,108,0
5,-39,108,0
-8,-39,108,0
35,-39,108,0
34,-39,108,0
156,-39,108,0
-81,-39,108,0
136,-39,108,0
-173,-39,108,0
106,-39,108,0
-151,-39,108,0
23,-39,108,1
-118,-39,108,0
169,-39,108,0
-115,-39,108,0
112,-39,108,0
-152,-39,108,0
154,-39,108,0
86,-39,108,0
39,-39,108,0
-180,-39,108,0
163,-39,108,0
123,-39,108,0
41,-39,108,0
115,-39,108,0
137,-39,108,0
-33,-39,108,0
-44,-39,108,0
-101,-39,108,0
-47,-39,108,0
-179,-39,108,0
-116,-39,108,0
10,-39,108,0
-10,-39,108,0
135,-39,108,0
-62,-39,108,108
43,-39,108,0
-121,-39,108,0
143,-39,108,108
-109,-39,108,0
-80,-39,108,0
-153,-39,108,0
165,-39,108,0
-98,-39,108,0
-36,-39,108,0
2,-39,108,0
75,-39,108,0
-78,-39,108,0
-2,-39,108,0
-90,-39,108,0
129,-39,108,0
-178,-39,108,0
32,-39,108,0
-61,-39,108,108
-142,-39,108,0
15,-39,108,0
-43,-39,108,0
4,-39,108,0
-57,-39,108,11
107,-39,108,0
158,-39,108,1
-94,-39,108,0
71,-39,108,0
164,-39,108,0
125,-39,108,0
13,-39,108,0
147,-39,108,106
-163,-39,108,0
177,-39,108,108
47,-39,108,0
-31,-39,108,0
72,-39,108,0
8,-39,108,0
-120,-39,108,0
110,-39,108,0
-169,-39,108,0
76,-39,108,0
109,-39,108,0
30,-39,108,0
-100,-39,108,0
167,-39,108,0
-45,-39,108,0
9,-39,108,0
-52,-39,108,0
-27,-39,108,0
-137,-39,108,0
157,-39,108,1
45,-39,108,0
171,-39,108,108
49,-39,108,0
-111,-39,108,0
96,-39,108,0
-107,-39,108,0
-34,-39,108,0
73,-39,108,0
-12,-39,108,0
61,-39,108,0
12,-39,108,0
52,-39,108,0
-17,-39,108,0
-15,-39,108,0
-60,-39,108,108
51,-39,108,0
141,-39,108,108
170,-39,108,0
-166,-39,108,0
-91,-39,108,0
149,-39,108,108
-124,-39,108,0
121,-39,108,0
160,-39,108,1
103,-39,108,0
-150,-39,108,0
66,-39,108,0
-53,-39,108,0
144,-39,108,108
-21,-39,108,0
37,-39,108,0
-4,-39,108,0
27,-39,108,1
63,-39,108,0
-41,-39,108,0
69,-39,108,0
-112,-39,108,0
87,-39,108,0
-82,-39,108,0
-7,-39,108,0
113,-39,108,0
-88,-39,108,0
155,-39,108,0
-129,-39,108,0
57,-39,108,0
-117,-39,108,0
-139,-39,108,0
-96,-39,108,0
11,-39,108,0
-50,-39,108,0
-22,-39,108,0
-23,-39,108,0
128,-39,108,0
92,-39,108,0
56,-39,108,0
-99,-39,108,0
88,-39,108,0
-122,-39,108,0
65,-39,108,0
-148,-39,108,0
-87,-39,108,0
-110,-39,108,0
81,-39,108,0
-156,-39,108,0
7,-39,108,0
77,-39,108,0
54,-39,108,0
150,-39,108,108
-40,-39,108,0
-174,-39,108,0
-79,-39,108,0
-63,-39,108,108
85,-39,108,0
84,-39,108,0
131,-39,108,0
-126,-39,108,0
-38,-39,108,0
91,-39,108,0
-75,-39,108,105
142,-39,108,108
-16,-39,108,0
29,-39,108,1
-13,-39,108,0
-24,-39,108,0
-175,-39,108,0
104,-39,108,0
-113,-39,108,0
172,-39,108,108
22,-39,108,74
-136,-39,108,0
108,-39,108,0
-46,-39,108,0
-42,-39,108,0
70,-39,108,0
122,-39,108,0
-130,-39,108,0
-143,-39,108,0
-106,-39,108,0
-160,-39,108,0
175,-39,108,0
120,-39,108,0
174,-39,108,108
-155,-39,108,0
-86,-39,108,0
-83,-39,108,0
-77,-39,108,0
-93,-39,108,0
-159,-39,108,0
-135,-39,108,0
-125,-39,108,0
-114,-39,108,0
-145,-39,108,0
98,-39,108,0
42,-39,108,0
116,-39,108,0
34,-38,108,0
-47,-38,108,0
9,-38,108,0
-4,-38,108,0
157,-38,108,1
-102,-38,108,0
-36,-38,108,0
147,-38,108,106
-11,-38,108,0
165,-38,108,0
23,-38,108,76
11,-38,108,0
102,-38,108,0
10,-38,108,0
-112,-38,108,0
111,-38,108,0
-111,-38,108,0
139,-38,108,107
-154,-38,108,0
152,-38,108,78
-45,-38,108,0
172,-38,108,108
-13,-38,108,0
-17,-38,108,0
46,-38,108,0
-164,-38,108,0
153,-38,108,0
151,-38,108,78
-34,-38,108,0
-23,-38,108,0
93,-38,108,0
-44,-38,108,0
-55,-38,108,106
21,-38,108,108
144,-38,108,108
-84,-38,108,0
-121,-38,108,0
91,-38,108,0
-58,-38,108,108
52,-38,108,0
-179,-38,108,0
47,-38,108,0
145,-38,108,108
126,-38,108,0
132,-38,108,0
169,-38,108,0
-161,-38,108,0
-9,-38,108,0
141,-38,108,0
-160,-38,108,0
42,-38,108,0
128,-38,108,0
-177,-38,108,0
-16,-38,108,0
-180,-38,108,0
150,-38,108,108
-124,-38,108,0
-56,-38,108,106
20,-38,108,108
173,-38,108,108
-79,-38,108,0
65,-38,108,0
175,-38,108,108
-170,-38,108,0
33,-38,108,0
135,-38,108,0
108,-38,108,0
-122,-38,108,0
22,-38,108,108
-114,-38,108,0
161,-38,108,0
-52,-38,108,0
-1,-38,108,0
27,-38,108,67
-107,-38,108,0
168,-38,108,0
-15,-38,108,0
-41,-38,108,0
-35,-38,108,0
-176,-38,108,0
-108,-38,108,0
170,-38,108,0
164,-38,108,0
49,-38,108,0
44,-38,108,0
-140,-38,108,0
83,-38,108,0
-53,-38,108,38
86,-38,108,0
-37,-38,108,0
176,-38,108,108
38,-38,108,0
-146,-38,108,0
136,-38,108,0
-159,-38,108,0
110,-38,108,0
-75,-38,108,108
-90,-38,108,0
-120,-38,108,0
-28,-38,108,0
-104,-38,108,0
-97,-38,108,0
95,-38,108,0
114,-38,108,0
-132,-38,108,0
120,-38,108,0
129,-38,108,0
-20,-38,108,0
-105,-38,108,0
32,-38,108,0
-163,-38,108,0
174,-38,108,108
48,-38,108,0
28,-38,108,2
92,-38,108,0
25,-38,108,69
57,-38,108,0
154,-38,108,0
87,-38,108,0
19,-38,108,108
62,-38,108,0
-46,-38,108,0
-82,-38,108,0
-24,-38,108,0
103,-38,108,0
-117,-38,108,0
29,-38,108,1
-92,-38,108,0
5,-38,108,0
166,-38,108,0
-149,-38,108,0
-156,-38,108,0
-142,-38,108,0
43,-38,108,0
137,-38,108,0
85,-38,108,0
2,-38,108,0
160,-38,108,1
121,-38,108,0
97,-38,108,0
-148,-38,108,0
-171,-38,108,0
-25,-38,108,0
79,-38,108,0
-110,-38,108,0
158,-38,108,1
-137,-38,108,0
-50,-38,108,0
31,-38,108,1
156,-38,108,0
64,-38,108,0
30,-38,108,1
162,-38,108,0
117,-38,108,0
35,-38,108,0
14,-38,108,0
0,-38,108,0
-158,-38,108,0
80,-38,108,0
-19,-38,108,0
-29,-38,108,0
-134,-38,108,0
-119,-38,108,0
119,-38,108,0
-150,-38,108,0
-78,-38,108,0
54,-38,108,0
-131,-38,108,0
78,-38,108,0
-133,-38,108,0
-42,-38,108,0
106,-38,108,0
118,-38,108,0
115,-38,108,0
94,-38,108,0
109,-38,108,0
125,-38,108,0
63,-38,108,0
74,-38,108,0
-136,-38,108,0
73,-38,108,0
130,-38,108,0
167,-38,108,0
56,-38,108,0
116,-38,108,0
-40,-38,108,0
124,-38,108,0
98,-38,108,0
-81,-38,108,0
-99,-38,108,0
26,-38,108,69
96,-38,108,0
-166,-38,108,0
-6,-38,108,0
140,-38,108,107
66,-38,108,0
-100,-38,108,0
-178,-38,108,0
-153,-38,108,0
-93,-38,108,0
-125,-38,108,0
179,-38,108,107
-30,-38,108,0
-123,-38,108,0
148,-38,108,106
-135,-38,108,0
-18,-38,108,0
138,-38,108,0
-74,-38,108,108
107,-38,108,0
39,-38,108,0
89,-38,108,0
113,-38,108,0
122,-38,108,0
-172,-38,108,0
6,-38,108,0
131,-38,108,0
163,-38,108,0
-33,-38,108,0
112,-38,108,0
-76,-38,108,90
60,-38,108,0
-175,-38,108,0
8,-38,108,0
53,-38,108,0
-129,-38,108,0
123,-38,108,0
-162,-38,108,0
-95,-38,108,0
-152,-38,108,0
-87,-38,108,0
-165,-38,108,0
-109,-38,108,0
24,-38,108,76
-173,-38,108,0
100,-38,108,0
171,-38,108,98
177,-38,108,108
-138,-38,108,0
18,-38,108,104
17,-38,108,104
-145,-38,108,0
82,-38,108,0
104,-38,108,0
13,-38,108,0
3,-38,108,0
-80,-38,108,0
-51,-38,108,0
77,-38,108,0
71,-38,108,0
-21,-38,108,0
-101,-38,108,0
-157,-38,108,0
-169,-38,108,0
88,-38,108,0
55,-38,108,0
-127,-38,108,0
75,-38,108,0
-167,-38,108,0
-106,-38,108,0
-88,-38,108,0
134,-38,108,0
-151,-38,108,0
15,-38,108,0
16,-38,108,0
-139,-38,108,0
-96,-38,108,0
-98,-38,108,0
105,-38,108,0
-49,-38,108,0
-85,-38,108,0
149,-38,108,108
101,-38,108,0
-116,-38,108,0
-27,-38,108,0
-126,-38,108,0
40,-38,108,0
-143,-38,108,0
72,-38,108,0
-128,-38,108,0
12,-38,108,0
45,-38,108,0
-89,-38,108,0
-39,-38,108,0
-155,-38,108,0
-12,-38,108,0
37,-38,108,0
51,-38,108,0
-38,-38,108,0
84,-38,108,0
-43,-38,108,0
-174,-38,108,0
-31,-38,108,0
-7,-38,108,0
-144,-38,108,0
59,-38,108,0
-5,-38,108,0
-91,-38,108,0
1,-38,108,0
67,-38,108,0
-32,-38,108,0
-48,-38,108,0
-77,-38,108,0
50,-38,108,0
58,-38,108,0
4,-38,108,0
90,-38,108,0
-26,-38,108,0
69,-38,108,0
-130,-38,108,0
7,-38,108,0
-57,-38,108,106
178,-38,108,108
76,-38,108,0
99,-38,108,0
-86,-38,108,0
36,-38,108,0
-54,-38,108,38
159,-38,108,1
-14,-38,108,0
-168,-38,108,0
61,-38,108,0
-115,-38,108,0
-94,-38,108,0
-3,-38,108,0
-8,-38,108,0
68,-38,108,0
127,-38,108,0
133,-38,108,0
-2,-38,108,0
70,-38,108,0
155,-38,108,0
41,-38,108,0
-22,-38,108,0
-10,-38,108,0
-113,-38,108,0
-83,-38,108,0
-147,-38,108,0
-118,-38,108,0
-141,-38,108,0
81,-38,108,0
-103,-38,108,0
28,-37,108,69
136,-37,108,108
171,-37,108,98
-105,-37,108,0
157,-37,108,1
172,-37,108,108
-106,-37,108,0
14,-37,108,0
-32,-37,108,0
163,-37,108,0
-150,-37,108,0
37,-37,108,0
-42,-37,108,0
-175,-37,108,0
105,-37,108,0
129,-37,108,0
104,-37,108,0
-10,-37,108,0
-140,-37,108,0
38,-37,108,0
63,-37,108,0
-162,-37,108,0
18,-37,108,108
-160,-37,108,0
68,-37,108,0
10,-37,108,0
169,-37,108,0
2,-37,108,0
66,-37,108,0
122,-37,108,0
96,-37,108,0
-115,-37,108,0
-127,-37,108,0
-24,-37,108,0
-84,-37,108,0
-39,-37,108,0
176,-37,108,107
152,-37,108,78
-33,-37,108,0
21,-37,108,108
-46,-37,108,0
-99,-37,108,0
100,-37,108,0
-137,-37,108,0
-26,-37,108,0
124,-37,108,0
30,-37,108,1
73,-37,108,0
-21,-37,108,1
-132,-37,108,0
42,-37,108,0
-166,-37,108,0
-130,-37,108,0
140,-37,108,0
150,-37,108,108
137,-37,108,108
121,-37,108,0
-76,-37,108,2
159,-37,108,1
-161,-37,108,0
-20,-37,108,1
139,-37,108,108
-7,-37,108,0
110,-37,108,0
-157,-37,108,0
-89,-37,108,0
-52,-37,108,0
-97,-37,108,0
-81,-37,108,0
-170,-37,108,0
49,-37,108,0
173,-37,108,108
-110,-37,108,0
-4,-37,108,0
-177,-37,108,0
135,-37,108,108
-111,-37,108,0
162,-37,108,0
109,-37,108,0
90,-37,108,0
138,-37,108,108
8,-37,108,0
-123,-37,108,0
6,-37,108,0
-124,-37,108,0
-41,-37,108,0
170,-37,108,0
101,-37,108,0
127,-37,108,0
94,-37,108,0
69,-37,108,0
29,-37,108,1
56,-37,108,0
160,-37,108,1
77,-37,108,0
58,-37,108,0
-152,-37,108,0
-53,-37,108,38
-94,-37,108,0
-15,-37,108,0
-173,-37,108,0
-74,-37,108,108
-151,-37,108,0
-104,-37,108,0
-44,-37,108,0
80,-37,108,0
164,-37,108,0
-5,-37,108,0
128,-37,108,0
40,-37,108,0
149,-37,108,108
-125,-37,108,0
70,-37,108,0
111,-37,108,0
-78,-37,108,0
-129,-37,108,0
-12,-37,108,0
156,-37,108,1
19,-37,108,108
-122,-37,108,0
60,-37,108,0
-31,-37,108,0
-134,-37,108,0
131,-37,108,0
62,-37,108,0
-178,-37,108,0
-118,-37,108,0
165,-37,108,0
167,-37,108,0
-82,-37,108,0
166,-37,108,0
65,-37,108,0
168,-37,108,0
178,-37,108,97
89,-37,108,0
23,-37,108,108
-2,-37,108,0
39,-37,108,0
120,-37,108,7
161,-37,108,0
59,-37,108,0
46,-37,108,0
-93,-37,108,0
41,-37,108,0
-95,-37,108,0
158,-37,108,1
113,-37,108,0
-133,-37,108,0
67,-37,108,0
-108,-37,108,0
-8,-37,108,0
-138,-37,108,0
-77,-37,108,0
-22,-37,108,0
79,-37,108,0
-155,-37,108,0
-126,-37,108,0
-88,-37,108,0
-119,-37,108,0
-100,-37,108,0
15,-37,108,0
97,-37,108,0
91,-37,108,0
-131,-37,108,0
-47,-37,108,0
118,-37,108,2
87,-37,108,0
-34,-37,108,0
76,-37,108,0
-87,-37,108,1
-17,-37,108,1
-23,-37,108,0
-38,-37,108,0
-16,-37,108,0
-50,-37,108,0
-43,-37,108,0
-28,-37,108,0
-153,-37,108,0
92,-37,108,0
-141,-37,108,0
5,-37,108,0
-58,-37,108,0
64,-37,108,0
-13,-37,108,0
-1,-37,108,0
72,-37,108,0
123,-37,108,0
-116,-37,108,0
55,-37,108,0
9,-37,108,0
71,-37,108,0
51,-37,108,0
106,-37,108,0
114,-37,108,0
-165,-37,108,0
133,-37,108,0
48,-37,108,0
44,-37,108,0
52,-37,108,0
0,-37,108,0
27,-37,108,69
57,-37,108,0
-180,-37,108,0
45,-37,108,0
12,-37,108,0
-37,-37,108,0
-145,-37,108,0
-27,-37,108,0
-9,-37,108,0
-83,-37,108,0
-54,-37,108,38
-159,-37,108,0
-96,-37,108,0
35,-37,108,0
-73,-37,108,105
95,-37,108,0
93,-37,108,0
174,-37,108,108
99,-37,108,0
-146,-37,108,0
119,-37,108,7
7,-37,108,0
-56,-37,108,106
20,-37,108,108
151,-37,108,108
1,-37,108,0
-92,-37,108,0
153,-37,108,77
-75,-37,108,105
-25,-37,108,0
-55,-37,108,106
103,-37,108,0
-168,-37,108,0
-98,-37,108,0
-163,-37,108,0
17,-37,108,108
107,-37,108,0
13,-37,108,0
-156,-37,108,0
11,-37,108,0
88,-37,108,0
126,-37,108,0
22,-37,108,108
33,-37,108,0
43,-37,108,0
154,-37,108,0
53,-37,108,0
175,-37,108,108
-102,-37,108,0
108,-37,108,0
61,-37,108,0
-176,-37,108,0
25,-37,108,108
-40,-37,108,0
75,-37,108,0
86,-37,108,0
-91,-37,108,0
-143,-37,108,0
-107,-37,108,0
177,-37,108,107
-101,-37,108,0
-79,-37,108,0
-121,-37,108,0
16,-37,108,108
-30,-37,108,0
-147,-37,108,0
-169,-37,108,0
-103,-37,108,0
-172,-37,108,0
117,-37,108,2
-80,-37,108,0
54,-37,108,0
26,-37,108,81
-35,-37,108,0
-148,-37,108,0
-18,-37,108,1
84,-37,108,0
81,-37,108,0
78,-37,108,0
31,-37,108,1
-36,-37,108,0
74,-37,108,0
-19,-37,108,1
-29,-37,108,0
-6,-37,108,0
-113,-37,108,0
-114,-37,108,0
-49,-37,108,0
125,-37,108,0
-86,-37,108,1
-154,-37,108,0
36,-37,108,0
32,-37,108,0
-45,-37,108,0
-117,-37,108,0
112,-37,108,0
-142,-37,108,0
155,-37,108,0
-149,-37,108,0
83,-37,108,0
-179,-37,108,0
-3,-37,108,0
-85,-37,108,0
-14,-37,108,0
-120,-37,108,0
34,-37,108,0
24,-37,108,108
47,-37,108,0
130,-37,108,0
102,-37,108,0
50,-37,108,0
-57,-37,108,106
4,-37,108,0
-90,-37,108,0
132,-37,108,0
-51,-37,108,0
179,-37,108,0
-144,-37,108,0
85,-37,108,0
-109,-37,108,0
-158,-37,108,0
-112,-37,108,0
-174,-37,108,0
134,-37,108,108
-136,-37,108,0
-11,-37,108,0
-128,-37,108,0
-48,-37,108,0
-171,-37,108,0
-135,-37,108,0
115,-37,108,42
116,-37,108,11
82,-37,108,0
-164,-37,108,0
98,-37,108,0
-167,-37,108,0
-139,-37,108,0
3,-37,108,0
21,-36,108,108
-51,-36,108,0
-100,-36,108,0
163,-36,108,0
64,-36,108,0
170,-36,108,98
27,-36,108,108
130,-36,108,0
-74,-36,108,103
11,-36,108,0
172,-36,108,108
-30,-36,108,0
156,-36,108,1
-3,-36,108,0
22,-36,108,108
-80,-36,108,33
-23,-36,108,1
125,-36,108,0
-159,-36,108,0
40,-36,108,0
-90,-36,108,0
35,-36,108,0
32,-36,108,1
-85,-36,108,0
7,-36,108,0
-99,-36,108,0
-29,-36,108,0
107,-36,108,0
49,-36,108,0
-26,-36,108,0
175,-36,108,108
178,-36,108,1
149,-36,108,0
18,-36,108,108
-75,-36,108,1
58,-36,108,0
174,-36,108,108
-142,-36,108,0
-43,-36,108,0
-88,-36,108,2
-46,-36,108,0
-55,-36,108,107
-98,-36,108,0
-174,-36,108,0
80,-36,108,0
72,-36,108,0
162,-36,108,0
-44,-36,108,0
-11,-36,108,0
13,-36,108,0
167,-36,108,0
-7,-36,108,0
-53,-36,108,101
-16,-36,108,1
113,-36,108,4
138,-36,108,108
69,-36,108,0
117,-36,108,106
-25,-36,108,0
-19,-36,108,3
-37,-36,108,0
134,-36,108,108
-116,-36,108,0
50,-36,108,0
-107,-36,108,0
-151,-36,108,0
-57,-36,108,106
-94,-36,108,0
-77,-36,108,0
-8,-36,108,0
60,-36,108,0
6,-36,108,0
-9,-36,108,0
108,-36,108,0
-109,-36,108,0
53,-36,108,0
-79,-36,108,33
19,-36,108,108
-179,-36,108,0
-13,-36,108,0
-113,-36,108,0
81,-36,108,0
164,-36,108,0
41,-36,108,0
-164,-36,108,0
-10,-36,108,0
-58,-36,108,0
-127,-36,108,0
-54,-36,108,100
-143,-36,108,0
-83,-36,108,0
17,-36,108,108
-172,-36,108,0
-171,-36,108,0
20,-36,108,108
102,-36,108,0
-111,-36,108,0
-175,-36,108,0
139,-36,108,108
26,-36,108,108
-131,-36,108,0
110,-36,108,0
52,-36,108,0
-87,-36,108,1
-167,-36,108,0
171,-36,108,108
-21,-36,108,1
-17,-36,108,1
9,-36,108,0
-153,-36,108,0
44,-36,108,0
166,-36,108,0
114,-36,108,4
16,-36,108,108
-92,-36,108,0
38,-36,108,0
-173,-36,108,0
129,-36,108,0
76,-36,108,0
55,-36,108,0
159,-36,108,1
-156,-36,108,0
-147,-36,108,0
51,-36,108,0
-76,-36,108,0
124,-36,108,0
-128,-36,108,0
-150,-36,108,0
101,-36,108,0
8,-36,108,0
-95,-36,108,0
10,-36,108,0
48,-36,108,0
-136,-36,108,0
74,-36,108,0
-117,-36,108,0
-120,-36,108,0
95,-36,108,0
88,-36,108,0
-124,-36,108,0
3,-36,108,0
68,-36,108,0
61,-36,108,0
-78,-36,108,0
-84,-36,108,0
105,-36,108,0
43,-36,108,0
63,-36,108,0
0,-36,108,0
-102,-36,108,0
123,-36,108,0
56,-36,108,0
73,-36,108,0
132,-36,108,0
-115,-36,108,0
86,-36,108,0
-177,-36,108,0
-141,-36,108,0
-106,-36,108,0
-50,-36,108,0
161,-36,108,0
-22,-36,108,1
33,-36,108,0
-135,-36,108,0
-180,-36,108,0
104,-36,108,0
-144,-36,108,0
-15,-36,108,0
131,-36,108,0
89,-36,108,0
82,-36,108,0
121,-36,108,0
-28,-36,108,0
37,-36,108,0
-140,-36,108,0
94,-36,108,0
-134,-36,108,0
77,-36,108,0
-33,-36,108,0
78,-36,108,0
127,-36,108,0
-154,-36,108,0
-101,-36,108,0
45,-36,108,0
1,-36,108,0
160,-36,108,0
42,-36,108,0
-165,-36,108,0
12,-36,108,0
-133,-36,108,0
109,-36,108,0
112,-36,108,0
-132,-36,108,0
100,-36,108,0
4,-36,108,0
173,-36,108,108
24,-36,108,108
-2,-36,108,0
-41,-36,108,0
-169,-36,108,0
135,-36,108,108
153,-36,108,81
177,-36,108,1
36,-36,108,0
-149,-36,108,0
-161,-36,108,0
-170,-36,108,0
-47,-36,108,0
-162,-36,108,0
31,-36,108,65
28,-36,108,108
-126,-36,108,0
-35,-36,108,0
103,-36,108,0
93,-36,108,0
-118,-36,108,0
-52,-36,108,0
-1,-36,108,0
137,-36,108,108
-56,-36,108,107
119,-36,108,86
66,-36,108,0
59,-36,108,0
-27,-36,108,0
136,-36,108,108
-129,-36,108,0
179,-36,108,0
-36,-36,108,0
120,-36,108,60
14,-36,108,0
-178,-36,108,0
23,-36,108,108
30,-36,108,65
-89,-36,108,2
34,-36,108,0
-81,-36,108,0
122,-36,108,0
62,-36,108,0
158,-36,108,1
-123,-36,108,0
-168,-36,108,0
118,-36,108,106
157,-36,108,1
-158,-36,108,0
-5,-36,108,0
25,-36,108,108
152,-36,108,81
99,-36,108,0
92,-36,108,0
-91,-36,108,0
-157,-36,108,0
-38,-36,108,0
-20,-36,108,1
47,-36,108,0
97,-36,108,0
176,-36,108,108
115,-36,108,106
84,-36,108,0
-138,-36,108,0
-39,-36,108,0
-32,-36,108,0
-104,-36,108,0
46,-36,108,0
29,-36,108,108
-119,-36,108,0
-82,-36,108,0
111,-36,108,0
-114,-36,108,0
-125,-36,108,0
-145,-36,108,0
-155,-36,108,0
168,-36,108,0
54,-36,108,0
106,-36,108,0
-108,-36,108,0
-6,-36,108,0
90,-36,108,0
-12,-36,108,0
-18,-36,108,3
67,-36,108,0
91,-36,108,0
-146,-36,108,0
-42,-36,108,0
-160,-36,108,0
-121,-36,108,0
83,-36,108,0
-166,-36,108,0
-122,-36,108,0
70,-36,108,0
98,-36,108,0
39,-36,108,0
75,-36,108,0
-148,-36,108,0
169,-36,108,0
5,-36,108,0
-34,-36,108,0
-176,-36,108,0
-49,-36,108,0
-14,-36,108,0
-24,-36,108,0
79,-36,108,0
155,-36,108,0
-152,-36,108,0
-4,-36,108,0
150,-36,108,108
71,-36,108,0
-163,-36,108,0
96,-36,108,0
-130,-36,108,0
-86,-36,108,1
151,-36,108,108
-110,-36,108,0
65,-36,108,0
-97,-36,108,0
-139,-36,108,0
154,-36,108,0
128,-36,108,0
-45,-36,108,0
133,-36,108,108
116,-36,108,108
-103,-36,108,0
2,-36,108,0
87,-36,108,0
-137,-36,108,0
-112,-36,108,0
165,-36,108,0
126,-36,108,0
-48,-36,108,0
-96,-36,108,0
85,-36,108,0
-40,-36,108,0
-73,-36,108,104
57,-36,108,0
15,-36,108,0
-105,-36,108,0
-93,-36,108,0
-31,-36,108,0
-2,-35,108,0
118,-35,108,106
-30,-35,108,0
125,-35,108,60
-72,-35,108,108
92,-35,108,0
-172,-35,108,0
-165,-35,108,0
90,-35,108,0
49,-35,108,0
30,-35,108,108
-38,-35,108,0
-124,-35,108,0
7,-35,108,0
22,-35,108,108
86,-35,108,0
24,-35,108,108
-84,-35,108,0
-58,-35,108,0
78,-35,108,0
-167,-35,108,0
-41,-35,108,0
36,-35,108,0
-136,-35,108,0
-95,-35,108,0
96,-35,108,0
-12,-35,108,0
3,-35,108,0
-122,-35,108,0
28,-35,108,108
-125,-35,108,0
-179,-35,108,0
-10,-35,108,0
-154,-35,108,0
54,-35,108,0
53,-35,108,0
52,-35,108,0
-94,-35,108,0
-52,-35,108,101
172,-35,108,108
152,-35,108,108
55,-35,108,0
26,-35,108,108
113,-35,108,101
-169,-35,108,0
51,-35,108,0
103,-35,108,0
25,-35,108,108
11,-35,108,0
-78,-35,108,0
41,-35,108,0
160,-35,108,0
116,-35,108,108
-170,-35,108,0
163,-35,108,0
-37,-35,108,0
-17,-35,108,3
137,-35,108,108
77,-35,108,0
136,-35,108,108
121,-35,108,89
87,-35,108,0
32,-35,108,108
44,-35,108,0
-157,-35,108,0
173,-35,108,108
-75,-35,108,63
20,-35,108,108
75,-35,108,0
138,-35,108,108
-40,-35,108,0
-88,-35,108,3
-89,-35,108,2
12,-35,108,0
-29,-35,108,0
-81,-35,108,33
-107,-35,108,0
18,-35,108,108
31,-35,108,108
176,-35,108,1
-146,-35,108,0
-108,-35,108,0
10,-35,108,0
14,-35,108,0
123,-35,108,86
-104,-35,108,0
-175,-35,108,0
-59,-35,108,0
89,-35,108,0
-91,-35,108,0
-156,-35,108,0
-115,-35,108,0
178,-35,108,1
48,-35,108,0
134,-35,108,108
129,-35,108,0
151,-35,108,108
58,-35,108,0
56,-35,108,0
-55,-35,108,108
-47,-35,108,0
-11,-35,108,0
171,-35,108,108
153,-35,108,108
65,-35,108,0
-5,-35,108,0
1,-35,108,0
-160,-35,108,0
159,-35,108,1
-152,-35,108,0
5,-35,108,0
-22,-35,108,1
-82,-35,108,33
-145,-35,108,0
-163,-35,108,0
-111,-35,108,0
101,-35,108,0
-21,-35,108,1
0,-35,108,0
177,-35,108,1
117,-35,108,0
29,-35,108,108
157,-35,108,1
-129,-35,108,0
162,-35,108,0
35,-35,108,0
-24,-35,108,0
39,-35,108,0
-98,-35,108,0
-83,-35,108,0
150,-35,108,108
-158,-35,108,0
-18,-35,108,2
175,-35,108,98
-90,-35,108,1
119,-35,108,87
-13,-35,108,0
-80,-35,108,33
-42,-35,108,0
114,-35,108,108
110,-35,108,0
-142,-35,108,0
-105,-35,108,0
-20,-35,108,1
124,-35,108,60
15,-35,108,0
71,-35,108,0
-26,-35,108,0
-134,-35,108,0
-57,-35,108,0
-16,-35,108,2
85,-35,108,0
79,-35,108,0
-33,-35,108,0
-171,-35,108,0
70,-35,108,0
-144,-35,108,0
72,-35,108,0
-123,-35,108,0
104,-35,108,0
94,-35,108,0
95,-35,108,0
-180,-35,108,0
-35,-35,108,0
128,-35,108,0
82,-35,108,0
80,-35,108,0
6,-35,108,0
-93,-35,108,0
84,-35,108,0
-133,-35,108,0
83,-35,108,0
-56,-35,108,0
-102,-35,108,0
66,-35,108,0
-43,-35,108,0
164,-35,108,0
43,-35,108,0
-141,-35,108,0
108,-35,108,0
73,-35,108,0
-166,-35,108,0
105,-35,108,0
-92,-35,108,0
-15,-35,108,0
-109,-35,108,0
-25,-35,108,0
-174,-35,108,0
-120,-35,108,0
-114,-35,108,0
-100,-35,108,0
-49,-35,108,0
-4,-35,108,0
-9,-35,108,0
-96,-35,108,0
-3,-35,108,0
-51,-35,108,0
100,-35,108,0
93,-35,108,0
-36,-35,108,0
-151,-35,108,0
-176,-35,108,0
57,-35,108,0
-116,-35,108,0
-177,-35,108,0
4,-35,108,0
69,-35,108,0
-118,-35,108,0
68,-35,108,0
46,-35,108,0
99,-35,108,0
169,-35,108,0
168,-35,108,0
-131,-35,108,0
-73,-35,108,108
-153,-35,108,0
166,-35,108,0
-53,-35,108,101
-159,-35,108,0
-23,-35,108,1
19,-35,108,108
60,-35,108,0
-117,-35,108,0
2,-35,108,0
-139,-35,108,0
40,-35,108,0
88,-35,108,0
131,-35,108,0
122,-35,108,86
-119,-35,108,0
-86,-35,108,1
-138,-35,108,0
-132,-35,108,0
-149,-35,108,0
23,-35,108,108
-164,-35,108,0
47,-35,108,0
-112,-35,108,0
-8,-35,108,0
155,-35,108,0
132,-35,108,60
130,-35,108,0
-34,-35,108,0
107,-35,108,0
-126,-35,108,0
-19,-35,108,2
179,-35,108,0
59,-35,108,0
-97,-35,108,0
106,-35,108,0
-48,-35,108,0
21,-35,108,108
-44,-35,108,0
38,-35,108,0
27,-35,108,108
-74,-35,108,104
120,-35,108,87
98,-35,108,0
154,-35,108,0
-178,-35,108,0
158,-35,108,1
-106,-35,108,0
45,-35,108,0
97,-35,108,0
17,-35,108,108
-135,-35,108,0
174,-35,108,108
167,-35,108,0
127,-35,108,0
-54,-35,108,101
67,-35,108,0
115,-35,108,108
102,-35,108,0
-50,-35,108,0
13,-35,108,0
156,-35,108,1
133,-35,108,60
9,-35,108,0
62,-35,108,0
-87,-35,108,3
-76,-35,108,0
76,-35,108,0
37,-35,108,0
-39,-35,108,0
-103,-35,108,0
-85,-35,108,1
-1,-35,108,0
-6,-35,108,0
161,-35,108,0
112,-35,108,0
-31,-35,108,0
-143,-35,108,0
109,-35,108,0
50,-35,108,0
-101,-35,108,0
-148,-35,108,0
-147,-35,108,0
-162,-35,108,0
-27,-35,108,0
-137,-35,108,0
-7,-35,108,0
74,-35,108,0
-127,-35,108,0
-121,-35,108,0
63,-35,108,0
-77,-35,108,0
-113,-35,108,0
81,-35,108,0
-32,-35,108,0
-110,-35,108,0
126,-35,108,0
-173,-35,108,0
170,-35,108,98
135,-35,108,108
-45,-35,108,0
165,-35,108,0
-140,-35,108,0
33,-35,108,108
-14,-35,108,0
34,-35,108,0
42,-35,108,0
16,-35,108,108
-128,-35,108,0
-150,-35,108,0
61,-35,108,0
-46,-35,108,0
64,-35,108,0
-161,-35,108,0
-79,-35,108,33
-168,-35,108,0
-155,-35,108,0
-99,-35,108,0
-28,-35,108,0
-130,-35,108,0
111,-35,108,0
91,-35,108,0
8,-35,108,0
28,-34,108,108
-88,-34,108,3
77,-34,108,0
32,-34,108,108
-157,-34,108,0
-73,-34,108,108
-20,-34,108,2
-81,-34,108,33
42,-34,108,0
-164,-34,108,0
46,-34,108,0
-114,-34,108,0
131,-34,108,60
17,-34,108,108
27,-34,108,108
-1,-34,108,0
150,-34,108,0
172,-34,108,97
12,-34,108,0
-172,-34,108,0
29,-34,108,108
-99,-34,108,0
-39,-34,108,0
-152,-34,108,0
99,-34,108,0
10,-34,108,0
110,-34,108,0
-127,-34,108,0
124,-34,108,60
-136,-34,108,0
103,-34,108,0
-177,-34,108,0
-89,-34,108,2
153,-34,108,106
-76,-34,108,0
-138,-34,108,0
-162,-34,108,0
71,-34,108,0
-139,-34,108,0
98,-34,108,0
121,-34,108,89
-171,-34,108,0
26,-34,108,108
-47,-34,108,0
109,-34,108,0
-156,-34,108,0
-160,-34,108,0
162,-34,108,0
-175,-34,108,0
-101,-34,108,0
-7,-34,108,0
-74,-34,108,104
-115,-34,108,0
54,-34,108,0
11,-34,108,0
14,-34,108,0
-90,-34,108,2
106,-34,108,0
8,-34,108,0
125,-34,108,60
-25,-34,108,0
164,-34,108,0
-29,-34,108,0
154,-34,108,106
-3,-34,108,0
-97,-34,108,0
51,-34,108,0
178,-34,108,1
136,-34,108,108
171,-34,108,97
-133,-34,108,0
134,-34,108,108
-6,-34,108,0
-102,-34,108,0
-166,-34,108,0
15,-34,108,108
39,-34,108,0
179,-34,108,0
-17,-34,108,2
-41,-34,108,0
132,-34,108,60
25,-34,108,108
-13,-34,108,0
-79,-34,108,33
130,-34,108,0
-43,-34,108,0
138,-34,108,108
-167,-34,108,0
173,-34,108,98
-52,-34,108,101
-110,-34,108,0
56,-34,108,0
-82,-34,108,33
-12,-34,108,0
107,-34,108,0
-14,-34,108,0
-38,-34,108,0
-19,-34,108,2
-53,-34,108,101
-85,-34,108,1
2,-34,108,0
-23,-34,108,0
-59,-34,108,0
-34,-34,108,0
43,-34,108,0
40,-34,108,0
16,-34,108,108
-150,-34,108,0
-77,-34,108,0
115,-34,108,108
5,-34,108,0
161,-34,108,0
86,-34,108,0
175,-34,108,98
101,-34,108,0
-22,-34,108,2
119,-34,108,85
174,-34,108,98
-140,-34,108,0
-134,-34,108,0
6,-34,108,0
94,-34,108,0
-45,-34,108,0
-124,-34,108,0
-33,-34,108,0
84,-34,108,0
-104,-34,108,0
-179,-34,108,0
-5,-34,108,0
-105,-34,108,0
105,-34,108,0
66,-34,108,0
-50,-34,108,1
7,-34,108,0
-49,-34,108,0
-165,-34,108,0
-155,-34,108,0
48,-34,108,0
100,-34,108,0
-128,-34,108,0
-145,-34,108,0
-119,-34,108,0
34,-34,108,0
-4,-34,108,0
79,-34,108,0
160,-34,108,0
156,-34,108,1
1,-34,108,0
-37,-34,108,0
55,-34,108,0
-118,-34,108,0
-129,-34,108,0
-93,-34,108,1
-176,-34,108,0
64,-34,108,0
-158,-34,108,0
96,-34,108,0
69,-34,108,0
-31,-34,108,0
-161,-34,108,0
57,-34,108,0
-44,-34,108,0
-169,-34,108,0
-120,-34,108,0
36,-34,108,0
59,-34,108,0
60,-34,108,0
-149,-34,108,0
177,-34,108,1
-111,-34,108,0
91,-34,108,0
80,-34,108,0
52,-34,108,0
-146,-34,108,0
37,-34,108,0
108,-34,108,0
-147,-34,108,0
-130,-34,108,0
137,-34,108,108
-113,-34,108,0
133,-34,108,60
88,-34,108,0
-151,-34,108,0
-107,-34,108,0
151,-34,108,108
30,-34,108,108
0,-34,108,0
114,-34,108,108
-170,-34,108,0
126,-34,108,60
18,-34,108,108
93,-34,108,0
-86,-34,108,1
4,-34,108,0
38,-34,108,0
-35,-34,108,0
-72,-34,108,108
41,-34,108,0
53,-34,108,0
-10,-34,108,0
61,-34,108,0
-78,-34,108,0
157,-34,108,1
63,-34,108,0
127,-34,108,60
67,-34,108,0
-122,-34,108,0
35,-34,108,0
92,-34,108,0
163,-34,108,0
120,-34,108,75
176,-34,108,1
170,-34,108,0
-103,-34,108,0
123,-34,108,86
76,-34,108,0
24,-34,108,108
31,-34,108,108
-180,-34,108,0
-46,-34,108,0
-153,-34,108,0
-83,-34,108,0
112,-34,108,0
-159,-34,108,0
-32,-34,108,0
-148,-34,108,0
45,-34,108,0
-8,-34,108,0
-123,-34,108,0
-51,-34,108,2
169,-34,108,0
-92,-34,108,1
111,-34,108,0
-135,-34,108,0
70,-34,108,0
-75,-34,108,63
135,-34,108,108
-15,-34,108,0
-126,-34,108,0
-163,-34,108,0
-80,-34,108,33
-117,-34,108,0
128,-34,108,0
168,-34,108,0
-173,-34,108,0
-154,-34,108,0
58,-34,108,0
75,-34,108,0
-125,-34,108,0
3,-34,108,0
-142,-34,108,0
87,-34,108,0
-16,-34,108,1
85,-34,108,0
-91,-34,108,1
90,-34,108,0
22,-34,108,0
152,-34,108,108
-108,-34,108,0
89,-34,108,0
33,-34,108,108
-9,-34,108,0
82,-34,108,0
158,-34,108,1
-21,-34,108,2
102,-34,108,0
166,-34,108,0
-27,-34,108,0
-87,-34,108,3
-48,-34,108,0
-18,-34,108,2
-95,-34,108,0
47,-34,108,0
9,-34,108,0
95,-34,108,0
-109,-34,108,0
-24,-34,108,0
-106,-34,108,0
155,-34,108,1
-178,-34,108,0
78,-34,108,0
-28,-34,108,0
62,-34,108,0
-116,-34,108,0
-30,-34,108,0
-143,-34,108,0
-40,-34,108,0
-54,-34,108,101
23,-34,108,106
72,-34,108,0
-36,-34,108,0
129,-34,108,0
-112,-34,108,0
113,-34,108,101
-84,-34,108,0
-132,-34,108,0
-98,-34,108,0
-121,-34,108,0
44,-34,108,0
-11,-34,108,0
65,-34,108,0
74,-34,108,0
-174,-34,108,0
159,-34,108,0
165,-34,108,0
81,-34,108,0
-42,-34,108,0
83,-34,108,0
49,-34,108,0
-94,-34,108,1
-168,-34,108,0
-141,-34,108,0
-2,-34,108,0
-100,-34,108,0
13,-34,108,0
104,-34,108,0
50,-34,108,0
-131,-34,108,0
-137,-34,108,0
-26,-34,108,0
-96,-34,108,0
73,-34,108,0
97,-34,108,0
68,-34,108,0
167,-34,108,0
122,-34,108,86
-144,-34,108,0
132,-33,108,60
-26,-33,108,0
177,-33,108,1
-28,-33,108,0
-3,-33,108,0
-170,-33,108,0
154,-33,108,106
70,-33,108,0
-83,-33,108,0
115,-33,108,108
38,-33,108,0
157,-33,108,1
-88,-33,108,0
18,-33,108,108
-112,-33,108,0
164,-33,108,0
-80,-33,108,33
45,-33,108,0
-155,-33,108,0
-76,-33,108,0
137,-33,108,108
-52,-33,108,101
16,-33,108,108
51,-33,108,0
-154,-33,108,0
172,-33,108,0
89,-33,108,0
-73,-33,108,108
-135,-33,108,0
71,-33,108,0
126,-33,108,60
-9,-33,108,0
165,-33,108,0
-136,-33,108,0
114,-33,108,108
-93,-33,108,1
4,-33,108,0
108,-33,108,0
67,-33,108,0
-5,-33,108,0
-148,-33,108,0
91,-33,108,0
112,-33,108,0
-20,-33,108,2
163,-33,108,0
17,-33,108,108
-124,-33,108,0
130,-33,108,60
48,-33,108,0
159,-33,108,0
-45,-33,108,0
30,-33,108,108
14,-33,108,0
28,-33,108,108
1,-33,108,0
-27,-33,108,0
152,-33,108,108
-47,-33,108,0
94,-33,108,0
-165,-33,108,0
-162,-33,108,0
-35,-33,108,0
68,-33,108,0
-146,-33,108,0
-75,-33,108,0
-104,-33,108,0
131,-33,108,60
170,-33,108,0
-120,-33,108,0
79,-33,108,0
-99,-33,108,0
66,-33,108,0
-116,-33,108,0
178,-33,108,1
88,-33,108,0
-2,-33,108,0
-40,-33,108,0
95,-33,108,0
-117,-33,108,0
-159,-33,108,0
36,-33,108,0
85,-33,108,0
-87,-33,108,0
-16,-33,108,0
53,-33,108,0
0,-33,108,0
-92,-33,108,1
-179,-33,108,0
-107,-33,108,0
133,-33,108,60
129,-33,108,60
-50,-33,108,62
138,-33,108,0
109,-33,108,0
-139,-33,108,0
-94,-33,108,1
-96,-33,108,0
-77,-33,108,0
-13,-33,108,0
41,-33,108,0
-172,-33,108,0
98,-33,108,0
73,-33,108,0
11,-33,108,0
-108,-33,108,0
105,-33,108,0
-143,-33,108,0
-121,-33,108,0
-79,-33,108,33
7,-33,108,0
-177,-33,108,0
56,-33,108,0
39,-33,108,0
116,-33,108,0
100,-33,108,0
-152,-33,108,0
162,-33,108,0
-89,-33,108,2
6,-33,108,0
155,-33,108,1
171,-33,108,0
76,-33,108,0
-17,-33,108,2
-169,-33,108,0
-122,-33,108,0
-74,-33,108,7
-180,-33,108,0
-29,-33,108,0
-85,-33,108,0
-91,-33,108,1
158,-33,108,1
-42,-33,108,0
-113,-33,108,0
-90,-33,108,2
-22,-33,108,2
-51,-33,108,2
-44,-33,108,0
3,-33,108,0
-97,-33,108,0
-103,-33,108,0
-36,-33,108,0
86,-33,108,0
-119,-33,108,0
-32,-33,108,0
-34,-33,108,0
9,-33,108,0
-175,-33,108,0
-163,-33,108,0
2,-33,108,0
90,-33,108,0
77,-33,108,0
107,-33,108,0
80,-33,108,0
-150,-33,108,0
65,-33,108,0
-1,-33,108,0
-101,-33,108,0
99,-33,108,0
82,-33,108,0
-178,-33,108,0
-153,-33,108,0
104,-33,108,0
-142,-33,108,0
47,-33,108,0
-23,-33,108,0
63,-33,108,0
-160,-33,108,0
12,-33,108,0
101,-33,108,0
49,-33,108,0
44,-33,108,0
-126,-33,108,0
59,-33,108,0
-145,-33,108,0
27,-33,108,108
-95,-33,108,0
-137,-33,108,0
-4,-33,108,0
-46,-33,108,0
173,-33,108,0
83,-33,108,0
-128,-33,108,0
128,-33,108,60
-131,-33,108,0
54,-33,108,0
-15,-33,108,0
176,-33,108,1
-12,-33,108,0
50,-33,108,0
-171,-33,108,0
81,-33,108,0
-133,-33,108,0
166,-33,108,0
43,-33,108,0
153,-33,108,106
-158,-33,108,0
-39,-33,108,0
-141,-33,108,0
-82,-33,108,33
-72,-33,108,108
-49,-33,108,0
-41,-33,108,0
34,-33,108,108
102,-33,108,0
-123,-33,108,0
64,-33,108,0
151,-33,108,108
-19,-33,108,2
-10,-33,108,0
-138,-33,108,0
-37,-33,108,0
106,-33,108,0
-105,-33,108,0
-161,-33,108,0
-111,-33,108,0
97,-33,108,0
-102,-33,108,0
87,-33,108,0
-118,-33,108,0
156,-33,108,1
8,-33,108,0
127,-33,108,60
10,-33,108,0
174,-33,108,0
-14,-33,108,0
46,-33,108,0
92,-33,108,0
-173,-33,108,0
-125,-33,108,0
-130,-33,108,0
29,-33,108,108
-127,-33,108,0
-98,-33,108,0
55,-33,108,0
32,-33,108,108
62,-33,108,0
-8,-33,108,0
-168,-33,108,0
124,-33,108,60
-11,-33,108,0
134,-33,108,60
-167,-33,108,0
-129,-33,108,0
160,-33,108,0
-81,-33,108,33
35,-33,108,0
-176,-33,108,0
58,-33,108,0
52,-33,108,0
-151,-33,108,0
179,-33,108,1
-30,-33,108,0
84,-33,108,0
169,-33,108,0
-157,-33,108,0
-166,-33,108,0
75,-33,108,0
175,-33,108,0
113,-33,108,7
103,-33,108,0
-21,-33,108,2
-110,-33,108,0
-149,-33,108,0
-86,-33,108,0
-147,-33,108,0
5,-33,108,0
-132,-33,108,0
110,-33,108,0
40,-33,108,0
13,-33,108,0
-78,-33,108,0
-100,-33,108,0
-109,-33,108,0
42,-33,108,0
74,-33,108,0
-114,-33,108,0
57,-33,108,0
-144,-33,108,0
-164,-33,108,0
-7,-33,108,0
-48,-33,108,0
-115,-33,108,0
-24,-33,108,0
161,-33,108,0
-53,-33,108,101
72,-33,108,0
168,-33,108,0
-140,-33,108,0
-43,-33,108,0
15,-33,108,108
31,-33,108,108
69,-33,108,0
-18,-33,108,2
61,-33,108,0
111,-33,108,0
-134,-33,108,0
-106,-33,108,0
-31,-33,108,0
-59,-33,108,0
-6,-33,108,0
33,-33,108,108
-174,-33,108,0
60,-33,108,0
-25,-33,108,0
167,-33,108,0
96,-33,108,0
-84,-33,108,0
-156,-33,108,0
37,-33,108,0
78,-33,108,0
125,-33,108,60
-33,-33,108,0
93,-33,108,0
-38,-33,108,0
-148,-32,108,0
156,-32,108,1
-111,-32,108,0
-27,-32,108,0
-16,-32,108,0
-138,-32,108,0
-49,-32,108,62
-113,-32,108,0
111,-32,108,0
-180,-32,108,0
-104,-32,108,0
-144,-32,108,0
-73,-32,108,108
1,-32,108,0
52,-32,108,0
-79,-32,108,0
-139,-32,108,0
116,-32,108,0
-142,-32,108,0
158,-32,108,1
115,-32,108,108
153,-32,108,107
55,-32,108,0
87,-32,108,0
11,-32,108,0
-31,-32,108,0
-52,-32,108,101
-154,-32,108,0
114,-32,108,108
-150,-32,108,0
-50,-32,108,63
59,-32,108,0
-131,-32,108,0
-128,-32,108,0
-36,-32,108,0
-1,-32,108,0
-3,-32,108,0
-119,-32,108,0
-12,-32,108,0
130,-32,108,60
-48,-32,108,0
3,-32,108,0
-15,-32,108,0
-33,-32,108,0
-8,-32,108,0
10,-32,108,0
-151,-32,108,0
-97,-32,108,0
39,-32,108,0
-53,-32,108,0
-51,-32,108,63
-92,-32,108,0
-125,-32,108,0
-136,-32,108,0
83,-32,108,0
-155,-32,108,0
132,-32,108,60
43,-32,108,0
-26,-32,108,0
-168,-32,108,0
-96,-32,108,0
-179,-32,108,0
173,-32,108,0
67,-32,108,0
174,-32,108,0
-83,-32,108,0
64,-32,108,0
170,-32,108,0
36,-32,108,0
109,-32,108,0
-19,-32,108,2
-146,-32,108,0
-18,-32,108,2
-85,-32,108,0
85,-32,108,0
176,-32,108,1
105,-32,108,0
66,-32,108,0
171,-32,108,0
-117,-32,108,0
128,-32,108,60
-9,-32,108,0
60,-32,108,0
-161,-32,108,0
-105,-32,108,0
0,-32,108,0
-149,-32,108,0
76,-32,108,0
-90,-32,108,0
-7,-32,108,0
-129,-32,108,0
44,-32,108,0
61,-32,108,0
50,-32,108,0
53,-32,108,0
-120,-32,108,0
-28,-32,108,0
9,-32,108,0
-80,-32,108,0
-103,-32,108,0
71,-32,108,0
45,-32,108,0
-171,-32,108,0
31,-32,108,108
-116,-32,108,0
-143,-32,108,0
129,-32,108,60
102,-32,108,0
-78,-32,108,0
-122,-32,108,0
161,-32,108,0
35,-32,108,1
-178,-32,108,0
-114,-32,108,0
63,-32,108,0
80,-32,108,0
-106,-32,108,0
72,-32,108,0
-130,-32,108,0
-94,-32,108,1
40,-32,108,0
103,-32,108,0
-87,-32,108,0
-101,-32,108,0
2,-32,108,0
127,-32,108,0
-40,-32,108,0
-177,-32,108,0
-124,-32,108,0
12,-32,108,0
165,-32,108,0
77,-32,108,0
-162,-32,108,0
75,-32,108,0
-160,-32,108,0
110,-32,108,0
90,-32,108,0
-123,-32,108,0
82,-32,108,0
-164,-32,108,0
108,-32,108,0
-165,-32,108,0
79,-32,108,0
-99,-32,108,0
-81,-32,108,0
51,-32,108,0
-46,-32,108,0
-176,-32,108,0
-25,-32,108,0
-159,-32,108,0
-34,-32,108,0
-44,-32,108,0
162,-32,108,0
-32,-32,108,0
-157,-32,108,0
56,-32,108,0
69,-32,108,0
-45,-32,108,0
-5,-32,108,0
92,-32,108,0
-121,-32,108,0
133,-32,108,0
-169,-32,108,0
48,-32,108,0
-153,-32,108,0
-42,-32,108,0
47,-32,108,0
-75,-32,108,18
4,-32,108,0
-23,-32,108,0
-147,-32,108,0
112,-32,108,7
-158,-32,108,0
17,-32,108,108
-163,-32,108,0
-174,-32,108,0
-89,-32,108,0
131,-32,108,60
-132,-32,108,0
168,-32,108,0
98,-32,108,0
-127,-32,108,0
73,-32,108,0
107,-32,108,0
81,-32,108,0
-13,-32,108,0
99,-32,108,0
16,-32,108,108
155,-32,108,1
-126,-32,108,0
-145,-32,108,0
-173,-32,108,0
-74,-32,108,102
-107,-32,108,0
-134,-32,108,0
-167,-32,108,0
84,-32,108,0
-86,-32,108,0
167,-32,108,0
166,-32,108,0
-175,-32,108,0
58,-32,108,0
34,-32,108,108
-77,-32,108,17
-2,-32,108,0
-14,-32,108,0
-170,-32,108,0
-4,-32,108,0
-115,-32,108,0
30,-32,108,108
49,-32,108,0
-20,-32,108,2
32,-32,108,108
-137,-32,108,0
159,-32,108,0
154,-32,108,107
-95,-32,108,0
-133,-32,108,0
-166,-32,108,0
78,-32,108,0
-91,-32,108,0
169,-32,108,0
-109,-32,108,0
-118,-32,108,0
46,-32,108,0
164,-32,108,0
37,-32,108,0
91,-32,108,0
152,-32,108,106
65,-32,108,0
-22,-32,108,2
-88,-32,108,0
57,-32,108,0
-17,-32,108,2
-100,-32,108,0
68,-32,108,0
42,-32,108,0
160,-32,108,0
-24,-32,108,0
-152,-32,108,0
13,-32,108,0
-37,-32,108,0
-172,-32,108,0
157,-32,108,1
8,-32,108,0
74,-32,108,0
-41,-32,108,0
106,-32,108,0
101,-32,108,0
-93,-32,108,0
5,-32,108,0
93,-32,108,0
96,-32,108,0
177,-32,108,1
97,-32,108,0
-39,-32,108,0
-140,-32,108,0
-38,-32,108,0
33,-32,108,108
-110,-32,108,0
95,-32,108,0
18,-32,108,108
-135,-32,108,0
14,-32,108,0
6,-32,108,0
-98,-32,108,0
89,-32,108,0
-29,-32,108,0
-76,-32,108,17
-108,-32,108,0
7,-32,108,0
179,-32,108,1
-43,-32,108,0
38,-32,108,0
-82,-32,108,0
175,-32,108,0
15,-32,108,108
-141,-32,108,0
-6,-32,108,0
104,-32,108,0
-72,-32,108,108
-84,-32,108,0
-11,-32,108,0
-30,-32,108,0
-102,-32,108,0
62,-32,108,0
29,-32,108,108
70,-32,108,0
-21,-32,108,2
54,-32,108,0
100,-32,108,0
163,-32,108,0
86,-32,108,0
172,-32,108,0
178,-32,108,1
-47,-32,108,0
94,-32,108,0
41,-32,108,0
-112,-32,108,0
88,-32,108,0
113,-32,108,7
-156,-32,108,0
-35,-32,108,0
-10,-32,108,0
69,-31,108,0
60,-31,108,0
17,-31,108,108
-101,-31,108,0
-32,-31,108,0
74,-31,108,0
13,-31,108,0
174,-31,108,0
-30,-31,108,0
10,-31,108,0
54,-31,108,0
105,-31,108,0
-148,-31,108,0
-160,-31,108,0
68,-31,108,0
36,-31,108,108
166,-31,108,0
53,-31,108,0
163,-31,108,0
-177,-31,108,0
-159,-31,108,0
178,-31,108,1
-8,-31,108,0
32,-31,108,108
-141,-31,108,0
-39,-31,108,0
65,-31,108,0
51,-31,108,0
-145,-31,108,0
173,-31,108,0
63,-31,108,0
61,-31,108,0
-137,-31,108,0
11,-31,108,0
-90,-31,108,0
-150,-31,108,0
9,-31,108,0
103,-31,108,0
-9,-31,108,0
164,-31,108,0
-21,-31,108,2
-36,-31,108,0
-31,-31,108,0
-74,-31,108,102
-26,-31,108,0
52,-31,108,0
-11,-31,108,0
-126,-31,108,0
-98,-31,108,0
165,-31,108,0
71,-31,108,0
55,-31,108,0
-164,-31,108,0
93,-31,108,0
34,-31,108,108
30,-31,108,108
-89,-31,108,0
-140,-31,108,0
62,-31,108,0
-149,-31,108,0
-106,-31,108,0
-49,-31,108,62
15,-31,108,108
5,-31,108,0
-139,-31,108,0
175,-31,108,0
89,-31,108,0
50,-31,108,0
-175,-31,108,0
85,-31,108,1
16,-31,108,108
90,-31,108,0
-120,-31,108,0
41,-31,108,0
4,-31,108,0
-176,-31,108,0
171,-31,108,0
-5,-31,108,0
-162,-31,108,0
-45,-31,108,0
-88,-31,108,0
73,-31,108,0
6,-31,108,0
-117,-31,108,0
-124,-31,108,0
82,-31,108,0
-102,-31,108,0
-24,-31,108,0
-84,-31,108,0
56,-31,108,0
177,-31,108,1
78,-31,108,0
-161,-31,108,0
-93,-31,108,0
152,-31,108,0
-81,-31,108,0
-28,-31,108,0
-79,-31,108,0
170,-31,108,0
160,-31,108,0
-95,-31,108,0
109,-31,108,0
-104,-31,108,0
169,-31,108,0
-83,-31,108,0
66,-31,108,0
161,-31,108,0
-85,-31,108,0
-115,-31,108,0
45,-31,108,0
-168,-31,108,0
-134,-31,108,0
91,-31,108,0
-146,-31,108,0
-99,-31,108,0
-114,-31,108,0
162,-31,108,0
-173,-31,108,0
-166,-31,108,0
86,-31,108,0
156,-31,108,1
-15,-31,108,0
-132,-31,108,0
108,-31,108,0
44,-31,108,0
-128,-31,108,0
-109,-31,108,0
-151,-31,108,0
176,-31,108,1
99,-31,108,0
-13,-31,108,0
58,-31,108,0
76,-31,108,0
12,-31,108,0
172,-31,108,0
-4,-31,108,0
-103,-31,108,0
64,-31,108,0
-121,-31,108,0
-46,-31,108,0
-170,-31,108,0
-40,-31,108,0
-7,-31,108,0
-112,-31,108,0
-3,-31,108,0
43,-31,108,0
96,-31,108,0
-12,-31,108,0
-143,-31,108,0
-94,-31,108,0
-29,-31,108,0
70,-31,108,0
-52,-31,108,0
-123,-31,108,0
-172,-31,108,0
-78,-31,108,0
-167,-31,108,0
42,-31,108,0
-122,-31,108,0
-113,-31,108,0
-92,-31,108,0
-179,-31,108,0
37,-31,108,0
-105,-31,108,0
-110,-31,108,0
113,-31,108,97
114,-31,108,97
40,-31,108,0
46,-31,108,0
-169,-31,108,0
79,-31,108,0
-152,-31,108,0
-72,-31,108,108
-16,-31,108,0
-154,-31,108,0
-25,-31,108,0
100,-31,108,0
-100,-31,108,0
-91,-31,108,0
110,-31,108,0
153,-31,108,107
14,-31,108,108
-178,-31,108,0
-17,-31,108,0
2,-31,108,0
-73,-31,108,108
-135,-31,108,0
-20,-31,108,2
33,-31,108,108
-142,-31,108,0
-97,-31,108,0
48,-31,108,0
-80,-31,108,0
-129,-31,108,0
35,-31,108,108
-37,-31,108,0
-165,-31,108,0
106,-31,108,0
-118,-31,108,0
-6,-31,108,0
3,-31,108,0
7,-31,108,0
112,-31,108,7
-157,-31,108,0
97,-31,108,0
-130,-31,108,0
39,-31,108,0
-42,-31,108,0
-2,-31,108,0
57,-31,108,0
-76,-31,108,17
-111,-31,108,0
-156,-31,108,0
80,-31,108,0
59,-31,108,0
-43,-31,108,0
-108,-31,108,0
-33,-31,108,0
-27,-31,108,0
77,-31,108,0
75,-31,108,0
-14,-31,108,0
-75,-31,108,18
115,-31,108,108
-34,-31,108,0
-174,-31,108,0
-127,-31,108,0
-23,-31,108,1
179,-31,108,1
-47,-31,108,0
-77,-31,108,17
-119,-31,108,0
-155,-31,108,0
-1,-31,108,0
158,-31,108,0
94,-31,108,0
104,-31,108,0
157,-31,108,1
107,-31,108,0
102,-31,108,0
-125,-31,108,0
-35,-31,108,0
67,-31,108,0
92,-31,108,0
-138,-31,108,0
-147,-31,108,0
-163,-31,108,0
-144,-31,108,0
-44,-31,108,0
-82,-31,108,0
98,-31,108,0
-116,-31,108,0
-153,-31,108,0
-41,-31,108,0
-86,-31,108,0
95,-31,108,0
-10,-31,108,0
38,-31,108,0
0,-31,108,0
-136,-31,108,0
155,-31,108,107
-51,-31,108,63
-158,-31,108,0
72,-31,108,0
-87,-31,108,0
49,-31,108,0
-19,-31,108,1
111,-31,108,0
154,-31,108,107
-171,-31,108,0
-18,-31,108,0
168,-31,108,0
31,-31,108,108
47,-31,108,0
-107,-31,108,0
88,-31,108,0
83,-31,108,1
101,-31,108,0
-50,-31,108,63
-38,-31,108,0
81,-31,108,0
167,-31,108,0
84,-31,108,1
87,-31,108,0
-22,-31,108,1
-96,-31,108,0
-48,-31,108,0
-180,-31,108,0
-131,-31,108,0
159,-31,108,0
1,-31,108,0
-133,-31,108,0
8,-31,108,0
-146,-30,108,0
-173,-30,108,0
-32,-30,108,0
94,-30,108,0
68,-30,108,0
-139,-30,108,0
-151,-30,108,0
-148,-30,108,0
-24,-30,108,0
74,-30,108,0
179,-30,108,1
101,-30,108,0
99,-30,108,0
-78,-30,108,0
171,-30,108,0
79,-30,108,0
47,-30,108,0
-35,-30,108,0
69,-30,108,0
104,-30,108,0
55,-30,108,0
113,-30,108,97
102,-30,108,0
-157,-30,108,0
174,-30,108,0
-152,-30,108,0
-20,-30,108,1
16,-30,108,108
-17,-30,108,0
-179,-30,108,0
9,-30,108,0
-169,-30,108,0
-79,-30,108,0
-29,-30,108,0
163,-30,108,0
-122,-30,108,0
-116,-30,108,0
167,-30,108,0
-96,-30,108,0
-168,-30,108,0
-121,-30,108,0
-89,-30,108,0
67,-30,108,0
70,-30,108,0
166,-30,108,0
-103,-30,108,0
-27,-30,108,0
168,-30,108,0
-77,-30,108,0
-109,-30,108,0
-99,-30,108,0
175,-30,108,0
177,-30,108,1
-145,-30,108,0
169,-30,108,0
6,-30,108,0
-72,-30,108,107
-22,-30,108,1
49,-30,108,0
-86,-30,108,0
-6,-30,108,0
95,-30,108,0
178,-30,108,1
1,-30,108,0
-11,-30,108,0
48,-30,108,0
-3,-30,108,0
156,-30,108,1
-21,-30,108,1
53,-30,108,0
-34,-30,108,0
-143,-30,108,0
172,-30,108,0
15,-30,108,108
107,-30,108,0
-130,-30,108,0
-46,-30,108,0
-111,-30,108,0
-90,-30,108,0
75,-30,108,0
-73,-30,108,27
44,-30,108,0
14,-30,108,108
-76,-30,108,17
-127,-30,108,0
-128,-30,108,0
36,-30,108,108
-132,-30,108,0
81,-30,108,0
-117,-30,108,0
103,-30,108,0
-38,-30,108,0
-150,-30,108,0
-33,-30,108,0
-10,-30,108,0
-14,-30,108,0
5,-30,108,0
-106,-30,108,0
-163,-30,108,0
-50,-30,108,62
155,-30,108,107
3,-30,108,0
108,-30,108,0
-30,-30,108,0
-45,-30,108,0
78,-30,108,0
-5,-30,108,0
-42,-30,108,0
42,-30,108,0
7,-30,108,0
-172,-30,108,0
85,-30,108,1
76,-30,108,0
80,-30,108,0
-105,-30,108,0
59,-30,108,1
-23,-30,108,0
-98,-30,108,0
162,-30,108,0
38,-30,108,1
-25,-30,108,0
45,-30,108,0
-113,-30,108,0
-170,-30,108,0
-82,-30,108,0
-126,-30,108,0
-15,-30,108,0
88,-30,108,0
-94,-30,108,0
-93,-30,108,0
-104,-30,108,0
61,-30,108,0
-135,-30,108,0
-52,-30,108,0
-91,-30,108,0
-180,-30,108,0
82,-30,108,1
2,-30,108,0
13,-30,108,0
-175,-30,108,0
-36,-30,108,0
89,-30,108,0
-87,-30,108,0
-176,-30,108,0
-18,-30,108,0
-97,-30,108,0
100,-30,108,0
110,-30,108,0
159,-30,108,0
51,-30,108,0
-88,-30,108,0
43,-30,108,0
-124,-30,108,0
34,-30,108,108
115,-30,108,0
56,-30,108,0
-140,-30,108,0
33,-30,108,108
-149,-30,108,0
93,-30,108,0
-84,-30,108,0
-1,-30,108,0
83,-30,108,1
-49,-30,108,62
-154,-30,108,0
-165,-30,108,0
40,-30,108,0
-174,-30,108,0
12,-30,108,0
111,-30,108,0
31,-30,108,108
-28,-30,108,0
-162,-30,108,0
30,-30,108,108
-167,-30,108,0
-137,-30,108,0
92,-30,108,0
-8,-30,108,0
-158,-30,108,0
62,-30,108,0
112,-30,108,0
-74,-30,108,27
50,-30,108,0
-85,-30,108,0
73,-30,108,0
-43,-30,108,0
-147,-30,108,0
-12,-30,108,0
32,-30,108,108
77,-30,108,0
65,-30,108,0
-80,-30,108,0
-41,-30,108,0
-26,-30,108,0
97,-30,108,0
66,-30,108,0
-101,-30,108,0
-13,-30,108,0
-177,-30,108,0
161,-30,108,0
60,-30,108,1
165,-30,108,0
154,-30,108,107
-9,-30,108,0
-171,-30,108,0
46,-30,108,0
8,-30,108,0
96,-30,108,0
106,-30,108,0
-100,-30,108,0
-44,-30,108,0
-166,-30,108,0
153,-30,108,107
-134,-30,108,0
-119,-30,108,0
90,-30,108,0
-125,-30,108,0
-92,-30,108,0
-160,-30,108,0
72,-30,108,0
63,-30,108,0
37,-30,108,1
84,-30,108,1
54,-30,108,0
-108,-30,108,0
173,-30,108,0
-48,-30,108,0
-95,-30,108,0
-2,-30,108,0
-123,-30,108,0
-153,-30,108,0
-81,-30,108,0
-7,-30,108,0
-110,-30,108,0
0,-30,108,0
11,-30,108,0
-37,-30,108,0
-136,-30,108,0
98,-30,108,0
-129,-30,108,0
109,-30,108,0
-83,-30,108,0
-131,-30,108,0
-118,-30,108,0
57,-30,108,0
-115,-30,108,0
-19,-30,108,0
-138,-30,108,0
-16,-30,108,0
-4,-30,108,0
-142,-30,108,0
58,-30,108,0
52,-30,108,0
-141,-30,108,0
87,-30,108,0
-40,-30,108,0
-112,-30,108,0
158,-30,108,0
157,-30,108,1
35,-30,108,108
-75,-30,108,17
164,-30,108,0
91,-30,108,0
39,-30,108,1
71,-30,108,0
160,-30,108,0
-144,-30,108,0
114,-30,108,97
-102,-30,108,0
-133,-30,108,0
170,-30,108,0
-161,-30,108,0
4,-30,108,0
-39,-30,108,0
-51,-30,108,62
-114,-30,108,0
176,-30,108,0
-159,-30,108,0
-107,-30,108,0
-47,-30,108,0
17,-30,108,108
-155,-30,108,0
-31,-30,108,0
-164,-30,108,0
86,-30,108,0
-120,-30,108,0
64,-30,108,0
41,-30,108,0
10,-30,108,0
105,-30,108,0
-156,-30,108,0
-178,-30,108,0
43,-29,108,0
-9,-29,108,0
12,-29,108,0
-38,-29,108,0
90,-29,108,0
44,-29,108,0
114,-29,108,96
-150,-29,108,0
-2,-29,108,0
-33,-29,108,0
-176,-29,108,0
-42,-29,108,60
-104,-29,108,0
-28,-29,108,0
-125,-29,108,0
112,-29,108,0
-127,-29,108,0
-177,-29,108,0
-139,-29,108,0
-120,-29,108,0
-178,-29,108,0
162,-29,108,0
-152,-29,108,0
108,-29,108,0
155,-29,108,106
-121,-29,108,0
-117,-29,108,0
0,-29,108,0
-179,-29,108,0
-21,-29,108,0
-137,-29,108,0
-156,-29,108,0
-145,-29,108,0
66,-29,108,0
34,-29,108,108
-99,-29,108,0
105,-29,108,0
62,-29,108,1
177,-29,108,0
170,-29,108,0
-168,-29,108,0
-109,-29,108,0
-126,-29,108,0
-114,-29,108,0
-144,-29,108,0
-160,-29,108,0
-40,-29,108,0
174,-29,108,0
101,-29,108,0
-98,-29,108,0
67,-29,108,0
-135,-29,108,0
41,-29,108,0
16,-29,108,108
61,-29,108,1
-26,-29,108,0
-105,-29,108,0
-85,-29,108,0
64,-29,108,0
-131,-29,108,0
-15,-29,108,0
-146,-29,108,0
-136,-29,108,0
158,-29,108,0
-89,-29,108,0
-102,-29,108,0
65,-29,108,0
-162,-29,108,0
88,-29,108,0
14,-29,108,107
45,-29,108,0
-72,-29,108,107
72,-29,108,0
-32,-29,108,0
33,-29,108,108
11,-29,108,0
8,-29,108,0
-3,-29,108,0
13,-29,108,0
-18,-29,108,0
159,-29,108,0
-140,-29,108,0
-129,-29,108,0
-16,-29,108,0
-172,-29,108,0
55,-29,108,0
169,-29,108,0
15,-29,108,108
-49,-29,108,61
-147,-29,108,0
-1,-29,108,0
-73,-29,108,82
-96,-29,108,0
167,-29,108,0
113,-29,108,96
-75,-29,108,26
91,-29,108,0
176,-29,108,0
-95,-29,108,0
-37,-29,108,0
-43,-29,108,60
-17,-29,108,0
165,-29,108,0
-91,-29,108,0
-123,-29,108,0
164,-29,108,0
-30,-29,108,0
171,-29,108,0
79,-29,108,0
-116,-29,108,0
-86,-29,108,0
-48,-29,108,60
175,-29,108,0
103,-29,108,0
58,-29,108,0
50,-29,108,0
166,-29,108,0
-5,-29,108,0
40,-29,108,0
-88,-29,108,0
10,-29,108,0
-10,-29,108,0
78,-29,108,0
-141,-29,108,0
96,-29,108,0
95,-29,108,0
100,-29,108,0
-155,-29,108,0
-118,-29,108,0
85,-29,108,1
36,-29,108,3
-180,-29,108,0
3,-29,108,0
168,-29,108,0
48,-29,108,0
-13,-29,108,0
87,-29,108,0
-163,-29,108,0
4,-29,108,0
-142,-29,108,0
-112,-29,108,0
-157,-29,108,0
97,-29,108,0
-169,-29,108,0
156,-29,108,1
42,-29,108,0
56,-29,108,0
-148,-29,108,0
-84,-29,108,0
110,-29,108,0
54,-29,108,0
98,-29,108,0
-132,-29,108,0
-24,-29,108,0
-133,-29,108,0
-174,-29,108,0
-78,-29,108,0
-41,-29,108,0
-19,-29,108,0
-22,-29,108,0
52,-29,108,0
104,-29,108,0
107,-29,108,0
-14,-29,108,0
92,-29,108,0
-107,-29,108,0
173,-29,108,0
-36,-29,108,0
153,-29,108,108
63,-29,108,0
-79,-29,108,0
-111,-29,108,0
80,-29,108,0
-82,-29,108,0
-92,-29,108,0
60,-29,108,1
-143,-29,108,0
89,-29,108,0
154,-29,108,106
31,-29,108,108
-97,-29,108,0
-110,-29,108,0
-76,-29,108,17
-165,-29,108,0
172,-29,108,0
-90,-29,108,0
178,-29,108,0
-138,-29,108,0
-27,-29,108,0
-4,-29,108,0
-101,-29,108,0
-6,-29,108,0
-171,-29,108,0
-128,-29,108,0
74,-29,108,0
179,-29,108,0
-170,-29,108,0
39,-29,108,1
-74,-29,108,26
-119,-29,108,0
163,-29,108,0
6,-29,108,0
-115,-29,108,0
-153,-29,108,0
111,-29,108,0
84,-29,108,1
157,-29,108,1
68,-29,108,0
-11,-29,108,0
-20,-29,108,0
-29,-29,108,0
73,-29,108,0
-134,-29,108,0
-8,-29,108,0
-45,-29,108,60
-87,-29,108,0
-47,-29,108,60
37,-29,108,1
-158,-29,108,0
59,-29,108,1
32,-29,108,108
9,-29,108,0
-50,-29,108,61
57,-29,108,0
49,-29,108,0
35,-29,108,108
-23,-29,108,0
-166,-29,108,0
38,-29,108,1
82,-29,108,1
5,-29,108,0
-149,-29,108,0
161,-29,108,0
-103,-29,108,0
51,-29,108,0
-34,-29,108,0
-154,-29,108,0
-25,-29,108,0
-113,-29,108,0
-12,-29,108,0
-93,-29,108,0
99,-29,108,0
-122,-29,108,0
7,-29,108,0
81,-29,108,0
53,-29,108,0
-80,-29,108,0
-81,-29,108,0
47,-29,108,0
-164,-29,108,0
106,-29,108,0
-94,-29,108,0
109,-29,108,0
-46,-29,108,60
75,-29,108,0
-167,-29,108,0
93,-29,108,0
1,-29,108,0
-35,-29,108,0
94,-29,108,0
76,-29,108,0
69,-29,108,0
70,-29,108,0
-31,-29,108,0
-7,-29,108,0
2,-29,108,0
-83,-29,108,0
-130,-29,108,0
-39,-29,108,0
-159,-29,108,0
46,-29,108,0
86,-29,108,0
-151,-29,108,0
-77,-29,108,0
-106,-29,108,0
102,-29,108,0
71,-29,108,0
-161,-29,108,0
77,-29,108,0
-175,-29,108,0
-124,-29,108,0
160,-29,108,0
83,-29,108,1
-44,-29,108,60
-108,-29,108,0
-100,-29,108,0
-173,-29,108,0
163,-28,108,0
159,-28,108,1
-46,-28,108,108
12,-28,108,0
-20,-28,108,0
-21,-28,108,0
176,-28,108,0
83,-28,108,1
-152,-28,108,0
-88,-28,108,0
37,-28,108,1
-167,-28,108,0
50,-28,108,0
-150,-28,108,0
-144,-28,108,0
34,-28,108,108
-30,-28,108,0
-72,-28,108,107
-2,-28,108,0
-129,-28,108,0
93,-28,108,0
-8,-28,108,0
-45,-28,108,60
108,-28,108,0
-127,-28,108,0
-111,-28,108,0
-22,-28,108,0
39,-28,108,1
104,-28,108,0
-110,-28,108,0
161,-28,108,0
11,-28,108,0
113,-28,108,97
-73,-28,108,81
95,-28,108,0
59,-28,108,1
-4,-28,108,0
41,-28,108,0
-100,-28,108,0
81,-28,108,0
-160,-28,108,0
51,-28,108,0
-47,-28,108,108
-140,-28,108,0
94,-28,108,0
86,-28,108,0
54,-28,108,0
1,-28,108,0
-102,-28,108,0
-23,-28,108,0
-71,-28,108,107
57,-28,108,0
-149,-28,108,0
-164,-28,108,0
10,-28,108,0
114,-28,108,97
44,-28,108,3
178,-28,108,0
-26,-28,108,0
96,-28,108,0
-37,-28,108,0
-109,-28,108,0
-132,-28,108,0
84,-28,108,1
110,-28,108,0
-172,-28,108,0
-143,-28,108,0
32,-28,108,108
-44,-28,108,60
167,-28,108,0
169,-28,108,0
-24,-28,108,0
65,-28,108,0
-136,-28,108,0
75,-28,108,0
-94,-28,108,0
-16,-28,108,0
-165,-28,108,0
-31,-28,108,1
63,-28,108,0
60,-28,108,1
8,-28,108,0
179,-28,108,0
-10,-28,108,0
72,-28,108,0
-48,-28,108,108
-153,-28,108,0
-173,-28,108,0
-78,-28,108,0
-34,-28,108,1
160,-28,108,1
35,-28,108,108
165,-28,108,0
-180,-28,108,0
-90,-28,108,0
-139,-28,108,0
46,-28,108,3
61,-28,108,1
-128,-28,108,0
66,-28,108,0
-77,-28,108,0
-43,-28,108,60
-113,-28,108,0
-91,-28,108,0
-142,-28,108,0
-74,-28,108,26
-147,-28,108,0
-32,-28,108,1
168,-28,108,0
-174,-28,108,0
87,-28,108,0
-156,-28,108,0
45,-28,108,3
52,-28,108,0
-125,-28,108,0
-154,-28,108,0
-155,-28,108,0
-130,-28,108,0
91,-28,108,0
-108,-28,108,0
-133,-28,108,0
42,-28,108,1
97,-28,108,0
-33,-28,108,1
2,-28,108,0
-106,-28,108,0
73,-28,108,0
-171,-28,108,0
-17,-28,108,0
-5,-28,108,0
158,-28,108,1
80,-28,108,0
171,-28,108,0
88,-28,108,0
3,-28,108,0
-176,-28,108,0
109,-28,108,0
-79,-28,108,0
-82,-28,108,0
-7,-28,108,0
70,-28,108,0
-135,-28,108,0
-104,-28,108,0
49,-28,108,1
-41,-28,108,0
67,-28,108,0
4,-28,108,0
-96,-28,108,0
164,-28,108,0
77,-28,108,0
-84,-28,108,0
-86,-28,108,0
-105,-28,108,0
13,-28,108,0
-93,-28,108,0
-95,-28,108,0
-12,-28,108,0
74,-28,108,0
98,-28,108,0
-114,-28,108,0
-126,-28,108,0
-98,-28,108,0
33,-28,108,108
-117,-28,108,0
-35,-28,108,0
156,-28,108,1
-159,-28,108,0
-6,-28,108,0
-137,-28,108,0
-15,-28,108,0
-123,-28,108,0
106,-28,108,0
69,-28,108,0
105,-28,108,0
43,-28,108,1
-131,-28,108,0
-92,-28,108,0
174,-28,108,1
-3,-28,108,0
14,-28,108,60
90,-28,108,0
-161,-28,108,0
-99,-28,108,0
-11,-28,108,0
-145,-28,108,0
-157,-28,108,0
15,-28,108,60
89,-28,108,0
-175,-28,108,0
-179,-28,108,0
-169,-28,108,0
154,-28,108,106
100,-28,108,0
99,-28,108,0
-122,-28,108,0
48,-28,108,1
-112,-28,108,0
-76,-28,108,17
62,-28,108,1
103,-28,108,0
64,-28,108,0
36,-28,108,108
-107,-28,108,0
47,-28,108,2
102,-28,108,0
-118,-28,108,0
85,-28,108,1
177,-28,108,0
-116,-28,108,0
-134,-28,108,0
-151,-28,108,0
38,-28,108,1
5,-28,108,0
-141,-28,108,0
170,-28,108,0
172,-28,108,1
-103,-28,108,0
101,-28,108,0
53,-28,108,0
-177,-28,108,0
-138,-28,108,0
-120,-28,108,0
-19,-28,108,0
-163,-28,108,0
-158,-28,108,0
-162,-28,108,0
71,-28,108,0
-166,-28,108,0
-81,-28,108,0
56,-28,108,0
82,-28,108,0
107,-28,108,0
-89,-28,108,0
-101,-28,108,0
7,-28,108,0
162,-28,108,0
-168,-28,108,0
-146,-28,108,0
-39,-28,108,0
-18,-28,108,0
-14,-28,108,0
-124,-28,108,0
-87,-28,108,0
-13,-28,108,0
-178,-28,108,0
0,-28,108,0
155,-28,108,106
153,-28,108,108
-42,-28,108,60
68,-28,108,0
-83,-28,108,0
-38,-28,108,0
-28,-28,108,0
-27,-28,108,0
112,-28,108,62
76,-28,108,0
58,-28,108,0
152,-28,108,0
166,-28,108,0
-85,-28,108,0
-97,-28,108,0
-29,-28,108,0
-75,-28,108,17
92,-28,108,0
79,-28,108,0
175,-28,108,1
-36,-28,108,0
-40,-28,108,0
-25,-28,108,0
-49,-28,108,108
55,-28,108,0
78,-28,108,0
173,-28,108,1
-170,-28,108,0
9,-28,108,0
-9,-28,108,0
111,-28,108,5
-80,-28,108,0
-148,-28,108,0
6,-28,108,0
-1,-28,108,0
-121,-28,108,0
157,-28,108,0
-115,-28,108,0
-119,-28,108,0
40,-28,108,0
-30,-27,108,0
-88,-27,108,0
53,-27,108,0
-47,-27,108,108
110,-27,108,0
1,-27,108,0
-16,-27,108,0
-43,-27,108,60
40,-27,108,12
51,-27,108,0
-114,-27,108,0
85,-27,108,1
-139,-27,108,0
33,-27,108,108
102,-27,108,0
-152,-27,108,0
-74,-27,108,17
-125,-27,108,0
-6,-27,108,0
168,-27,108,0
-31,-27,108,1
92,-27,108,0
-157,-27,108,0
96,-27,108,0
-95,-27,108,0
-150,-27,108,0
-49,-27,108,108
-2,-27,108,0
-141,-27,108,0
-137,-27,108,0
111,-27,108,0
-36,-27,108,0
171,-27,108,0
-18,-27,108,0
-21,-27,108,0
-37,-27,108,0
154,-27,108,108
-129,-27,108,0
-24,-27,108,0
-110,-27,108,0
-86,-27,108,0
68,-27,108,0
155,-27,108,108
-153,-27,108,0
-172,-27,108,0
-71,-27,108,107
179,-27,108,0
112,-27,108,62
54,-27,108,0
47,-27,108,107
159,-27,108,1
32,-27,108,108
41,-27,108,12
39,-27,108,12
-80,-27,108,0
-27,-27,108,0
34,-27,108,108
89,-27,108,0
-115,-27,108,0
-147,-27,108,0
-173,-27,108,0
11,-27,108,0
75,-27,108,0
166,-27,108,0
12,-27,108,0
-20,-27,108,0
-99,-27,108,0
152,-27,108,0
-77,-27,108,0
-78,-27,108,0
-85,-27,108,0
-92,-27,108,0
174,-27,108,1
62,-27,108,0
-176,-27,108,0
161,-27,108,0
165,-27,108,0
-40,-27,108,0
-13,-27,108,0
94,-27,108,0
59,-27,108,1
88,-27,108,0
-35,-27,108,0
57,-27,108,0
36,-27,108,108
-116,-27,108,0
-96,-27,108,0
100,-27,108,0
-17,-27,108,0
-12,-27,108,0
71,-27,108,0
-127,-27,108,0
60,-27,108,1
-34,-27,108,1
-38,-27,108,0
44,-27,108,8
-22,-27,108,0
-140,-27,108,0
13,-27,108,60
81,-27,108,0
-156,-27,108,0
-132,-27,108,0
-164,-27,108,0
2,-27,108,0
-113,-27,108,0
-121,-27,108,0
-72,-27,108,89
173,-27,108,1
-135,-27,108,0
-109,-27,108,0
49,-27,108,3
72,-27,108,0
101,-27,108,0
176,-27,108,0
-148,-27,108,0
-1,-27,108,0
-165,-27,108,0
-163,-27,108,0
-103,-27,108,0
170,-27,108,0
3,-27,108,0
5,-27,108,0
-101,-27,108,0
-14,-27,108,0
-170,-27,108,0
-94,-27,108,0
-7,-27,108,0
97,-27,108,0
83,-27,108,1
61,-27,108,1
-81,-27,108,0
-3,-27,108,0
80,-27,108,0
-136,-27,108,0
9,-27,108,0
95,-27,108,0
-102,-27,108,0
79,-27,108,0
-168,-27,108,0
-83,-27,108,0
-159,-27,108,0
-26,-27,108,0
67,-27,108,0
-98,-27,108,0
-158,-27,108,0
-39,-27,108,0
-154,-27,108,0
55,-27,108,0
-151,-27,108,0
99,-27,108,0
162,-27,108,0
-149,-27,108,0
98,-27,108,0
-11,-27,108,0
58,-27,108,0
73,-27,108,0
103,-27,108,0
-106,-27,108,0
-23,-27,108,0
-41,-27,108,0
-28,-27,108,0
93,-27,108,0
43,-27,108,5
153,-27,108,108
-32,-27,108,1
-44,-27,108,60
-174,-27,108,0
-120,-27,108,0
69,-27,108,0
-45,-27,108,60
104,-27,108,0
-73,-27,108,89
-8,-27,108,0
-108,-27,108,0
-180,-27,108,0
-146,-27,108,0
-130,-27,108,0
-119,-27,108,0
50,-27,108,0
163,-27,108,0
-144,-27,108,0
-169,-27,108,0
90,-27,108,0
52,-27,108,0
156,-27,108,108
-166,-27,108,0
35,-27,108,108
48,-27,108,3
91,-27,108,0
-111,-27,108,0
-145,-27,108,0
-138,-27,108,0
-10,-27,108,0
-175,-27,108,0
-143,-27,108,0
-75,-27,108,17
87,-27,108,0
-19,-27,108,0
167,-27,108,0
15,-27,108,60
178,-27,108,0
107,-27,108,0
113,-27,108,62
-142,-27,108,0
-131,-27,108,0
4,-27,108,0
-177,-27,108,0
-126,-27,108,0
-128,-27,108,0
169,-27,108,0
84,-27,108,1
157,-27,108,1
78,-27,108,0
-90,-27,108,0
86,-27,108,1
-104,-27,108,0
-29,-27,108,0
177,-27,108,0
-117,-27,108,0
63,-27,108,0
6,-27,108,0
-162,-27,108,0
164,-27,108,0
108,-27,108,0
-123,-27,108,0
-82,-27,108,0
175,-27,108,1
-25,-27,108,0
-15,-27,108,0
-118,-27,108,0
-134,-27,108,0
76,-27,108,0
160,-27,108,1
-167,-27,108,0
158,-27,108,1
-9,-27,108,0
-112,-27,108,0
-107,-27,108,0
-87,-27,108,0
-89,-27,108,0
82,-27,108,0
106,-27,108,0
-5,-27,108,0
0,-27,108,0
65,-27,108,0
-160,-27,108,0
8,-27,108,0
172,-27,108,1
74,-27,108,0
56,-27,108,0
-133,-27,108,0
-179,-27,108,0
10,-27,108,0
-93,-27,108,0
7,-27,108,0
-46,-27,108,108
42,-27,108,5
64,-27,108,0
-91,-27,108,0
-105,-27,108,0
-48,-27,108,108
-33,-27,108,1
45,-27,108,8
-124,-27,108,0
77,-27,108,0
-97,-27,108,0
-76,-27,108,17
-42,-27,108,60
114,-27,108,62
105,-27,108,0
46,-27,108,5
109,-27,108,0
37,-27,108,108
-171,-27,108,0
-178,-27,108,0
38,-27,108,12
-122,-27,108,0
-4,-27,108,0
66,-27,108,0
-155,-27,108,0
-100,-27,108,0
14,-27,108,60
-79,-27,108,0
-161,-27,108,0
-84,-27,108,0
70,-27,108,0
48,-26,108,107
103,-26,108,0
-44,-26,108,60
-41,-26,108,60
32,-26,108,108
50,-26,108,0
-173,-26,108,0
-15,-26,108,0
81,-26,108,0
166,-26,108,3
112,-26,108,62
-3,-26,108,0
-180,-26,108,0
77,-26,108,0
-96,-26,108,0
13,-26,108,60
-18,-26,108,0
65,-26,108,0
-127,-26,108,0
-98,-26,108,0
-85,-26,108,0
-40,-26,108,60
0,-26,108,0
41,-26,108,12
-179,-26,108,0
-38,-26,108,0
79,-26,108,0
59,-26,108,1
-73,-26,108,106
-2,-26,108,0
-82,-26,108,0
-87,-26,108,0
-28,-26,108,0
-95,-26,108,0
-122,-26,108,0
-123,-26,108,0
35,-26,108,108
2,-26,108,0
-49,-26,108,108
-47,-26,108,108
36,-26,108,108
5,-26,108,0
42,-26,108,101
159,-26,108,1
167,-26,108,2
54,-26,108,3
49,-26,108,107
52,-26,108,1
64,-26,108,0
-84,-26,108,0
-74,-26,108,19
61,-26,108,1
-128,-26,108,0
-110,-26,108,0
-162,-26,108,0
-7,-26,108,0
-92,-26,108,0
-101,-26,108,0
-10,-26,108,0
-143,-26,108,0
87,-26,108,0
88,-26,108,0
83,-26,108,1
-4,-26,108,0
-77,-26,108,0
-32,-26,108,0
105,-26,108,0
-39,-26,108,60
-107,-26,108,0
34,-26,108,108
93,-26,108,0
165,-26,108,3
95,-26,108,0
110,-26,108,0
-76,-26,108,0
-71,-26,108,108
67,-26,108,0
-22,-26,108,0
-103,-26,108,0
171,-26,108,1
104,-26,108,0
-20,-26,108,0
37,-26,108,99
-11,-26,108,0
-149,-26,108,0
-113,-26,108,0
-34,-26,108,0
-5,-26,108,0
168,-26,108,1
-133,-26,108,0
10,-26,108,0
-24,-26,108,0
91,-26,108,0
-86,-26,108,0
-88,-26,108,0
43,-26,108,101
4,-26,108,0
-166,-26,108,0
113,-26,108,62
-168,-26,108,0
-138,-26,108,0
114,-26,108,62
-79,-26,108,0
-169,-26,108,0
-160,-26,108,0
107,-26,108,0
38,-26,108,13
178,-26,108,0
-150,-26,108,0
82,-26,108,0
73,-26,108,0
-155,-26,108,0
-80,-26,108,0
163,-26,108,0
101,-26,108,0
158,-26,108,1
69,-26,108,0
172,-26,108,1
12,-26,108,0
68,-26,108,0
-161,-26,108,0
-36,-26,108,0
-99,-26,108,0
108,-26,108,0
11,-26,108,0
157,-26,108,1
-23,-26,108,0
-30,-26,108,0
-93,-26,108,0
-118,-26,108,0
-158,-26,108,0
99,-26,108,0
-19,-26,108,0
-165,-26,108,0
-159,-26,108,0
-13,-26,108,0
-139,-26,108,0
-29,-26,108,0
106,-26,108,0
-144,-26,108,0
-26,-26,108,0
-147,-26,108,0
-14,-26,108,0
-126,-26,108,0
-37,-26,108,0
-152,-26,108,0
-27,-26,108,0
-142,-26,108,0
97,-26,108,0
92,-26,108,0
109,-26,108,0
174,-26,108,1
45,-26,108,108
-135,-26,108,0
-16,-26,108,0
-89,-26,108,0
-46,-26,108,108
-12,-26,108,0
-81,-26,108,0
-111,-26,108,0
-83,-26,108,0
176,-26,108,0
152,-26,108,106
-140,-26,108,0
-6,-26,108,0
-25,-26,108,0
155,-26,108,108
-72,-26,108,106
-109,-26,108,0
-136,-26,108,0
-43,-26,108,60
-106,-26,108,0
-78,-26,108,0
-129,-26,108,0
-100,-26,108,0
40,-26,108,12
153,-26,108,108
-117,-26,108,0
53,-26,108,1
-115,-26,108,0
-35,-26,108,0
-151,-26,108,0
33,-26,108,108
58,-26,108,1
-125,-26,108,0
-130,-26,108,0
169,-26,108,1
-45,-26,108,60
-94,-26,108,0
-170,-26,108,0
98,-26,108,0
156,-26,108,108
15,-26,108,0
-97,-26,108,0
-48,-26,108,108
85,-26,108,1
-42,-26,108,60
90,-26,108,0
-148,-26,108,0
46,-26,108,108
1,-26,108,0
-176,-26,108,0
175,-26,108,0
-104,-26,108,0
-154,-26,108,0
-164,-26,108,0
-90,-26,108,0
-33,-26,108,0
62,-26,108,0
-178,-26,108,0
7,-26,108,0
-116,-26,108,0
-137,-26,108,0
75,-26,108,0
47,-26,108,108
160,-26,108,1
84,-26,108,1
-141,-26,108,0
71,-26,108,0
57,-26,108,34
44,-26,108,108
-112,-26,108,0
72,-26,108,0
-177,-26,108,0
-145,-26,108,0
-132,-26,108,0
170,-26,108,1
51,-26,108,0
-9,-26,108,0
-131,-26,108,0
100,-26,108,0
-17,-26,108,0
164,-26,108,1
-108,-26,108,0
-21,-26,108,0
14,-26,108,60
162,-26,108,0
39,-26,108,13
-175,-26,108,0
9,-26,108,0
-1,-26,108,0
76,-26,108,0
-163,-26,108,0
80,-26,108,0
-172,-26,108,0
-153,-26,108,0
89,-26,108,0
-105,-26,108,0
111,-26,108,0
-134,-26,108,0
96,-26,108,0
-114,-26,108,0
-157,-26,108,0
-156,-26,108,0
-91,-26,108,0
-124,-26,108,0
60,-26,108,1
154,-26,108,108
74,-26,108,0
-120,-26,108,0
56,-26,108,34
179,-26,108,0
-167,-26,108,0
86,-26,108,1
177,-26,108,0
63,-26,108,0
3,-26,108,0
-146,-26,108,0
66,-26,108,0
-119,-26,108,0
6,-26,108,0
161,-26,108,0
102,-26,108,0
78,-26,108,0
-75,-26,108,19
-121,-26,108,0
-174,-26,108,0
-171,-26,108,0
-8,-26,108,0
8,-26,108,0
55,-26,108,35
-31,-26,108,0
173,-26,108,1
94,-26,108,0
-102,-26,108,0
70,-26,108,0
0,-25,108,0
165,-25,108,4
14,-25,108,60
162,-25,108,0
34,-25,108,108
-164,-25,108,0
166,-25,108,4
-106,-25,108,0
40,-25,108,13
-97,-25,108,0
47,-25,108,108
36,-25,108,108
-99,-25,108,0
178,-25,108,0
159,-25,108,1
54,-25,108,104
-157,-25,108,0
-72,-25,108,108
-156,-25,108,0
-178,-25,108,0
105,-25,108,0
-75,-25,108,19
56,-25,108,108
-155,-25,108,0
163,-25,108,0
-173,-25,108,0
-144,-25,108,0
-169,-25,108,0
-174,-25,108,0
172,-25,108,1
60,-25,108,1
39,-25,108,14
171,-25,108,1
-114,-25,108,0
-112,-25,108,0
95,-25,108,0
-160,-25,108,0
-116,-25,108,0
49,-25,108,108
63,-25,108,0
-1,-25,108,0
-175,-25,108,0
-103,-25,108,0
-154,-25,108,0
-170,-25,108,0
-122,-25,108,0
101,-25,108,0
88,-25,108,0
-136,-25,108,0
43,-25,108,108
-17,-25,108,0
-141,-25,108,0
81,-25,108,0
-8,-25,108,0
77,-25,108,0
-126,-25,108,0
-71,-25,108,108
152,-25,108,108
164,-25,108,3
-5,-25,108,0
44,-25,108,101
-138,-25,108,0
-76,-25,108,0
-102,-25,108,0
-148,-25,108,0
-165,-25,108,0
-151,-25,108,0
-127,-25,108,0
-9,-25,108,0
-111,-25,108,0
-46,-25,108,108
71,-25,108,0
161,-25,108,0
57,-25,108,35
-146,-25,108,0
-41,-25,108,60
66,-25,108,0
-31,-25,108,0
-145,-25,108,0
154,-25,108,108
51,-25,108,0
50,-25,108,0
-45,-25,108,108
-40,-25,108,60
35,-25,108,108
108,-25,108,0
-171,-25,108,0
79,-25,108,0
-35,-25,108,0
-107,-25,108,0
157,-25,108,1
-152,-25,108,0
-159,-25,108,0
-168,-25,108,0
-12,-25,108,0
-88,-25,108,0
13,-25,108,61
-34,-25,108,0
52,-25,108,1
11,-25,108,0
-179,-25,108,0
-48,-25,108,108
-101,-25,108,0
74,-25,108,0
-25,-25,108,0
-10,-25,108,0
46,-25,108,0
85,-25,108,1
-90,-25,108,0
-79,-25,108,0
96,-25,108,0
102,-25,108,0
55,-25,108,108
-142,-25,108,0
-167,-25,108,0
153,-25,108,108
84,-25,108,0
7,-25,108,0
167,-25,108,4
168,-25,108,3
-104,-25,108,0
109,-25,108,0
-98,-25,108,0
-118,-25,108,0
155,-25,108,108
-147,-25,108,0
113,-25,108,62
179,-25,108,0
59,-25,108,0
160,-25,108,1
-19,-25,108,0
6,-25,108,0
-177,-25,108,0
-124,-25,108,0
-13,-25,108,0
-95,-25,108,0
176,-25,108,0
-176,-25,108,0
78,-25,108,0
3,-25,108,0
-133,-25,108,0
-27,-25,108,0
-120,-25,108,0
98,-25,108,0
-20,-25,108,0
-100,-25,108,0
33,-25,108,0
-137,-25,108,0
80,-25,108,0
-117,-25,108,0
-163,-25,108,0
72,-25,108,0
-129,-25,108,0
-108,-25,108,0
86,-25,108,1
-125,-25,108,0
-18,-25,108,0
-29,-25,108,0
-33,-25,108,0
-123,-25,108,0
-15,-25,108,0
-30,-25,108,0
-77,-25,108,0
99,-25,108,0
-78,-25,108,0
175,-25,108,0
103,-25,108,0
37,-25,108,99
111,-25,108,0
-28,-25,108,0
-180,-25,108,0
-47,-25,108,108
-172,-25,108,0
-22,-25,108,0
112,-25,108,60
156,-25,108,108
-43,-25,108,62
-2,-25,108,0
177,-25,108,1
100,-25,108,0
-91,-25,108,0
-161,-25,108,0
-36,-25,108,0
68,-25,108,0
-42,-25,108,61
42,-25,108,108
9,-25,108,0
-82,-25,108,0
-4,-25,108,0
-44,-25,108,62
-38,-25,108,0
65,-25,108,0
97,-25,108,0
-135,-25,108,0
82,-25,108,0
-149,-25,108,0
41,-25,108,12
-85,-25,108,0
174,-25,108,1
-115,-25,108,0
-143,-25,108,0
-150,-25,108,0
-134,-25,108,0
-132,-25,108,0
-80,-25,108,0
-73,-25,108,107
-83,-25,108,0
-92,-25,108,0
-140,-25,108,0
64,-25,108,0
-81,-25,108,0
93,-25,108,0
-16,-25,108,0
90,-25,108,0
10,-25,108,0
-23,-25,108,0
-74,-25,108,28
-84,-25,108,0
-39,-25,108,60
-113,-25,108,0
87,-25,108,0
-153,-25,108,0
-158,-25,108,0
-94,-25,108,0
-89,-25,108,0
-3,-25,108,0
48,-25,108,108
-105,-25,108,0
67,-25,108,0
110,-25,108,0
-109,-25,108,0
58,-25,108,35
75,-25,108,0
-11,-25,108,0
173,-25,108,1
70,-25,108,0
91,-25,108,0
-7,-25,108,0
-32,-25,108,0
53,-25,108,1
62,-25,108,0
8,-25,108,0
169,-25,108,3
61,-25,108,1
-119,-25,108,0
-131,-25,108,0
158,-25,108,1
2,-25,108,0
83,-25,108,0
-87,-25,108,0
106,-25,108,0
170,-25,108,2
12,-25,108,0
-121,-25,108,0
-6,-25,108,0
4,-25,108,0
-49,-25,108,0
-139,-25,108,0
-166,-25,108,0
5,-25,108,0
-14,-25,108,0
-86,-25,108,0
-93,-25,108,0
94,-25,108,0
73,-25,108,0
-24,-25,108,0
-128,-25,108,0
76,-25,108,0
-26,-25,108,0
151,-25,108,106
69,-25,108,0
92,-25,108,0
104,-25,108,0
89,-25,108,0
-37,-25,108,0
-162,-25,108,0
38,-25,108,14
-110,-25,108,0
-96,-25,108,0
107,-25,108,0
1,-25,108,0
-130,-25,108,0
-21,-25,108,0
5,-24,108,0
13,-24,108,62
158,-24,108,1
-175,-24,108,5
-77,-24,108,0
86,-24,108,1
67,-24,108,0
95,-24,108,0
36,-24,108,108
159,-24,108,1
-19,-24,108,0
170,-24,108,2
157,-24,108,1
4,-24,108,0
55,-24,108,108
-99,-24,108,0
50,-24,108,108
-93,-24,108,0
47,-24,108,108
151,-24,108,106
82,-24,108,0
63,-24,108,0
2,-24,108,0
92,-24,108,0
-101,-24,108,0
-151,-24,108,0
-112,-24,108,0
-30,-24,108,0
6,-24,108,0
-83,-24,108,0
83,-24,108,0
-39,-24,108,60
-10,-24,108,0
-144,-24,108,0
167,-24,108,92
53,-24,108,107
-95,-24,108,0
76,-24,108,0
-94,-24,108,0
-35,-24,108,0
-116,-24,108,0
-98,-24,108,0
-33,-24,108,0
-142,-24,108,0
-134,-24,108,0
88,-24,108,0
-44,-24,108,73
178,-24,108,1
-104,-24,108,0
-160,-24,108,0
-155,-24,108,0
-115,-24,108,0
-153,-24,108,0
-14,-24,108,0
-46,-24,108,108
60,-24,108,0
-6,-24,108,0
37,-24,108,99
-102,-24,108,0
-127,-24,108,0
152,-24,108,108
107,-24,108,0
-15,-24,108,0
58,-24,108,35
-180,-24,108,0
111,-24,108,0
164,-24,108,4
-29,-24,108,0
77,-24,108,0
-108,-24,108,0
-132,-24,108,0
-16,-24,108,0
-147,-24,108,0
172,-24,108,2
35,-24,108,108
14,-24,108,61
109,-24,108,0
-80,-24,108,0
-74,-24,108,23
-20,-24,108,0
-3,-24,108,0
-1,-24,108,0
42,-24,108,108
-28,-24,108,0
155,-24,108,2
-107,-24,108,0
96,-24,108,0
-166,-24,108,0
70,-24,108,0
-122,-24,108,0
-43,-24,108,73
49,-24,108,108
113,-24,108,60
-36,-24,108,0
-157,-24,108,0
-154,-24,108,0
89,-24,108,0
-118,-24,108,0
100,-24,108,0
-34,-24,108,0
153,-24,108,108
162,-24,108,0
-150,-24,108,0
156,-24,108,1
175,-24,108,0
75,-24,108,0
-82,-24,108,0
-100,-24,108,0
101,-24,108,0
38,-24,108,40
79,-24,108,0
-167,-24,108,0
161,-24,108,0
10,-24,108,0
-113,-24,108,0
-18,-24,108,0
165,-24,108,5
171,-24,108,2
87,-24,108,1
-136,-24,108,0
177,-24,108,1
168,-24,108,4
-4,-24,108,0
62,-24,108,0
-89,-24,108,0
11,-24,108,0
52,-24,108,1
-139,-24,108,0
84,-24,108,1
-11,-24,108,0
-146,-24,108,0
-176,-24,108,5
-128,-24,108,0
-121,-24,108,0
174,-24,108,1
-161,-24,108,0
-165,-24,108,0
91,-24,108,0
-12,-24,108,0
112,-24,108,0
110,-24,108,0
-152,-24,108,0
-13,-24,108,0
-37,-24,108,0
73,-24,108,0
-172,-24,108,0
-85,-24,108,0
-21,-24,108,0
-23,-24,108,0
163,-24,108,0
90,-24,108,0
-8,-24,108,0
61,-24,108,0
71,-24,108,0
-114,-24,108,0
-119,-24,108,0
-96,-24,108,0
-124,-24,108,0
-91,-24,108,0
-76,-24,108,0
-162,-24,108,0
64,-24,108,0
106,-24,108,0
103,-24,108,0
80,-24,108,0
150,-24,108,108
-125,-24,108,0
57,-24,108,36
-47,-24,108,108
-105,-24,108,0
51,-24,108,0
-140,-24,108,0
-163,-24,108,0
-135,-24,108,0
72,-24,108,0
-168,-24,108,0
-79,-24,108,0
78,-24,108,0
-143,-24,108,0
160,-24,108,0
7,-24,108,0
65,-24,108,0
40,-24,108,38
-22,-24,108,0
105,-24,108,0
54,-24,108,108
-126,-24,108,0
94,-24,108,0
59,-24,108,0
98,-24,108,0
85,-24,108,1
-133,-24,108,0
-170,-24,108,0
68,-24,108,0
-86,-24,108,0
48,-24,108,108
-73,-24,108,107
173,-24,108,1
-5,-24,108,0
43,-24,108,108
81,-24,108,0
-88,-24,108,0
-45,-24,108,108
-129,-24,108,0
-78,-24,108,0
-75,-24,108,19
-138,-24,108,0
-26,-24,108,0
-41,-24,108,60
-148,-24,108,0
-164,-24,108,0
12,-24,108,62
-17,-24,108,0
97,-24,108,0
-24,-24,108,0
-32,-24,108,0
-141,-24,108,0
-9,-24,108,0
93,-24,108,0
104,-24,108,0
-72,-24,108,108
-40,-24,108,60
-131,-24,108,0
-31,-24,108,0
176,-24,108,0
39,-24,108,41
-173,-24,108,0
-159,-24,108,0
-123,-24,108,0
-174,-24,108,4
179,-24,108,1
1,-24,108,0
99,-24,108,0
-7,-24,108,0
-25,-24,108,0
102,-24,108,0
-149,-24,108,0
-120,-24,108,0
-169,-24,108,0
9,-24,108,0
-90,-24,108,0
-2,-24,108,0
-27,-24,108,0
-38,-24,108,0
74,-24,108,0
-87,-24,108,0
-171,-24,108,0
-84,-24,108,0
-137,-24,108,0
154,-24,108,108
-130,-24,108,0
-177,-24,108,5
56,-24,108,108
-106,-24,108,0
166,-24,108,92
0,-24,108,0
-42,-24,108,62
66,-24,108,0
-81,-24,108,0
69,-24,108,0
-92,-24,108,0
-158,-24,108,0
-117,-24,108,0
-156,-24,108,0
-97,-24,108,0
-111,-24,108,0
-179,-24,108,0
169,-24,108,4
-109,-24,108,0
41,-24,108,108
8,-24,108,0
-110,-24,108,0
108,-24,108,0
-178,-24,108,0
-71,-24,108,108
-145,-24,108,0
3,-24,108,0
-103,-24,108,0
160,-23,108,1
65,-23,108,0
-73,-23,108,20
58,-23,108,56
154,-23,108,108
153,-23,108,108
-155,-23,108,0
55,-23,108,108
89,-23,108,0
-162,-23,108,0
167,-23,108,94
-103,-23,108,0
-173,-23,108,0
51,-23,108,1
-4,-23,108,0
162,-23,108,2
-75,-23,108,0
43,-23,108,108
-102,-23,108,0
-167,-23,108,0
-163,-23,108,0
-25,-23,108,1
-12,-23,108,0
-107,-23,108,0
114,-23,108,60
-126,-23,108,0
40,-23,108,55
-101,-23,108,0
103,-23,108,0
-99,-23,108,0
81,-23,108,0
-78,-23,108,0
35,-23,108,108
1,-23,108,0
11,-23,108,0
-94,-23,108,0
-30,-23,108,0
98,-23,108,0
82,-23,108,0
179,-23,108,1
-169,-23,108,0
-109,-23,108,0
176,-23,108,0
164,-23,108,92
-157,-23,108,0
166,-23,108,94
-180,-23,108,1
9,-23,108,0
-154,-23,108,0
-144,-23,108,0
-44,-23,108,73
-2,-23,108,0
-150,-23,108,0
158,-23,108,1
13,-23,108,62
73,-23,108,0
39,-23,108,55
-149,-23,108,0
-98,-23,108,0
5,-23,108,0
-133,-23,108,0
-139,-23,108,0
150,-23,108,108
8,-23,108,0
-91,-23,108,0
3,-23,108,0
-176,-23,108,50
38,-23,108,54
57,-23,108,56
168,-23,108,3
68,-23,108,0
7,-23,108,0
-112,-23,108,0
42,-23,108,108
-36,-23,108,0
-125,-23,108,0
-9,-23,108,0
-129,-23,108,0
105,-23,108,0
49,-23,108,108
-1,-23,108,0
-21,-23,108,0
47,-23,108,108
-3,-23,108,0
-175,-23,108,50
-179,-23,108,1
170,-23,108,2
113,-23,108,60
48,-23,108,108
-117,-23,108,0
-170,-23,108,0
0,-23,108,0
-160,-23,108,0
-105,-23,108,0
102,-23,108,0
-136,-23,108,0
96,-23,108,0
-171,-23,108,0
-88,-23,108,0
71,-23,108,0
-81,-23,108,0
12,-23,108,62
-6,-23,108,0
-174,-23,108,43
-28,-23,108,0
104,-23,108,0
-87,-23,108,0
-115,-23,108,0
-106,-23,108,0
88,-23,108,0
-13,-23,108,0
163,-23,108,2
-113,-23,108,0
-118,-23,108,0
-131,-23,108,0
-146,-23,108,0
86,-23,108,1
-134,-23,108,0
-116,-23,108,0
174,-23,108,0
-104,-23,108,0
-138,-23,108,0
95,-23,108,0
-27,-23,108,1
-128,-23,108,0
112,-23,108,0
87,-23,108,1
-26,-23,108,1
61,-23,108,0
-7,-23,108,0
175,-23,108,0
-148,-23,108,0
-20,-23,108,0
-152,-23,108,0
6,-23,108,0
-96,-23,108,0
52,-23,108,1
-178,-23,108,1
72,-23,108,0
-147,-23,108,0
97,-23,108,0
-127,-23,108,0
-89,-23,108,0
-132,-23,108,0
-77,-23,108,0
-32,-23,108,0
2,-23,108,0
-143,-23,108,0
-145,-23,108,0
-100,-23,108,0
-151,-23,108,0
101,-23,108,0
83,-23,108,0
-120,-23,108,0
-90,-23,108,0
-17,-23,108,0
-33,-23,108,0
74,-23,108,0
90,-23,108,0
-45,-23,108,73
-172,-23,108,0
54,-23,108,108
-137,-23,108,0
173,-23,108,1
-41,-23,108,95
56,-23,108,108
152,-23,108,108
-83,-23,108,0
-72,-23,108,108
53,-23,108,108
-43,-23,108,73
75,-23,108,0
-23,-23,108,0
62,-23,108,0
77,-23,108,0
110,-23,108,0
-84,-23,108,0
-19,-23,108,0
-92,-23,108,0
66,-23,108,0
80,-23,108,0
169,-23,108,4
107,-23,108,0
-165,-23,108,0
37,-23,108,102
-10,-23,108,0
-18,-23,108,0
70,-23,108,0
36,-23,108,108
50,-23,108,108
-158,-23,108,0
-153,-23,108,0
92,-23,108,0
-177,-23,108,50
111,-23,108,0
-16,-23,108,0
-140,-23,108,0
-166,-23,108,0
-85,-23,108,0
151,-23,108,108
-40,-23,108,60
-37,-23,108,0
156,-23,108,1
157,-23,108,1
-15,-23,108,0
79,-23,108,0
171,-23,108,2
-93,-23,108,0
-22,-23,108,0
165,-23,108,92
-95,-23,108,0
109,-23,108,0
-119,-23,108,0
-82,-23,108,0
149,-23,108,108
69,-23,108,0
67,-23,108,0
-79,-23,108,0
78,-23,108,0
-11,-23,108,0
-111,-23,108,0
93,-23,108,0
-39,-23,108,60
-168,-23,108,0
-121,-23,108,0
-80,-23,108,0
-42,-23,108,95
161,-23,108,1
-74,-23,108,20
-110,-23,108,0
-130,-23,108,0
-122,-23,108,0
-159,-23,108,0
64,-23,108,0
10,-23,108,0
4,-23,108,0
-123,-23,108,0
-108,-23,108,0
-31,-23,108,0
-5,-23,108,0
159,-23,108,1
-124,-23,108,0
-34,-23,108,0
76,-23,108,0
-8,-23,108,0
-97,-23,108,0
100,-23,108,0
-161,-23,108,0
91,-23,108,0
172,-23,108,1
-71,-23,108,108
108,-23,108,0
63,-23,108,0
-141,-23,108,0
-156,-23,108,0
14,-23,108,62
-29,-23,108,0
-86,-23,108,0
106,-23,108,0
155,-23,108,108
177,-23,108,1
60,-23,108,0
84,-23,108,1
99,-23,108,0
-35,-23,108,0
-164,-23,108,0
-142,-23,108,0
59,-23,108,1
-24,-23,108,1
-135,-23,108,0
-38,-23,108,0
94,-23,108,0
178,-23,108,1
-76,-23,108,0
41,-23,108,108
85,-23,108,1
-14,-23,108,0
-114,-23,108,0
37,-22,108,104
43,-22,108,108
-81,-22,108,0
-97,-22,108,0
151,-22,108,108
94,-22,108,0
59,-22,108,1
71,-22,108,0
-175,-22,108,50
-18,-22,108,0
-169,-22,108,0
78,-22,108,0
172,-22,108,1
36,-22,108,107
-32,-22,108,0
64,-22,108,0
-126,-22,108,0
-84,-22,108,0
14,-22,108,62
-144,-22,108,0
-137,-22,108,0
63,-22,108,0
-16,-22,108,0
-134,-22,108,0
167,-22,108,95
9,-22,108,0
169,-22,108,107
109,-22,108,0
11,-22,108,0
173,-22,108,1
-90,-22,108,0
55,-22,108,108
35,-22,108,108
58,-22,108,56
-149,-22,108,0
89,-22,108,0
61,-22,108,0
-145,-22,108,0
-40,-22,108,95
-136,-22,108,0
-111,-22,108,0
67,-22,108,0
-164,-22,108,0
164,-22,108,93
65,-22,108,0
-177,-22,108,52
-139,-22,108,0
48,-22,108,108
-159,-22,108,0
179,-22,108,1
39,-22,108,55
12,-22,108,60
92,-22,108,0
57,-22,108,56
-21,-22,108,0
-30,-22,108,0
-77,-22,108,0
-123,-22,108,0
101,-22,108,0
153,-22,108,108
168,-22,108,107
56,-22,108,108
-119,-22,108,0
166,-22,108,95
-17,-22,108,0
-158,-22,108,0
102,-22,108,0
-34,-22,108,0
83,-22,108,0
-92,-22,108,0
-160,-22,108,0
-157,-22,108,0
76,-22,108,0
176,-22,108,0
-173,-22,108,0
70,-22,108,0
-147,-22,108,0
-4,-22,108,0
1,-22,108,0
-168,-22,108,0
116,-22,108,60
-42,-22,108,95
-156,-22,108,0
88,-22,108,0
68,-22,108,0
-104,-22,108,0
-41,-22,108,95
-166,-22,108,0
156,-22,108,1
-38,-22,108,60
-39,-22,108,60
110,-22,108,0
13,-22,108,62
-75,-22,108,1
155,-22,108,108
-178,-22,108,4
-23,-22,108,0
149,-22,108,108
95,-22,108,0
148,-22,108,0
-71,-22,108,108
-74,-22,108,19
-138,-22,108,0
51,-22,108,1
40,-22,108,55
175,-22,108,0
-155,-22,108,0
85,-22,108,1
-25,-22,108,1
0,-22,108,0
-85,-22,108,0
-1,-22,108,0
86,-22,108,1
-27,-22,108,1
8,-22,108,0
-115,-22,108,0
-146,-22,108,0
-86,-22,108,0
171,-22,108,3
-167,-22,108,0
74,-22,108,0
84,-22,108,1
-106,-22,108,0
-89,-22,108,0
-161,-22,108,0
104,-22,108,0
5,-22,108,0
47,-22,108,0
-165,-22,108,0
4,-22,108,0
-24,-22,108,1
-10,-22,108,0
-121,-22,108,0
91,-22,108,0
-82,-22,108,0
-148,-22,108,0
160,-22,108,1
-80,-22,108,0
-105,-22,108,0
-163,-22,108,0
73,-22,108,0
-5,-22,108,0
62,-22,108,0
98,-22,108,0
93,-22,108,0
-109,-22,108,0
-87,-22,108,0
-125,-22,108,0
-20,-22,108,0
50,-22,108,108
-93,-22,108,0
-141,-22,108,0
-130,-22,108,0
49,-22,108,108
-95,-22,108,0
-153,-22,108,0
-174,-22,108,94
162,-22,108,1
-72,-22,108,108
-73,-22,108,20
-162,-22,108,0
-12,-22,108,0
-128,-22,108,0
-98,-22,108,0
-176,-22,108,52
-124,-22,108,0
-9,-22,108,0
72,-22,108,0
79,-22,108,0
-78,-22,108,0
174,-22,108,0
10,-22,108,0
38,-22,108,104
114,-22,108,60
-142,-22,108,0
-22,-22,108,0
99,-22,108,0
150,-22,108,108
161,-22,108,1
-112,-22,108,0
-96,-22,108,0
100,-22,108,0
7,-22,108,0
115,-22,108,60
90,-22,108,0
2,-22,108,0
152,-22,108,108
-140,-22,108,0
-113,-22,108,0
96,-22,108,0
157,-22,108,1
77,-22,108,0
-94,-22,108,0
-70,-22,108,0
54,-22,108,108
-179,-22,108,4
163,-22,108,92
69,-22,108,0
-151,-22,108,0
-129,-22,108,0
158,-22,108,1
113,-22,108,60
42,-22,108,108
-99,-22,108,0
-171,-22,108,0
-15,-22,108,0
-79,-22,108,0
-107,-22,108,0
-118,-22,108,0
-170,-22,108,0
111,-22,108,0
-180,-22,108,2
-114,-22,108,0
103,-22,108,0
170,-22,108,3
-3,-22,108,0
-26,-22,108,1
-133,-22,108,0
-152,-22,108,0
81,-22,108,0
-131,-22,108,0
-103,-22,108,0
52,-22,108,1
60,-22,108,1
-117,-22,108,0
66,-22,108,0
-76,-22,108,1
107,-22,108,0
-154,-22,108,0
-13,-22,108,0
105,-22,108,0
-8,-22,108,0
-14,-22,108,0
-11,-22,108,0
34,-22,108,0
-102,-22,108,0
82,-22,108,0
-143,-22,108,0
75,-22,108,0
-36,-22,108,0
-108,-22,108,0
80,-22,108,0
165,-22,108,95
-122,-22,108,0
-29,-22,108,0
-150,-22,108,0
-2,-22,108,0
-127,-22,108,0
112,-22,108,0
53,-22,108,108
-83,-22,108,0
159,-22,108,1
-35,-22,108,0
-100,-22,108,0
-33,-22,108,0
-116,-22,108,0
-7,-22,108,0
177,-22,108,1
-101,-22,108,0
-6,-22,108,0
-172,-22,108,0
6,-22,108,0
-19,-22,108,0
154,-22,108,108
97,-22,108,0
-120,-22,108,0
87,-22,108,1
-135,-22,108,0
3,-22,108,0
-110,-22,108,0
-132,-22,108,0
178,-22,108,1
106,-22,108,0
-28,-22,108,0
-37,-22,108,0
41,-22,108,108
108,-22,108,0
-91,-22,108,0
-88,-22,108,0
-31,-22,108,0
-8,-21,108,0
161,-21,108,1
-128,-21,108,0
-138,-21,108,0
-79,-21,108,0
12,-21,108,60
169,-21,108,107
-169,-21,108,0
-33,-21,108,0
61,-21,108,0
-24,-21,108,1
-95,-21,108,0
166,-21,108,95
-9,-21,108,0
-40,-21,108,95
-176,-21,108,101
77,-21,108,0
57,-21,108,108
65,-21,108,0
96,-21,108,0
-31,-21,108,0
-117,-21,108,0
95,-21,108,0
-115,-21,108,0
37,-21,108,104
-81,-21,108,0
39,-21,108,55
149,-21,108,108
-4,-21,108,0
43,-21,108,108
81,-21,108,0
-113,-21,108,0
150,-21,108,108
-173,-21,108,107
34,-21,108,108
49,-21,108,108
53,-21,108,104
-151,-21,108,0
54,-21,108,108
-91,-21,108,0
64,-21,108,0
-141,-21,108,0
-72,-21,108,108
-13,-21,108,0
-41,-21,108,95
74,-21,108,0
-147,-21,108,0
-37,-21,108,0
-16,-21,108,0
38,-21,108,104
89,-21,108,0
110,-21,108,0
-125,-21,108,0
119,-21,108,79
165,-21,108,95
117,-21,108,60
-114,-21,108,0
107,-21,108,0
-143,-21,108,0
-86,-21,108,0
90,-21,108,0
-83,-21,108,0
-3,-21,108,1
78,-21,108,0
91,-21,108,0
108,-21,108,0
-180,-21,108,4
-116,-21,108,0
151,-21,108,108
154,-21,108,108
160,-21,108,0
-34,-21,108,0
13,-21,108,60
76,-21,108,0
42,-21,108,108
-32,-21,108,0
-105,-21,108,0
173,-21,108,1
101,-21,108,0
-1,-21,108,1
-102,-21,108,0
3,-21,108,0
-111,-21,108,0
114,-21,108,60
-99,-21,108,0
164,-21,108,93
-5,-21,108,0
-156,-21,108,0
44,-21,108,108
-19,-21,108,0
-158,-21,108,0
-30,-21,108,0
116,-21,108,60
97,-21,108,0
148,-21,108,108
62,-21,108,0
-127,-21,108,0
-6,-21,108,1
48,-21,108,108
36,-21,108,108
-137,-21,108,0
-172,-21,108,0
99,-21,108,0
113,-21,108,60
-132,-21,108,0
-118,-21,108,0
10,-21,108,0
100,-21,108,0
-177,-21,108,101
-97,-21,108,0
112,-21,108,0
70,-21,108,0
5,-21,108,0
109,-21,108,0
-133,-21,108,0
86,-21,108,1
-2,-21,108,1
-154,-21,108,0
-77,-21,108,0
-179,-21,108,5
7,-21,108,0
159,-21,108,0
-109,-21,108,0
176,-21,108,3
69,-21,108,0
-108,-21,108,0
-93,-21,108,0
-165,-21,108,0
-101,-21,108,0
177,-21,108,2
-126,-21,108,0
-84,-21,108,0
-94,-21,108,0
-82,-21,108,0
-104,-21,108,0
84,-21,108,0
-131,-21,108,0
-166,-21,108,0
94,-21,108,0
-146,-21,108,0
-20,-21,108,0
-134,-21,108,0
1,-21,108,0
-7,-21,108,1
-100,-21,108,0
82,-21,108,0
-157,-21,108,0
2,-21,108,0
-145,-21,108,0
4,-21,108,0
-120,-21,108,0
-76,-21,108,2
-112,-21,108,0
-162,-21,108,0
-73,-21,108,90
72,-21,108,0
179,-21,108,3
-159,-21,108,0
156,-21,108,1
-163,-21,108,0
104,-21,108,0
163,-21,108,92
-23,-21,108,1
-14,-21,108,0
106,-21,108,0
-38,-21,108,60
115,-21,108,60
59,-21,108,56
-29,-21,108,0
-78,-21,108,0
-74,-21,108,64
-124,-21,108,0
-11,-21,108,0
111,-21,108,0
-155,-21,108,0
73,-21,108,0
-129,-21,108,0
-110,-21,108,0
9,-21,108,0
41,-21,108,108
157,-21,108,1
0,-21,108,0
168,-21,108,107
-15,-21,108,0
98,-21,108,0
-21,-21,108,0
68,-21,108,0
167,-21,108,95
71,-21,108,0
-90,-21,108,0
171,-21,108,107
-119,-21,108,0
-175,-21,108,107
-142,-21,108,0
-122,-21,108,0
79,-21,108,0
-98,-21,108,0
105,-21,108,0
40,-21,108,55
-17,-21,108,0
88,-21,108,0
56,-21,108,108
93,-21,108,0
-26,-21,108,1
-148,-21,108,0
-140,-21,108,0
-171,-21,108,0
-123,-21,108,0
-75,-21,108,2
-135,-21,108,0
-153,-21,108,0
80,-21,108,0
50,-21,108,108
63,-21,108,0
-80,-21,108,0
-28,-21,108,1
-174,-21,108,107
118,-21,108,79
-152,-21,108,0
-25,-21,108,1
102,-21,108,0
87,-21,108,1
-178,-21,108,54
-149,-21,108,0
-89,-21,108,0
52,-21,108,1
-87,-21,108,0
120,-21,108,0
-168,-21,108,0
-107,-21,108,0
153,-21,108,108
170,-21,108,107
-167,-21,108,0
-144,-21,108,0
85,-21,108,1
-161,-21,108,0
-150,-21,108,0
11,-21,108,0
-27,-21,108,1
8,-21,108,0
-85,-21,108,0
-160,-21,108,0
-139,-21,108,0
-170,-21,108,0
-88,-21,108,0
-22,-21,108,0
147,-21,108,0
174,-21,108,0
-96,-21,108,0
6,-21,108,0
75,-21,108,0
-164,-21,108,0
60,-21,108,1
-103,-21,108,0
178,-21,108,3
58,-21,108,56
83,-21,108,0
175,-21,108,0
-92,-21,108,0
152,-21,108,105
55,-21,108,108
-36,-21,108,0
35,-21,108,108
155,-21,108,108
-71,-21,108,108
158,-21,108,1
-10,-21,108,0
-39,-21,108,60
66,-21,108,0
172,-21,108,2
-136,-21,108,0
-18,-21,108,0
-12,-21,108,0
-121,-21,108,0
67,-21,108,0
92,-21,108,0
-130,-21,108,0
-35,-21,108,0
51,-21,108,2
-106,-21,108,0
162,-21,108,1
103,-21,108,0
-95,-20,108,0
-143,-20,108,0
146,-20,108,107
-76,-20,108,39
169,-20,108,107
148,-20,108,108
-77,-20,108,39
72,-20,108,0
43,-20,108,108
66,-20,108,0
84,-20,108,0
78,-20,108,0
-13,-20,108,0
-97,-20,108,0
80,-20,108,0
-101,-20,108,0
53,-20,108,104
-177,-20,108,53
63,-20,108,0
-138,-20,108,0
9,-20,108,0
166,-20,108,8
51,-20,108,108
38,-20,108,104
102,-20,108,0
57,-20,108,108
153,-20,108,108
56,-20,108,108
-99,-20,108,0
-145,-20,108,0
-91,-20,108,0
-74,-20,108,80
99,-20,108,0
44,-20,108,108
-123,-20,108,0
89,-20,108,0
-72,-20,108,90
176,-20,108,107
-39,-20,108,64
158,-20,108,1
-11,-20,108,0
-92,-20,108,0
74,-20,108,0
-118,-20,108,0
36,-20,108,108
-149,-20,108,0
-21,-20,108,0
90,-20,108,0
39,-20,108,55
60,-20,108,0
-151,-20,108,0
151,-20,108,108
37,-20,108,106
163,-20,108,92
4,-20,108,1
-35,-20,108,1
-176,-20,108,107
95,-20,108,0
75,-20,108,0
171,-20,108,107
116,-20,108,60
42,-20,108,108
67,-20,108,0
-20,-20,108,0
162,-20,108,1
164,-20,108,93
-86,-20,108,0
159,-20,108,0
-88,-20,108,0
118,-20,108,79
85,-20,108,1
117,-20,108,60
121,-20,108,108
-160,-20,108,0
-3,-20,108,1
-82,-20,108,0
70,-20,108,0
110,-20,108,0
88,-20,108,1
50,-20,108,108
49,-20,108,108
-104,-20,108,0
-134,-20,108,0
-36,-20,108,58
-180,-20,108,4
-33,-20,108,0
-18,-20,108,0
69,-20,108,0
96,-20,108,0
-122,-20,108,0
-71,-20,108,108
35,-20,108,108
-130,-20,108,0
-146,-20,108,0
109,-20,108,0
177,-20,108,107
-5,-20,108,1
77,-20,108,0
52,-20,108,1
114,-20,108,0
34,-20,108,108
-119,-20,108,0
48,-20,108,108
-120,-20,108,0
83,-20,108,0
-27,-20,108,1
-28,-20,108,1
-114,-20,108,0
-87,-20,108,0
59,-20,108,56
-26,-20,108,1
156,-20,108,1
1,-20,108,0
-37,-20,108,58
-80,-20,108,0
-172,-20,108,0
73,-20,108,0
-83,-20,108,0
-110,-20,108,0
-89,-20,108,0
-34,-20,108,1
2,-20,108,0
-93,-20,108,0
-133,-20,108,0
-135,-20,108,0
6,-20,108,1
165,-20,108,5
3,-20,108,1
93,-20,108,0
5,-20,108,1
108,-20,108,0
-111,-20,108,0
161,-20,108,1
-105,-20,108,0
8,-20,108,0
65,-20,108,0
-19,-20,108,0
-150,-20,108,0
82,-20,108,0
-4,-20,108,1
-1,-20,108,1
-108,-20,108,0
-2,-20,108,1
-96,-20,108,0
7,-20,108,0
-8,-20,108,0
-126,-20,108,0
-12,-20,108,0
-166,-20,108,0
-164,-20,108,0
-142,-20,108,0
-147,-20,108,0
-107,-20,108,0
101,-20,108,0
-139,-20,108,0
150,-20,108,107
-178,-20,108,53
-103,-20,108,0
92,-20,108,0
-155,-20,108,0
149,-20,108,108
106,-20,108,0
-102,-20,108,0
13,-20,108,60
-140,-20,108,0
-165,-20,108,0
-40,-20,108,98
-144,-20,108,0
-79,-20,108,0
94,-20,108,0
-158,-20,108,0
-173,-20,108,107
-100,-20,108,0
-113,-20,108,0
-38,-20,108,65
-9,-20,108,0
-73,-20,108,90
-137,-20,108,0
-81,-20,108,0
172,-20,108,2
119,-20,108,79
58,-20,108,56
91,-20,108,0
-170,-20,108,0
71,-20,108,0
168,-20,108,107
154,-20,108,108
157,-20,108,1
40,-20,108,57
155,-20,108,2
-174,-20,108,107
-112,-20,108,0
-78,-20,108,1
-115,-20,108,0
-125,-20,108,0
167,-20,108,8
-116,-20,108,0
-156,-20,108,0
-41,-20,108,95
113,-20,108,0
-129,-20,108,0
97,-20,108,0
76,-20,108,0
11,-20,108,60
-159,-20,108,0
81,-20,108,0
-161,-20,108,0
-153,-20,108,0
-163,-20,108,0
-7,-20,108,1
104,-20,108,0
87,-20,108,1
-29,-20,108,0
-128,-20,108,0
54,-20,108,108
-132,-20,108,0
-85,-20,108,0
-75,-20,108,41
-14,-20,108,0
12,-20,108,60
62,-20,108,0
120,-20,108,108
111,-20,108,0
178,-20,108,107
-169,-20,108,0
-98,-20,108,0
-168,-20,108,0
147,-20,108,108
179,-20,108,15
41,-20,108,41
-117,-20,108,0
174,-20,108,0
-167,-20,108,0
0,-20,108,1
-23,-20,108,1
-90,-20,108,0
64,-20,108,0
-10,-20,108,0
-121,-20,108,0
10,-20,108,0
-152,-20,108,0
86,-20,108,1
-109,-20,108,0
-6,-20,108,1
-106,-20,108,0
-30,-20,108,0
-94,-20,108,0
61,-20,108,0
-141,-20,108,0
-179,-20,108,4
100,-20,108,0
105,-20,108,0
-32,-20,108,0
-157,-20,108,0
175,-20,108,0
-154,-20,108,0
-171,-20,108,0
160,-20,108,0
68,-20,108,0
152,-20,108,105
-17,-20,108,0
-162,-20,108,0
173,-20,108,0
98,-20,108,0
170,-20,108,107
-25,-20,108,1
79,-20,108,0
-124,-20,108,0
107,-20,108,0
-15,-20,108,0
-84,-20,108,0
-148,-20,108,0
55,-20,108,108
-136,-20,108,0
-22,-20,108,0
-127,-20,108,0
-175,-20,108,107
-31,-20,108,0
115,-20,108,1
-24,-20,108,1
-16,-20,108,0
103,-20,108,0
112,-20,108,0
-131,-20,108,0
149,-19,108,108
-162,-19,108,0
-81,-19,108,0
66,-19,108,0
148,-19,108,108
-154,-19,108,0
-123,-19,108,0
96,-19,108,0
-148,-19,108,0
40,-19,108,93
9,-19,108,0
51,-19,108,108
169,-19,108,107
170,-19,108,107
43,-19,108,108
-150,-19,108,89
-86,-19,108,0
50,-19,108,108
-136,-19,108,0
59,-19,108,56
-110,-19,108,0
153,-19,108,105
-23,-19,108,1
145,-19,108,0
-25,-19,108,1
62,-19,108,0
-153,-19,108,0
-94,-19,108,0
64,-19,108,0
-74,-19,108,74
38,-19,108,108
65,-19,108,0
173,-19,108,0
-89,-19,108,0
147,-19,108,108
-11,-19,108,0
-12,-19,108,0
-121,-19,108,0
179,-19,108,107
-172,-19,108,0
-4,-19,108,0
-102,-19,108,0
112,-19,108,0
105,-19,108,0
-135,-19,108,0
119,-19,108,1
55,-19,108,108
-78,-19,108,0
-143,-19,108,0
-175,-19,108,107
-167,-19,108,0
-14,-19,108,0
-37,-19,108,58
121,-19,108,108
-140,-19,108,0
160,-19,108,0
72,-19,108,0
52,-19,108,108
-73,-19,108,108
155,-19,108,1
-33,-19,108,1
-22,-19,108,0
-108,-19,108,0
-16,-19,108,0
-179,-19,108,4
-91,-19,108,0
41,-19,108,93
161,-19,108,1
-137,-19,108,0
-132,-19,108,0
-115,-19,108,0
-105,-19,108,0
120,-19,108,108
90,-19,108,0
49,-19,108,108
1,-19,108,0
-134,-19,108,0
-146,-19,108,0
68,-19,108,0
12,-19,108,60
58,-19,108,56
-32,-19,108,1
69,-19,108,0
-75,-19,108,74
115,-19,108,0
110,-19,108,0
56,-19,108,60
-174,-19,108,107
95,-19,108,0
-35,-19,108,1
35,-19,108,108
-138,-19,108,0
168,-19,108,107
-38,-19,108,108
-90,-19,108,0
77,-19,108,0
-152,-19,108,0
116,-19,108,1
-1,-19,108,1
0,-19,108,1
3,-19,108,1
-20,-19,108,0
-149,-19,108,89
-13,-19,108,0
-113,-19,108,0
5,-19,108,1
-163,-19,108,0
-19,-19,108,0
151,-19,108,105
100,-19,108,0
122,-19,108,108
-109,-19,108,0
-161,-19,108,0
-26,-19,108,1
60,-19,108,0
78,-19,108,0
76,-19,108,0
118,-19,108,1
-128,-19,108,0
-8,-19,108,0
-145,-19,108,0
111,-19,108,0
-160,-19,108,0
167,-19,108,8
-170,-19,108,0
-6,-19,108,1
107,-19,108,0
-2,-19,108,1
-100,-19,108,1
-29,-19,108,1
80,-19,108,0
-169,-19,108,0
-116,-19,108,0
-171,-19,108,0
85,-19,108,1
-156,-19,108,0
-130,-19,108,0
-117,-19,108,0
-18,-19,108,0
7,-19,108,1
-139,-19,108,0
87,-19,108,1
98,-19,108,0
-147,-19,108,0
-111,-19,108,0
162,-19,108,1
-120,-19,108,0
172,-19,108,0
-99,-19,108,1
-92,-19,108,0
171,-19,108,1
84,-19,108,0
74,-19,108,0
79,-19,108,0
6,-19,108,1
63,-19,108,0
-95,-19,108,0
-118,-19,108,0
-119,-19,108,0
70,-19,108,0
-17,-19,108,0
61,-19,108,0
-15,-19,108,0
-30,-19,108,1
-166,-19,108,0
44,-19,108,108
-151,-19,108,89
114,-19,108,0
53,-19,108,108
150,-19,108,1
67,-19,108,0
-176,-19,108,107
83,-19,108,0
103,-19,108,0
-173,-19,108,107
54,-19,108,108
57,-19,108,60
-31,-19,108,1
-7,-19,108,1
-71,-19,108,108
-80,-19,108,0
159,-19,108,0
-158,-19,108,0
163,-19,108,3
157,-19,108,1
-88,-19,108,0
-157,-19,108,0
-104,-19,108,0
-124,-19,108,0
2,-19,108,0
-72,-19,108,108
101,-19,108,0
94,-19,108,0
-127,-19,108,0
42,-19,108,108
-85,-19,108,0
-76,-19,108,72
-159,-19,108,0
-101,-19,108,0
-180,-19,108,26
-93,-19,108,0
91,-19,108,0
-39,-19,108,108
-165,-19,108,0
-82,-19,108,0
158,-19,108,1
-126,-19,108,0
-9,-19,108,0
-21,-19,108,0
154,-19,108,0
175,-19,108,0
86,-19,108,1
-106,-19,108,0
-79,-19,108,0
102,-19,108,0
-168,-19,108,0
97,-19,108,0
92,-19,108,0
176,-19,108,107
75,-19,108,0
-129,-19,108,0
-98,-19,108,1
-77,-19,108,72
165,-19,108,5
177,-19,108,107
-114,-19,108,0
-142,-19,108,0
-3,-19,108,1
-27,-19,108,1
8,-19,108,1
-96,-19,108,0
88,-19,108,1
-24,-19,108,1
4,-19,108,1
73,-19,108,0
-164,-19,108,0
-122,-19,108,0
164,-19,108,4
-28,-19,108,1
-103,-19,108,0
10,-19,108,0
48,-19,108,0
-144,-19,108,0
-84,-19,108,0
-34,-19,108,1
117,-19,108,1
156,-19,108,1
-5,-19,108,1
82,-19,108,0
71,-19,108,0
89,-19,108,0
113,-19,108,0
-155,-19,108,0
93,-19,108,0
-141,-19,108,0
-131,-19,108,0
-83,-19,108,0
-125,-19,108,0
152,-19,108,105
81,-19,108,0
-177,-19,108,5
-112,-19,108,0
178,-19,108,107
39,-19,108,56
-87,-19,108,0
37,-19,108,108
-40,-19,108,108
108,-19,108,0
-10,-19,108,0
-107,-19,108,0
104,-19,108,0
-36,-19,108,58
146,-19,108,107
-97,-19,108,1
-133,-19,108,0
99,-19,108,0
36,-19,108,108
11,-19,108,60
106,-19,108,0
174,-19,108,0
109,-19,108,0
-178,-19,108,6
166,-19,108,87
-78,-18,108,0
160,-18,108,0
153,-18,108,0
123,-18,108,108
-152,-18,108,28
90,-18,108,0
40,-18,108,106
-157,-18,108,0
114,-18,108,0
-71,-18,108,108
70,-18,108,0
121,-18,108,108
-130,-18,108,0
-137,-18,108,0
105,-18,108,0
-82,-18,108,0
106,-18,108,0
56,-18,108,10
148,-18,108,107
154,-18,108,0
96,-18,108,0
-135,-18,108,0
-110,-18,108,0
54,-18,108,108
66,-18,108,0
-37,-18,108,107
-168,-18,108,0
179,-18,108,107
53,-18,108,108
41,-18,108,106
-26,-18,108,1
11,-18,108,60
-20,-18,108,0
-29,-18,108,1
64,-18,108,0
178,-18,108,107
-92,-18,108,0
-113,-18,108,0
-23,-18,108,1
-119,-18,108,0
-40,-18,108,108
-156,-18,108,0
59,-18,108,56
57,-18,108,60
-123,-18,108,0
43,-18,108,108
-87,-18,108,0
161,-18,108,0
115,-18,108,0
51,-18,108,108
7,-18,108,1
-103,-18,108,0
165,-18,108,86
157,-18,108,1
-39,-18,108,108
118,-18,108,1
-10,-18,108,0
88,-18,108,1
-158,-18,108,0
-151,-18,108,89
-178,-18,108,5
-93,-18,108,0
-6,-18,108,1
67,-18,108,0
-160,-18,108,0
42,-18,108,108
38,-18,108,108
92,-18,108,0
-76,-18,108,72
-180,-18,108,107
65,-18,108,0
-8,-18,108,1
139,-18,108,108
170,-18,108,107
172,-18,108,0
-4,-18,108,0
147,-18,108,107
-115,-18,108,0
108,-18,108,0
-1,-18,108,2
-85,-18,108,0
95,-18,108,0
100,-18,108,0
-176,-18,108,107
-107,-18,108,0
-88,-18,108,0
-132,-18,108,0
166,-18,108,105
-166,-18,108,0
58,-18,108,56
124,-18,108,0
-114,-18,108,0
-74,-18,108,106
-36,-18,108,58
-143,-18,108,0
44,-18,108,108
98,-18,108,0
-159,-18,108,0
-19,-18,108,0
171,-18,108,0
-142,-18,108,0
-34,-18,108,2
167,-18,108,108
-108,-18,108,0
-149,-18,108,89
163,-18,108,2
84,-18,108,0
-3,-18,108,1
-127,-18,108,0
103,-18,108,0
-13,-18,108,0
141,-18,108,0
-161,-18,108,0
-136,-18,108,0
116,-18,108,1
-7,-18,108,1
82,-18,108,0
-126,-18,108,0
155,-18,108,1
-131,-18,108,0
-120,-18,108,0
-25,-18,108,1
61,-18,108,0
-134,-18,108,0
119,-18,108,1
-12,-18,108,0
-9,-18,108,0
117,-18,108,1
-129,-18,108,0
87,-18,108,1
138,-18,108,0
-109,-18,108,0
173,-18,108,0
36,-18,108,0
110,-18,108,0
-117,-18,108,0
107,-18,108,0
-128,-18,108,0
-171,-18,108,0
69,-18,108,0
-144,-18,108,0
-140,-18,108,0
-116,-18,108,0
-83,-18,108,0
-118,-18,108,0
102,-18,108,0
-14,-18,108,0
159,-18,108,0
104,-18,108,0
-124,-18,108,0
-84,-18,108,0
109,-18,108,0
-141,-18,108,0
-106,-18,108,0
49,-18,108,108
-169,-18,108,0
-138,-18,108,0
145,-18,108,108
-90,-18,108,0
-38,-18,108,107
-155,-18,108,0
-153,-18,108,28
5,-18,108,1
-133,-18,108,0
-174,-18,108,107
-101,-18,108,0
3,-18,108,1
-162,-18,108,0
50,-18,108,108
120,-18,108,108
169,-18,108,107
55,-18,108,108
-177,-18,108,4
-173,-18,108,95
-95,-18,108,0
-147,-18,108,1
-111,-18,108,0
156,-18,108,1
6,-18,108,0
168,-18,108,108
80,-18,108,0
8,-18,108,1
74,-18,108,0
-102,-18,108,0
-104,-18,108,0
68,-18,108,0
-105,-18,108,0
174,-18,108,0
93,-18,108,0
146,-18,108,108
-79,-18,108,0
-28,-18,108,1
0,-18,108,1
91,-18,108,0
-175,-18,108,107
112,-18,108,0
122,-18,108,108
-27,-18,108,1
-163,-18,108,0
71,-18,108,0
52,-18,108,108
113,-18,108,0
62,-18,108,0
-150,-18,108,89
-112,-18,108,0
-17,-18,108,0
10,-18,108,0
175,-18,108,0
-148,-18,108,89
-146,-18,108,0
-18,-18,108,0
83,-18,108,0
-98,-18,108,1
-167,-18,108,0
164,-18,108,3
-170,-18,108,0
-86,-18,108,0
-5,-18,108,1
-77,-18,108,72
149,-18,108,0
72,-18,108,0
63,-18,108,0
-72,-18,108,108
151,-18,108,0
39,-18,108,108
4,-18,108,1
-35,-18,108,58
-179,-18,108,107
85,-18,108,1
-16,-18,108,0
158,-18,108,1
89,-18,108,0
97,-18,108,0
-91,-18,108,0
-80,-18,108,0
-81,-18,108,0
-125,-18,108,0
-22,-18,108,0
-172,-18,108,0
-33,-18,108,2
101,-18,108,0
-89,-18,108,0
-154,-18,108,0
99,-18,108,0
9,-18,108,1
111,-18,108,0
1,-18,108,1
-24,-18,108,1
75,-18,108,0
-100,-18,108,1
-121,-18,108,0
-2,-18,108,1
162,-18,108,1
-165,-18,108,0
-97,-18,108,1
60,-18,108,0
-11,-18,108,0
-164,-18,108,0
152,-18,108,0
-96,-18,108,0
-139,-18,108,0
-30,-18,108,1
140,-18,108,108
-94,-18,108,0
76,-18,108,0
150,-18,108,0
177,-18,108,107
37,-18,108,108
-73,-18,108,108
-145,-18,108,0
81,-18,108,0
-122,-18,108,0
-15,-18,108,0
176,-18,108,107
-32,-18,108,1
-75,-18,108,106
77,-18,108,0
-31,-18,108,1
2,-18,108,0
-21,-18,108,0
-99,-18,108,1
73,-18,108,0
86,-18,108,1
79,-18,108,0
94,-18,108,0
78,-18,108,0
-161,-17,108,0
-127,-17,108,0
58,-17,108,56
-163,-17,108,0
167,-17,108,108
65,-17,108,0
-117,-17,108,0
177,-17,108,107
-2,-17,108,3
77,-17,108,0
95,-17,108,0
-89,-17,108,0
-173,-17,108,107
-34,-17,108,2
-16,-17,108,0
-153,-17,108,28
-38,-17,108,107
54,-17,108,108
11,-17,108,60
49,-17,108,108
-76,-17,108,102
44,-17,108,108
152,-17,108,0
-136,-17,108,0
-137,-17,108,0
-179,-17,108,107
-40,-17,108,108
74,-17,108,0
3,-17,108,1
38,-17,108,0
-30,-17,108,1
-78,-17,108,70
66,-17,108,0
113,-17,108,0
145,-17,108,108
-131,-17,108,0
91,-17,108,0
-175,-17,108,107
-111,-17,108,0
-15,-17,108,0
-126,-17,108,0
-149,-17,108,89
-27,-17,108,1
-90,-17,108,0
-156,-17,108,0
52,-17,108,108
83,-17,108,0
-121,-17,108,0
168,-17,108,108
111,-17,108,0
40,-17,108,108
-88,-17,108,0
-98,-17,108,0
97,-17,108,0
98,-17,108,0
140,-17,108,108
-164,-17,108,0
-5,-17,108,1
-162,-17,108,0
169,-17,108,107
146,-17,108,108
88,-17,108,1
139,-17,108,108
117,-17,108,0
178,-17,108,107
-128,-17,108,0
78,-17,108,0
-73,-17,108,107
-93,-17,108,0
-80,-17,108,0
6,-17,108,0
96,-17,108,0
-157,-17,108,0
137,-17,108,108
53,-17,108,108
-140,-17,108,0
-147,-17,108,1
50,-17,108,108
-4,-17,108,0
85,-17,108,0
-170,-17,108,0
159,-17,108,0
162,-17,108,1
123,-17,108,108
-132,-17,108,0
-36,-17,108,58
-176,-17,108,107
120,-17,108,1
166,-17,108,105
-32,-17,108,2
9,-17,108,1
165,-17,108,87
-133,-17,108,0
-113,-17,108,0
42,-17,108,108
45,-17,108,108
-112,-17,108,0
-13,-17,108,0
0,-17,108,2
-108,-17,108,0
99,-17,108,0
-145,-17,108,1
-148,-17,108,2
-177,-17,108,4
122,-17,108,108
155,-17,108,1
-116,-17,108,0
-22,-17,108,0
80,-17,108,0
118,-17,108,0
138,-17,108,108
43,-17,108,108
174,-17,108,0
56,-17,108,10
72,-17,108,0
70,-17,108,0
-21,-17,108,0
-135,-17,108,0
89,-17,108,0
-25,-17,108,1
-160,-17,108,0
-142,-17,108,0
116,-17,108,0
173,-17,108,0
-85,-17,108,0
-79,-17,108,0
-129,-17,108,0
-12,-17,108,0
-97,-17,108,0
-94,-17,108,0
163,-17,108,2
-143,-17,108,0
8,-17,108,1
161,-17,108,0
-109,-17,108,0
149,-17,108,0
-84,-17,108,0
-91,-17,108,0
-23,-17,108,1
158,-17,108,0
-114,-17,108,0
150,-17,108,0
-110,-17,108,0
-92,-17,108,0
-123,-17,108,0
61,-17,108,0
-17,-17,108,0
-165,-17,108,0
93,-17,108,0
94,-17,108,0
-122,-17,108,0
-115,-17,108,0
73,-17,108,0
156,-17,108,1
63,-17,108,0
69,-17,108,0
-118,-17,108,0
151,-17,108,0
68,-17,108,0
172,-17,108,0
115,-17,108,0
-180,-17,108,107
125,-17,108,0
86,-17,108,1
154,-17,108,0
-104,-17,108,0
-171,-17,108,0
92,-17,108,0
-1,-17,108,3
110,-17,108,0
-83,-17,108,0
121,-17,108,108
107,-17,108,0
7,-17,108,1
-174,-17,108,107
109,-17,108,0
-39,-17,108,108
-77,-17,108,72
-24,-17,108,1
-33,-17,108,2
101,-17,108,0
62,-17,108,0
-8,-17,108,1
-99,-17,108,0
103,-17,108,0
-9,-17,108,0
147,-17,108,39
-124,-17,108,0
75,-17,108,0
-144,-17,108,0
-167,-17,108,0
81,-17,108,0
82,-17,108,0
-134,-17,108,0
100,-17,108,0
-29,-17,108,1
-26,-17,108,1
176,-17,108,106
104,-17,108,0
39,-17,108,108
-74,-17,108,106
55,-17,108,108
179,-17,108,107
-155,-17,108,0
51,-17,108,108
-81,-17,108,0
114,-17,108,0
-101,-17,108,0
5,-17,108,1
141,-17,108,108
-120,-17,108,0
79,-17,108,0
-96,-17,108,0
-141,-17,108,0
-152,-17,108,28
124,-17,108,108
59,-17,108,56
-6,-17,108,1
-75,-17,108,106
164,-17,108,3
-72,-17,108,0
-119,-17,108,0
-168,-17,108,0
67,-17,108,0
76,-17,108,0
41,-17,108,108
119,-17,108,1
-102,-17,108,0
-150,-17,108,89
4,-17,108,1
57,-17,108,60
2,-17,108,0
112,-17,108,0
-87,-17,108,0
-139,-17,108,0
-31,-17,108,2
-146,-17,108,1
-107,-17,108,0
-20,-17,108,0
-95,-17,108,0
-106,-17,108,0
171,-17,108,1
87,-17,108,1
-138,-17,108,0
136,-17,108,0
108,-17,108,0
-103,-17,108,0
10,-17,108,0
102,-17,108,0
-3,-17,108,1
-28,-17,108,1
-10,-17,108,0
-82,-17,108,0
-158,-17,108,0
-154,-17,108,0
-159,-17,108,0
84,-17,108,0
-19,-17,108,0
1,-17,108,1
-37,-17,108,107
157,-17,108,1
148,-17,108,39
106,-17,108,0
-169,-17,108,0
153,-17,108,0
64,-17,108,0
170,-17,108,107
105,-17,108,0
90,-17,108,0
-18,-17,108,0
71,-17,108,0
160,-17,108,0
175,-17,108,1
60,-17,108,56
-172,-17,108,107
-100,-17,108,0
-105,-17,108,0
-14,-17,108,0
-11,-17,108,0
-86,-17,108,0
46,-17,108,0
-35,-17,108,58
-166,-17,108,0
-7,-17,108,1
-151,-17,108,89
-125,-17,108,0
-178,-17,108,3
-130,-17,108,0
106,-16,108,0
145,-16,108,108
176,-16,108,106
-172,-16,108,107
-78,-16,108,86
136,-16,108,108
125,-16,108,108
-132,-16,108,0
-37,-16,108,107
107,-16,108,0
-147,-16,108,1
59,-16,108,56
179,-16,108,103
-144,-16,108,0
-101,-16,108,0
121,-16,108,108
90,-16,108,0
-145,-16,108,1
88,-16,108,1
-123,-16,108,0
166,-16,108,105
42,-16,108,62
-36,-16,108,58
146,-16,108,108
-140,-16,108,0
45,-16,108,108
-35,-16,108,58
78,-16,108,0
118,-16,108,0
-39,-16,108,108
-179,-16,108,2
117,-16,108,0
-1,-16,108,2
138,-16,108,108
-106,-16,108,0
140,-16,108,108
147,-16,108,39
43,-16,108,108
104,-16,108,0
139,-16,108,108
97,-16,108,0
41,-16,108,108
-103,-16,108,0
-126,-16,108,0
149,-16,108,0
-146,-16,108,1
-89,-16,108,0
79,-16,108,0
53,-16,108,108
57,-16,108,60
-25,-16,108,1
135,-16,108,108
-142,-16,108,0
-171,-16,108,1
127,-16,108,0
137,-16,108,108
72,-16,108,0
73,-16,108,0
-82,-16,108,0
-86,-16,108,0
-92,-16,108,0
-156,-16,108,0
-76,-16,108,106
98,-16,108,0
-166,-16,108,0
-157,-16,108,0
-83,-16,108,0
-90,-16,108,0
12,-16,108,60
-23,-16,108,1
-99,-16,108,0
115,-16,108,0
124,-16,108,108
-77,-16,108,103
-3,-16,108,0
160,-16,108,0
-122,-16,108,0
-96,-16,108,0
40,-16,108,108
94,-16,108,0
175,-16,108,1
-111,-16,108,0
156,-16,108,1
-177,-16,108,107
-173,-16,108,107
119,-16,108,0
-38,-16,108,107
-121,-16,108,0
-118,-16,108,0
96,-16,108,0
-174,-16,108,107
44,-16,108,108
69,-16,108,0
-169,-16,108,0
56,-16,108,9
-153,-16,108,28
-143,-16,108,0
6,-16,108,1
165,-16,108,87
11,-16,108,60
-168,-16,108,0
-117,-16,108,0
164,-16,108,2
54,-16,108,108
58,-16,108,60
10,-16,108,60
-109,-16,108,0
64,-16,108,0
-163,-16,108,0
-13,-16,108,0
-22,-16,108,1
1,-16,108,2
-113,-16,108,0
-32,-16,108,2
100,-16,108,0
-149,-16,108,1
-26,-16,108,1
55,-16,108,9
89,-16,108,1
3,-16,108,1
-4,-16,108,0
99,-16,108,0
161,-16,108,0
158,-16,108,0
-112,-16,108,0
-14,-16,108,0
171,-16,108,1
-148,-16,108,2
-74,-16,108,0
83,-16,108,0
-80,-16,108,0
-116,-16,108,0
-85,-16,108,0
-108,-16,108,0
-170,-16,108,1
-28,-16,108,1
-91,-16,108,0
2,-16,108,0
-20,-16,108,0
-40,-16,108,0
-12,-16,108,0
163,-16,108,1
-136,-16,108,0
-84,-16,108,0
7,-16,108,1
-6,-16,108,1
-105,-16,108,0
-151,-16,108,1
109,-16,108,0
-104,-16,108,0
101,-16,108,0
-110,-16,108,0
-94,-16,108,0
-93,-16,108,0
-158,-16,108,0
-30,-16,108,2
-133,-16,108,0
102,-16,108,0
-79,-16,108,0
-87,-16,108,0
-114,-16,108,0
151,-16,108,0
-17,-16,108,0
153,-16,108,0
52,-16,108,108
-7,-16,108,0
141,-16,108,108
150,-16,108,0
-102,-16,108,0
-150,-16,108,1
170,-16,108,1
108,-16,108,0
-33,-16,108,2
63,-16,108,0
8,-16,108,1
123,-16,108,108
49,-16,108,108
50,-16,108,108
-15,-16,108,0
-154,-16,108,0
-178,-16,108,1
84,-16,108,0
157,-16,108,1
120,-16,108,0
178,-16,108,106
168,-16,108,107
-155,-16,108,0
71,-16,108,0
70,-16,108,0
-139,-16,108,0
86,-16,108,1
128,-16,108,108
82,-16,108,0
-100,-16,108,0
-180,-16,108,107
110,-16,108,0
-162,-16,108,0
-97,-16,108,0
-88,-16,108,0
76,-16,108,0
167,-16,108,108
112,-16,108,0
46,-16,108,101
-34,-16,108,2
66,-16,108,0
-16,-16,108,0
67,-16,108,0
-75,-16,108,106
-175,-16,108,107
129,-16,108,108
172,-16,108,0
-128,-16,108,0
51,-16,108,108
-161,-16,108,0
47,-16,108,101
159,-16,108,0
116,-16,108,0
174,-16,108,0
77,-16,108,0
-127,-16,108,0
152,-16,108,0
-31,-16,108,2
113,-16,108,0
-11,-16,108,0
105,-16,108,0
4,-16,108,1
169,-16,108,107
0,-16,108,2
-5,-16,108,1
-131,-16,108,0
-107,-16,108,0
62,-16,108,0
9,-16,108,1
103,-16,108,0
-152,-16,108,0
-119,-16,108,0
5,-16,108,1
-129,-16,108,0
87,-16,108,1
39,-16,108,0
68,-16,108,0
65,-16,108,0
-18,-16,108,0
154,-16,108,1
61,-16,108,0
-21,-16,108,0
-138,-16,108,0
-98,-16,108,0
-27,-16,108,1
-125,-16,108,0
-120,-16,108,0
-141,-16,108,0
-24,-16,108,1
60,-16,108,0
95,-16,108,0
173,-16,108,0
-8,-16,108,0
-167,-16,108,0
-124,-16,108,0
111,-16,108,0
122,-16,108,108
81,-16,108,0
-137,-16,108,0
-159,-16,108,0
148,-16,108,39
-176,-16,108,107
-160,-16,108,0
177,-16,108,106
-115,-16,108,0
85,-16,108,0
92,-16,108,0
114,-16,108,0
-134,-16,108,0
-135,-16,108,0
75,-16,108,0
-165,-16,108,0
93,-16,108,0
162,-16,108,1
155,-16,108,1
-164,-16,108,0
-81,-16,108,0
-29,-16,108,2
74,-16,108,0
91,-16,108,0
-130,-16,108,0
80,-16,108,0
-19,-16,108,0
-95,-16,108,0
-2,-16,108,2
-10,-16,108,0
-9,-16,108,0
-2,-15,108,1
104,-15,108,0
170,-15,108,2
-172,-15,108,107
146,-15,108,108
124,-15,108,108
82,-15,108,0
86,-15,108,1
5,-15,108,0
169,-15,108,107
-133,-15,108,0
143,-15,108,106
-171,-15,108,107
-18,-15,108,0
99,-15,108,0
-174,-15,108,107
-167,-15,108,0
-106,-15,108,0
-126,-15,108,0
105,-15,108,0
-139,-15,108,0
176,-15,108,1
-30,-15,108,2
179,-15,108,2
-80,-15,108,0
59,-15,108,0
-145,-15,108,0
62,-15,108,0
81,-15,108,0
138,-15,108,108
-121,-15,108,0
-37,-15,108,108
-4,-15,108,0
53,-15,108,108
46,-15,108,108
-22,-15,108,1
9,-15,108,1
167,-15,108,108
171,-15,108,1
88,-15,108,1
83,-15,108,0
-162,-15,108,0
116,-15,108,0
-170,-15,108,107
75,-15,108,0
48,-15,108,108
-123,-15,108,0
-24,-15,108,1
-119,-15,108,0
60,-15,108,0
-161,-15,108,0
-127,-15,108,0
-148,-15,108,2
95,-15,108,0
-84,-15,108,0
-26,-15,108,1
-113,-15,108,0
-131,-15,108,0
139,-15,108,104
-124,-15,108,0
162,-15,108,1
-173,-15,108,107
40,-15,108,108
-99,-15,108,0
-118,-15,108,0
-154,-15,108,0
114,-15,108,0
10,-15,108,60
106,-15,108,0
77,-15,108,0
42,-15,108,108
-36,-15,108,60
-14,-15,108,0
76,-15,108,0
149,-15,108,0
-156,-15,108,0
-38,-15,108,108
144,-15,108,108
8,-15,108,1
145,-15,108,108
150,-15,108,0
152,-15,108,0
-115,-15,108,0
-160,-15,108,0
-19,-15,108,0
151,-15,108,0
122,-15,108,84
54,-15,108,108
140,-15,108,108
6,-15,108,1
-12,-15,108,0
-90,-15,108,0
165,-15,108,87
-151,-15,108,0
11,-15,108,60
-21,-15,108,0
58,-15,108,9
153,-15,108,0
73,-15,108,0
55,-15,108,9
61,-15,108,0
-159,-15,108,0
-179,-15,108,1
-28,-15,108,2
74,-15,108,0
-122,-15,108,0
-177,-15,108,2
-15,-15,108,0
4,-15,108,0
-27,-15,108,1
84,-15,108,0
100,-15,108,0
-176,-15,108,2
90,-15,108,0
-142,-15,108,0
154,-15,108,1
158,-15,108,0
-87,-15,108,0
148,-15,108,0
-149,-15,108,1
80,-15,108,0
-31,-15,108,2
-180,-15,108,1
-83,-15,108,0
-168,-15,108,0
-100,-15,108,0
63,-15,108,0
110,-15,108,0
66,-15,108,0
68,-15,108,0
-101,-15,108,0
-152,-15,108,0
-166,-15,108,0
-8,-15,108,0
-17,-15,108,0
-132,-15,108,0
92,-15,108,0
101,-15,108,0
112,-15,108,0
-104,-15,108,0
-140,-15,108,0
-79,-15,108,0
115,-15,108,0
-109,-15,108,0
-136,-15,108,0
130,-15,108,0
97,-15,108,0
71,-15,108,0
-138,-15,108,0
-5,-15,108,0
-10,-15,108,0
117,-15,108,0
-164,-15,108,0
51,-15,108,108
69,-15,108,0
43,-15,108,103
-155,-15,108,0
-34,-15,108,3
-158,-15,108,0
-6,-15,108,0
-1,-15,108,2
157,-15,108,1
135,-15,108,108
-78,-15,108,103
111,-15,108,0
126,-15,108,108
119,-15,108,0
127,-15,108,108
128,-15,108,108
-114,-15,108,0
-143,-15,108,0
161,-15,108,0
41,-15,108,108
-108,-15,108,0
-134,-15,108,0
-141,-15,108,0
45,-15,108,108
-3,-15,108,0
-13,-15,108,0
-110,-15,108,0
87,-15,108,1
3,-15,108,0
-88,-15,108,0
-111,-15,108,0
-91,-15,108,0
136,-15,108,108
-146,-15,108,1
166,-15,108,105
-95,-15,108,0
89,-15,108,1
-175,-15,108,107
-98,-15,108,0
44,-15,108,102
129,-15,108,108
-169,-15,108,0
93,-15,108,0
0,-15,108,2
-135,-15,108,0
103,-15,108,0
7,-15,108,1
-85,-15,108,0
96,-15,108,0
-25,-15,108,1
121,-15,108,84
107,-15,108,0
156,-15,108,1
50,-15,108,108
67,-15,108,0
-163,-15,108,0
-97,-15,108,0
-153,-15,108,0
137,-15,108,108
-82,-15,108,0
-125,-15,108,0
-129,-15,108,0
-29,-15,108,2
-165,-15,108,0
-35,-15,108,60
125,-15,108,108
-11,-15,108,0
-81,-15,108,0
-32,-15,108,2
-157,-15,108,0
-147,-15,108,1
175,-15,108,1
177,-15,108,1
-178,-15,108,1
70,-15,108,0
91,-15,108,0
47,-15,108,108
168,-15,108,107
-86,-15,108,0
-102,-15,108,0
155,-15,108,1
159,-15,108,0
109,-15,108,0
178,-15,108,2
64,-15,108,0
163,-15,108,1
-137,-15,108,0
98,-15,108,0
-103,-15,108,0
-107,-15,108,0
-130,-15,108,0
-117,-15,108,0
-120,-15,108,0
72,-15,108,0
174,-15,108,0
147,-15,108,0
172,-15,108,0
-93,-15,108,0
85,-15,108,0
113,-15,108,0
-128,-15,108,0
12,-15,108,60
65,-15,108,0
-112,-15,108,0
-94,-15,108,0
173,-15,108,0
123,-15,108,108
78,-15,108,0
-39,-15,108,108
2,-15,108,0
160,-15,108,0
94,-15,108,0
108,-15,108,0
1,-15,108,2
56,-15,108,9
-76,-15,108,106
-7,-15,108,0
-33,-15,108,3
-20,-15,108,0
52,-15,108,108
-23,-15,108,1
141,-15,108,108
-105,-15,108,0
-116,-15,108,0
-40,-15,108,106
-16,-15,108,0
79,-15,108,0
-96,-15,108,0
-144,-15,108,0
57,-15,108,9
120,-15,108,0
118,-15,108,0
-92,-15,108,0
102,-15,108,0
-9,-15,108,0
-77,-15,108,102
-89,-15,108,0
164,-15,108,2
-150,-15,108,1
137,-14,108,108
-124,-14,108,0
-122,-14,108,0
150,-14,108,0
46,-14,108,108
155,-14,108,1
89,-14,108,1
-36,-14,108,108
-88,-14,108,0
-37,-14,108,108
49,-14,108,108
83,-14,108,0
88,-14,108,1
57,-14,108,9
75,-14,108,0
-159,-14,108,0
-112,-14,108,0
-13,-14,108,0
156,-14,108,1
92,-14,108,0
178,-14,108,0
151,-14,108,0
-162,-14,108,0
140,-14,108,108
-104,-14,108,0
-116,-14,108,0
128,-14,108,108
127,-14,108,108
-158,-14,108,0
-92,-14,108,0
-79,-14,108,1
-141,-14,108,0
-160,-14,108,0
-164,-14,108,0
-24,-14,108,1
-3,-14,108,0
-105,-14,108,0
-34,-14,108,60
-94,-14,108,0
153,-14,108,0
47,-14,108,108
-146,-14,108,1
119,-14,108,0
-95,-14,108,0
-30,-14,108,3
107,-14,108,0
69,-14,108,0
-114,-14,108,0
-110,-14,108,0
74,-14,108,0
-128,-14,108,0
77,-14,108,0
174,-14,108,0
171,-14,108,1
176,-14,108,0
167,-14,108,107
-7,-14,108,0
-171,-14,108,107
-170,-14,108,107
91,-14,108,0
-39,-14,108,108
-1,-14,108,1
-77,-14,108,103
-38,-14,108,108
121,-14,108,84
117,-14,108,0
166,-14,108,107
-133,-14,108,0
-19,-14,108,0
93,-14,108,0
-168,-14,108,0
71,-14,108,0
-161,-14,108,0
129,-14,108,108
-101,-14,108,0
-98,-14,108,0
152,-14,108,0
7,-14,108,0
-139,-14,108,0
159,-14,108,0
86,-14,108,1
-35,-14,108,60
130,-14,108,108
-117,-14,108,0
143,-14,108,106
-149,-14,108,1
3,-14,108,0
141,-14,108,108
-5,-14,108,0
111,-14,108,0
122,-14,108,84
44,-14,108,103
0,-14,108,1
-33,-14,108,3
136,-14,108,108
79,-14,108,0
109,-14,108,0
112,-14,108,0
163,-14,108,0
-12,-14,108,0
66,-14,108,0
168,-14,108,107
67,-14,108,0
-87,-14,108,0
-140,-14,108,0
-100,-14,108,0
54,-14,108,108
172,-14,108,0
99,-14,108,0
-90,-14,108,0
-150,-14,108,1
-120,-14,108,0
177,-14,108,0
-130,-14,108,0
160,-14,108,0
-89,-14,108,0
114,-14,108,0
164,-14,108,4
-121,-14,108,0
9,-14,108,1
-16,-14,108,0
-11,-14,108,0
8,-14,108,1
78,-14,108,0
4,-14,108,0
-132,-14,108,0
162,-14,108,0
154,-14,108,1
6,-14,108,0
-129,-14,108,0
82,-14,108,0
-180,-14,108,0
-96,-14,108,0
2,-14,108,0
-144,-14,108,0
-167,-14,108,0
-21,-14,108,0
96,-14,108,0
-152,-14,108,0
61,-14,108,0
-31,-14,108,2
62,-14,108,0
-137,-14,108,0
-163,-14,108,0
-108,-14,108,0
-142,-14,108,0
55,-14,108,0
-125,-14,108,0
-156,-14,108,0
-83,-14,108,0
1,-14,108,0
97,-14,108,0
-15,-14,108,0
-119,-14,108,0
-109,-14,108,0
158,-14,108,0
139,-14,108,104
-8,-14,108,0
42,-14,108,107
11,-14,108,60
175,-14,108,0
126,-14,108,108
170,-14,108,1
169,-14,108,107
-173,-14,108,107
52,-14,108,108
157,-14,108,1
90,-14,108,0
124,-14,108,108
-78,-14,108,105
-40,-14,108,0
72,-14,108,0
-10,-14,108,0
135,-14,108,108
106,-14,108,0
-99,-14,108,0
-178,-14,108,1
-91,-14,108,0
40,-14,108,108
-111,-14,108,0
-179,-14,108,1
104,-14,108,0
-126,-14,108,0
149,-14,108,0
-155,-14,108,0
70,-14,108,0
-118,-14,108,0
144,-14,108,108
84,-14,108,0
13,-14,108,0
110,-14,108,0
-175,-14,108,107
165,-14,108,5
41,-14,108,108
-6,-14,108,0
-18,-14,108,0
-127,-14,108,0
56,-14,108,9
138,-14,108,108
-14,-14,108,0
10,-14,108,60
-165,-14,108,0
-115,-14,108,0
147,-14,108,106
-151,-14,108,0
50,-14,108,108
-138,-14,108,0
-106,-14,108,0
113,-14,108,0
43,-14,108,103
-29,-14,108,3
-131,-14,108,0
-143,-14,108,0
115,-14,108,0
-154,-14,108,0
148,-14,108,0
45,-14,108,108
116,-14,108,0
-23,-14,108,1
108,-14,108,0
-82,-14,108,0
-134,-14,108,0
-17,-14,108,0
-26,-14,108,1
-85,-14,108,0
-27,-14,108,1
-148,-14,108,2
12,-14,108,60
80,-14,108,0
-28,-14,108,2
-84,-14,108,0
5,-14,108,0
173,-14,108,0
87,-14,108,1
64,-14,108,0
85,-14,108,0
146,-14,108,106
63,-14,108,0
-4,-14,108,0
-123,-14,108,0
-93,-14,108,0
-147,-14,108,1
60,-14,108,0
-81,-14,108,0
-9,-14,108,0
-169,-14,108,0
-32,-14,108,3
-113,-14,108,0
81,-14,108,0
118,-14,108,0
-145,-14,108,0
-176,-14,108,2
103,-14,108,0
-102,-14,108,0
-136,-14,108,0
65,-14,108,0
-97,-14,108,0
-2,-14,108,0
-103,-14,108,0
-153,-14,108,0
-174,-14,108,107
59,-14,108,0
-135,-14,108,0
145,-14,108,108
76,-14,108,0
161,-14,108,0
51,-14,108,108
179,-14,108,0
95,-14,108,0
123,-14,108,108
125,-14,108,108
-172,-14,108,107
101,-14,108,0
-86,-14,108,0
-22,-14,108,1
105,-14,108,0
-157,-14,108,0
-20,-14,108,0
120,-14,108,0
-177,-14,108,2
-107,-14,108,0
48,-14,108,108
-166,-14,108,0
94,-14,108,0
58,-14,108,9
53,-14,108,108
102,-14,108,0
-25,-14,108,1
73,-14,108,0
98,-14,108,0
68,-14,108,0
-80,-14,108,1
100,-14,108,0
3,-13,108,0
-147,-13,108,0
-77,-13,108,108
128,-13,108,108
137,-13,108,108
105,-13,108,0
157,-13,108,0
12,-13,108,60
-169,-13,108,0
121,-13,108,106
77,-13,108,0
43,-13,108,103
166,-13,108,107
-178,-13,108,0
-38,-13,108,108
53,-13,108,44
59,-13,108,0
-157,-13,108,0
106,-13,108,0
-24,-13,108,1
-107,-13,108,0
-12,-13,108,0
118,-13,108,0
152,-13,108,106
131,-13,108,108
69,-13,108,0
-26,-13,108,1
-164,-13,108,0
-87,-13,108,0
-99,-13,108,0
6,-13,108,0
-90,-13,108,0
46,-13,108,108
140,-13,108,108
-1,-13,108,0
-180,-13,108,0
129,-13,108,108
49,-13,108,108
-92,-13,108,0
-7,-13,108,0
48,-13,108,108
-146,-13,108,0
147,-13,108,106
-21,-13,108,0
113,-13,108,0
-158,-13,108,0
-104,-13,108,0
130,-13,108,108
-34,-13,108,100
142,-13,108,108
-37,-13,108,108
-130,-13,108,0
-16,-13,108,0
-22,-13,108,1
-144,-13,108,0
89,-13,108,1
47,-13,108,101
-98,-13,108,0
-168,-13,108,0
-31,-13,108,3
-115,-13,108,0
98,-13,108,0
42,-13,108,107
86,-13,108,0
144,-13,108,108
-28,-13,108,2
-8,-13,108,0
168,-13,108,107
124,-13,108,107
136,-13,108,108
-80,-13,108,96
-149,-13,108,0
119,-13,108,0
125,-13,108,84
132,-13,108,108
114,-13,108,0
-135,-13,108,0
112,-13,108,0
179,-13,108,0
-137,-13,108,0
-88,-13,108,0
123,-13,108,84
95,-13,108,0
-131,-13,108,0
-161,-13,108,0
146,-13,108,106
-133,-13,108,0
51,-13,108,3
120,-13,108,106
-171,-13,108,107
-36,-13,108,108
-79,-13,108,108
-4,-13,108,0
-142,-13,108,0
61,-13,108,0
81,-13,108,0
135,-13,108,108
-9,-13,108,0
-136,-13,108,0
-96,-13,108,0
-35,-13,108,100
-2,-13,108,0
40,-13,108,108
139,-13,108,106
117,-13,108,0
0,-13,108,0
66,-13,108,0
122,-13,108,106
1,-13,108,0
97,-13,108,0
-145,-13,108,0
-120,-13,108,0
-106,-13,108,0
-123,-13,108,0
164,-13,108,4
-101,-13,108,0
-152,-13,108,0
167,-13,108,107
13,-13,108,60
110,-13,108,0
-114,-13,108,0
-95,-13,108,0
-110,-13,108,0
-17,-13,108,0
79,-13,108,0
-151,-13,108,0
-27,-13,108,1
-97,-13,108,0
-30,-13,108,3
171,-13,108,1
-15,-13,108,0
62,-13,108,0
-154,-13,108,0
-128,-13,108,0
-163,-13,108,0
-126,-13,108,0
88,-13,108,1
101,-13,108,0
84,-13,108,0
60,-13,108,0
-86,-13,108,0
108,-13,108,0
-81,-13,108,3
-177,-13,108,0
-19,-13,108,0
-119,-13,108,0
-118,-13,108,0
173,-13,108,0
177,-13,108,0
-89,-13,108,0
100,-13,108,0
-109,-13,108,0
76,-13,108,0
55,-13,108,1
64,-13,108,0
161,-13,108,0
-116,-13,108,0
68,-13,108,0
57,-13,108,0
-112,-13,108,0
-11,-13,108,0
4,-13,108,0
103,-13,108,0
150,-13,108,0
-84,-13,108,3
-100,-13,108,0
-162,-13,108,0
92,-13,108,0
104,-13,108,0
-20,-13,108,0
-170,-13,108,0
85,-13,108,0
-155,-13,108,0
-111,-13,108,0
-132,-13,108,0
5,-13,108,0
78,-13,108,0
-13,-13,108,0
-174,-13,108,103
-156,-13,108,0
-153,-13,108,0
141,-13,108,108
-14,-13,108,0
-103,-13,108,0
145,-13,108,108
-39,-13,108,108
-159,-13,108,0
82,-13,108,0
134,-13,108,108
-6,-13,108,0
67,-13,108,0
127,-13,108,106
162,-13,108,0
126,-13,108,106
96,-13,108,0
172,-13,108,0
-5,-13,108,0
50,-13,108,108
102,-13,108,0
-121,-13,108,0
-108,-13,108,0
-124,-13,108,0
133,-13,108,0
80,-13,108,0
138,-13,108,106
156,-13,108,1
45,-13,108,102
174,-13,108,0
-127,-13,108,0
83,-13,108,0
155,-13,108,1
-141,-13,108,0
-134,-13,108,0
-139,-13,108,0
58,-13,108,0
154,-13,108,106
-23,-13,108,1
44,-13,108,103
-176,-13,108,0
115,-13,108,0
-138,-13,108,0
169,-13,108,107
-172,-13,108,107
-175,-13,108,103
-143,-13,108,0
-78,-13,108,108
94,-13,108,0
-117,-13,108,0
-33,-13,108,2
-85,-13,108,0
-165,-13,108,0
-166,-13,108,0
99,-13,108,0
-113,-13,108,0
11,-13,108,0
-94,-13,108,0
-93,-13,108,0
87,-13,108,1
70,-13,108,0
-29,-13,108,3
109,-13,108,0
73,-13,108,0
52,-13,108,2
-83,-13,108,2
165,-13,108,5
91,-13,108,0
148,-13,108,0
-122,-13,108,0
178,-13,108,0
74,-13,108,0
9,-13,108,0
-125,-13,108,0
111,-13,108,0
-18,-13,108,0
65,-13,108,0
-3,-13,108,0
160,-13,108,0
-173,-13,108,1
56,-13,108,1
-179,-13,108,0
2,-13,108,0
170,-13,108,1
-102,-13,108,0
176,-13,108,0
158,-13,108,0
93,-13,108,0
63,-13,108,0
-167,-13,108,0
-140,-13,108,0
159,-13,108,0
-91,-13,108,0
149,-13,108,0
-148,-13,108,0
175,-13,108,0
7,-13,108,0
71,-13,108,0
153,-13,108,106
90,-13,108,0
107,-13,108,0
41,-13,108,108
151,-13,108,106
10,-13,108,0
-32,-13,108,2
143,-13,108,108
116,-13,108,0
-82,-13,108,2
8,-13,108,0
163,-13,108,0
72,-13,108,0
54,-13,108,44
-160,-13,108,0
-129,-13,108,0
-150,-13,108,0
-105,-13,108,0
-10,-13,108,0
-25,-13,108,1
75,-13,108,0
-164,-12,108,0
160,-12,108,60
161,-12,108,60
121,-12,108,107
-29,-12,108,3
139,-12,108,106
3,-12,108,0
118,-12,108,106
99,-12,108,0
-32,-12,108,2
-127,-12,108,0
46,-12,108,101
-103,-12,108,0
144,-12,108,108
111,-12,108,0
134,-12,108,108
-104,-12,108,0
-116,-12,108,0
166,-12,108,107
53,-12,108,0
-125,-12,108,0
42,-12,108,88
151,-12,108,107
-27,-12,108,1
81,-12,108,0
69,-12,108,0
-178,-12,108,0
154,-12,108,106
-106,-12,108,0
148,-12,108,107
-135,-12,108,0
136,-12,108,108
-3,-12,108,0
133,-12,108,108
2,-12,108,0
129,-12,108,108
44,-12,108,102
-118,-12,108,0
6,-12,108,0
-180,-12,108,0
135,-12,108,108
159,-12,108,0
-35,-12,108,107
-17,-12,108,0
-107,-12,108,0
-18,-12,108,0
76,-12,108,0
66,-12,108,0
-144,-12,108,0
68,-12,108,0
85,-12,108,0
-137,-12,108,0
-78,-12,108,108
80,-12,108,0
87,-12,108,1
-166,-12,108,0
-87,-12,108,0
64,-12,108,0
95,-12,108,0
140,-12,108,108
-2,-12,108,0
-102,-12,108,0
45,-12,108,101
-115,-12,108,0
156,-12,108,31
-163,-12,108,0
119,-12,108,107
-23,-12,108,1
-134,-12,108,0
-179,-12,108,0
10,-12,108,104
-176,-12,108,0
43,-12,108,52
-11,-12,108,0
120,-12,108,107
90,-12,108,1
103,-12,108,0
-129,-12,108,0
-99,-12,108,1
-90,-12,108,0
-172,-12,108,1
163,-12,108,0
147,-12,108,107
137,-12,108,108
-16,-12,108,0
-91,-12,108,0
-21,-12,108,0
-111,-12,108,0
60,-12,108,0
71,-12,108,0
112,-12,108,0
-24,-12,108,1
177,-12,108,0
153,-12,108,106
-33,-12,108,2
138,-12,108,106
-26,-12,108,1
-28,-12,108,2
-37,-12,108,108
-113,-12,108,0
62,-12,108,0
-30,-12,108,3
57,-12,108,1
70,-12,108,0
-25,-12,108,1
142,-12,108,108
124,-12,108,107
-169,-12,108,0
-92,-12,108,0
-150,-12,108,0
109,-12,108,0
165,-12,108,4
169,-12,108,6
-9,-12,108,0
174,-12,108,0
176,-12,108,0
61,-12,108,0
-133,-12,108,0
0,-12,108,0
-31,-12,108,2
175,-12,108,0
-154,-12,108,0
91,-12,108,0
7,-12,108,0
-100,-12,108,0
-82,-12,108,2
-120,-12,108,0
-85,-12,108,1
-1,-12,108,0
-101,-12,108,0
-171,-12,108,1
-10,-12,108,0
113,-12,108,0
94,-12,108,0
108,-12,108,0
-83,-12,108,3
-108,-12,108,0
-93,-12,108,0
107,-12,108,0
-95,-12,108,0
73,-12,108,0
-89,-12,108,0
-174,-12,108,1
-152,-12,108,0
59,-12,108,0
-147,-12,108,0
-15,-12,108,0
179,-12,108,0
-162,-12,108,0
-160,-12,108,0
127,-12,108,106
145,-12,108,106
173,-12,108,0
168,-12,108,107
55,-12,108,1
143,-12,108,108
13,-12,108,60
56,-12,108,1
63,-12,108,0
-81,-12,108,48
98,-12,108,0
132,-12,108,108
50,-12,108,108
157,-12,108,0
126,-12,108,106
5,-12,108,0
96,-12,108,0
114,-12,108,0
-14,-12,108,0
-36,-12,108,108
162,-12,108,60
-157,-12,108,0
4,-12,108,0
-122,-12,108,0
117,-12,108,0
128,-12,108,108
84,-12,108,0
-156,-12,108,0
41,-12,108,108
-145,-12,108,0
-121,-12,108,0
-136,-12,108,0
146,-12,108,106
123,-12,108,107
-148,-12,108,0
178,-12,108,0
-177,-12,108,0
-114,-12,108,0
-153,-12,108,0
-124,-12,108,0
-138,-12,108,0
48,-12,108,108
130,-12,108,108
-131,-12,108,0
-20,-12,108,0
-173,-12,108,1
170,-12,108,1
-98,-12,108,1
-143,-12,108,0
-96,-12,108,0
40,-12,108,108
-141,-12,108,0
-12,-12,108,0
-123,-12,108,0
1,-12,108,0
-146,-12,108,0
8,-12,108,0
-161,-12,108,0
-97,-12,108,0
79,-12,108,0
115,-12,108,0
152,-12,108,106
-38,-12,108,108
101,-12,108,0
158,-12,108,0
12,-12,108,60
171,-12,108,1
11,-12,108,105
-112,-12,108,0
-126,-12,108,0
-128,-12,108,0
54,-12,108,1
47,-12,108,5
100,-12,108,0
-80,-12,108,102
-117,-12,108,0
131,-12,108,108
92,-12,108,0
-19,-12,108,0
150,-12,108,107
-79,-12,108,108
9,-12,108,4
110,-12,108,0
164,-12,108,4
-168,-12,108,0
-22,-12,108,1
-132,-12,108,0
104,-12,108,0
-6,-12,108,0
89,-12,108,1
93,-12,108,0
72,-12,108,0
-155,-12,108,0
155,-12,108,1
75,-12,108,0
51,-12,108,1
65,-12,108,0
102,-12,108,0
-167,-12,108,0
52,-12,108,0
82,-12,108,0
-13,-12,108,0
-94,-12,108,0
-86,-12,108,1
-7,-12,108,0
-165,-12,108,0
-170,-12,108,0
-140,-12,108,0
-119,-12,108,0
105,-12,108,0
-110,-12,108,0
-142,-12,108,0
-5,-12,108,0
74,-12,108,0
-175,-12,108,0
149,-12,108,107
58,-12,108,0
-158,-12,108,0
-139,-12,108,0
-34,-12,108,107
-151,-12,108,0
116,-12,108,0
125,-12,108,84
-8,-12,108,0
-109,-12,108,0
167,-12,108,107
49,-12,108,108
106,-12,108,0
97,-12,108,0
78,-12,108,0
122,-12,108,107
77,-12,108,0
-105,-12,108,0
67,-12,108,0
-159,-12,108,0
-84,-12,108,3
-88,-12,108,0
-130,-12,108,0
86,-12,108,0
141,-12,108,108
-4,-12,108,0
172,-12,108,0
88,-12,108,1
83,-12,108,0
-149,-12,108,0
121,-11,108,108
13,-11,108,60
56,-11,108,1
146,-11,108,107
-5,-11,108,0
84,-11,108,0
97,-11,108,0
-15,-11,108,0
-89,-11,108,0
-170,-11,108,0
-78,-11,108,108
135,-11,108,108
99,-11,108,0
-99,-11,108,1
131,-11,108,108
-4,-11,108,0
165,-11,108,4
168,-11,108,107
-160,-11,108,0
143,-11,108,108
120,-11,108,108
-103,-11,108,0
51,-11,108,1
-91,-11,108,2
112,-11,108,107
141,-11,108,108
-176,-11,108,0
62,-11,108,0
-98,-11,108,1
148,-11,108,107
-115,-11,108,0
42,-11,108,54
-83,-11,108,1
-92,-11,108,2
142,-11,108,108
126,-11,108,106
-88,-11,108,0
-171,-11,108,0
136,-11,108,108
-156,-11,108,0
-108,-11,108,0
113,-11,108,107
123,-11,108,107
178,-11,108,0
140,-11,108,107
-179,-11,108,0
-9,-11,108,1
-153,-11,108,0
-159,-11,108,0
39,-11,108,108
130,-11,108,108
149,-11,108,107
-10,-11,108,0
115,-11,108,8
138,-11,108,106
-129,-11,108,0
50,-11,108,0
124,-11,108,107
-146,-11,108,0
-38,-11,108,108
-128,-11,108,0
8,-11,108,0
-86,-11,108,1
-137,-11,108,0
-95,-11,108,1
71,-11,108,0
122,-11,108,107
65,-11,108,0
-142,-11,108,0
-121,-11,108,0
-158,-11,108,0
-19,-11,108,0
4,-11,108,0
-113,-11,108,0
-93,-11,108,3
127,-11,108,107
58,-11,108,0
-134,-11,108,0
-36,-11,108,108
-175,-11,108,0
-20,-11,108,0
166,-11,108,5
-126,-11,108,0
108,-11,108,0
9,-11,108,105
-172,-11,108,0
57,-11,108,1
96,-11,108,0
158,-11,108,60
-136,-11,108,0
174,-11,108,0
12,-11,108,106
-147,-11,108,0
114,-11,108,107
116,-11,108,106
-119,-11,108,0
-25,-11,108,1
-94,-11,108,3
43,-11,108,51
-120,-11,108,0
-139,-11,108,0
162,-11,108,60
128,-11,108,108
153,-11,108,106
-141,-11,108,0
-8,-11,108,1
163,-11,108,0
-81,-11,108,46
11,-11,108,106
86,-11,108,0
110,-11,108,0
-14,-11,108,0
-80,-11,108,46
173,-11,108,0
-34,-11,108,107
3,-11,108,0
-173,-11,108,0
49,-11,108,1
161,-11,108,60
129,-11,108,108
85,-11,108,0
-148,-11,108,0
109,-11,108,0
-16,-11,108,0
73,-11,108,0
-180,-11,108,0
-33,-11,108,2
-96,-11,108,1
-13,-11,108,0
-11,-11,108,0
-161,-11,108,0
-22,-11,108,1
74,-11,108,0
55,-11,108,1
-116,-11,108,0
-97,-11,108,1
172,-11,108,0
-118,-11,108,0
94,-11,108,0
87,-11,108,1
54,-11,108,1
88,-11,108,1
-17,-11,108,0
-1,-11,108,0
93,-11,108,0
-29,-11,108,3
77,-11,108,0
78,-11,108,0
-6,-11,108,0
-124,-11,108,0
-168,-11,108,0
-109,-11,108,0
95,-11,108,0
-155,-11,108,0
102,-11,108,0
61,-11,108,0
-149,-11,108,0
106,-11,108,0
-18,-11,108,0
-154,-11,108,0
171,-11,108,0
0,-11,108,0
-111,-11,108,0
81,-11,108,0
-135,-11,108,0
-130,-11,108,0
66,-11,108,0
-157,-11,108,0
147,-11,108,107
44,-11,108,100
-122,-11,108,0
145,-11,108,107
-87,-11,108,0
48,-11,108,2
144,-11,108,106
63,-11,108,0
-106,-11,108,0
-26,-11,108,1
157,-11,108,60
111,-11,108,0
-169,-11,108,0
-165,-11,108,0
150,-11,108,107
-131,-11,108,0
152,-11,108,107
176,-11,108,0
117,-11,108,84
10,-11,108,105
80,-11,108,0
151,-11,108,107
159,-11,108,60
-101,-11,108,0
69,-11,108,0
134,-11,108,108
70,-11,108,0
164,-11,108,4
104,-11,108,0
72,-11,108,0
119,-11,108,108
-164,-11,108,0
-145,-11,108,0
-100,-11,108,1
-144,-11,108,0
137,-11,108,108
107,-11,108,0
-125,-11,108,0
-37,-11,108,108
76,-11,108,0
-140,-11,108,0
170,-11,108,1
-12,-11,108,0
53,-11,108,0
167,-11,108,107
177,-11,108,0
45,-11,108,96
92,-11,108,0
-123,-11,108,0
1,-11,108,0
-163,-11,108,0
155,-11,108,31
125,-11,108,107
-166,-11,108,0
-112,-11,108,0
175,-11,108,0
82,-11,108,0
160,-11,108,60
-133,-11,108,0
59,-11,108,0
-110,-11,108,0
132,-11,108,108
103,-11,108,0
-150,-11,108,0
156,-11,108,31
79,-11,108,0
7,-11,108,0
64,-11,108,0
-178,-11,108,0
90,-11,108,1
-2,-11,108,0
-30,-11,108,3
-162,-11,108,0
-107,-11,108,0
-23,-11,108,1
-84,-11,108,1
-177,-11,108,0
-167,-11,108,0
83,-11,108,0
-105,-11,108,0
-132,-11,108,0
105,-11,108,0
100,-11,108,0
-114,-11,108,0
98,-11,108,0
-102,-11,108,0
-138,-11,108,0
-27,-11,108,1
-174,-11,108,0
-90,-11,108,0
89,-11,108,1
-35,-11,108,107
-85,-11,108,1
139,-11,108,107
-7,-11,108,1
133,-11,108,108
2,-11,108,0
-117,-11,108,0
101,-11,108,0
5,-11,108,0
-31,-11,108,2
91,-11,108,0
68,-11,108,1
-151,-11,108,0
-21,-11,108,1
154,-11,108,106
40,-11,108,108
52,-11,108,0
67,-11,108,1
41,-11,108,108
118,-11,108,107
-143,-11,108,0
-3,-11,108,0
-152,-11,108,0
-24,-11,108,1
-79,-11,108,108
179,-11,108,0
-32,-11,108,2
75,-11,108,0
-82,-11,108,0
46,-11,108,93
-104,-11,108,0
60,-11,108,0
-127,-11,108,0
47,-11,108,2
169,-11,108,1
6,-11,108,0
-28,-11,108,2
-166,-10,108,0
141,-10,108,108
13,-10,108,60
127,-10,108,107
131,-10,108,107
2,-10,108,0
176,-10,108,0
138,-10,108,107
-124,-10,108,0
-168,-10,108,0
114,-10,108,108
-82,-10,108,0
-148,-10,108,0
-172,-10,108,0
69,-10,108,1
119,-10,108,108
-3,-10,108,0
39,-10,108,108
-163,-10,108,0
-7,-10,108,1
-134,-10,108,0
-165,-10,108,0
-103,-10,108,0
-31,-10,108,2
-180,-10,108,0
-20,-10,108,0
8,-10,108,0
160,-10,108,60
146,-10,108,107
59,-10,108,0
174,-10,108,0
156,-10,108,60
-135,-10,108,0
122,-10,108,108
41,-10,108,55
145,-10,108,107
152,-10,108,107
144,-10,108,104
-17,-10,108,0
-24,-10,108,1
155,-10,108,60
-175,-10,108,0
-126,-10,108,0
121,-10,108,108
129,-10,108,106
166,-10,108,1
93,-10,108,0
86,-10,108,0
149,-10,108,107
117,-10,108,108
83,-10,108,0
92,-10,108,0
70,-10,108,0
-100,-10,108,1
-1,-10,108,0
158,-10,108,60
109,-10,108,0
171,-10,108,0
173,-10,108,0
-81,-10,108,106
-178,-10,108,0
148,-10,108,107
-149,-10,108,0
165,-10,108,1
-16,-10,108,0
1,-10,108,0
98,-10,108,0
101,-10,108,0
-32,-10,108,2
125,-10,108,107
112,-10,108,107
-109,-10,108,0
97,-10,108,0
-179,-10,108,0
136,-10,108,106
104,-10,108,0
140,-10,108,107
159,-10,108,60
87,-10,108,1
124,-10,108,107
66,-10,108,0
120,-10,108,108
-105,-10,108,0
130,-10,108,107
89,-10,108,1
-132,-10,108,0
-84,-10,108,0
79,-10,108,0
-110,-10,108,0
133,-10,108,106
82,-10,108,0
111,-10,108,105
-15,-10,108,0
-94,-10,108,3
-150,-10,108,0
-133,-10,108,0
142,-10,108,108
9,-10,108,105
135,-10,108,106
150,-10,108,107
-34,-10,108,107
-102,-10,108,0
48,-10,108,0
-90,-10,108,0
-95,-10,108,1
67,-10,108,1
-156,-10,108,0
-142,-10,108,0
-99,-10,108,1
-112,-10,108,0
55,-10,108,1
-145,-10,108,0
-101,-10,108,0
154,-10,108,106
-27,-10,108,2
-23,-10,108,1
54,-10,108,1
-104,-10,108,0
-5,-10,108,0
-161,-10,108,0
-121,-10,108,0
68,-10,108,1
178,-10,108,0
42,-10,108,1
-169,-10,108,0
-111,-10,108,0
57,-10,108,1
-18,-10,108,0
-30,-10,108,3
-12,-10,108,0
-106,-10,108,0
-13,-10,108,0
43,-10,108,0
-98,-10,108,1
-138,-10,108,0
168,-10,108,1
-177,-10,108,0
-116,-10,108,0
78,-10,108,0
-28,-10,108,2
63,-10,108,0
4,-10,108,0
96,-10,108,0
0,-10,108,0
169,-10,108,1
-162,-10,108,0
-117,-10,108,0
102,-10,108,0
74,-10,108,0
-8,-10,108,1
61,-10,108,0
-159,-10,108,0
51,-10,108,0
73,-10,108,0
75,-10,108,0
-173,-10,108,0
-119,-10,108,0
-128,-10,108,0
50,-10,108,0
-155,-10,108,0
76,-10,108,0
95,-10,108,0
-143,-10,108,0
-87,-10,108,0
103,-10,108,0
108,-10,108,103
139,-10,108,107
80,-10,108,0
128,-10,108,106
-136,-10,108,0
113,-10,108,107
-174,-10,108,0
58,-10,108,0
45,-10,108,1
-107,-10,108,0
10,-10,108,105
157,-10,108,60
-89,-10,108,0
-127,-10,108,0
99,-10,108,0
-157,-10,108,0
-151,-10,108,0
126,-10,108,107
123,-10,108,108
-83,-10,108,0
115,-10,108,108
60,-10,108,0
52,-10,108,0
-26,-10,108,1
65,-10,108,0
-146,-10,108,0
147,-10,108,107
100,-10,108,0
110,-10,108,105
-167,-10,108,0
46,-10,108,1
116,-10,108,108
-25,-10,108,1
-22,-10,108,1
5,-10,108,0
72,-10,108,0
137,-10,108,107
81,-10,108,0
164,-10,108,1
3,-10,108,0
-29,-10,108,3
84,-10,108,0
118,-10,108,108
-92,-10,108,2
-2,-10,108,0
85,-10,108,0
7,-10,108,0
-141,-10,108,0
77,-10,108,0
134,-10,108,106
162,-10,108,59
11,-10,108,106
-144,-10,108,0
153,-10,108,106
94,-10,108,0
-93,-10,108,3
-80,-10,108,106
-21,-10,108,1
161,-10,108,53
91,-10,108,0
-152,-10,108,0
-36,-10,108,108
88,-10,108,1
132,-10,108,106
-79,-10,108,108
-91,-10,108,2
-139,-10,108,0
-125,-10,108,0
-131,-10,108,0
-176,-10,108,0
-158,-10,108,0
53,-10,108,0
-96,-10,108,1
-154,-10,108,0
106,-10,108,2
-88,-10,108,0
47,-10,108,1
44,-10,108,1
107,-10,108,2
-19,-10,108,0
-140,-10,108,0
62,-10,108,0
-129,-10,108,0
-170,-10,108,0
-164,-10,108,0
-147,-10,108,0
71,-10,108,0
-6,-10,108,0
-14,-10,108,0
49,-10,108,0
105,-10,108,0
177,-10,108,0
64,-10,108,0
172,-10,108,0
-115,-10,108,0
163,-10,108,1
-130,-10,108,0
-85,-10,108,0
-33,-10,108,107
-108,-10,108,0
-123,-10,108,0
-171,-10,108,0
151,-10,108,107
40,-10,108,108
90,-10,108,1
-35,-10,108,107
-160,-10,108,0
167,-10,108,1
-9,-10,108,2
12,-10,108,106
143,-10,108,108
-97,-10,108,1
-118,-10,108,0
-153,-10,108,0
-114,-10,108,0
170,-10,108,1
-122,-10,108,0
-37,-10,108,0
-10,-10,108,1
56,-10,108,1
6,-10,108,0
179,-10,108,0
-4,-10,108,0
175,-10,108,0
-86,-10,108,0
-11,-10,108,0
-113,-10,108,0
-137,-10,108,0
-120,-10,108,0
-79,-9,108,107
160,-9,108,60
93,-9,108,0
-177,-9,108,0
120,-9,108,108
-125,-9,108,0
-107,-9,108,0
133,-9,108,107
-7,-9,108,0
134,-9,108,106
45,-9,108,1
-33,-9,108,107
-152,-9,108,0
143,-9,108,107
56,-9,108,1
110,-9,108,106
177,-9,108,0
87,-9,108,0
-15,-9,108,0
153,-9,108,106
138,-9,108,107
158,-9,108,60
140,-9,108,107
-30,-9,108,2
-180,-9,108,0
-113,-9,108,0
78,-9,108,0
-111,-9,108,0
-167,-9,108,0
119,-9,108,108
125,-9,108,107
-127,-9,108,0
-128,-9,108,0
-36,-9,108,108
175,-9,108,0
-124,-9,108,0
-97,-9,108,1
-96,-9,108,0
61,-9,108,0
156,-9,108,60
106,-9,108,107
-135,-9,108,0
-117,-9,108,0
-174,-9,108,0
-154,-9,108,0
-122,-9,108,0
-144,-9,108,0
129,-9,108,107
-142,-9,108,0
104,-9,108,4
146,-9,108,107
-81,-9,108,106
5,-9,108,0
-161,-9,108,0
163,-9,108,1
-170,-9,108,0
77,-9,108,0
-35,-9,108,108
137,-9,108,107
-130,-9,108,0
67,-9,108,1
-100,-9,108,1
166,-9,108,1
135,-9,108,107
-34,-9,108,107
-1,-9,108,0
142,-9,108,107
115,-9,108,108
-91,-9,108,0
-126,-9,108,0
69,-9,108,2
-102,-9,108,0
51,-9,108,0
127,-9,108,107
-10,-9,108,1
-104,-9,108,0
-24,-9,108,1
105,-9,108,4
130,-9,108,107
102,-9,108,0
-92,-9,108,0
11,-9,108,107
-6,-9,108,0
162,-9,108,53
76,-9,108,0
-95,-9,108,0
42,-9,108,0
85,-9,108,0
8,-9,108,103
121,-9,108,108
81,-9,108,0
82,-9,108,0
-19,-9,108,0
6,-9,108,0
154,-9,108,0
-18,-9,108,0
161,-9,108,53
60,-9,108,0
59,-9,108,0
4,-9,108,0
114,-9,108,108
-168,-9,108,0
74,-9,108,0
-17,-9,108,0
-14,-9,108,0
103,-9,108,0
41,-9,108,55
123,-9,108,108
-143,-9,108,0
124,-9,108,107
-157,-9,108,0
151,-9,108,107
167,-9,108,0
131,-9,108,107
-108,-9,108,0
-25,-9,108,1
-12,-9,108,0
-103,-9,108,0
169,-9,108,0
-116,-9,108,0
-163,-9,108,0
89,-9,108,1
-27,-9,108,1
-11,-9,108,1
168,-9,108,0
-148,-9,108,0
-23,-9,108,1
-20,-9,108,0
46,-9,108,1
-22,-9,108,1
-151,-9,108,0
86,-9,108,0
53,-9,108,0
-166,-9,108,0
-90,-9,108,0
96,-9,108,0
-32,-9,108,2
1,-9,108,0
-83,-9,108,0
57,-9,108,1
91,-9,108,0
-21,-9,108,1
80,-9,108,0
-159,-9,108,0
-131,-9,108,0
-99,-9,108,1
-101,-9,108,0
75,-9,108,0
-13,-9,108,0
-160,-9,108,0
-141,-9,108,0
170,-9,108,0
-156,-9,108,0
149,-9,108,107
132,-9,108,107
-119,-9,108,0
-138,-9,108,0
126,-9,108,107
-109,-9,108,0
178,-9,108,0
84,-9,108,0
-146,-9,108,0
-110,-9,108,0
66,-9,108,1
155,-9,108,60
47,-9,108,0
54,-9,108,0
-8,-9,108,0
117,-9,108,108
-165,-9,108,0
63,-9,108,0
73,-9,108,0
174,-9,108,0
128,-9,108,106
122,-9,108,108
112,-9,108,108
-132,-9,108,0
7,-9,108,0
-106,-9,108,0
44,-9,108,1
108,-9,108,108
-169,-9,108,0
-4,-9,108,0
150,-9,108,107
70,-9,108,1
159,-9,108,60
-2,-9,108,0
-80,-9,108,107
10,-9,108,107
116,-9,108,108
95,-9,108,0
-153,-9,108,0
55,-9,108,1
136,-9,108,107
-164,-9,108,0
-171,-9,108,0
97,-9,108,0
118,-9,108,108
-137,-9,108,0
-155,-9,108,0
157,-9,108,60
13,-9,108,60
148,-9,108,107
90,-9,108,1
52,-9,108,0
3,-9,108,0
-147,-9,108,0
72,-9,108,1
68,-9,108,1
100,-9,108,0
111,-9,108,106
83,-9,108,0
-149,-9,108,0
12,-9,108,107
71,-9,108,1
0,-9,108,0
58,-9,108,0
-134,-9,108,0
-118,-9,108,0
172,-9,108,0
-136,-9,108,0
-31,-9,108,2
94,-9,108,0
39,-9,108,108
88,-9,108,1
9,-9,108,105
-178,-9,108,0
40,-9,108,108
101,-9,108,0
-175,-9,108,0
147,-9,108,107
-123,-9,108,0
-86,-9,108,0
99,-9,108,0
-162,-9,108,0
176,-9,108,0
49,-9,108,0
165,-9,108,1
109,-9,108,107
2,-9,108,0
98,-9,108,0
141,-9,108,0
-176,-9,108,0
-3,-9,108,0
64,-9,108,0
-98,-9,108,1
-5,-9,108,0
-26,-9,108,1
-114,-9,108,0
-115,-9,108,0
-150,-9,108,0
179,-9,108,0
-173,-9,108,0
-88,-9,108,0
-129,-9,108,0
-158,-9,108,0
43,-9,108,0
50,-9,108,0
-112,-9,108,0
-87,-9,108,0
171,-9,108,0
-133,-9,108,0
-145,-9,108,0
-84,-9,108,0
62,-9,108,0
92,-9,108,0
-89,-9,108,0
-16,-9,108,0
-94,-9,108,0
-28,-9,108,1
-120,-9,108,0
144,-9,108,107
139,-9,108,107
79,-9,108,0
-85,-9,108,0
145,-9,108,107
65,-9,108,0
152,-9,108,107
-9,-9,108,1
164,-9,108,1
107,-9,108,107
-121,-9,108,0
-93,-9,108,0
-82,-9,108,92
-172,-9,108,0
-140,-9,108,0
173,-9,108,0
-179,-9,108,0
-139,-9,108,0
48,-9,108,0
113,-9,108,108
-105,-9,108,0
-29,-9,108,2
50,-8,108,0
-140,-8,108,0
-113,-8,108,0
110,-8,108,105
78,-8,108,0
-124,-8,108,0
131,-8,108,107
104,-8,108,107
94,-8,108,0
138,-8,108,107
-122,-8,108,0
109,-8,108,107
102,-8,108,1
125,-8,108,107
-4,-8,108,0
83,-8,108,0
136,-8,108,107
71,-8,108,1
124,-8,108,107
117,-8,108,108
-165,-8,108,0
129,-8,108,107
-14,-8,108,0
-84,-8,108,1
-86,-8,108,1
-161,-8,108,0
-123,-8,108,0
-141,-8,108,0
135,-8,108,107
-180,-8,108,0
155,-8,108,60
-13,-8,108,0
171,-8,108,0
56,-8,108,0
57,-8,108,0
-92,-8,108,0
145,-8,108,107
123,-8,108,108
-34,-8,108,107
-148,-8,108,0
154,-8,108,106
169,-8,108,0
-35,-8,108,108
-133,-8,108,0
-91,-8,108,0
146,-8,108,107
-117,-8,108,0
-20,-8,108,0
-130,-8,108,0
99,-8,108,0
-173,-8,108,0
-162,-8,108,0
-17,-8,108,0
96,-8,108,0
107,-8,108,108
44,-8,108,0
-19,-8,108,0
122,-8,108,108
143,-8,108,107
-139,-8,108,0
-169,-8,108,0
-85,-8,108,1
88,-8,108,1
-125,-8,108,0
49,-8,108,0
70,-8,108,1
106,-8,108,108
-33,-8,108,107
-15,-8,108,0
175,-8,108,0
-2,-8,108,0
-82,-8,108,99
116,-8,108,108
-145,-8,108,0
105,-8,108,108
-144,-8,108,0
10,-8,108,108
-100,-8,108,0
47,-8,108,0
139,-8,108,107
-12,-8,108,0
63,-8,108,0
108,-8,108,108
151,-8,108,107
115,-8,108,108
48,-8,108,0
157,-8,108,60
150,-8,108,107
8,-8,108,103
127,-8,108,107
128,-8,108,106
-160,-8,108,0
-106,-8,108,0
-147,-8,108,0
-101,-8,108,0
132,-8,108,107
64,-8,108,0
-167,-8,108,0
6,-8,108,0
59,-8,108,0
-172,-8,108,0
158,-8,108,60
-132,-8,108,0
90,-8,108,1
167,-8,108,0
130,-8,108,107
-159,-8,108,0
163,-8,108,0
161,-8,108,50
172,-8,108,0
-24,-8,108,1
126,-8,108,107
5,-8,108,0
-127,-8,108,0
65,-8,108,0
41,-8,108,55
173,-8,108,0
-29,-8,108,2
114,-8,108,108
-154,-8,108,0
-96,-8,108,0
120,-8,108,108
-155,-8,108,0
-151,-8,108,0
82,-8,108,0
-166,-8,108,0
-121,-8,108,0
101,-8,108,0
-116,-8,108,0
162,-8,108,0
140,-8,108,0
165,-8,108,0
-102,-8,108,0
-136,-8,108,0
-137,-8,108,0
52,-8,108,0
-22,-8,108,1
-10,-8,108,1
-150,-8,108,0
67,-8,108,1
-134,-8,108,0
93,-8,108,0
-104,-8,108,0
-98,-8,108,1
-6,-8,108,1
-138,-8,108,0
-108,-8,108,0
-176,-8,108,0
-153,-8,108,0
168,-8,108,0
-177,-8,108,0
0,-8,108,0
177,-8,108,0
-143,-8,108,0
-25,-8,108,1
4,-8,108,0
-1,-8,108,0
-119,-8,108,0
-126,-8,108,0
100,-8,108,0
-5,-8,108,0
-80,-8,108,106
119,-8,108,108
-83,-8,108,32
11,-8,108,108
174,-8,108,0
-21,-8,108,1
72,-8,108,1
159,-8,108,60
166,-8,108,0
152,-8,108,107
156,-8,108,60
-31,-8,108,2
92,-8,108,0
7,-8,108,0
148,-8,108,107
-28,-8,108,1
51,-8,108,0
-109,-8,108,0
176,-8,108,0
147,-8,108,107
-105,-8,108,0
-8,-8,108,1
-135,-8,108,0
91,-8,108,0
103,-8,108,107
-81,-8,108,106
118,-8,108,108
-179,-8,108,0
-88,-8,108,0
46,-8,108,0
-7,-8,108,1
62,-8,108,0
-18,-8,108,0
-149,-8,108,0
69,-8,108,2
153,-8,108,106
53,-8,108,0
-170,-8,108,0
61,-8,108,0
73,-8,108,0
12,-8,108,108
13,-8,108,60
40,-8,108,108
80,-8,108,0
-175,-8,108,0
-114,-8,108,0
-103,-8,108,0
178,-8,108,0
-30,-8,108,2
-26,-8,108,1
95,-8,108,0
42,-8,108,0
121,-8,108,108
149,-8,108,107
-129,-8,108,0
76,-8,108,0
55,-8,108,0
-158,-8,108,0
112,-8,108,104
-87,-8,108,1
87,-8,108,0
-115,-8,108,0
66,-8,108,1
-168,-8,108,0
74,-8,108,0
164,-8,108,0
-111,-8,108,0
-142,-8,108,0
81,-8,108,0
58,-8,108,0
-118,-8,108,0
68,-8,108,1
86,-8,108,0
-157,-8,108,0
-178,-8,108,0
54,-8,108,0
3,-8,108,0
43,-8,108,0
-11,-8,108,1
-163,-8,108,0
-107,-8,108,0
2,-8,108,0
85,-8,108,0
-90,-8,108,0
-94,-8,108,0
-174,-8,108,0
-128,-8,108,0
-152,-8,108,0
-164,-8,108,0
-146,-8,108,0
-120,-8,108,0
-16,-8,108,0
-171,-8,108,0
-23,-8,108,1
137,-8,108,107
-9,-8,108,1
144,-8,108,107
113,-8,108,108
97,-8,108,0
-156,-8,108,0
-97,-8,108,1
-99,-8,108,1
-112,-8,108,0
134,-8,108,107
77,-8,108,0
-3,-8,108,0
60,-8,108,0
1,-8,108,0
-32,-8,108,2
39,-8,108,108
45,-8,108,0
160,-8,108,50
179,-8,108,0
-27,-8,108,1
133,-8,108,107
75,-8,108,0
9,-8,108,105
-131,-8,108,0
-93,-8,108,0
84,-8,108,0
170,-8,108,0
-95,-8,108,0
-110,-8,108,0
-36,-8,108,0
-89,-8,108,0
98,-8,108,0
79,-8,108,0
89,-8,108,1
-108,-7,108,0
-124,-7,108,0
-131,-7,108,0
-105,-7,108,0
170,-7,108,0
0,-7,108,0
-152,-7,108,0
73,-7,108,1
-163,-7,108,0
69,-7,108,1
-87,-7,108,1
105,-7,108,108
-134,-7,108,0
88,-7,108,1
147,-7,108,107
77,-7,108,0
114,-7,108,108
-161,-7,108,0
-117,-7,108,0
-12,-7,108,0
-92,-7,108,0
129,-7,108,107
-125,-7,108,0
50,-7,108,0
146,-7,108,107
61,-7,108,0
-155,-7,108,0
-139,-7,108,0
85,-7,108,0
-127,-7,108,0
-35,-7,108,108
-80,-7,108,106
107,-7,108,108
132,-7,108,107
5,-7,108,0
45,-7,108,0
91,-7,108,1
168,-7,108,0
-83,-7,108,56
89,-7,108,1
123,-7,108,107
-97,-7,108,1
12,-7,108,108
-4,-7,108,0
-159,-7,108,0
156,-7,108,60
169,-7,108,0
92,-7,108,0
11,-7,108,108
-14,-7,108,0
148,-7,108,107
84,-7,108,0
58,-7,108,0
9,-7,108,106
-119,-7,108,0
-114,-7,108,0
157,-7,108,60
-33,-7,108,107
108,-7,108,108
-129,-7,108,0
63,-7,108,0
150,-7,108,107
-179,-7,108,0
138,-7,108,107
131,-7,108,107
-21,-7,108,1
130,-7,108,107
-126,-7,108,0
-145,-7,108,0
-86,-7,108,1
54,-7,108,0
-1,-7,108,0
139,-7,108,0
-95,-7,108,0
152,-7,108,107
102,-7,108,106
-10,-7,108,1
-110,-7,108,0
-20,-7,108,1
-132,-7,108,0
-24,-7,108,1
-31,-7,108,2
133,-7,108,107
117,-7,108,106
112,-7,108,104
41,-7,108,55
-150,-7,108,0
51,-7,108,0
-121,-7,108,0
-32,-7,108,2
-101,-7,108,0
-147,-7,108,0
177,-7,108,0
175,-7,108,0
118,-7,108,105
165,-7,108,0
-143,-7,108,0
-170,-7,108,0
-111,-7,108,0
166,-7,108,0
-7,-7,108,1
2,-7,108,0
-151,-7,108,0
-106,-7,108,0
-26,-7,108,1
149,-7,108,107
40,-7,108,108
151,-7,108,107
79,-7,108,0
93,-7,108,0
126,-7,108,107
161,-7,108,25
122,-7,108,107
-81,-7,108,106
90,-7,108,1
-89,-7,108,0
96,-7,108,0
64,-7,108,0
120,-7,108,107
95,-7,108,0
-164,-7,108,0
134,-7,108,107
-9,-7,108,2
-118,-7,108,0
-2,-7,108,0
52,-7,108,0
160,-7,108,0
68,-7,108,1
-136,-7,108,0
1,-7,108,0
-138,-7,108,0
-176,-7,108,0
-158,-7,108,0
-84,-7,108,1
-174,-7,108,0
53,-7,108,0
75,-7,108,0
76,-7,108,0
-13,-7,108,0
-28,-7,108,1
-168,-7,108,0
-29,-7,108,2
57,-7,108,0
3,-7,108,0
-25,-7,108,1
-130,-7,108,0
167,-7,108,0
-137,-7,108,0
-115,-7,108,0
-103,-7,108,0
78,-7,108,0
-146,-7,108,0
162,-7,108,0
86,-7,108,0
-113,-7,108,0
-165,-7,108,0
-19,-7,108,0
83,-7,108,0
47,-7,108,0
-88,-7,108,0
99,-7,108,0
7,-7,108,0
82,-7,108,0
164,-7,108,0
71,-7,108,1
-149,-7,108,0
59,-7,108,0
-16,-7,108,0
65,-7,108,0
42,-7,108,0
-167,-7,108,0
98,-7,108,0
174,-7,108,0
178,-7,108,0
113,-7,108,108
-99,-7,108,1
173,-7,108,0
101,-7,108,107
55,-7,108,0
60,-7,108,0
155,-7,108,108
-85,-7,108,1
-120,-7,108,0
81,-7,108,0
49,-7,108,0
10,-7,108,108
74,-7,108,0
119,-7,108,107
-96,-7,108,0
-180,-7,108,0
179,-7,108,0
124,-7,108,107
-36,-7,108,108
-160,-7,108,0
100,-7,108,0
136,-7,108,107
121,-7,108,107
-178,-7,108,0
116,-7,108,105
38,-7,108,108
106,-7,108,108
127,-7,108,107
-5,-7,108,0
110,-7,108,104
-116,-7,108,0
66,-7,108,1
135,-7,108,107
172,-7,108,0
-141,-7,108,0
39,-7,108,108
-8,-7,108,2
125,-7,108,107
80,-7,108,0
-171,-7,108,0
-93,-7,108,0
-128,-7,108,0
-148,-7,108,0
153,-7,108,106
-142,-7,108,0
-175,-7,108,0
-173,-7,108,0
128,-7,108,107
-6,-7,108,1
-98,-7,108,1
-82,-7,108,99
-135,-7,108,0
-23,-7,108,1
111,-7,108,107
6,-7,108,0
-144,-7,108,0
-157,-7,108,0
-91,-7,108,0
94,-7,108,0
67,-7,108,1
-27,-7,108,1
-122,-7,108,0
-104,-7,108,0
-22,-7,108,1
-156,-7,108,0
-30,-7,108,2
-169,-7,108,0
56,-7,108,0
-172,-7,108,0
87,-7,108,0
-11,-7,108,1
97,-7,108,0
4,-7,108,0
43,-7,108,0
46,-7,108,0
44,-7,108,0
-109,-7,108,0
-3,-7,108,0
-17,-7,108,0
159,-7,108,60
154,-7,108,106
62,-7,108,0
-90,-7,108,0
103,-7,108,107
104,-7,108,107
-94,-7,108,0
109,-7,108,107
-107,-7,108,0
-18,-7,108,0
-166,-7,108,0
70,-7,108,1
137,-7,108,107
-140,-7,108,0
-34,-7,108,107
-162,-7,108,0
163,-7,108,0
-133,-7,108,0
115,-7,108,108
-177,-7,108,0
48,-7,108,0
-15,-7,108,0
-123,-7,108,0
8,-7,108,107
158,-7,108,60
-112,-7,108,0
176,-7,108,0
-154,-7,108,0
-153,-7,108,0
171,-7,108,0
-100,-7,108,0
72,-7,108,2
-102,-7,108,0
7,-6,108,107
-31,-6,108,2
162,-6,108,0
-102,-6,108,0
8,-6,108,107
58,-6,108,1
11,-6,108,108
-156,-6,108,0
161,-6,108,0
-103,-6,108,0
111,-6,108,107
96,-6,108,0
49,-6,108,0
82,-6,108,0
-134,-6,108,0
176,-6,108,0
121,-6,108,107
-9,-6,108,1
42,-6,108,61
-34,-6,108,107
39,-6,108,108
-82,-6,108,99
63,-6,108,0
-18,-6,108,0
47,-6,108,0
-25,-6,108,1
87,-6,108,0
81,-6,108,0
113,-6,108,107
97,-6,108,0
119,-6,108,107
-29,-6,108,1
109,-6,108,107
77,-6,108,0
-118,-6,108,0
-161,-6,108,0
-98,-6,108,1
-97,-6,108,2
71,-6,108,1
148,-6,108,107
88,-6,108,1
-15,-6,108,0
86,-6,108,0
-124,-6,108,0
-36,-6,108,108
129,-6,108,107
-81,-6,108,99
9,-6,108,107
-20,-6,108,1
157,-6,108,60
158,-6,108,30
-100,-6,108,0
41,-6,108,108
38,-6,108,108
66,-6,108,0
-174,-6,108,0
-163,-6,108,0
-135,-6,108,0
149,-6,108,107
-4,-6,108,1
-119,-6,108,0
-158,-6,108,0
132,-6,108,107
-132,-6,108,0
-155,-6,108,0
-147,-6,108,0
-137,-6,108,0
118,-6,108,107
54,-6,108,0
91,-6,108,0
-173,-6,108,0
175,-6,108,0
-110,-6,108,0
12,-6,108,108
-165,-6,108,0
-35,-6,108,108
4,-6,108,27
75,-6,108,0
-5,-6,108,1
-180,-6,108,0
145,-6,108,107
-90,-6,108,0
1,-6,108,0
-10,-6,108,1
-22,-6,108,1
68,-6,108,1
70,-6,108,1
-125,-6,108,0
114,-6,108,107
80,-6,108,0
160,-6,108,0
-105,-6,108,0
152,-6,108,107
103,-6,108,108
-115,-6,108,0
-113,-6,108,0
-32,-6,108,2
116,-6,108,107
125,-6,108,106
173,-6,108,0
133,-6,108,107
-87,-6,108,1
-11,-6,108,0
-148,-6,108,0
156,-6,108,60
67,-6,108,0
-172,-6,108,0
74,-6,108,1
90,-6,108,1
48,-6,108,0
60,-6,108,0
-8,-6,108,2
72,-6,108,2
78,-6,108,0
-89,-6,108,0
-122,-6,108,0
-171,-6,108,0
-169,-6,108,0
-143,-6,108,0
61,-6,108,0
-130,-6,108,0
171,-6,108,0
164,-6,108,0
-7,-6,108,1
-94,-6,108,1
46,-6,108,0
-19,-6,108,0
167,-6,108,0
-160,-6,108,0
-14,-6,108,0
55,-6,108,0
-84,-6,108,1
84,-6,108,0
95,-6,108,0
85,-6,108,0
-91,-6,108,0
-93,-6,108,0
-131,-6,108,0
-23,-6,108,1
-176,-6,108,0
-167,-6,108,0
44,-6,108,0
92,-6,108,0
-154,-6,108,0
57,-6,108,1
-26,-6,108,1
-86,-6,108,1
-152,-6,108,0
59,-6,108,0
-111,-6,108,0
64,-6,108,0
76,-6,108,0
52,-6,108,0
-123,-6,108,0
-121,-6,108,0
-178,-6,108,0
115,-6,108,107
150,-6,108,107
-149,-6,108,0
-3,-6,108,0
5,-6,108,27
-88,-6,108,0
134,-6,108,107
62,-6,108,0
-109,-6,108,0
-144,-6,108,0
0,-6,108,0
155,-6,108,108
43,-6,108,0
-13,-6,108,0
126,-6,108,106
-136,-6,108,0
98,-6,108,0
-17,-6,108,0
-30,-6,108,2
102,-6,108,107
-37,-6,108,108
146,-6,108,107
104,-6,108,108
110,-6,108,103
177,-6,108,0
137,-6,108,107
51,-6,108,0
-164,-6,108,0
147,-6,108,107
-153,-6,108,0
135,-6,108,107
174,-6,108,0
-116,-6,108,0
127,-6,108,106
53,-6,108,0
6,-6,108,107
-101,-6,108,0
10,-6,108,108
130,-6,108,107
163,-6,108,0
-99,-6,108,1
-162,-6,108,0
-150,-6,108,0
-145,-6,108,0
136,-6,108,107
128,-6,108,107
-159,-6,108,0
179,-6,108,0
123,-6,108,107
-33,-6,108,107
117,-6,108,107
-140,-6,108,0
83,-6,108,0
100,-6,108,0
-133,-6,108,0
-120,-6,108,0
3,-6,108,13
-24,-6,108,1
105,-6,108,108
-38,-6,108,0
124,-6,108,107
-83,-6,108,0
106,-6,108,108
159,-6,108,30
73,-6,108,1
-6,-6,108,2
-112,-6,108,0
-92,-6,108,0
-179,-6,108,0
40,-6,108,108
-85,-6,108,1
-151,-6,108,0
153,-6,108,107
69,-6,108,0
172,-6,108,0
99,-6,108,0
-28,-6,108,1
154,-6,108,108
-27,-6,108,1
94,-6,108,0
131,-6,108,107
-12,-6,108,0
-21,-6,108,1
2,-6,108,19
65,-6,108,0
-129,-6,108,0
-166,-6,108,0
-16,-6,108,0
45,-6,108,0
-142,-6,108,0
-106,-6,108,0
170,-6,108,0
-128,-6,108,0
-2,-6,108,0
-168,-6,108,0
-114,-6,108,0
-157,-6,108,0
-1,-6,108,0
-139,-6,108,0
79,-6,108,0
50,-6,108,0
-177,-6,108,0
165,-6,108,0
93,-6,108,0
101,-6,108,107
-117,-6,108,0
-127,-6,108,0
-107,-6,108,0
-141,-6,108,0
151,-6,108,107
107,-6,108,108
169,-6,108,0
138,-6,108,107
-170,-6,108,0
122,-6,108,107
-96,-6,108,2
-108,-6,108,0
56,-6,108,1
120,-6,108,107
-138,-6,108,0
-146,-6,108,0
-175,-6,108,0
168,-6,108,0
108,-6,108,107
166,-6,108,0
-104,-6,108,0
-126,-6,108,0
112,-6,108,104
178,-6,108,0
-95,-6,108,1
89,-6,108,1
101,-5,108,108
131,-5,108,107
160,-5,108,0
-11,-5,108,0
158,-5,108,0
-141,-5,108,0
-36,-5,108,108
-22,-5,108,1
108,-5,108,107
-88,-5,108,0
88,-5,108,0
-34,-5,108,107
84,-5,108,0
80,-5,108,0
-139,-5,108,0
-35,-5,108,108
154,-5,108,107
128,-5,108,107
-28,-5,108,2
-95,-5,108,1
-84,-5,108,0
-174,-5,108,0
-158,-5,108,0
-106,-5,108,0
85,-5,108,0
9,-5,108,107
-160,-5,108,0
136,-5,108,107
149,-5,108,107
153,-5,108,107
151,-5,108,107
135,-5,108,107
-24,-5,108,1
-100,-5,108,0
-99,-5,108,1
-168,-5,108,0
-151,-5,108,0
-138,-5,108,0
79,-5,108,0
-113,-5,108,0
-31,-5,108,2
133,-5,108,107
-159,-5,108,0
-142,-5,108,0
43,-5,108,61
174,-5,108,0
12,-5,108,0
74,-5,108,1
87,-5,108,0
148,-5,108,107
-153,-5,108,0
145,-5,108,107
-92,-5,108,0
-86,-5,108,0
150,-5,108,107
111,-5,108,105
91,-5,108,0
5,-5,108,27
-111,-5,108,0
-103,-5,108,0
89,-5,108,0
54,-5,108,0
45,-5,108,0
127,-5,108,107
124,-5,108,107
4,-5,108,27
106,-5,108,107
118,-5,108,107
173,-5,108,0
156,-5,108,53
-33,-5,108,107
-6,-5,108,2
2,-5,108,20
-21,-5,108,1
7,-5,108,107
-17,-5,108,0
155,-5,108,108
129,-5,108,107
57,-5,108,1
-107,-5,108,0
164,-5,108,0
103,-5,108,108
8,-5,108,107
115,-5,108,108
11,-5,108,108
114,-5,108,108
126,-5,108,107
134,-5,108,107
-26,-5,108,1
-110,-5,108,0
-125,-5,108,0
-130,-5,108,0
10,-5,108,108
146,-5,108,107
92,-5,108,0
105,-5,108,108
-2,-5,108,0
152,-5,108,107
86,-5,108,0
-162,-5,108,0
-169,-5,108,0
75,-5,108,0
97,-5,108,0
-12,-5,108,0
-154,-5,108,0
137,-5,108,107
-178,-5,108,0
-131,-5,108,0
98,-5,108,0
-81,-5,108,0
-30,-5,108,2
49,-5,108,0
-157,-5,108,0
3,-5,108,20
-120,-5,108,0
-13,-5,108,0
47,-5,108,0
-166,-5,108,0
50,-5,108,0
175,-5,108,0
56,-5,108,1
-137,-5,108,0
-172,-5,108,0
62,-5,108,0
64,-5,108,0
-85,-5,108,0
-101,-5,108,0
-127,-5,108,0
-23,-5,108,1
65,-5,108,0
-97,-5,108,2
-180,-5,108,0
-20,-5,108,1
-164,-5,108,0
93,-5,108,0
-163,-5,108,0
170,-5,108,0
-105,-5,108,0
177,-5,108,0
-15,-5,108,0
166,-5,108,0
78,-5,108,0
-161,-5,108,0
-115,-5,108,0
-90,-5,108,0
179,-5,108,0
161,-5,108,0
67,-5,108,0
-143,-5,108,0
-179,-5,108,0
-175,-5,108,0
96,-5,108,0
-109,-5,108,0
52,-5,108,0
-156,-5,108,0
176,-5,108,0
144,-5,108,107
-170,-5,108,0
-134,-5,108,0
-38,-5,108,108
178,-5,108,0
107,-5,108,107
162,-5,108,0
81,-5,108,0
-96,-5,108,2
-146,-5,108,0
-39,-5,108,108
-124,-5,108,0
0,-5,108,0
130,-5,108,107
112,-5,108,105
-112,-5,108,0
-116,-5,108,0
147,-5,108,107
-10,-5,108,0
117,-5,108,107
132,-5,108,107
109,-5,108,107
-32,-5,108,107
-155,-5,108,0
-140,-5,108,0
116,-5,108,108
125,-5,108,107
60,-5,108,0
-177,-5,108,0
44,-5,108,0
-147,-5,108,0
-145,-5,108,0
-89,-5,108,0
123,-5,108,107
-167,-5,108,0
119,-5,108,106
-132,-5,108,0
68,-5,108,0
-98,-5,108,1
42,-5,108,61
70,-5,108,1
167,-5,108,0
-1,-5,108,0
-135,-5,108,0
-128,-5,108,0
-82,-5,108,99
-91,-5,108,0
-121,-5,108,0
46,-5,108,0
-5,-5,108,1
102,-5,108,108
-152,-5,108,0
-122,-5,108,0
95,-5,108,0
-3,-5,108,0
40,-5,108,108
-118,-5,108,0
-114,-5,108,0
55,-5,108,1
1,-5,108,0
165,-5,108,0
171,-5,108,0
39,-5,108,108
61,-5,108,0
-8,-5,108,2
-27,-5,108,1
-133,-5,108,0
122,-5,108,107
-171,-5,108,0
63,-5,108,0
121,-5,108,107
-7,-5,108,2
51,-5,108,0
-93,-5,108,0
59,-5,108,0
-87,-5,108,0
-29,-5,108,2
82,-5,108,0
-148,-5,108,0
-18,-5,108,0
169,-5,108,0
72,-5,108,2
159,-5,108,0
-4,-5,108,1
-94,-5,108,1
94,-5,108,0
77,-5,108,0
76,-5,108,0
48,-5,108,0
53,-5,108,0
-16,-5,108,0
83,-5,108,0
-165,-5,108,0
-102,-5,108,0
-149,-5,108,0
168,-5,108,0
-14,-5,108,0
73,-5,108,2
99,-5,108,107
-9,-5,108,0
90,-5,108,0
-136,-5,108,0
-83,-5,108,92
-25,-5,108,1
-104,-5,108,0
110,-5,108,106
71,-5,108,1
100,-5,108,3
-19,-5,108,0
120,-5,108,107
-37,-5,108,108
69,-5,108,0
58,-5,108,1
163,-5,108,0
-108,-5,108,0
-176,-5,108,0
113,-5,108,108
-173,-5,108,0
66,-5,108,0
-144,-5,108,0
172,-5,108,0
157,-5,108,53
38,-5,108,0
-129,-5,108,0
-119,-5,108,0
-123,-5,108,0
-150,-5,108,0
41,-5,108,108
6,-5,108,107
-117,-5,108,0
-126,-5,108,0
-105,-4,108,0
143,-4,108,107
-108,-4,108,0
49,-4,108,0
134,-4,108,107
84,-4,108,0
-81,-4,108,108
-21,-4,108,1
46,-4,108,0
96,-4,108,0
-92,-4,108,0
-171,-4,108,0
-137,-4,108,0
-176,-4,108,0
162,-4,108,0
163,-4,108,0
-40,-4,108,108
121,-4,108,107
-134,-4,108,0
126,-4,108,107
-162,-4,108,0
144,-4,108,107
125,-4,108,107
-38,-4,108,108
-114,-4,108,0
-147,-4,108,0
8,-4,108,107
-138,-4,108,0
-163,-4,108,0
93,-4,108,0
147,-4,108,104
123,-4,108,107
47,-4,108,0
-121,-4,108,0
-44,-4,108,0
1,-4,108,0
79,-4,108,0
-170,-4,108,0
-34,-4,108,107
-87,-4,108,0
-39,-4,108,108
62,-4,108,0
-139,-4,108,0
95,-4,108,0
131,-4,108,107
109,-4,108,107
-129,-4,108,0
114,-4,108,108
9,-4,108,108
7,-4,108,107
107,-4,108,107
41,-4,108,108
59,-4,108,0
-42,-4,108,0
-106,-4,108,0
111,-4,108,106
116,-4,108,108
148,-4,108,104
118,-4,108,107
-7,-4,108,2
169,-4,108,0
55,-4,108,1
120,-4,108,107
42,-4,108,61
177,-4,108,0
-90,-4,108,0
-33,-4,108,104
-150,-4,108,0
129,-4,108,107
102,-4,108,108
119,-4,108,104
168,-4,108,0
51,-4,108,1
4,-4,108,27
150,-4,108,107
71,-4,108,1
108,-4,108,107
-149,-4,108,0
-93,-4,108,0
-118,-4,108,0
-173,-4,108,0
117,-4,108,105
124,-4,108,107
-28,-4,108,2
82,-4,108,0
10,-4,108,108
61,-4,108,0
45,-4,108,0
39,-4,108,108
154,-4,108,107
-82,-4,108,99
86,-4,108,0
-101,-4,108,0
145,-4,108,107
-117,-4,108,0
-86,-4,108,0
69,-4,108,0
94,-4,108,0
-125,-4,108,0
-151,-4,108,0
157,-4,108,0
-3,-4,108,1
-8,-4,108,2
164,-4,108,0
90,-4,108,0
146,-4,108,107
-175,-4,108,0
135,-4,108,107
-22,-4,108,1
-88,-4,108,0
-36,-4,108,107
-122,-4,108,0
-141,-4,108,0
-23,-4,108,1
40,-4,108,108
2,-4,108,20
-136,-4,108,0
-16,-4,108,0
-97,-4,108,1
-20,-4,108,1
-9,-4,108,0
-111,-4,108,0
72,-4,108,2
-95,-4,108,0
64,-4,108,0
56,-4,108,1
-148,-4,108,0
74,-4,108,1
-13,-4,108,0
92,-4,108,0
-154,-4,108,0
-153,-4,108,0
-110,-4,108,0
-144,-4,108,0
80,-4,108,0
-179,-4,108,0
-1,-4,108,0
-156,-4,108,0
-142,-4,108,0
-146,-4,108,0
-174,-4,108,0
-19,-4,108,0
57,-4,108,1
-107,-4,108,0
-26,-4,108,1
-169,-4,108,0
175,-4,108,0
-180,-4,108,0
97,-4,108,0
160,-4,108,0
161,-4,108,0
-102,-4,108,0
-113,-4,108,0
50,-4,108,0
-131,-4,108,0
-127,-4,108,0
54,-4,108,0
167,-4,108,0
91,-4,108,0
-112,-4,108,0
172,-4,108,0
149,-4,108,104
152,-4,108,107
66,-4,108,0
87,-4,108,0
-178,-4,108,0
130,-4,108,107
110,-4,108,107
-128,-4,108,0
-5,-4,108,1
142,-4,108,107
132,-4,108,107
-4,-4,108,1
83,-4,108,0
76,-4,108,0
-45,-4,108,78
155,-4,108,0
-11,-4,108,0
6,-4,108,107
-35,-4,108,107
-18,-4,108,0
-168,-4,108,0
106,-4,108,108
-132,-4,108,0
-172,-4,108,0
-152,-4,108,0
-41,-4,108,0
77,-4,108,0
112,-4,108,106
178,-4,108,0
85,-4,108,0
-145,-4,108,0
53,-4,108,1
81,-4,108,0
141,-4,108,0
0,-4,108,0
44,-4,108,0
-29,-4,108,2
-115,-4,108,0
-15,-4,108,0
-24,-4,108,1
5,-4,108,27
176,-4,108,0
70,-4,108,1
-166,-4,108,0
73,-4,108,2
-135,-4,108,0
48,-4,108,0
100,-4,108,108
171,-4,108,0
65,-4,108,0
-157,-4,108,0
58,-4,108,1
128,-4,108,107
-160,-4,108,0
-31,-4,108,2
170,-4,108,0
173,-4,108,0
-104,-4,108,0
-161,-4,108,0
101,-4,108,108
-143,-4,108,0
-80,-4,108,108
156,-4,108,0
43,-4,108,61
113,-4,108,108
-84,-4,108,0
78,-4,108,0
-140,-4,108,0
115,-4,108,108
11,-4,108,108
133,-4,108,107
127,-4,108,107
-6,-4,108,2
-120,-4,108,0
67,-4,108,0
-30,-4,108,3
165,-4,108,0
-14,-4,108,0
3,-4,108,20
-17,-4,108,0
159,-4,108,0
136,-4,108,0
-116,-4,108,0
88,-4,108,0
-103,-4,108,0
52,-4,108,1
-98,-4,108,1
-133,-4,108,0
-10,-4,108,0
75,-4,108,0
-96,-4,108,1
-165,-4,108,0
-91,-4,108,0
-123,-4,108,0
-27,-4,108,1
-100,-4,108,0
-130,-4,108,0
179,-4,108,0
-12,-4,108,0
-155,-4,108,0
-124,-4,108,0
166,-4,108,0
-2,-4,108,0
153,-4,108,107
-126,-4,108,0
98,-4,108,107
122,-4,108,107
-37,-4,108,107
89,-4,108,0
151,-4,108,107
105,-4,108,108
-85,-4,108,0
-94,-4,108,0
99,-4,108,108
-83,-4,108,92
-177,-4,108,0
-109,-4,108,0
-25,-4,108,1
-99,-4,108,0
-159,-4,108,0
174,-4,108,0
-32,-4,108,104
60,-4,108,0
-164,-4,108,0
63,-4,108,0
-119,-4,108,0
-89,-4,108,0
68,-4,108,0
-158,-4,108,0
158,-4,108,0
-167,-4,108,0
135,-3,108,107
-105,-3,108,0
-93,-3,108,81
151,-3,108,107
141,-3,108,107
-139,-3,108,0
-97,-3,108,1
-146,-3,108,0
113,-3,108,84
-17,-3,108,0
-35,-3,108,107
145,-3,108,106
101,-3,108,108
-127,-3,108,0
-84,-3,108,0
129,-3,108,107
157,-3,108,0
155,-3,108,0
-144,-3,108,0
-13,-3,108,0
116,-3,108,108
-40,-3,108,108
154,-3,108,107
-49,-3,108,0
65,-3,108,0
105,-3,108,108
166,-3,108,0
-129,-3,108,0
107,-3,108,107
-30,-3,108,3
42,-3,108,108
112,-3,108,0
80,-3,108,0
-11,-3,108,1
108,-3,108,108
-119,-3,108,0
50,-3,108,0
124,-3,108,107
161,-3,108,0
-86,-3,108,0
-90,-3,108,89
-87,-3,108,0
-91,-3,108,100
-7,-3,108,1
-174,-3,108,0
-92,-3,108,99
136,-3,108,107
-18,-3,108,0
45,-3,108,0
2,-3,108,6
-45,-3,108,108
69,-3,108,0
179,-3,108,0
85,-3,108,0
-88,-3,108,0
153,-3,108,107
10,-3,108,108
8,-3,108,108
60,-3,108,0
127,-3,108,107
-162,-3,108,0
72,-3,108,2
119,-3,108,104
171,-3,108,0
-177,-3,108,0
-152,-3,108,0
99,-3,108,108
-134,-3,108,0
-166,-3,108,0
-179,-3,108,0
-131,-3,108,0
149,-3,108,104
-38,-3,108,108
131,-3,108,107
148,-3,108,57
-21,-3,108,1
-124,-3,108,0
-19,-3,108,0
125,-3,108,107
-122,-3,108,0
93,-3,108,0
48,-3,108,0
-4,-3,108,1
-81,-3,108,108
100,-3,108,108
123,-3,108,107
5,-3,108,28
87,-3,108,0
-117,-3,108,0
176,-3,108,0
-37,-3,108,107
140,-3,108,107
7,-3,108,108
-41,-3,108,108
-44,-3,108,108
170,-3,108,0
143,-3,108,107
58,-3,108,0
-121,-3,108,0
-114,-3,108,0
52,-3,108,1
-32,-3,108,104
-180,-3,108,0
146,-3,108,106
-151,-3,108,0
64,-3,108,0
-173,-3,108,0
95,-3,108,0
128,-3,108,107
-157,-3,108,0
-36,-3,108,107
-14,-3,108,0
-42,-3,108,108
-23,-3,108,0
133,-3,108,107
-176,-3,108,0
-133,-3,108,0
-33,-3,108,104
-125,-3,108,0
-123,-3,108,0
-51,-3,108,0
-112,-3,108,0
71,-3,108,1
-175,-3,108,0
156,-3,108,0
68,-3,108,0
-168,-3,108,0
-164,-3,108,0
-107,-3,108,0
-15,-3,108,0
-141,-3,108,0
86,-3,108,0
-108,-3,108,0
55,-3,108,1
-1,-3,108,0
-165,-3,108,0
-116,-3,108,0
-20,-3,108,0
66,-3,108,0
83,-3,108,0
165,-3,108,0
-100,-3,108,0
-149,-3,108,0
-167,-3,108,0
-170,-3,108,0
-130,-3,108,0
97,-3,108,0
173,-3,108,0
-147,-3,108,0
59,-3,108,0
43,-3,108,61
-169,-3,108,0
75,-3,108,0
147,-3,108,106
54,-3,108,0
111,-3,108,98
-98,-3,108,1
118,-3,108,107
98,-3,108,107
122,-3,108,107
-34,-3,108,107
121,-3,108,107
137,-3,108,107
-82,-3,108,105
41,-3,108,108
126,-3,108,107
-16,-3,108,0
178,-3,108,0
-3,-3,108,1
-29,-3,108,2
-172,-3,108,0
159,-3,108,0
-94,-3,108,41
-142,-3,108,0
134,-3,108,107
74,-3,108,1
-115,-3,108,0
-137,-3,108,0
132,-3,108,107
84,-3,108,0
-9,-3,108,1
-43,-3,108,108
109,-3,108,108
6,-3,108,107
-2,-3,108,0
-154,-3,108,0
-148,-3,108,0
-28,-3,108,2
91,-3,108,0
73,-3,108,2
51,-3,108,1
-39,-3,108,108
-8,-3,108,1
3,-3,108,20
172,-3,108,0
-110,-3,108,0
-155,-3,108,0
61,-3,108,0
63,-3,108,0
70,-3,108,1
-26,-3,108,1
-10,-3,108,1
-143,-3,108,0
-153,-3,108,0
81,-3,108,0
117,-3,108,105
-103,-3,108,0
-163,-3,108,0
77,-3,108,0
-128,-3,108,0
-120,-3,108,0
-89,-3,108,0
-85,-3,108,0
-5,-3,108,1
9,-3,108,108
49,-3,108,0
-31,-3,108,2
-95,-3,108,0
-150,-3,108,0
62,-3,108,0
-83,-3,108,92
110,-3,108,107
130,-3,108,107
-135,-3,108,0
1,-3,108,6
150,-3,108,107
40,-3,108,108
115,-3,108,0
-113,-3,108,0
-25,-3,108,1
53,-3,108,1
144,-3,108,18
79,-3,108,0
-171,-3,108,0
0,-3,108,0
167,-3,108,0
168,-3,108,0
-12,-3,108,1
-136,-3,108,0
-6,-3,108,1
-158,-3,108,0
-104,-3,108,0
44,-3,108,0
-50,-3,108,0
-106,-3,108,0
164,-3,108,0
57,-3,108,1
-178,-3,108,0
162,-3,108,0
138,-3,108,0
-102,-3,108,0
158,-3,108,0
89,-3,108,0
56,-3,108,1
-99,-3,108,0
94,-3,108,0
88,-3,108,0
-138,-3,108,0
-101,-3,108,0
163,-3,108,0
-132,-3,108,0
-161,-3,108,0
-96,-3,108,1
-24,-3,108,1
-156,-3,108,0
106,-3,108,108
82,-3,108,0
-22,-3,108,1
-140,-3,108,0
-126,-3,108,0
-118,-3,108,0
139,-3,108,107
-80,-3,108,108
-160,-3,108,0
67,-3,108,0
160,-3,108,0
96,-3,108,0
4,-3,108,20
46,-3,108,0
78,-3,108,0
177,-3,108,0
-111,-3,108,0
104,-3,108,108
142,-3,108,107
47,-3,108,0
92,-3,108,0
-27,-3,108,1
174,-3,108,0
175,-3,108,0
169,-3,108,0
-145,-3,108,0
152,-3,108,107
-46,-3,108,0
76,-3,108,0
-159,-3,108,0
90,-3,108,0
-109,-3,108,0
120,-3,108,107
-12,-2,108,1
-16,-2,108,0
-22,-2,108,0
-91,-2,108,108
-33,-2,108,104
65,-2,108,0
-176,-2,108,0
-118,-2,108,0
-162,-2,108,0
-150,-2,108,0
116,-2,108,108
-111,-2,108,0
66,-2,108,0
-148,-2,108,0
-127,-2,108,0
-100,-2,108,0
-14,-2,108,0
137,-2,108,107
43,-2,108,108
48,-2,108,42
-142,-2,108,0
-34,-2,108,104
80,-2,108,0
134,-2,108,107
-43,-2,108,107
68,-2,108,0
-92,-2,108,108
47,-2,108,42
-86,-2,108,0
-157,-2,108,0
-158,-2,108,0
-46,-2,108,108
167,-2,108,0
-123,-2,108,0
-140,-2,108,0
59,-2,108,0
-159,-2,108,0
-116,-2,108,0
-94,-2,108,106
-24,-2,108,0
44,-2,108,99
141,-2,108,107
6,-2,108,107
-101,-2,108,0
77,-2,108,0
-32,-2,108,104
133,-2,108,0
125,-2,108,107
140,-2,108,107
85,-2,108,0
7,-2,108,108
-138,-2,108,0
83,-2,108,0
-50,-2,108,0
-36,-2,108,107
-177,-2,108,0
-88,-2,108,0
119,-2,108,104
124,-2,108,107
-117,-2,108,0
-173,-2,108,0
-26,-2,108,0
61,-2,108,0
-41,-2,108,107
145,-2,108,106
-42,-2,108,107
100,-2,108,108
126,-2,108,107
-133,-2,108,0
148,-2,108,57
-134,-2,108,0
164,-2,108,0
-146,-2,108,0
73,-2,108,31
122,-2,108,107
-112,-2,108,0
-82,-2,108,105
130,-2,108,107
40,-2,108,0
127,-2,108,107
72,-2,108,1
-4,-2,108,1
-99,-2,108,0
-131,-2,108,0
-5,-2,108,1
131,-2,108,107
-47,-2,108,108
-81,-2,108,105
121,-2,108,107
155,-2,108,0
-115,-2,108,0
63,-2,108,0
118,-2,108,107
-1,-2,108,0
-128,-2,108,0
-174,-2,108,0
86,-2,108,0
-27,-2,108,0
82,-2,108,0
138,-2,108,107
108,-2,108,108
-30,-2,108,2
98,-2,108,108
161,-2,108,0
165,-2,108,0
-11,-2,108,1
-152,-2,108,0
-19,-2,108,0
97,-2,108,7
107,-2,108,107
123,-2,108,107
149,-2,108,104
-175,-2,108,0
79,-2,108,0
51,-2,108,1
-17,-2,108,0
-141,-2,108,0
-126,-2,108,0
41,-2,108,108
142,-2,108,81
-136,-2,108,0
170,-2,108,0
74,-2,108,0
69,-2,108,0
-95,-2,108,1
-15,-2,108,0
176,-2,108,0
-51,-2,108,0
-124,-2,108,0
-160,-2,108,0
-145,-2,108,0
-151,-2,108,0
57,-2,108,1
-25,-2,108,0
160,-2,108,0
-87,-2,108,0
143,-2,108,1
173,-2,108,0
-2,-2,108,0
177,-2,108,0
67,-2,108,0
-143,-2,108,0
-144,-2,108,0
60,-2,108,0
-102,-2,108,0
88,-2,108,0
84,-2,108,0
158,-2,108,0
-121,-2,108,0
62,-2,108,0
-167,-2,108,0
87,-2,108,0
92,-2,108,0
-103,-2,108,0
-107,-2,108,0
-84,-2,108,0
-137,-2,108,0
58,-2,108,0
136,-2,108,107
5,-2,108,107
-155,-2,108,0
-83,-2,108,92
50,-2,108,0
93,-2,108,0
2,-2,108,6
-97,-2,108,1
-125,-2,108,0
-6,-2,108,1
-139,-2,108,0
-52,-2,108,0
-49,-2,108,0
146,-2,108,106
3,-2,108,20
103,-2,108,108
132,-2,108,107
55,-2,108,1
-156,-2,108,0
105,-2,108,108
-29,-2,108,2
-119,-2,108,0
-3,-2,108,1
157,-2,108,0
8,-2,108,108
-48,-2,108,0
152,-2,108,107
9,-2,108,108
-98,-2,108,1
-13,-2,108,0
169,-2,108,0
-85,-2,108,0
144,-2,108,1
147,-2,108,106
42,-2,108,108
-40,-2,108,107
-149,-2,108,0
-168,-2,108,0
156,-2,108,0
179,-2,108,0
-122,-2,108,0
-108,-2,108,0
129,-2,108,107
109,-2,108,108
99,-2,108,108
174,-2,108,0
135,-2,108,107
-39,-2,108,107
-109,-2,108,0
-9,-2,108,1
-113,-2,108,0
-10,-2,108,1
-35,-2,108,104
54,-2,108,0
-165,-2,108,0
-8,-2,108,1
-18,-2,108,0
-120,-2,108,0
-23,-2,108,0
-179,-2,108,0
104,-2,108,108
151,-2,108,107
-129,-2,108,0
76,-2,108,0
117,-2,108,105
172,-2,108,0
110,-2,108,107
153,-2,108,0
94,-2,108,0
49,-2,108,42
154,-2,108,0
-163,-2,108,0
-7,-2,108,1
-45,-2,108,108
4,-2,108,21
120,-2,108,107
-178,-2,108,0
91,-2,108,0
-20,-2,108,0
1,-2,108,6
-114,-2,108,0
-21,-2,108,0
-169,-2,108,0
168,-2,108,0
-31,-2,108,1
52,-2,108,1
71,-2,108,1
175,-2,108,0
171,-2,108,0
-164,-2,108,0
90,-2,108,0
64,-2,108,0
0,-2,108,0
-171,-2,108,0
-135,-2,108,0
70,-2,108,0
162,-2,108,0
-147,-2,108,0
-170,-2,108,0
-90,-2,108,108
-166,-2,108,0
106,-2,108,108
-89,-2,108,108
-44,-2,108,108
75,-2,108,0
150,-2,108,107
-93,-2,108,107
128,-2,108,107
45,-2,108,99
-161,-2,108,0
-28,-2,108,2
-37,-2,108,107
178,-2,108,0
-110,-2,108,0
89,-2,108,0
96,-2,108,6
-153,-2,108,0
46,-2,108,99
-180,-2,108,0
-104,-2,108,0
-132,-2,108,0
-38,-2,108,107
78,-2,108,0
56,-2,108,1
-106,-2,108,0
139,-2,108,107
-172,-2,108,0
-105,-2,108,0
166,-2,108,0
159,-2,108,0
163,-2,108,0
-154,-2,108,0
-96,-2,108,1
81,-2,108,0
95,-2,108,0
-130,-2,108,0
53,-2,108,1
87,-1,108,0
122,-1,108,107
-16,-1,108,0
57,-1,108,0
-106,-1,108,0
60,-1,108,0
-140,-1,108,0
-50,-1,108,108
-38,-1,108,104
-15,-1,108,0
-149,-1,108,0
117,-1,108,105
-112,-1,108,0
-94,-1,108,108
-151,-1,108,0
83,-1,108,0
47,-1,108,103
100,-1,108,108
-89,-1,108,108
70,-1,108,0
138,-1,108,106
-122,-1,108,0
120,-1,108,107
-4,-1,108,50
92,-1,108,0
-47,-1,108,108
175,-1,108,0
-129,-1,108,0
148,-1,108,0
53,-1,108,1
124,-1,108,107
-174,-1,108,0
61,-1,108,0
125,-1,108,107
-43,-1,108,64
-159,-1,108,0
-172,-1,108,0
165,-1,108,0
157,-1,108,0
50,-1,108,1
153,-1,108,0
-119,-1,108,0
-27,-1,108,0
136,-1,108,107
-93,-1,108,108
52,-1,108,1
-155,-1,108,0
58,-1,108,0
68,-1,108,0
-17,-1,108,0
2,-1,108,6
91,-1,108,0
-34,-1,108,64
-145,-1,108,0
-179,-1,108,0
-7,-1,108,2
-44,-1,108,107
159,-1,108,0
-141,-1,108,0
-120,-1,108,0
-164,-1,108,0
118,-1,108,107
-160,-1,108,0
-18,-1,108,0
-35,-1,108,63
-125,-1,108,0
81,-1,108,0
174,-1,108,0
106,-1,108,107
-80,-1,108,0
-10,-1,108,1
-91,-1,108,108
178,-1,108,0
-48,-1,108,108
144,-1,108,1
-21,-1,108,0
90,-1,108,0
-162,-1,108,0
-32,-1,108,64
-49,-1,108,108
1,-1,108,6
137,-1,108,107
-29,-1,108,2
86,-1,108,0
93,-1,108,0
158,-1,108,0
0,-1,108,0
-88,-1,108,0
-84,-1,108,0
94,-1,108,3
72,-1,108,31
4,-1,108,15
139,-1,108,107
130,-1,108,107
176,-1,108,0
107,-1,108,100
-146,-1,108,0
-128,-1,108,0
126,-1,108,107
-127,-1,108,0
85,-1,108,0
129,-1,108,107
-132,-1,108,0
-161,-1,108,0
-133,-1,108,0
134,-1,108,107
154,-1,108,0
173,-1,108,0
-6,-1,108,1
-111,-1,108,0
109,-1,108,107
-45,-1,108,108
155,-1,108,0
177,-1,108,0
-81,-1,108,108
162,-1,108,0
-137,-1,108,0
89,-1,108,0
-169,-1,108,0
104,-1,108,108
71,-1,108,31
-12,-1,108,0
164,-1,108,0
77,-1,108,0
-98,-1,108,1
-31,-1,108,1
-126,-1,108,0
-30,-1,108,2
-102,-1,108,0
-26,-1,108,0
145,-1,108,1
69,-1,108,0
-144,-1,108,0
-168,-1,108,0
78,-1,108,0
56,-1,108,0
41,-1,108,0
-176,-1,108,0
-136,-1,108,0
-14,-1,108,0
-115,-1,108,0
-23,-1,108,0
-99,-1,108,0
143,-1,108,1
-138,-1,108,0
84,-1,108,0
-114,-1,108,0
-165,-1,108,0
147,-1,108,0
168,-1,108,0
152,-1,108,0
-117,-1,108,0
65,-1,108,0
172,-1,108,0
150,-1,108,0
-3,-1,108,50
8,-1,108,108
-39,-1,108,104
-170,-1,108,0
44,-1,108,107
7,-1,108,108
6,-1,108,107
-101,-1,108,0
-33,-1,108,64
54,-1,108,0
48,-1,108,42
141,-1,108,1
49,-1,108,42
-143,-1,108,0
80,-1,108,0
-87,-1,108,0
-131,-1,108,0
108,-1,108,108
133,-1,108,107
74,-1,108,0
-95,-1,108,1
-150,-1,108,0
-90,-1,108,108
-42,-1,108,64
179,-1,108,0
45,-1,108,107
-148,-1,108,0
-83,-1,108,46
-109,-1,108,0
-20,-1,108,0
146,-1,108,0
64,-1,108,0
-19,-1,108,0
-92,-1,108,108
166,-1,108,0
-46,-1,108,108
121,-1,108,107
-113,-1,108,0
-96,-1,108,1
-28,-1,108,1
99,-1,108,108
105,-1,108,107
160,-1,108,0
96,-1,108,108
128,-1,108,107
9,-1,108,108
169,-1,108,0
-36,-1,108,63
-134,-1,108,0
-175,-1,108,0
-153,-1,108,0
-171,-1,108,0
103,-1,108,108
-152,-1,108,0
97,-1,108,108
42,-1,108,108
-107,-1,108,0
-41,-1,108,14
-25,-1,108,0
167,-1,108,0
-158,-1,108,0
-5,-1,108,50
131,-1,108,107
123,-1,108,107
51,-1,108,1
-2,-1,108,50
-22,-1,108,0
-8,-1,108,1
-167,-1,108,0
-163,-1,108,0
95,-1,108,3
46,-1,108,103
-121,-1,108,0
-86,-1,108,0
73,-1,108,31
3,-1,108,21
62,-1,108,0
-1,-1,108,0
-157,-1,108,0
156,-1,108,0
116,-1,108,0
55,-1,108,0
-142,-1,108,0
88,-1,108,0
170,-1,108,0
-103,-1,108,0
149,-1,108,0
-139,-1,108,0
-51,-1,108,0
-104,-1,108,0
-85,-1,108,0
-105,-1,108,0
-123,-1,108,0
-37,-1,108,1
-156,-1,108,0
-147,-1,108,0
140,-1,108,1
-13,-1,108,0
59,-1,108,0
-180,-1,108,0
-52,-1,108,0
-177,-1,108,0
-24,-1,108,0
-110,-1,108,0
66,-1,108,0
-130,-1,108,0
-82,-1,108,92
127,-1,108,107
67,-1,108,0
63,-1,108,0
43,-1,108,108
5,-1,108,107
119,-1,108,107
98,-1,108,108
-97,-1,108,1
171,-1,108,0
-116,-1,108,0
-173,-1,108,0
135,-1,108,107
132,-1,108,107
142,-1,108,0
-154,-1,108,0
-11,-1,108,1
75,-1,108,0
-178,-1,108,0
161,-1,108,0
79,-1,108,0
151,-1,108,0
163,-1,108,0
-108,-1,108,0
82,-1,108,0
-40,-1,108,107
-124,-1,108,0
-166,-1,108,0
-9,-1,108,1
-118,-1,108,0
-100,-1,108,0
76,-1,108,0
-135,-1,108,0
-106,0,108,0
103,0,108,108
4,0,108,96
134,0,108,0
-118,0,108,0
78,0,108,0
-91,0,108,108
-20,0,108,0
-89,0,108,108
129,0,108,107
73,0,108,31
158,0,108,0
70,0,108,0
49,0,108,42
-18,0,108,0
108,0,108,108
-164,0,108,0
105,0,108,107
156,0,108,0
0,0,108,51
121,0,108,107
-13,0,108,0
60,0,108,0
-140,0,108,0
-131,0,108,0
90,0,108,0
5,0,108,107
154,0,108,0
-43,0,108,64
-102,0,108,0
-6,0,108,105
164,0,108,0
-47,0,108,58
-5,0,108,105
-31,0,108,1
-41,0,108,14
-44,0,108,107
123,0,108,107
-4,0,108,51
125,0,108,107
81,0,108,0
58,0,108,0
133,0,108,107
96,0,108,108
64,0,108,0
50,0,108,43
-146,0,108,0
128,0,108,107
175,0,108,0
-156,0,108,0
-84,0,108,1
143,0,108,0
-8,0,108,106
174,0,108,0
162,0,108,0
-82,0,108,106
-27,0,108,0
-80,0,108,107
-11,0,108,107
131,0,108,107
147,0,108,0
54,0,108,0
-162,0,108,0
-166,0,108,0
173,0,108,0
-38,0,108,103
-29,0,108,0
104,0,108,108
-33,0,108,1
44,0,108,108
120,0,108,107
-7,0,108,105
160,0,108,0
-25,0,108,0
-161,0,108,0
-152,0,108,0
165,0,108,0
47,0,108,105
-40,0,108,104
-113,0,108,0
-153,0,108,0
-22,0,108,0
-163,0,108,0
86,0,108,0
135,0,108,107
137,0,108,1
-49,0,108,108
48,0,108,42
122,0,108,107
118,0,108,107
-48,0,108,108
-46,0,108,58
151,0,108,0
132,0,108,107
-120,0,108,0
46,0,108,105
68,0,108,0
45,0,108,108
-142,0,108,0
-167,0,108,0
42,0,108,108
72,0,108,31
79,0,108,0
136,0,108,2
1,0,108,57
109,0,108,107
6,0,108,107
-9,0,108,106
-110,0,108,0
51,0,108,43
-103,0,108,0
102,0,108,108
-42,0,108,64
169,0,108,0
-92,0,108,108
-12,0,108,107
-159,0,108,0
56,0,108,0
-175,0,108,0
66,0,108,0
146,0,108,3
-127,0,108,0
-34,0,108,1
150,0,108,0
-128,0,108,0
-112,0,108,0
-117,0,108,0
92,0,108,0
-124,0,108,0
-144,0,108,0
152,0,108,0
-122,0,108,0
-119,0,108,0
145,0,108,3
-168,0,108,0
-179,0,108,0
166,0,108,0
-100,0,108,0
-28,0,108,0
-129,0,108,0
-52,0,108,0
-139,0,108,0
172,0,108,0
-96,0,108,1
-165,0,108,0
83,0,108,0
10,0,108,0
-104,0,108,0
-154,0,108,0
87,0,108,0
-85,0,108,0
76,0,108,0
-180,0,108,0
168,0,108,0
-136,0,108,0
69,0,108,0
55,0,108,0
88,0,108,0
80,0,108,0
-149,0,108,0
-15,0,108,0
-157,0,108,0
-51,0,108,0
155,0,108,0
-101,0,108,0
-23,0,108,0
-109,0,108,0
178,0,108,0
-30,0,108,1
-79,0,108,0
65,0,108,0
-26,0,108,0
139,0,108,0
163,0,108,0
-39,0,108,104
-138,0,108,0
-108,0,108,0
140,0,108,0
-145,0,108,0
-176,0,108,0
43,0,108,108
98,0,108,108
2,0,108,57
-160,0,108,0
-123,0,108,0
95,0,108,107
106,0,108,107
-50,0,108,108
-170,0,108,0
167,0,108,0
-158,0,108,0
179,0,108,0
7,0,108,108
130,0,108,107
-97,0,108,1
126,0,108,107
-2,0,108,51
-19,0,108,0
124,0,108,107
-178,0,108,0
157,0,108,0
-174,0,108,0
117,0,108,101
107,0,108,104
138,0,108,0
85,0,108,0
-171,0,108,0
-87,0,108,0
127,0,108,107
57,0,108,0
-169,0,108,0
53,0,108,1
-135,0,108,0
97,0,108,108
9,0,108,108
-81,0,108,107
52,0,108,1
91,0,108,0
-83,0,108,1
71,0,108,31
-130,0,108,0
-90,0,108,108
159,0,108,0
-24,0,108,0
-147,0,108,0
-93,0,108,108
-132,0,108,0
63,0,108,0
-148,0,108,0
77,0,108,0
-1,0,108,55
89,0,108,0
144,0,108,0
-107,0,108,0
-177,0,108,0
-10,0,108,107
99,0,108,108
-115,0,108,0
176,0,108,0
-45,0,108,58
-114,0,108,0
-86,0,108,0
141,0,108,1
-105,0,108,0
94,0,108,3
-99,0,108,0
-35,0,108,1
-16,0,108,0
177,0,108,0
59,0,108,0
-151,0,108,0
-98,0,108,1
161,0,108,0
-125,0,108,0
142,0,108,0
-173,0,108,0
-121,0,108,0
-137,0,108,0
-116,0,108,0
-3,0,108,55
84,0,108,0
-111,0,108,0
93,0,108,3
8,0,108,108
82,0,108,0
171,0,108,0
119,0,108,107
-88,0,108,0
-141,0,108,0
62,0,108,0
-95,0,108,1
-21,0,108,0
75,0,108,0
3,0,108,105
-14,0,108,0
-133,0,108,0
149,0,108,0
-172,0,108,0
-36,0,108,1
-134,0,108,0
-37,0,108,0
-17,0,108,0
67,0,108,0
170,0,108,0
-143,0,108,0
-94,0,108,95
74,0,108,31
-155,0,108,0
-126,0,108,0
61,0,108,0
-150,0,108,0
-32,0,108,1
153,0,108,0
148,0,108,0
44,1,108,108
-20,1,108,0
-13,1,108,107
156,1,108,0
-153,1,108,0
-145,1,108,0
0,1,108,55
50,1,108,43
47,1,108,106
-152,1,108,0
81,1,108,0
168,1,108,0
43,1,108,107
144,1,108,0
135,1,108,0
146,1,108,3
-48,1,108,107
169,1,108,0
171,1,108,0
-39,1,108,12
172,1,108,0
130,1,108,106
-12,1,108,107
-81,1,108,107
-163,1,108,0
-149,1,108,0
127,1,108,107
107,1,108,104
101,1,108,108
-11,1,108,107
131,1,108,106
165,1,108,0
-44,1,108,107
-121,1,108,0
-164,1,108,0
84,1,108,0
-133,1,108,0
-150,1,108,0
-89,1,108,62
-107,1,108,0
-27,1,108,0
-157,1,108,0
45,1,108,108
-35,1,108,0
-108,1,108,0
-91,1,108,108
89,1,108,0
-168,1,108,0
105,1,108,108
143,1,108,0
-92,1,108,108
125,1,108,107
-41,1,108,13
174,1,108,0
-14,1,108,107
132,1,108,0
54,1,108,0
-8,1,108,107
-94,1,108,62
-122,1,108,0
151,1,108,0
-142,1,108,0
-125,1,108,0
-165,1,108,0
126,1,108,107
152,1,108,0
106,1,108,107
-104,1,108,0
2,1,108,105
-138,1,108,0
128,1,108,107
3,1,108,105
-177,1,108,0
118,1,108,102
-86,1,108,0
69,1,108,0
120,1,108,104
59,1,108,0
102,1,108,108
48,1,108,103
-43,1,108,58
98,1,108,108
-28,1,108,0
-105,1,108,0
-38,1,108,0
-84,1,108,1
-110,1,108,0
-79,1,108,107
155,1,108,0
-3,1,108,105
5,1,108,107
154,1,108,0
-170,1,108,0
60,1,108,0
74,1,108,30
56,1,108,0
150,1,108,0
-114,1,108,0
-137,1,108,0
-101,1,108,1
-33,1,108,1
-135,1,108,0
-46,1,108,59
-83,1,108,1
66,1,108,0
-22,1,108,0
-134,1,108,0
-106,1,108,0
-119,1,108,0
139,1,108,0
170,1,108,0
-116,1,108,0
-47,1,108,58
158,1,108,0
-17,1,108,0
-167,1,108,0
-130,1,108,0
4,1,108,96
85,1,108,0
62,1,108,0
-179,1,108,0
166,1,108,0
73,1,108,30
91,1,108,0
167,1,108,0
-18,1,108,0
147,1,108,3
-143,1,108,0
176,1,108,0
77,1,108,1
90,1,108,0
-113,1,108,0
87,1,108,0
-36,1,108,0
-126,1,108,0
-151,1,108,0
-159,1,108,0
159,1,108,0
179,1,108,0
-176,1,108,0
-160,1,108,0
-144,1,108,0
178,1,108,0
-85,1,108,0
162,1,108,0
136,1,108,0
-25,1,108,0
-19,1,108,0
63,1,108,0
153,1,108,0
57,1,108,0
-169,1,108,0
-146,1,108,0
133,1,108,0
161,1,108,0
-16,1,108,0
88,1,108,0
79,1,108,0
65,1,108,0
76,1,108,0
129,1,108,107
95,1,108,107
97,1,108,108
-166,1,108,0
-10,1,108,107
-29,1,108,0
61,1,108,0
-26,1,108,0
-158,1,108,0
-141,1,108,0
51,1,108,43
-147,1,108,0
103,1,108,108
67,1,108,0
110,1,108,108
68,1,108,0
142,1,108,0
163,1,108,0
-88,1,108,0
-45,1,108,58
99,1,108,0
-148,1,108,0
-80,1,108,108
58,1,108,0
-34,1,108,1
-23,1,108,0
-1,1,108,55
-42,1,108,13
138,1,108,0
-117,1,108,0
-5,1,108,107
6,1,108,107
104,1,108,108
-98,1,108,1
-154,1,108,0
-96,1,108,2
-40,1,108,12
149,1,108,0
-31,1,108,0
-140,1,108,0
83,1,108,0
123,1,108,107
109,1,108,108
-120,1,108,0
-93,1,108,108
-51,1,108,108
96,1,108,108
82,1,108,0
124,1,108,107
93,1,108,3
-6,1,108,107
49,1,108,105
1,1,108,107
-4,1,108,105
-123,1,108,0
-136,1,108,0
-30,1,108,0
122,1,108,107
-82,1,108,106
-9,1,108,107
134,1,108,0
145,1,108,3
8,1,108,108
-2,1,108,55
-87,1,108,0
-128,1,108,0
117,1,108,101
-171,1,108,0
119,1,108,107
-132,1,108,0
-112,1,108,0
78,1,108,1
137,1,108,0
-178,1,108,0
141,1,108,0
177,1,108,0
55,1,108,0
-118,1,108,0
-175,1,108,0
-7,1,108,107
164,1,108,0
52,1,108,0
-124,1,108,0
-131,1,108,0
-100,1,108,1
92,1,108,0
-127,1,108,0
-15,1,108,0
160,1,108,0
-174,1,108,0
70,1,108,0
-21,1,108,0
-115,1,108,0
173,1,108,0
-161,1,108,0
157,1,108,0
75,1,108,0
-139,1,108,0
-32,1,108,1
148,1,108,0
-172,1,108,0
-162,1,108,0
53,1,108,0
140,1,108,0
-156,1,108,0
46,1,108,108
121,1,108,107
-90,1,108,89
9,1,108,108
-111,1,108,0
-49,1,108,107
-95,1,108,1
72,1,108,30
111,1,108,108
-103,1,108,0
-173,1,108,0
100,1,108,0
7,1,108,107
-50,1,108,108
71,1,108,30
64,1,108,0
-24,1,108,0
108,1,108,108
175,1,108,0
80,1,108,0
-129,1,108,0
-102,1,108,0
-180,1,108,0
-109,1,108,0
94,1,108,4
-97,1,108,2
86,1,108,0
-99,1,108,1
-155,1,108,0
-37,1,108,0
1,2,108,107
47,2,108,108
-105,2,108,0
-112,2,108,0
-50,2,108,108
-158,2,108,0
3,2,108,107
-157,2,108,0
100,2,108,108
176,2,108,0
2,2,108,107
-11,2,108,107
-29,2,108,0
-12,2,108,107
70,2,108,0
99,2,108,108
-7,2,108,107
110,2,108,108
-103,2,108,0
-14,2,108,107
137,2,108,0
-117,2,108,0
-80,2,108,95
164,2,108,0
89,2,108,0
169,2,108,0
-168,2,108,0
-177,2,108,0
48,2,108,107
-33,2,108,0
-82,2,108,6
-27,2,108,0
-51,2,108,108
-6,2,108,107
-16,2,108,0
155,2,108,0
171,2,108,0
50,2,108,43
-89,2,108,0
-43,2,108,53
-90,2,108,38
-138,2,108,0
160,2,108,0
84,2,108,0
-178,2,108,0
120,2,108,103
105,2,108,108
-166,2,108,0
147,2,108,3
4,2,108,107
94,2,108,84
126,2,108,107
145,2,108,3
109,2,108,108
-5,2,108,107
85,2,108,0
-52,2,108,0
139,2,108,0
86,2,108,0
-104,2,108,0
154,2,108,0
-167,2,108,0
-95,2,108,1
-3,2,108,105
-121,2,108,0
149,2,108,0
138,2,108,0
101,2,108,108
127,2,108,107
-149,2,108,0
-107,2,108,0
118,2,108,101
125,2,108,107
172,2,108,0
93,2,108,3
52,2,108,0
-19,2,108,0
178,2,108,0
111,2,108,108
-154,2,108,0
64,2,108,0
49,2,108,105
107,2,108,104
-24,2,108,0
58,2,108,0
96,2,108,108
102,2,108,108
-150,2,108,0
-170,2,108,0
-4,2,108,105
-30,2,108,0
-21,2,108,0
106,2,108,107
-148,2,108,0
-45,2,108,58
132,2,108,0
90,2,108,0
-46,2,108,58
161,2,108,0
-36,2,108,0
72,2,108,30
-144,2,108,0
-9,2,108,107
119,2,108,107
-78,2,108,108
-165,2,108,0
-18,2,108,0
-180,2,108,0
-41,2,108,13
-10,2,108,107
112,2,108,106
-81,2,108,36
-120,2,108,0
-88,2,108,0
-151,2,108,0
129,2,108,107
130,2,108,107
140,2,108,0
-31,2,108,0
75,2,108,0
-97,2,108,2
97,2,108,108
170,2,108,0
-39,2,108,12
51,2,108,43
46,2,108,108
-93,2,108,66
153,2,108,0
-98,2,108,1
152,2,108,0
60,2,108,0
-136,2,108,0
156,2,108,0
-133,2,108,0
-111,2,108,0
-172,2,108,0
146,2,108,3
81,2,108,1
-176,2,108,0
134,2,108,0
-96,2,108,2
-114,2,108,0
-109,2,108,0
-125,2,108,0
-169,2,108,0
62,2,108,0
-94,2,108,4
142,2,108,0
-175,2,108,0
133,2,108,0
87,2,108,0
-162,2,108,0
-140,2,108,0
131,2,108,0
10,2,108,0
63,2,108,0
-113,2,108,0
-141,2,108,0
-99,2,108,1
-129,2,108,0
-17,2,108,0
-34,2,108,0
-85,2,108,0
-127,2,108,0
150,2,108,0
-86,2,108,0
-28,2,108,0
-83,2,108,0
-139,2,108,0
-171,2,108,0
80,2,108,1
162,2,108,0
67,2,108,0
-84,2,108,0
-147,2,108,0
45,2,108,108
124,2,108,107
-118,2,108,0
66,2,108,0
151,2,108,0
-32,2,108,0
-79,2,108,95
-8,2,108,107
168,2,108,0
117,2,108,108
7,2,108,108
-137,2,108,0
6,2,108,107
82,2,108,1
135,2,108,0
179,2,108,0
-48,2,108,107
-47,2,108,107
103,2,108,108
-124,2,108,0
-142,2,108,0
92,2,108,0
-143,2,108,0
71,2,108,0
-49,2,108,108
122,2,108,106
174,2,108,0
-160,2,108,0
-13,2,108,107
88,2,108,0
-152,2,108,0
5,2,108,107
8,2,108,108
79,2,108,0
54,2,108,1
123,2,108,107
-37,2,108,0
56,2,108,1
-110,2,108,0
136,2,108,0
-44,2,108,58
-92,2,108,66
173,2,108,0
-122,2,108,0
-146,2,108,0
143,2,108,0
108,2,108,103
-102,2,108,0
-128,2,108,0
74,2,108,30
-126,2,108,0
-106,2,108,0
53,2,108,0
-23,2,108,0
-115,2,108,0
-22,2,108,0
104,2,108,108
-163,2,108,0
159,2,108,0
-42,2,108,13
-153,2,108,0
-119,2,108,0
95,2,108,108
-134,2,108,0
148,2,108,0
165,2,108,0
128,2,108,107
9,2,108,108
-26,2,108,0
-156,2,108,0
177,2,108,0
-40,2,108,12
-130,2,108,0
141,2,108,0
163,2,108,0
57,2,108,0
55,2,108,1
-155,2,108,0
-159,2,108,0
175,2,108,0
91,2,108,0
-15,2,108,0
-132,2,108,0
65,2,108,0
-101,2,108,1
61,2,108,0
-35,2,108,0
157,2,108,0
-161,2,108,0
-116,2,108,0
-145,2,108,0
0,2,108,107
78,2,108,1
-20,2,108,0
-2,2,108,55
98,2,108,108
144,2,108,3
-164,2,108,0
69,2,108,0
-108,2,108,0
-123,2,108,0
76,2,108,1
-179,2,108,0
-135,2,108,0
-91,2,108,38
121,2,108,106
59,2,108,0
-1,2,108,55
-38,2,108,0
-25,2,108,0
-173,2,108,0
-174,2,108,0
77,2,108,1
-131,2,108,0
68,2,108,0
166,2,108,0
-100,2,108,1
-87,2,108,0
167,2,108,0
73,2,108,30
158,2,108,0
83,2,108,1
-132,3,108,0
7,3,108,108
178,3,108,0
125,3,108,107
150,3,108,0
-4,3,108,107
-10,3,108,108
50,3,108,105
134,3,108,0
-164,3,108,0
-49,3,108,108
-91,3,108,0
171,3,108,0
124,3,108,107
-107,3,108,0
89,3,108,0
93,3,108,3
-30,3,108,0
101,3,108,108
-39,3,108,12
-171,3,108,0
-111,3,108,0
-12,3,108,107
119,3,108,108
-48,3,108,104
-109,3,108,0
137,3,108,0
-108,3,108,0
-112,3,108,0
3,3,108,107
177,3,108,0
105,3,108,106
74,3,108,30
-2,3,108,55
82,3,108,1
-135,3,108,0
67,3,108,0
149,3,108,0
160,3,108,0
-50,3,108,108
-52,3,108,108
61,3,108,0
127,3,108,107
6,3,108,108
-175,3,108,0
76,3,108,1
10,3,108,0
146,3,108,3
97,3,108,108
-25,3,108,0
-102,3,108,0
59,3,108,0
-144,3,108,0
-114,3,108,0
71,3,108,0
108,3,108,103
-84,3,108,0
153,3,108,0
167,3,108,0
47,3,108,108
62,3,108,0
-87,3,108,0
168,3,108,0
104,3,108,106
162,3,108,0
-83,3,108,0
-139,3,108,0
-100,3,108,1
-121,3,108,0
-151,3,108,0
-162,3,108,0
-120,3,108,0
81,3,108,1
51,3,108,43
86,3,108,0
-90,3,108,0
-46,3,108,53
-104,3,108,0
99,3,108,108
-127,3,108,0
136,3,108,0
98,3,108,108
96,3,108,108
145,3,108,3
-18,3,108,0
109,3,108,108
-115,3,108,0
156,3,108,0
176,3,108,0
5,3,108,108
-180,3,108,0
-51,3,108,108
-21,3,108,0
55,3,108,1
103,3,108,108
111,3,108,108
52,3,108,43
-37,3,108,0
70,3,108,0
-78,3,108,108
126,3,108,107
170,3,108,0
58,3,108,0
132,3,108,0
-118,3,108,0
63,3,108,0
131,3,108,0
-167,3,108,0
-98,3,108,1
-105,3,108,0
135,3,108,0
54,3,108,1
80,3,108,2
144,3,108,3
-130,3,108,0
79,3,108,2
-126,3,108,0
142,3,108,0
-101,3,108,1
165,3,108,0
-106,3,108,0
-110,3,108,0
-94,3,108,1
-129,3,108,0
116,3,108,0
-166,3,108,0
-173,3,108,0
-147,3,108,0
-165,3,108,0
-81,3,108,4
130,3,108,0
-89,3,108,0
53,3,108,0
-152,3,108,0
164,3,108,0
64,3,108,0
-24,3,108,0
-123,3,108,0
-77,3,108,0
-93,3,108,0
75,3,108,0
88,3,108,0
-150,3,108,0
-86,3,108,0
138,3,108,0
139,3,108,0
-134,3,108,0
-15,3,108,0
-157,3,108,0
85,3,108,0
-149,3,108,0
169,3,108,0
-31,3,108,0
158,3,108,0
-153,3,108,0
-17,3,108,0
175,3,108,0
-28,3,108,0
106,3,108,106
117,3,108,108
-92,3,108,0
-88,3,108,0
49,3,108,105
113,3,108,108
-154,3,108,0
157,3,108,0
-137,3,108,0
100,3,108,108
56,3,108,1
-131,3,108,0
-113,3,108,0
128,3,108,107
77,3,108,1
66,3,108,0
0,3,108,107
-3,3,108,55
-160,3,108,0
-29,3,108,0
-34,3,108,0
173,3,108,0
-159,3,108,0
-117,3,108,0
118,3,108,108
129,3,108,0
68,3,108,0
-80,3,108,57
-1,3,108,55
155,3,108,0
-13,3,108,107
166,3,108,0
-99,3,108,1
-156,3,108,0
69,3,108,0
-119,3,108,0
-146,3,108,0
-19,3,108,0
46,3,108,108
-122,3,108,0
2,3,108,107
-11,3,108,107
-9,3,108,107
133,3,108,0
-47,3,108,104
123,3,108,107
-8,3,108,107
112,3,108,108
-79,3,108,56
1,3,108,107
-35,3,108,0
-40,3,108,12
152,3,108,0
-143,3,108,0
9,3,108,108
-5,3,108,107
-23,3,108,0
-43,3,108,53
122,3,108,106
95,3,108,108
84,3,108,0
-161,3,108,0
-155,3,108,0
179,3,108,0
-170,3,108,0
151,3,108,0
-125,3,108,0
154,3,108,0
-138,3,108,0
159,3,108,0
-42,3,108,12
-45,3,108,53
143,3,108,0
-95,3,108,1
-179,3,108,0
148,3,108,0
-148,3,108,0
-116,3,108,0
83,3,108,1
-145,3,108,0
172,3,108,0
147,3,108,3
-177,3,108,0
-136,3,108,0
-96,3,108,2
-172,3,108,0
174,3,108,0
-36,3,108,0
-169,3,108,0
-128,3,108,0
-174,3,108,0
-168,3,108,0
-178,3,108,0
-33,3,108,0
140,3,108,0
-133,3,108,0
65,3,108,0
87,3,108,0
-142,3,108,0
60,3,108,0
4,3,108,108
-32,3,108,0
141,3,108,0
-163,3,108,0
-82,3,108,0
-85,3,108,0
161,3,108,0
-97,3,108,2
120,3,108,108
8,3,108,108
-22,3,108,0
78,3,108,2
121,3,108,106
-158,3,108,0
-6,3,108,107
72,3,108,30
-141,3,108,0
107,3,108,104
48,3,108,108
73,3,108,30
-7,3,108,106
-26,3,108,0
-103,3,108,0
-38,3,108,0
-14,3,108,107
90,3,108,0
163,3,108,0
94,3,108,85
-140,3,108,0
-16,3,108,107
-124,3,108,0
-44,3,108,53
-41,3,108,13
110,3,108,108
-20,3,108,0
-27,3,108,0
-176,3,108,0
91,3,108,0
92,3,108,0
57,3,108,0
-1,4,108,108
175,4,108,0
-32,4,108,0
97,4,108,108
-111,4,108,0
-43,4,108,53
-99,4,108,1
49,4,108,108
-20,4,108,0
-175,4,108,0
106,4,108,87
-4,4,108,108
118,4,108,108
-121,4,108,0
165,4,108,0
-153,4,108,0
-51,4,108,108
-12,4,108,107
157,4,108,1
-137,4,108,0
-22,4,108,0
59,4,108,0
-89,4,108,0
108,4,108,103
-179,4,108,0
-140,4,108,0
-7,4,108,107
-155,4,108,0
-171,4,108,0
173,4,108,0
56,4,108,1
-119,4,108,0
103,4,108,108
74,4,108,30
150,4,108,0
-100,4,108,1
-17,4,108,107
68,4,108,0
8,4,108,108
115,4,108,107
1,4,108,107
-23,4,108,0
-45,4,108,53
-124,4,108,0
151,4,108,0
141,4,108,0
84,4,108,0
120,4,108,108
-97,4,108,2
-50,4,108,107
-26,4,108,0
98,4,108,108
-118,4,108,0
104,4,108,106
6,4,108,108
145,4,108,3
-120,4,108,0
169,4,108,0
-16,4,108,107
-81,4,108,1
109,4,108,103
9,4,108,108
-6,4,108,108
-3,4,108,108
107,4,108,104
105,4,108,106
47,4,108,108
124,4,108,107
79,4,108,3
62,4,108,0
-126,4,108,0
131,4,108,0
112,4,108,108
-10,4,108,108
128,4,108,106
83,4,108,1
-88,4,108,0
-159,4,108,0
-48,4,108,104
53,4,108,1
123,4,108,107
99,4,108,108
48,4,108,108
85,4,108,0
93,4,108,108
117,4,108,108
-90,4,108,0
-41,4,108,13
4,4,108,108
67,4,108,0
166,4,108,0
-25,4,108,0
121,4,108,107
-37,4,108,0
-46,4,108,52
-80,4,108,49
-132,4,108,0
178,4,108,0
100,4,108,108
-157,4,108,0
-18,4,108,0
177,4,108,0
69,4,108,0
-139,4,108,0
-14,4,108,107
-13,4,108,107
-49,4,108,108
-109,4,108,0
66,4,108,0
55,4,108,1
51,4,108,43
127,4,108,106
-146,4,108,0
-82,4,108,1
95,4,108,108
-127,4,108,0
149,4,108,0
129,4,108,0
-163,4,108,0
-79,4,108,49
-35,4,108,0
-164,4,108,0
140,4,108,0
-91,4,108,0
76,4,108,1
-102,4,108,0
-169,4,108,0
-133,4,108,0
148,4,108,0
-87,4,108,0
82,4,108,1
-165,4,108,0
143,4,108,0
147,4,108,0
174,4,108,0
-40,4,108,12
-93,4,108,0
64,4,108,0
155,4,108,0
-92,4,108,0
-108,4,108,0
-84,4,108,0
-123,4,108,0
-134,4,108,0
144,4,108,3
-83,4,108,0
158,4,108,1
-129,4,108,0
176,4,108,0
65,4,108,0
71,4,108,0
90,4,108,0
-98,4,108,1
-117,4,108,0
89,4,108,0
-85,4,108,0
171,4,108,0
-24,4,108,0
-160,4,108,0
-107,4,108,0
92,4,108,0
-115,4,108,0
-95,4,108,1
137,4,108,0
142,4,108,0
101,4,108,0
60,4,108,0
-158,4,108,0
86,4,108,0
-147,4,108,0
-149,4,108,0
164,4,108,0
-36,4,108,0
-144,4,108,0
2,4,108,107
114,4,108,108
70,4,108,0
-15,4,108,107
-136,4,108,0
160,4,108,0
167,4,108,0
87,4,108,0
81,4,108,3
-77,4,108,0
170,4,108,0
-2,4,108,108
-151,4,108,0
-31,4,108,0
73,4,108,30
-34,4,108,0
-167,4,108,0
111,4,108,108
-28,4,108,0
139,4,108,0
-38,4,108,0
-178,4,108,0
7,4,108,108
94,4,108,108
-166,4,108,0
-47,4,108,104
-42,4,108,12
-180,4,108,0
80,4,108,4
133,4,108,0
63,4,108,0
113,4,108,108
3,4,108,107
-19,4,108,0
153,4,108,0
-130,4,108,0
-128,4,108,0
146,4,108,3
-53,4,108,108
126,4,108,107
162,4,108,0
-11,4,108,107
135,4,108,0
-78,4,108,108
134,4,108,0
-44,4,108,53
-173,4,108,0
-106,4,108,0
77,4,108,1
-142,4,108,0
-103,4,108,0
179,4,108,0
-113,4,108,0
163,4,108,0
-52,4,108,108
-154,4,108,0
152,4,108,0
161,4,108,0
-131,4,108,0
-161,4,108,0
132,4,108,0
-112,4,108,0
5,4,108,108
-176,4,108,0
122,4,108,107
-9,4,108,107
-172,4,108,0
58,4,108,0
-39,4,108,12
156,4,108,1
0,4,108,108
168,4,108,0
50,4,108,108
-145,4,108,0
72,4,108,30
75,4,108,0
138,4,108,0
-156,4,108,0
159,4,108,1
-104,4,108,0
-21,4,108,0
136,4,108,0
-101,4,108,1
-125,4,108,0
-122,4,108,0
-110,4,108,0
-152,4,108,0
172,4,108,0
-141,4,108,0
-135,4,108,0
-114,4,108,0
-174,4,108,0
130,4,108,0
-30,4,108,0
-29,4,108,0
-138,4,108,0
-162,4,108,0
-150,4,108,0
61,4,108,0
154,4,108,0
-177,4,108,0
-8,4,108,108
110,4,108,0
52,4,108,43
91,4,108,0
-33,4,108,0
-148,4,108,0
119,4,108,108
57,4,108,0
-5,4,108,108
96,4,108,108
-94,4,108,1
-168,4,108,0
54,4,108,1
-143,4,108,0
88,4,108,0
125,4,108,107
78,4,108,3
-27,4,108,0
-96,4,108,2
-170,4,108,0
-105,4,108,0
-116,4,108,0
-86,4,108,0
170,5,108,0
85,5,108,0
1,5,108,108
111,5,108,107
146,5,108,3
-123,5,108,0
-37,5,108,0
-140,5,108,0
-149,5,108,0
-152,5,108,0
-107,5,108,0
-58,5,108,88
52,5,108,43
-52,5,108,108
-20,5,108,0
-2,5,108,108
80,5,108,108
-46,5,108,52
132,5,108,0
82,5,108,108
149,5,108,0
-119,5,108,0
71,5,108,31
-100,5,108,1
-30,5,108,0
3,5,108,108
98,5,108,108
165,5,108,0
-104,5,108,0
-147,5,108,0
-150,5,108,0
56,5,108,1
-175,5,108,0
-1,5,108,108
112,5,108,107
168,5,108,1
117,5,108,108
-80,5,108,49
68,5,108,0
-86,5,108,0
-125,5,108,0
104,5,108,106
87,5,108,0
-12,5,108,108
173,5,108,0
145,5,108,0
2,5,108,108
-96,5,108,2
74,5,108,31
76,5,108,1
-49,5,108,108
-108,5,108,0
-51,5,108,108
131,5,108,0
-138,5,108,0
102,5,108,108
-18,5,108,0
-54,5,108,108
-31,5,108,0
157,5,108,1
-174,5,108,0
127,5,108,106
95,5,108,108
103,5,108,108
172,5,108,0
-45,5,108,53
134,5,108,32
100,5,108,108
-99,5,108,1
-145,5,108,0
-40,5,108,12
48,5,108,108
-29,5,108,0
142,5,108,0
-78,5,108,108
108,5,108,0
94,5,108,108
121,5,108,105
153,5,108,1
-178,5,108,0
-144,5,108,0
-114,5,108,0
143,5,108,0
-137,5,108,0
126,5,108,108
-164,5,108,0
-27,5,108,0
125,5,108,108
-84,5,108,0
-5,5,108,108
120,5,108,108
156,5,108,1
-32,5,108,0
124,5,108,108
114,5,108,108
4,5,108,108
91,5,108,2
63,5,108,0
-48,5,108,104
-36,5,108,0
116,5,108,108
97,5,108,108
-43,5,108,13
72,5,108,32
-79,5,108,49
150,5,108,1
-177,5,108,0
78,5,108,94
-139,5,108,0
123,5,108,108
147,5,108,0
175,5,108,0
-110,5,108,0
160,5,108,0
-163,5,108,0
-126,5,108,0
-39,5,108,12
79,5,108,95
-22,5,108,0
-47,5,108,104
99,5,108,108
105,5,108,106
129,5,108,1
107,5,108,0
-42,5,108,12
-44,5,108,12
164,5,108,0
-172,5,108,0
-17,5,108,107
-167,5,108,0
137,5,108,0
136,5,108,0
61,5,108,0
-179,5,108,0
-146,5,108,0
-95,5,108,1
109,5,108,0
166,5,108,0
138,5,108,0
-82,5,108,1
-111,5,108,0
133,5,108,0
-28,5,108,0
66,5,108,0
-134,5,108,0
148,5,108,0
169,5,108,1
-101,5,108,1
163,5,108,0
-81,5,108,1
-143,5,108,0
59,5,108,0
67,5,108,0
86,5,108,0
-160,5,108,0
-166,5,108,0
-133,5,108,0
64,5,108,0
-116,5,108,0
106,5,108,0
88,5,108,0
-120,5,108,0
-89,5,108,0
-155,5,108,0
-121,5,108,0
-109,5,108,0
161,5,108,0
158,5,108,1
-50,5,108,107
-11,5,108,108
141,5,108,0
177,5,108,0
-3,5,108,108
81,5,108,108
-38,5,108,0
84,5,108,0
65,5,108,0
-55,5,108,108
115,5,108,108
-9,5,108,0
176,5,108,0
-169,5,108,0
162,5,108,0
151,5,108,1
-16,5,108,107
-7,5,108,0
130,5,108,1
69,5,108,0
-151,5,108,0
-91,5,108,0
178,5,108,0
171,5,108,0
62,5,108,0
8,5,108,0
92,5,108,3
113,5,108,108
119,5,108,108
-21,5,108,0
51,5,108,43
-157,5,108,0
89,5,108,0
-124,5,108,0
-94,5,108,1
-92,5,108,0
-97,5,108,2
-4,5,108,108
-141,5,108,0
-136,5,108,0
57,5,108,0
-176,5,108,0
118,5,108,108
-23,5,108,0
155,5,108,0
154,5,108,0
122,5,108,108
-180,5,108,0
-14,5,108,107
-113,5,108,0
54,5,108,1
53,5,108,1
-35,5,108,0
-170,5,108,0
-34,5,108,0
-117,5,108,0
-85,5,108,0
55,5,108,1
-56,5,108,108
-128,5,108,0
-10,5,108,108
128,5,108,106
5,5,108,108
-19,5,108,0
-102,5,108,0
90,5,108,2
-112,5,108,0
-142,5,108,0
-161,5,108,0
-132,5,108,0
-173,5,108,0
75,5,108,31
-98,5,108,1
-131,5,108,0
-6,5,108,108
135,5,108,0
-87,5,108,0
-53,5,108,108
-103,5,108,0
-41,5,108,13
77,5,108,1
-156,5,108,0
70,5,108,0
-26,5,108,0
-153,5,108,0
-129,5,108,0
-168,5,108,0
-130,5,108,0
139,5,108,0
144,5,108,0
140,5,108,0
58,5,108,0
-90,5,108,0
-148,5,108,0
-88,5,108,0
-127,5,108,0
110,5,108,0
-57,5,108,108
-106,5,108,0
96,5,108,108
49,5,108,108
152,5,108,1
-115,5,108,0
-171,5,108,0
-24,5,108,0
-118,5,108,0
-105,5,108,0
0,5,108,108
-154,5,108,0
-13,5,108,108
-162,5,108,0
93,5,108,108
-165,5,108,0
50,5,108,108
-83,5,108,1
-33,5,108,0
174,5,108,0
-15,5,108,107
83,5,108,97
-158,5,108,0
-122,5,108,0
73,5,108,32
-93,5,108,0
167,5,108,1
159,5,108,1
-159,5,108,0
-135,5,108,0
179,5,108,0
60,5,108,0
-25,5,108,0
-11,6,108,108
149,6,108,0
-82,6,108,108
-127,6,108,0
51,6,108,43
-27,6,108,0
-32,6,108,0
102,6,108,108
-139,6,108,0
-165,6,108,0
-17,6,108,107
-96,6,108,2
158,6,108,1
103,6,108,108
165,6,108,0
50,6,108,106
179,6,108,0
-122,6,108,0
-169,6,108,0
66,6,108,0
-50,6,108,104
-24,6,108,0
-118,6,108,0
-174,6,108,0
-155,6,108,0
-164,6,108,0
157,6,108,1
118,6,108,108
-47,6,108,13
80,6,108,108
74,6,108,31
-81,6,108,108
-49,6,108,104
-15,6,108,108
-152,6,108,0
-21,6,108,0
-53,6,108,108
-180,6,108,0
161,6,108,0
104,6,108,108
-149,6,108,0
96,6,108,107
-39,6,108,0
-134,6,108,0
114,6,108,108
-19,6,108,107
-156,6,108,0
-90,6,108,0
-18,6,108,107
49,6,108,108
117,6,108,108
135,6,108,32
-42,6,108,0
4,6,108,108
-135,6,108,0
-138,6,108,0
-178,6,108,0
112,6,108,0
147,6,108,0
123,6,108,108
171,6,108,0
170,6,108,0
-115,6,108,0
162,6,108,0
126,6,108,108
178,6,108,0
-94,6,108,1
-168,6,108,0
-99,6,108,1
155,6,108,0
-55,6,108,108
-146,6,108,0
-54,6,108,108
169,6,108,1
-140,6,108,0
53,6,108,1
55,6,108,1
-58,6,108,90
72,6,108,32
93,6,108,108
115,6,108,108
99,6,108,108
119,6,108,107
67,6,108,0
-37,6,108,0
-170,6,108,0
61,6,108,0
-160,6,108,0
-13,6,108,108
-51,6,108,108
105,6,108,105
-109,6,108,0
-12,6,108,108
83,6,108,99
-114,6,108,0
63,6,108,0
-112,6,108,0
-159,6,108,0
79,6,108,97
-78,6,108,106
-85,6,108,1
87,6,108,0
76,6,108,3
-154,6,108,0
-167,6,108,0
128,6,108,54
-108,6,108,0
59,6,108,0
-117,6,108,0
-113,6,108,0
-25,6,108,0
-92,6,108,0
70,6,108,31
163,6,108,0
-179,6,108,0
-171,6,108,0
54,6,108,1
64,6,108,0
71,6,108,31
176,6,108,0
-105,6,108,0
159,6,108,1
-95,6,108,1
-45,6,108,13
-147,6,108,0
-88,6,108,0
-145,6,108,0
85,6,108,0
-87,6,108,0
-22,6,108,0
-110,6,108,0
78,6,108,4
-148,6,108,0
154,6,108,0
-125,6,108,0
-93,6,108,0
89,6,108,0
90,6,108,2
91,6,108,2
167,6,108,1
172,6,108,0
110,6,108,0
-143,6,108,0
-141,6,108,0
151,6,108,1
-121,6,108,0
-34,6,108,0
-175,6,108,0
58,6,108,0
84,6,108,0
-30,6,108,0
60,6,108,0
57,6,108,0
-104,6,108,0
-89,6,108,0
137,6,108,0
5,6,108,0
-33,6,108,0
-40,6,108,0
-150,6,108,0
111,6,108,0
139,6,108,0
174,6,108,0
-173,6,108,0
-142,6,108,0
-36,6,108,0
-119,6,108,0
177,6,108,0
113,6,108,10
-80,6,108,108
88,6,108,0
3,6,108,108
100,6,108,108
134,6,108,32
92,6,108,107
-136,6,108,0
-123,6,108,0
-57,6,108,108
164,6,108,0
-83,6,108,85
101,6,108,108
106,6,108,1
-16,6,108,107
142,6,108,0
132,6,108,32
-91,6,108,0
160,6,108,0
173,6,108,0
146,6,108,0
1,6,108,108
-157,6,108,0
-166,6,108,0
116,6,108,108
-106,6,108,0
-133,6,108,0
-28,6,108,0
81,6,108,108
94,6,108,108
148,6,108,0
-43,6,108,12
127,6,108,54
156,6,108,1
65,6,108,0
133,6,108,32
73,6,108,32
109,6,108,0
-31,6,108,0
-41,6,108,0
124,6,108,108
136,6,108,0
144,6,108,0
2,6,108,108
168,6,108,1
125,6,108,108
77,6,108,3
131,6,108,0
-23,6,108,0
-26,6,108,0
140,6,108,0
-14,6,108,108
62,6,108,0
82,6,108,108
68,6,108,0
-52,6,108,108
-176,6,108,0
-98,6,108,1
97,6,108,108
141,6,108,0
-177,6,108,0
-172,6,108,0
130,6,108,1
56,6,108,1
145,6,108,0
129,6,108,1
-162,6,108,0
153,6,108,1
150,6,108,1
-132,6,108,0
-158,6,108,0
-151,6,108,0
-137,6,108,0
-124,6,108,0
-111,6,108,0
-144,6,108,0
-116,6,108,0
-120,6,108,0
86,6,108,0
-103,6,108,0
138,6,108,0
-153,6,108,0
143,6,108,0
107,6,108,0
-59,6,108,90
-44,6,108,12
-130,6,108,0
-56,6,108,108
-35,6,108,0
52,6,108,43
75,6,108,32
120,6,108,108
-84,6,108,84
121,6,108,108
48,6,108,108
-128,6,108,0
-79,6,108,108
-46,6,108,12
122,6,108,108
152,6,108,1
98,6,108,108
-161,6,108,0
0,6,108,0
-97,6,108,1
-38,6,108,0
-102,6,108,0
-29,6,108,0
-129,6,108,0
-107,6,108,0
-48,6,108,13
95,6,108,108
-126,6,108,0
-86,6,108,0
-20,6,108,0
175,6,108,0
108,6,108,0
-100,6,108,1
-101,6,108,1
166,6,108,0
-163,6,108,0
-131,6,108,0
69,6,108,0
-148,7,108,0
-50,7,108,65
-99,7,108,1
73,7,108,32
147,7,108,0
156,7,108,1
82,7,108,108
66,7,108,0
-87,7,108,1
174,7,108,0
152,7,108,1
-52,7,108,108
122,7,108,108
-12,7,108,108
108,7,108,2
151,7,108,1
87,7,108,0
140,7,108,0
-136,7,108,0
124,7,108,108
121,7,108,108
-83,7,108,108
168,7,108,1
97,7,108,108
-176,7,108,0
-31,7,108,0
95,7,108,79
101,7,108,108
49,7,108,108
128,7,108,1
149,7,108,1
76,7,108,91
-81,7,108,108
157,7,108,1
99,7,108,108
-108,7,108,0
-54,7,108,108
142,7,108,0
130,7,108,1
-60,7,108,108
135,7,108,32
109,7,108,0
172,7,108,0
178,7,108,0
98,7,108,108
125,7,108,108
-79,7,108,108
177,7,108,0
-46,7,108,0
-168,7,108,0
-27,7,108,0
-162,7,108,0
-43,7,108,0
127,7,108,108
-16,7,108,107
-133,7,108,0
-115,7,108,0
161,7,108,0
-30,7,108,0
-58,7,108,90
-109,7,108,0
72,7,108,31
103,7,108,108
-96,7,108,2
136,7,108,0
-137,7,108,0
-159,7,108,0
-78,7,108,108
81,7,108,108
169,7,108,1
-82,7,108,108
-145,7,108,0
75,7,108,67
-140,7,108,0
-139,7,108,0
150,7,108,1
-119,7,108,0
137,7,108,1
-15,7,108,108
50,7,108,108
-155,7,108,0
115,7,108,1
-131,7,108,0
-28,7,108,0
-85,7,108,107
78,7,108,107
134,7,108,32
-24,7,108,0
55,7,108,1
-38,7,108,0
165,7,108,0
-84,7,108,108
-48,7,108,64
77,7,108,108
-59,7,108,108
89,7,108,0
173,7,108,0
-161,7,108,0
171,7,108,0
-26,7,108,0
68,7,108,1
-13,7,108,108
58,7,108,0
-154,7,108,0
-127,7,108,0
-151,7,108,0
51,7,108,59
119,7,108,107
163,7,108,0
63,7,108,0
-121,7,108,0
138,7,108,1
-156,7,108,0
166,7,108,0
-128,7,108,0
-80,7,108,108
83,7,108,105
117,7,108,108
-14,7,108,108
-98,7,108,1
-130,7,108,0
123,7,108,108
52,7,108,43
-129,7,108,0
-106,7,108,0
100,7,108,108
164,7,108,0
-113,7,108,0
-134,7,108,0
-179,7,108,0
167,7,108,1
90,7,108,2
-39,7,108,0
-95,7,108,1
158,7,108,1
-101,7,108,1
-45,7,108,0
-112,7,108,0
-103,7,108,0
-93,7,108,0
143,7,108,0
53,7,108,1
-33,7,108,0
86,7,108,0
144,7,108,0
-163,7,108,0
85,7,108,0
114,7,108,1
-92,7,108,0
-44,7,108,0
175,7,108,0
91,7,108,2
-32,7,108,0
-143,7,108,0
155,7,108,0
-107,7,108,0
-158,7,108,0
-132,7,108,0
-164,7,108,0
-171,7,108,0
-42,7,108,0
-102,7,108,0
141,7,108,0
-123,7,108,0
162,7,108,0
88,7,108,0
-104,7,108,0
-153,7,108,0
-172,7,108,0
110,7,108,0
-165,7,108,0
-180,7,108,0
154,7,108,0
-49,7,108,64
-77,7,108,106
-91,7,108,0
79,7,108,108
-56,7,108,107
179,7,108,0
-152,7,108,0
-57,7,108,107
-36,7,108,0
116,7,108,108
-20,7,108,0
61,7,108,0
64,7,108,0
60,7,108,0
105,7,108,108
-53,7,108,108
-175,7,108,0
118,7,108,108
102,7,108,108
-126,7,108,0
159,7,108,1
96,7,108,106
106,7,108,104
-97,7,108,1
107,7,108,4
-125,7,108,0
132,7,108,32
94,7,108,107
93,7,108,107
62,7,108,0
69,7,108,0
104,7,108,108
-114,7,108,0
-178,7,108,0
-116,7,108,0
-124,7,108,0
-37,7,108,0
112,7,108,0
-21,7,108,0
-51,7,108,65
-25,7,108,0
-18,7,108,107
-22,7,108,0
-147,7,108,0
-142,7,108,0
129,7,108,1
-122,7,108,0
-111,7,108,0
-110,7,108,0
-35,7,108,0
-17,7,108,107
145,7,108,0
146,7,108,0
-55,7,108,107
176,7,108,0
-100,7,108,1
-90,7,108,0
-141,7,108,0
-173,7,108,0
-146,7,108,0
-149,7,108,0
71,7,108,31
-174,7,108,0
56,7,108,0
-120,7,108,0
84,7,108,0
-167,7,108,0
-160,7,108,0
-86,7,108,1
-40,7,108,0
-169,7,108,0
148,7,108,0
113,7,108,0
54,7,108,1
65,7,108,0
-177,7,108,0
-144,7,108,0
-105,7,108,0
-89,7,108,0
-118,7,108,0
-41,7,108,0
170,7,108,1
-19,7,108,107
153,7,108,1
70,7,108,0
67,7,108,1
-157,7,108,0
160,7,108,0
111,7,108,0
74,7,108,31
59,7,108,0
126,7,108,108
133,7,108,32
-94,7,108,1
57,7,108,0
92,7,108,107
-23,7,108,0
-34,7,108,0
-117,7,108,0
-138,7,108,0
120,7,108,108
-29,7,108,0
-170,7,108,0
139,7,108,1
-166,7,108,0
-150,7,108,0
-135,7,108,0
-88,7,108,0
131,7,108,1
-47,7,108,0
-154,8,108,0
113,8,108,0
-14,8,108,108
101,8,108,108
107,8,108,4
-17,8,108,107
93,8,108,107
-60,8,108,108
50,8,108,108
152,8,108,1
-170,8,108,0
65,8,108,0
174,8,108,0
-140,8,108,0
77,8,108,108
87,8,108,0
51,8,108,108
140,8,108,0
-16,8,108,107
102,8,108,108
104,8,108,108
-85,8,108,108
-49,8,108,2
-94,8,108,1
56,8,108,0
-96,8,108,2
-79,8,108,108
58,8,108,0
-110,8,108,0
-53,8,108,104
-175,8,108,0
-61,8,108,108
-82,8,108,106
119,8,108,107
96,8,108,106
-129,8,108,0
122,8,108,108
-34,8,108,0
-47,8,108,0
-20,8,108,0
82,8,108,107
-93,8,108,1
125,8,108,108
95,8,108,79
-163,8,108,0
112,8,108,1
97,8,108,108
79,8,108,108
-33,8,108,0
-176,8,108,0
105,8,108,108
-149,8,108,0
-43,8,108,0
-54,8,108,104
-165,8,108,0
-135,8,108,0
94,8,108,107
121,8,108,108
-27,8,108,0
106,8,108,108
81,8,108,108
-88,8,108,11
-59,8,108,108
163,8,108,0
-86,8,108,108
74,8,108,11
-87,8,108,108
-78,8,108,108
55,8,108,1
75,8,108,108
-114,8,108,0
49,8,108,108
-105,8,108,0
-45,8,108,0
-29,8,108,0
154,8,108,0
179,8,108,0
-174,8,108,0
53,8,108,105
88,8,108,0
-109,8,108,0
120,8,108,108
169,8,108,1
160,8,108,1
133,8,108,32
-18,8,108,107
-25,8,108,0
142,8,108,0
-178,8,108,0
-40,8,108,0
-62,8,108,0
76,8,108,108
-92,8,108,0
78,8,108,107
-41,8,108,0
-159,8,108,0
100,8,108,108
-56,8,108,103
84,8,108,0
-160,8,108,0
66,8,108,0
98,8,108,108
128,8,108,1
-111,8,108,0
-133,8,108,0
155,8,108,0
-90,8,108,1
-22,8,108,0
-72,8,108,0
-77,8,108,108
115,8,108,0
173,8,108,0
149,8,108,1
175,8,108,0
-97,8,108,1
61,8,108,0
-167,8,108,0
-116,8,108,0
156,8,108,0
-98,8,108,1
-118,8,108,0
-51,8,108,6
-48,8,108,2
-146,8,108,0
171,8,108,0
-120,8,108,0
72,8,108,0
-36,8,108,0
68,8,108,1
108,8,108,2
157,8,108,1
139,8,108,1
-112,8,108,0
158,8,108,1
172,8,108,0
63,8,108,0
176,8,108,0
62,8,108,0
110,8,108,1
170,8,108,1
-137,8,108,0
-158,8,108,0
-171,8,108,0
-21,8,108,0
-23,8,108,0
-128,8,108,0
-145,8,108,0
-177,8,108,0
71,8,108,0
-142,8,108,0
-131,8,108,0
54,8,108,1
67,8,108,1
-42,8,108,0
162,8,108,0
166,8,108,0
146,8,108,0
-148,8,108,0
178,8,108,0
85,8,108,0
64,8,108,0
-32,8,108,0
167,8,108,1
177,8,108,0
-52,8,108,104
-103,8,108,0
-30,8,108,0
124,8,108,108
-80,8,108,108
-55,8,108,103
135,8,108,32
-84,8,108,108
52,8,108,105
-180,8,108,0
99,8,108,108
138,8,108,1
-130,8,108,0
164,8,108,0
-173,8,108,0
168,8,108,1
-104,8,108,0
153,8,108,1
-28,8,108,0
-143,8,108,0
-95,8,108,1
136,8,108,0
-117,8,108,0
-119,8,108,0
-141,8,108,0
-125,8,108,0
-161,8,108,0
60,8,108,0
117,8,108,108
-38,8,108,0
-157,8,108,0
132,8,108,32
-24,8,108,0
-162,8,108,0
131,8,108,1
-102,8,108,0
92,8,108,107
-100,8,108,1
90,8,108,2
59,8,108,0
-150,8,108,0
-139,8,108,0
-83,8,108,108
-81,8,108,108
-123,8,108,0
-39,8,108,0
103,8,108,106
73,8,108,11
-151,8,108,0
-166,8,108,0
-115,8,108,0
86,8,108,0
-113,8,108,0
147,8,108,0
-15,8,108,108
126,8,108,108
-134,8,108,0
-57,8,108,103
129,8,108,1
116,8,108,108
-121,8,108,0
-89,8,108,104
-106,8,108,0
-58,8,108,108
-138,8,108,0
134,8,108,32
165,8,108,0
-153,8,108,0
-44,8,108,0
89,8,108,0
-179,8,108,0
118,8,108,108
127,8,108,108
-108,8,108,0
150,8,108,1
137,8,108,1
-164,8,108,0
-122,8,108,0
83,8,108,1
-50,8,108,7
-26,8,108,0
-155,8,108,0
-126,8,108,0
-91,8,108,1
109,8,108,0
159,8,108,1
-46,8,108,0
-132,8,108,0
-136,8,108,0
-172,8,108,0
161,8,108,0
144,8,108,0
143,8,108,0
-156,8,108,0
111,8,108,1
69,8,108,1
-152,8,108,0
-31,8,108,0
-37,8,108,0
70,8,108,0
-13,8,108,108
-101,8,108,1
80,8,108,108
-168,8,108,0
148,8,108,0
123,8,108,108
-169,8,108,0
145,8,108,0
114,8,108,0
130,8,108,1
91,8,108,2
-144,8,108,0
-147,8,108,0
-19,8,108,107
-99,8,108,1
-35,8,108,0
-127,8,108,0
-107,8,108,0
141,8,108,0
-124,8,108,0
57,8,108,0
151,8,108,1
158,9,108,0
155,9,108,0
-47,9,108,0
-119,9,108,0
-147,9,108,0
-153,9,108,0
63,9,108,0
-56,9,108,103
-62,9,108,108
-43,9,108,0
171,9,108,0
-132,9,108,0
121,9,108,108
103,9,108,108
159,9,108,0
112,9,108,1
-178,9,108,0
142,9,108,0
176,9,108,0
116,9,108,108
124,9,108,108
-125,9,108,0
-128,9,108,0
53,9,108,107
129,9,108,1
66,9,108,0
119,9,108,108
-30,9,108,0
-38,9,108,0
-86,9,108,108
-84,9,108,108
-137,9,108,0
-14,9,108,108
93,9,108,107
80,9,108,108
128,9,108,1
166,9,108,0
163,9,108,0
-16,9,108,107
108,9,108,108
-71,9,108,0
-20,9,108,107
-156,9,108,0
-87,9,108,108
105,9,108,107
-158,9,108,0
-116,9,108,0
92,9,108,107
-29,9,108,0
98,9,108,108
-42,9,108,0
-124,9,108,0
-15,9,108,108
-80,9,108,108
-142,9,108,0
73,9,108,79
-72,9,108,108
145,9,108,0
-76,9,108,108
91,9,108,107
-51,9,108,3
104,9,108,108
-107,9,108,0
56,9,108,0
-77,9,108,108
178,9,108,0
-85,9,108,108
120,9,108,108
-99,9,108,0
-79,9,108,108
-123,9,108,0
-81,9,108,108
143,9,108,0
69,9,108,1
-118,9,108,0
149,9,108,0
-44,9,108,0
-176,9,108,0
-96,9,108,1
67,9,108,1
138,9,108,1
64,9,108,0
-92,9,108,105
-134,9,108,0
122,9,108,108
-151,9,108,0
102,9,108,108
-140,9,108,0
-55,9,108,103
-175,9,108,0
107,9,108,108
51,9,108,108
-163,9,108,0
78,9,108,107
-144,9,108,0
-27,9,108,0
94,9,108,107
127,9,108,108
-94,9,108,103
172,9,108,0
160,9,108,0
-146,9,108,0
-57,9,108,105
130,9,108,1
-28,9,108,0
154,9,108,1
-97,9,108,0
-111,9,108,0
-112,9,108,0
-83,9,108,108
-22,9,108,0
-180,9,108,0
97,9,108,108
170,9,108,0
-88,9,108,104
-152,9,108,0
101,9,108,107
76,9,108,108
-149,9,108,0
110,9,108,1
-133,9,108,0
126,9,108,108
-90,9,108,105
161,9,108,0
59,9,108,0
132,9,108,0
-34,9,108,0
114,9,108,0
96,9,108,108
111,9,108,1
177,9,108,0
-78,9,108,108
55,9,108,1
151,9,108,1
150,9,108,0
157,9,108,0
-52,9,108,104
-31,9,108,0
-159,9,108,0
-148,9,108,0
-24,9,108,0
83,9,108,2
-106,9,108,0
-21,9,108,1
-50,9,108,5
-127,9,108,0
-49,9,108,2
-32,9,108,0
140,9,108,0
-66,9,108,0
85,9,108,0
-126,9,108,0
-138,9,108,0
90,9,108,2
115,9,108,0
88,9,108,0
-109,9,108,0
148,9,108,0
131,9,108,1
86,9,108,0
139,9,108,1
-143,9,108,0
134,9,108,0
-65,9,108,0
71,9,108,0
-37,9,108,0
-102,9,108,0
167,9,108,0
109,9,108,1
-131,9,108,0
-35,9,108,0
-120,9,108,0
-164,9,108,0
-139,9,108,0
-171,9,108,0
-157,9,108,0
-130,9,108,0
135,9,108,0
-155,9,108,0
61,9,108,0
-136,9,108,0
-173,9,108,0
82,9,108,108
-98,9,108,0
58,9,108,0
-73,9,108,108
-95,9,108,1
125,9,108,108
-104,9,108,0
57,9,108,0
-46,9,108,0
-93,9,108,103
141,9,108,0
-17,9,108,107
-39,9,108,0
-100,9,108,0
123,9,108,108
-25,9,108,0
79,9,108,108
-63,9,108,108
74,9,108,79
81,9,108,108
156,9,108,0
100,9,108,108
60,9,108,0
-82,9,108,106
-61,9,108,108
-54,9,108,103
-160,9,108,0
-168,9,108,0
118,9,108,108
65,9,108,0
95,9,108,0
-40,9,108,0
-174,9,108,0
137,9,108,1
-23,9,108,0
-166,9,108,0
75,9,108,108
-33,9,108,0
-19,9,108,107
117,9,108,108
50,9,108,108
-48,9,108,2
-170,9,108,0
68,9,108,1
-101,9,108,0
-129,9,108,0
-162,9,108,0
-121,9,108,0
-105,9,108,0
165,9,108,0
-59,9,108,108
-169,9,108,0
147,9,108,0
-145,9,108,0
-36,9,108,0
106,9,108,108
87,9,108,0
-41,9,108,0
54,9,108,1
-141,9,108,0
-58,9,108,108
153,9,108,1
136,9,108,0
-114,9,108,0
144,9,108,0
72,9,108,0
162,9,108,0
-154,9,108,0
-135,9,108,0
-161,9,108,0
-103,9,108,0
-150,9,108,0
164,9,108,0
169,9,108,0
89,9,108,2
174,9,108,0
-113,9,108,0
62,9,108,0
-177,9,108,0
-167,9,108,0
-108,9,108,0
-26,9,108,0
175,9,108,0
52,9,108,107
-18,9,108,107
-179,9,108,0
113,9,108,1
-53,9,108,103
173,9,108,0
-89,9,108,105
179,9,108,0
-91,9,108,105
84,9,108,2
-117,9,108,0
-110,9,108,0
-165,9,108,0
-122,9,108,0
-115,9,108,0
133,9,108,0
152,9,108,1
168,9,108,0
-60,9,108,108
70,9,108,0
99,9,108,108
-172,9,108,0
-45,9,108,0
146,9,108,0
106,10,108,108
118,10,108,108
161,10,108,0
-68,10,108,108
-22,10,108,1
136,10,108,0
-42,10,108,0
-137,10,108,0
44,10,108,108
53,10,108,107
-52,10,108,5
-34,10,108,0
-125,10,108,0
109,10,108,108
-72,10,108,108
117,10,108,108
97,10,108,108
-147,10,108,0
-81,10,108,108
80,10,108,108
-154,10,108,0
72,10,108,1
79,10,108,108
-87,10,108,108
94,10,108,107
47,10,108,108
93,10,108,107
-18,10,108,108
51,10,108,108
71,10,108,1
-53,10,108,5
59,10,108,0
100,10,108,108
-157,10,108,0
-138,10,108,0
-57,10,108,105
-65,10,108,108
43,10,108,108
175,10,108,0
-179,10,108,0
-54,10,108,80
69,10,108,1
124,10,108,108
-126,10,108,0
-61,10,108,108
125,10,108,108
-50,10,108,2
-37,10,108,0
-127,10,108,0
-100,10,108,0
-103,10,108,0
-109,10,108,0
-15,10,108,108
-180,10,108,0
-162,10,108,0
-174,10,108,0
98,10,108,108
-63,10,108,108
54,10,108,41
55,10,108,41
60,10,108,0
-69,10,108,108
-158,10,108,0
-33,10,108,0
171,10,108,0
-95,10,108,3
-36,10,108,0
-101,10,108,0
-30,10,108,0
-67,10,108,108
143,10,108,0
-118,10,108,0
61,10,108,0
85,10,108,0
-143,10,108,0
-164,10,108,0
-40,10,108,0
73,10,108,103
-84,10,108,108
-17,10,108,108
-62,10,108,108
144,10,108,0
-130,10,108,0
119,10,108,108
-92,10,108,105
-145,10,108,0
-27,10,108,0
-56,10,108,105
-28,10,108,0
66,10,108,0
163,10,108,0
-79,10,108,108
-77,10,108,108
92,10,108,107
-102,10,108,0
164,10,108,0
132,10,108,0
120,10,108,108
-73,10,108,0
165,10,108,0
83,10,108,2
62,10,108,0
146,10,108,0
-142,10,108,0
122,10,108,108
-117,10,108,0
154,10,108,0
-99,10,108,0
-76,10,108,108
-124,10,108,0
128,10,108,1
-113,10,108,0
96,10,108,81
138,10,108,1
-66,10,108,108
-19,10,108,107
162,10,108,0
-116,10,108,0
81,10,108,108
50,10,108,108
-166,10,108,0
110,10,108,106
-25,10,108,0
-48,10,108,2
115,10,108,0
-172,10,108,0
-153,10,108,0
-167,10,108,0
86,10,108,0
-156,10,108,0
-144,10,108,0
-106,10,108,0
68,10,108,1
159,10,108,0
-129,10,108,0
-114,10,108,0
135,10,108,0
113,10,108,1
-159,10,108,0
142,10,108,0
87,10,108,0
-38,10,108,0
-152,10,108,0
-173,10,108,0
172,10,108,0
-123,10,108,0
-171,10,108,0
-24,10,108,0
-177,10,108,0
57,10,108,0
-43,10,108,0
173,10,108,0
149,10,108,0
130,10,108,1
-14,10,108,0
-170,10,108,0
-161,10,108,0
63,10,108,0
179,10,108,0
-151,10,108,0
170,10,108,0
168,10,108,0
70,10,108,0
-128,10,108,0
-122,10,108,0
-134,10,108,0
-135,10,108,0
75,10,108,108
158,10,108,0
76,10,108,108
-139,10,108,0
-82,10,108,108
46,10,108,108
-112,10,108,0
-16,10,108,108
116,10,108,108
-21,10,108,1
-85,10,108,108
147,10,108,0
103,10,108,108
156,10,108,0
-78,10,108,108
99,10,108,108
-169,10,108,0
-35,10,108,0
108,10,108,108
177,10,108,0
178,10,108,0
-75,10,108,108
126,10,108,108
-119,10,108,0
84,10,108,2
56,10,108,0
121,10,108,108
-88,10,108,108
-90,10,108,107
-44,10,108,0
89,10,108,2
-23,10,108,1
-51,10,108,1
123,10,108,108
127,10,108,108
150,10,108,0
-55,10,108,77
-160,10,108,0
102,10,108,108
105,10,108,107
-178,10,108,0
82,10,108,6
-86,10,108,108
133,10,108,0
-60,10,108,108
169,10,108,0
129,10,108,2
-140,10,108,0
58,10,108,0
-20,10,108,107
-155,10,108,0
-176,10,108,0
-105,10,108,0
-148,10,108,0
160,10,108,0
52,10,108,108
-149,10,108,0
-71,10,108,0
107,10,108,108
-120,10,108,0
-80,10,108,108
145,10,108,0
88,10,108,0
-146,10,108,0
-32,10,108,0
-89,10,108,107
101,10,108,108
148,10,108,0
-59,10,108,108
45,10,108,108
-91,10,108,105
-93,10,108,104
-64,10,108,108
-111,10,108,0
-141,10,108,0
-96,10,108,3
-108,10,108,0
90,10,108,2
141,10,108,0
67,10,108,0
152,10,108,0
134,10,108,0
-165,10,108,0
-107,10,108,0
-97,10,108,0
-168,10,108,0
-150,10,108,0
-49,10,108,2
-45,10,108,0
-115,10,108,0
151,10,108,0
-132,10,108,0
64,10,108,0
155,10,108,0
167,10,108,0
157,10,108,0
-110,10,108,0
153,10,108,0
114,10,108,0
-31,10,108,0
111,10,108,1
-83,10,108,108
137,10,108,1
-94,10,108,104
104,10,108,108
-58,10,108,108
176,10,108,0
174,10,108,0
131,10,108,1
-121,10,108,0
-136,10,108,0
166,10,108,0
-47,10,108,0
140,10,108,0
65,10,108,0
-39,10,108,0
-104,10,108,0
-131,10,108,0
-133,10,108,0
-26,10,108,0
-175,10,108,0
139,10,108,1
-41,10,108,0
74,10,108,103
-46,10,108,0
91,10,108,107
-98,10,108,0
-163,10,108,0
112,10,108,1
-29,10,108,0
95,10,108,0
-26,11,108,0
-168,11,108,0
-66,11,108,108
60,11,108,0
-97,11,108,0
65,11,108,0
131,11,108,1
80,11,108,107
137,11,108,1
-40,11,108,0
-107,11,108,0
-93,11,108,105
161,11,108,0
49,11,108,108
-166,11,108,0
177,11,108,0
142,11,108,0
42,11,108,108
-157,11,108,1
121,11,108,108
83,11,108,2
-96,11,108,53
-179,11,108,0
-144,11,108,0
94,11,108,107
-131,11,108,0
-84,11,108,108
123,11,108,108
-77,11,108,107
72,11,108,5
-105,11,108,0
-142,11,108,0
-80,11,108,107
127,11,108,108
-27,11,108,0
63,11,108,0
164,11,108,0
93,11,108,107
162,11,108,0
-129,11,108,0
86,11,108,0
166,11,108,0
-75,11,108,108
-81,11,108,107
-72,11,108,108
79,11,108,107
145,11,108,0
-33,11,108,0
-170,11,108,0
-125,11,108,0
-19,11,108,107
-29,11,108,0
113,11,108,1
159,11,108,0
92,11,108,107
-156,11,108,1
74,11,108,103
-52,11,108,5
-167,11,108,0
178,11,108,0
165,11,108,0
-136,11,108,0
-64,11,108,108
48,11,108,108
-18,11,108,108
-113,11,108,0
124,11,108,108
71,11,108,5
85,11,108,0
52,11,108,108
-176,11,108,0
-70,11,108,92
146,11,108,1
-138,11,108,0
-44,11,108,0
70,11,108,0
-16,11,108,108
46,11,108,108
-172,11,108,0
173,11,108,0
-141,11,108,0
130,11,108,1
119,11,108,108
-74,11,108,108
108,11,108,108
126,11,108,108
171,11,108,0
-132,11,108,0
-139,11,108,0
168,11,108,0
-48,11,108,2
45,11,108,108
-63,11,108,108
87,11,108,0
-60,11,108,108
-109,11,108,0
-102,11,108,0
-118,11,108,0
117,11,108,108
88,11,108,0
91,11,108,107
-69,11,108,108
62,11,108,0
-71,11,108,108
134,11,108,0
-171,11,108,0
-98,11,108,101
66,11,108,0
82,11,108,6
96,11,108,81
-57,11,108,105
-86,11,108,108
-163,11,108,0
-153,11,108,0
-173,11,108,0
-162,11,108,0
-78,11,108,107
-95,11,108,53
-83,11,108,108
-146,11,108,0
55,11,108,41
90,11,108,2
-119,11,108,0
-128,11,108,0
-169,11,108,0
141,11,108,0
149,11,108,0
-121,11,108,0
-43,11,108,0
-50,11,108,2
-116,11,108,0
-31,11,108,0
56,11,108,0
64,11,108,0
-30,11,108,0
-133,11,108,0
-49,11,108,2
150,11,108,0
-28,11,108,0
163,11,108,0
140,11,108,1
175,11,108,0
-39,11,108,0
-22,11,108,1
-115,11,108,0
-42,11,108,0
147,11,108,0
-126,11,108,0
148,11,108,0
-154,11,108,0
-106,11,108,0
-159,11,108,0
-37,11,108,0
-137,11,108,0
59,11,108,0
-120,11,108,0
-165,11,108,0
-135,11,108,0
-25,11,108,0
-122,11,108,0
95,11,108,0
120,11,108,108
51,11,108,108
109,11,108,108
50,11,108,108
84,11,108,2
155,11,108,0
68,11,108,0
169,11,108,0
-175,11,108,0
152,11,108,0
153,11,108,0
-90,11,108,107
160,11,108,0
-79,11,108,107
47,11,108,108
-161,11,108,0
170,11,108,0
58,11,108,0
57,11,108,0
101,11,108,108
179,11,108,0
129,11,108,2
112,11,108,1
-148,11,108,0
103,11,108,108
81,11,108,8
135,11,108,0
-111,11,108,0
-23,11,108,1
-59,11,108,108
-20,11,108,107
-151,11,108,0
-47,11,108,0
-92,11,108,107
139,11,108,1
-41,11,108,0
-68,11,108,108
172,11,108,0
122,11,108,108
115,11,108,0
-155,11,108,1
111,11,108,1
-124,11,108,0
-178,11,108,0
158,11,108,0
53,11,108,108
-149,11,108,0
125,11,108,108
54,11,108,107
-76,11,108,108
-65,11,108,108
-55,11,108,77
99,11,108,108
-127,11,108,0
73,11,108,103
154,11,108,0
89,11,108,2
-177,11,108,0
43,11,108,108
116,11,108,0
-145,11,108,0
67,11,108,0
-51,11,108,1
-88,11,108,108
-180,11,108,0
-73,11,108,108
-99,11,108,104
138,11,108,1
-45,11,108,0
151,11,108,0
-100,11,108,104
157,11,108,0
-62,11,108,108
-110,11,108,0
136,11,108,0
176,11,108,0
-53,11,108,5
-152,11,108,0
-38,11,108,0
-103,11,108,0
-147,11,108,0
69,11,108,0
-104,11,108,0
-117,11,108,0
-46,11,108,0
-112,11,108,0
-123,11,108,0
-174,11,108,0
-140,11,108,0
-143,11,108,0
156,11,108,0
-160,11,108,0
-34,11,108,0
144,11,108,0
-101,11,108,0
-150,11,108,0
143,11,108,0
-21,11,108,1
-87,11,108,108
110,11,108,106
-114,11,108,0
-54,11,108,5
-35,11,108,0
174,11,108,0
-67,11,108,108
97,11,108,108
128,11,108,1
44,11,108,108
-61,11,108,108
61,11,108,0
100,11,108,108
-158,11,108,1
-36,11,108,0
-56,11,108,77
-94,11,108,105
-108,11,108,0
-17,11,108,108
-15,11,108,0
-89,11,108,107
167,11,108,0
-82,11,108,107
-130,11,108,0
102,11,108,108
98,11,108,108
75,11,108,103
-58,11,108,108
-91,11,108,107
-164,11,108,0
133,11,108,0
114,11,108,0
118,11,108,108
-24,11,108,0
132,11,108,0
-32,11,108,0
-134,11,108,0
-55,12,108,77
-17,12,108,108
-143,12,108,0
-59,12,108,108
-75,12,108,107
-64,12,108,108
142,12,108,0
45,12,108,108
115,12,108,0
-90,12,108,108
-112,12,108,0
-28,12,108,0
-180,12,108,0
-98,12,108,104
-77,12,108,107
99,12,108,108
-69,12,108,108
120,12,108,108
126,12,108,108
-149,12,108,0
-67,12,108,108
-19,12,108,107
59,12,108,0
74,12,108,106
92,12,108,107
-65,12,108,108
64,12,108,0
-172,12,108,0
123,12,108,108
73,12,108,82
117,12,108,108
131,12,108,1
-165,12,108,0
-39,12,108,0
118,12,108,108
-73,12,108,108
-145,12,108,0
-130,12,108,0
-122,12,108,0
-83,12,108,105
90,12,108,2
84,12,108,2
-53,12,108,5
-146,12,108,0
-95,12,108,54
122,12,108,108
-32,12,108,0
52,12,108,108
54,12,108,108
-100,12,108,104
49,12,108,108
96,12,108,91
154,12,108,0
-30,12,108,0
57,12,108,0
-94,12,108,107
-91,12,108,107
127,12,108,108
-150,12,108,0
91,12,108,107
69,12,108,0
-76,12,108,107
63,12,108,0
172,12,108,0
-108,12,108,0
-166,12,108,0
-87,12,108,108
146,12,108,32
-50,12,108,2
48,12,108,108
80,12,108,107
-174,12,108,0
173,12,108,0
-147,12,108,0
-45,12,108,0
177,12,108,0
-175,12,108,0
166,12,108,0
-101,12,108,0
148,12,108,0
-44,12,108,0
-170,12,108,0
109,12,108,108
56,12,108,1
46,12,108,104
-88,12,108,108
-81,12,108,107
-70,12,108,108
150,12,108,0
102,12,108,108
-78,12,108,107
-56,12,108,77
-27,12,108,0
82,12,108,6
-129,12,108,0
174,12,108,0
-155,12,108,1
-163,12,108,0
-142,12,108,0
-84,12,108,108
-171,12,108,0
42,12,108,108
-72,12,108,108
-51,12,108,3
139,12,108,0
168,12,108,0
-117,12,108,0
-58,12,108,108
-15,12,108,0
-97,12,108,101
-68,12,108,108
-177,12,108,0
-105,12,108,0
125,12,108,108
-126,12,108,0
136,12,108,0
-144,12,108,0
-106,12,108,0
145,12,108,32
-160,12,108,0
-114,12,108,0
-119,12,108,0
-128,12,108,0
-132,12,108,0
81,12,108,9
-124,12,108,0
-135,12,108,0
161,12,108,0
-152,12,108,1
-104,12,108,0
-40,12,108,0
-158,12,108,1
175,12,108,0
-22,12,108,1
-134,12,108,0
-154,12,108,1
-167,12,108,0
87,12,108,0
114,12,108,0
58,12,108,0
133,12,108,0
61,12,108,0
156,12,108,0
128,12,108,2
140,12,108,0
135,12,108,0
-25,12,108,0
55,12,108,1
141,12,108,0
169,12,108,0
149,12,108,0
-26,12,108,0
-47,12,108,0
159,12,108,0
152,12,108,0
85,12,108,0
-63,12,108,108
138,12,108,0
89,12,108,2
153,12,108,0
-21,12,108,1
-29,12,108,0
-133,12,108,0
-57,12,108,105
-99,12,108,104
-151,12,108,0
-18,12,108,108
129,12,108,1
-71,12,108,108
-43,12,108,0
113,12,108,1
47,12,108,108
95,12,108,0
-125,12,108,0
170,12,108,0
171,12,108,0
100,12,108,108
101,12,108,108
-89,12,108,108
-66,12,108,108
-120,12,108,0
79,12,108,107
-161,12,108,0
110,12,108,106
-169,12,108,0
121,12,108,108
-34,12,108,0
97,12,108,108
94,12,108,0
-123,12,108,0
176,12,108,0
130,12,108,1
-140,12,108,0
-176,12,108,0
65,12,108,0
-49,12,108,2
147,12,108,0
-102,12,108,0
158,12,108,0
-137,12,108,0
67,12,108,0
119,12,108,108
157,12,108,0
-74,12,108,108
43,12,108,108
-138,12,108,0
-23,12,108,1
-52,12,108,3
-141,12,108,0
-20,12,108,107
75,12,108,103
178,12,108,0
93,12,108,107
-61,12,108,108
-127,12,108,0
164,12,108,0
83,12,108,2
-82,12,108,107
-93,12,108,107
-60,12,108,108
70,12,108,0
-136,12,108,0
-139,12,108,0
124,12,108,108
-103,12,108,0
143,12,108,0
-173,12,108,0
-115,12,108,0
-54,12,108,5
112,12,108,1
132,12,108,1
68,12,108,0
-109,12,108,0
151,12,108,0
-37,12,108,0
-131,12,108,0
-164,12,108,0
-35,12,108,0
-42,12,108,0
160,12,108,0
-179,12,108,0
-121,12,108,0
-38,12,108,0
-16,12,108,0
88,12,108,0
179,12,108,0
-31,12,108,0
-116,12,108,0
-113,12,108,0
-162,12,108,0
-118,12,108,0
137,12,108,0
167,12,108,0
-46,12,108,0
60,12,108,0
53,12,108,108
-48,12,108,1
-41,12,108,0
71,12,108,0
72,12,108,28
51,12,108,108
-33,12,108,0
-159,12,108,0
-157,12,108,1
-96,12,108,103
-178,12,108,0
162,12,108,0
-79,12,108,107
-80,12,108,107
98,12,108,108
116,12,108,0
144,12,108,32
-24,12,108,0
163,12,108,0
44,12,108,108
134,12,108,0
66,12,108,0
50,12,108,108
-62,12,108,108
-107,12,108,0
155,12,108,0
-110,12,108,0
-156,12,108,1
62,12,108,0
165,12,108,0
-111,12,108,0
-92,12,108,108
-148,12,108,0
-168,12,108,0
86,12,108,0
-36,12,108,0
111,12,108,1
-153,12,108,1
115,13,108,1
-108,13,108,0
-155,13,108,1
-25,13,108,0
126,13,108,108
145,13,108,55
-55,13,108,77
-134,13,108,0
-79,13,108,107
-91,13,108,108
-146,13,108,0
100,13,108,108
-62,13,108,108
-109,13,108,0
-84,13,108,108
74,13,108,106
-92,13,108,108
131,13,108,1
120,13,108,108
52,13,108,108
45,13,108,108
88,13,108,0
99,13,108,108
-171,13,108,0
-20,13,108,107
117,13,108,107
50,13,108,108
-104,13,108,2
-70,13,108,108
-19,13,108,107
-168,13,108,0
-59,13,108,108
-127,13,108,0
47,13,108,107
-71,13,108,108
66,13,108,0
110,13,108,105
-102,13,108,105
-74,13,108,107
-98,13,108,105
85,13,108,2
41,13,108,108
-77,13,108,107
-49,13,108,1
148,13,108,0
124,13,108,108
-50,13,108,1
128,13,108,2
73,13,108,84
72,13,108,84
-175,13,108,0
169,13,108,0
-53,13,108,5
-36,13,108,0
111,13,108,1
-149,13,108,0
125,13,108,108
176,13,108,0
-101,13,108,107
-45,13,108,0
-43,13,108,0
-94,13,108,108
48,13,108,107
-147,13,108,0
-78,13,108,107
-137,13,108,0
-63,13,108,108
-90,13,108,108
-17,13,108,108
60,13,108,1
95,13,108,73
84,13,108,2
164,13,108,0
43,13,108,108
-141,13,108,0
-111,13,108,0
-73,13,108,107
-154,13,108,1
-138,13,108,0
-66,13,108,107
-80,13,108,107
68,13,108,0
-72,13,108,108
-67,13,108,108
142,13,108,0
-68,13,108,108
82,13,108,6
-51,13,108,3
42,13,108,108
55,13,108,1
-161,13,108,0
-61,13,108,108
152,13,108,0
-22,13,108,1
-95,13,108,54
-143,13,108,0
134,13,108,0
-130,13,108,0
-56,13,108,77
-125,13,108,0
-28,13,108,0
136,13,108,0
139,13,108,0
-158,13,108,1
64,13,108,0
-121,13,108,0
-126,13,108,0
123,13,108,108
-26,13,108,0
-41,13,108,0
-156,13,108,1
-16,13,108,0
-103,13,108,105
135,13,108,0
-52,13,108,3
127,13,108,2
101,13,108,0
-133,13,108,0
56,13,108,1
-21,13,108,1
132,13,108,1
113,13,108,2
167,13,108,0
150,13,108,0
62,13,108,1
-30,13,108,0
157,13,108,0
-177,13,108,0
177,13,108,0
67,13,108,0
-123,13,108,0
-47,13,108,0
90,13,108,2
86,13,108,0
-131,13,108,0
-38,13,108,0
-44,13,108,0
141,13,108,0
172,13,108,0
138,13,108,0
-23,13,108,1
129,13,108,1
59,13,108,0
-105,13,108,2
58,13,108,0
-42,13,108,0
-32,13,108,0
-113,13,108,0
-164,13,108,0
153,13,108,0
-114,13,108,0
-29,13,108,0
140,13,108,0
91,13,108,107
-107,13,108,103
156,13,108,0
-96,13,108,103
-100,13,108,107
121,13,108,108
-82,13,108,108
-106,13,108,103
-99,13,108,105
151,13,108,0
160,13,108,0
-97,13,108,103
-65,13,108,107
174,13,108,0
112,13,108,1
-135,13,108,0
-118,13,108,0
-169,13,108,0
-35,13,108,0
118,13,108,107
137,13,108,0
168,13,108,0
-58,13,108,108
-89,13,108,108
-40,13,108,0
-93,13,108,107
-76,13,108,107
-34,13,108,0
149,13,108,0
-18,13,108,108
-69,13,108,108
-166,13,108,0
-139,13,108,0
80,13,108,107
51,13,108,108
49,13,108,107
-37,13,108,0
-119,13,108,0
71,13,108,0
-174,13,108,0
147,13,108,1
96,13,108,93
-31,13,108,0
-116,13,108,0
146,13,108,55
-46,13,108,0
-88,13,108,108
-81,13,108,107
-163,13,108,0
-39,13,108,0
-27,13,108,0
-124,13,108,0
-75,13,108,107
-165,13,108,0
97,13,108,108
162,13,108,0
-178,13,108,0
171,13,108,0
81,13,108,8
-151,13,108,0
-159,13,108,0
116,13,108,0
-117,13,108,0
173,13,108,0
-64,13,108,108
-145,13,108,0
159,13,108,0
46,13,108,104
89,13,108,2
-172,13,108,0
87,13,108,0
-122,13,108,0
-170,13,108,0
-54,13,108,5
165,13,108,0
-48,13,108,0
57,13,108,0
-142,13,108,0
178,13,108,0
94,13,108,3
63,13,108,0
-112,13,108,0
69,13,108,0
-162,13,108,0
161,13,108,0
166,13,108,0
65,13,108,0
-136,13,108,0
-128,13,108,0
133,13,108,0
-144,13,108,0
-173,13,108,0
-140,13,108,0
-60,13,108,108
122,13,108,108
-110,13,108,0
92,13,108,107
61,13,108,1
-132,13,108,0
-148,13,108,0
-129,13,108,0
175,13,108,0
143,13,108,0
109,13,108,108
-150,13,108,0
83,13,108,2
170,13,108,0
163,13,108,0
155,13,108,0
144,13,108,45
-157,13,108,1
158,13,108,0
-152,13,108,1
-179,13,108,0
-57,13,108,108
98,13,108,108
154,13,108,0
70,13,108,0
179,13,108,0
-167,13,108,0
-83,13,108,105
130,13,108,1
-24,13,108,0
-176,13,108,0
-160,13,108,0
53,13,108,108
-33,13,108,0
119,13,108,108
93,13,108,107
54,13,108,108
114,13,108,1
-120,13,108,0
-180,13,108,0
-153,13,108,1
-115,13,108,0
138,14,108,0
-159,14,108,0
-29,14,108,0
-57,14,108,105
151,14,108,0
-22,14,108,1
-100,14,108,107
-93,14,108,108
57,14,108,0
97,14,108,108
135,14,108,0
50,14,108,108
136,14,108,0
-62,14,108,108
-24,14,108,16
89,14,108,0
-83,14,108,105
-116,14,108,0
-135,14,108,0
-154,14,108,1
123,14,108,108
-53,14,108,5
52,14,108,108
-65,14,108,107
65,14,108,0
-72,14,108,108
96,14,108,106
177,14,108,0
-35,14,108,0
-149,14,108,0
-43,14,108,0
-82,14,108,108
176,14,108,0
121,14,108,108
91,14,108,107
153,14,108,0
54,14,108,108
-175,14,108,0
167,14,108,0
122,14,108,108
81,14,108,107
-59,14,108,108
108,14,108,108
-118,14,108,0
-97,14,108,106
-81,14,108,107
109,14,108,108
155,14,108,0
95,14,108,108
-161,14,108,0
-145,14,108,0
-63,14,108,108
-123,14,108,0
-49,14,108,1
-127,14,108,0
-129,14,108,0
40,14,108,108
59,14,108,1
-164,14,108,0
82,14,108,7
144,14,108,60
128,14,108,1
-109,14,108,0
-80,14,108,107
58,14,108,1
87,14,108,0
-99,14,108,107
120,14,108,108
112,14,108,1
-169,14,108,0
-58,14,108,108
-130,14,108,0
92,14,108,107
-75,14,108,107
157,14,108,0
98,14,108,108
48,14,108,107
-96,14,108,106
132,14,108,0
56,14,108,0
-95,14,108,108
93,14,108,107
-176,14,108,0
169,14,108,0
-111,14,108,0
63,14,108,0
73,14,108,84
-92,14,108,108
-55,14,108,77
80,14,108,107
126,14,108,107
-56,14,108,77
-67,14,108,108
-28,14,108,0
-101,14,108,107
-50,14,108,1
49,14,108,108
118,14,108,107
-71,14,108,61
71,14,108,0
-106,14,108,103
90,14,108,2
115,14,108,2
-105,14,108,104
-170,14,108,0
74,14,108,106
-157,14,108,1
147,14,108,1
-26,14,108,16
164,14,108,0
53,14,108,108
-21,14,108,107
175,14,108,0
-34,14,108,0
161,14,108,0
-104,14,108,2
-76,14,108,107
-78,14,108,107
43,14,108,108
-30,14,108,0
-77,14,108,107
-54,14,108,5
173,14,108,0
-167,14,108,0
-36,14,108,0
152,14,108,0
83,14,108,7
127,14,108,2
179,14,108,0
-180,14,108,0
158,14,108,0
-147,14,108,0
131,14,108,0
-151,14,108,0
60,14,108,2
-110,14,108,0
-128,14,108,0
116,14,108,2
-155,14,108,1
-138,14,108,0
156,14,108,0
-51,14,108,3
-139,14,108,0
84,14,108,2
55,14,108,0
111,14,108,1
-171,14,108,0
69,14,108,0
-153,14,108,1
163,14,108,0
70,14,108,0
64,14,108,0
-143,14,108,0
-126,14,108,0
-39,14,108,0
-42,14,108,0
170,14,108,0
174,14,108,0
-174,14,108,0
159,14,108,0
-31,14,108,0
-146,14,108,0
-136,14,108,0
-119,14,108,0
-27,14,108,16
88,14,108,0
162,14,108,0
-178,14,108,0
-172,14,108,0
41,14,108,108
-25,14,108,16
137,14,108,0
-60,14,108,108
-47,14,108,0
-156,14,108,1
119,14,108,108
68,14,108,0
-132,14,108,0
-73,14,108,107
-66,14,108,107
-117,14,108,0
-32,14,108,0
-64,14,108,108
114,14,108,3
-38,14,108,0
-98,14,108,107
-70,14,108,108
-33,14,108,0
85,14,108,2
-148,14,108,0
124,14,108,108
-18,14,108,108
146,14,108,60
-134,14,108,0
139,14,108,0
47,14,108,107
72,14,108,84
-102,14,108,105
-177,14,108,0
-133,14,108,0
79,14,108,0
125,14,108,107
-107,14,108,103
-103,14,108,105
-137,14,108,0
-20,14,108,107
141,14,108,0
166,14,108,0
110,14,108,0
-91,14,108,0
149,14,108,0
134,14,108,0
-69,14,108,108
-68,14,108,108
39,14,108,0
133,14,108,0
-112,14,108,0
129,14,108,0
113,14,108,3
-48,14,108,0
-113,14,108,0
67,14,108,0
178,14,108,0
-108,14,108,0
168,14,108,0
-124,14,108,0
-158,14,108,1
130,14,108,0
143,14,108,0
-163,14,108,0
-160,14,108,0
-115,14,108,0
-125,14,108,0
86,14,108,0
-37,14,108,0
-142,14,108,0
-144,14,108,0
-140,14,108,0
-166,14,108,0
160,14,108,0
-40,14,108,0
140,14,108,0
-121,14,108,0
145,14,108,60
-23,14,108,1
-122,14,108,0
-17,14,108,108
172,14,108,0
94,14,108,107
-173,14,108,0
42,14,108,108
-19,14,108,108
-84,14,108,108
-131,14,108,0
-152,14,108,1
-114,14,108,0
-141,14,108,0
171,14,108,0
-74,14,108,107
-79,14,108,107
-165,14,108,0
66,14,108,0
150,14,108,0
-45,14,108,0
-52,14,108,3
-168,14,108,0
62,14,108,1
-61,14,108,108
51,14,108,108
148,14,108,0
-162,14,108,0
-179,14,108,0
142,14,108,0
165,14,108,0
154,14,108,0
-94,14,108,108
117,14,108,107
-120,14,108,0
61,14,108,1
-46,14,108,0
-44,14,108,0
-150,14,108,0
-41,14,108,0
-77,15,108,107
-84,15,108,108
-162,15,108,0
-81,15,108,107
-71,15,108,58
-37,15,108,0
119,15,108,108
-76,15,108,107
59,15,108,2
-174,15,108,0
62,15,108,1
123,15,108,107
80,15,108,107
-140,15,108,0
-103,15,108,105
-46,15,108,0
51,15,108,108
82,15,108,108
165,15,108,0
-86,15,108,108
118,15,108,107
-30,15,108,0
-58,15,108,105
41,15,108,108
-62,15,108,108
40,15,108,108
69,15,108,0
54,15,108,108
150,15,108,0
-106,15,108,103
-44,15,108,0
-29,15,108,0
141,15,108,0
-59,15,108,108
168,15,108,0
113,15,108,3
68,15,108,0
137,15,108,0
-109,15,108,1
-169,15,108,0
129,15,108,0
-39,15,108,0
-128,15,108,0
67,15,108,0
-179,15,108,0
-79,15,108,107
-75,15,108,107
-127,15,108,0
109,15,108,108
-131,15,108,0
-67,15,108,107
-17,15,108,108
-178,15,108,0
-97,15,108,108
-175,15,108,0
-114,15,108,0
94,15,108,108
-55,15,108,77
39,15,108,108
-173,15,108,0
-135,15,108,0
-22,15,108,1
-130,15,108,0
-116,15,108,0
121,15,108,108
-94,15,108,108
95,15,108,108
72,15,108,89
79,15,108,0
-170,15,108,0
-107,15,108,103
133,15,108,0
-73,15,108,107
-23,15,108,1
-57,15,108,105
-100,15,108,108
-21,15,108,107
146,15,108,60
-43,15,108,0
175,15,108,0
-20,15,108,107
-105,15,108,104
-147,15,108,0
84,15,108,2
-149,15,108,0
-139,15,108,0
115,15,108,2
152,15,108,0
-83,15,108,108
50,15,108,108
167,15,108,0
132,15,108,0
-26,15,108,16
156,15,108,0
117,15,108,107
172,15,108,0
89,15,108,0
169,15,108,0
55,15,108,0
140,15,108,0
-124,15,108,0
66,15,108,0
-28,15,108,0
-93,15,108,108
-115,15,108,0
86,15,108,1
128,15,108,1
-18,15,108,108
-56,15,108,77
-159,15,108,1
151,15,108,0
-108,15,108,1
-172,15,108,0
-143,15,108,0
-154,15,108,1
114,15,108,3
176,15,108,0
-133,15,108,0
70,15,108,0
116,15,108,2
-176,15,108,0
-132,15,108,0
-41,15,108,0
157,15,108,0
91,15,108,2
-54,15,108,2
-165,15,108,0
155,15,108,0
127,15,108,1
-161,15,108,0
58,15,108,1
71,15,108,0
159,15,108,0
-148,15,108,0
-160,15,108,0
63,15,108,0
112,15,108,1
-136,15,108,0
-32,15,108,0
56,15,108,0
-121,15,108,0
-42,15,108,0
170,15,108,0
-35,15,108,0
162,15,108,0
161,15,108,0
-125,15,108,0
-153,15,108,1
-180,15,108,0
-47,15,108,0
160,15,108,0
-112,15,108,0
-34,15,108,0
-33,15,108,0
-141,15,108,0
-99,15,108,108
-144,15,108,0
-98,15,108,108
-101,15,108,108
-152,15,108,24
166,15,108,0
153,15,108,0
97,15,108,108
88,15,108,0
174,15,108,0
-168,15,108,0
-120,15,108,0
83,15,108,108
124,15,108,52
131,15,108,0
-38,15,108,0
-129,15,108,0
-150,15,108,0
-95,15,108,108
125,15,108,5
-164,15,108,0
-19,15,108,108
139,15,108,0
-72,15,108,107
-70,15,108,108
178,15,108,0
-64,15,108,108
136,15,108,0
145,15,108,60
-119,15,108,0
-122,15,108,0
-80,15,108,107
-78,15,108,107
-146,15,108,0
-117,15,108,0
147,15,108,60
90,15,108,0
-85,15,108,108
143,15,108,0
126,15,108,5
-177,15,108,0
-36,15,108,0
-110,15,108,1
-40,15,108,0
85,15,108,3
-96,15,108,108
108,15,108,108
43,15,108,0
96,15,108,108
-158,15,108,1
-111,15,108,1
74,15,108,84
-48,15,108,0
-123,15,108,0
120,15,108,108
-65,15,108,107
52,15,108,108
-31,15,108,0
111,15,108,1
-167,15,108,0
-87,15,108,108
73,15,108,89
-126,15,108,0
-61,15,108,108
-74,15,108,107
-90,15,108,0
154,15,108,0
-151,15,108,0
-69,15,108,108
110,15,108,104
134,15,108,0
149,15,108,0
93,15,108,108
-142,15,108,0
-82,15,108,108
148,15,108,0
-102,15,108,105
-118,15,108,0
158,15,108,0
-63,15,108,108
-89,15,108,108
-27,15,108,16
-104,15,108,3
65,15,108,0
177,15,108,0
-50,15,108,1
-51,15,108,3
57,15,108,1
-157,15,108,1
173,15,108,0
-49,15,108,1
135,15,108,0
-113,15,108,0
-145,15,108,0
-52,15,108,3
87,15,108,1
171,15,108,0
-166,15,108,0
-45,15,108,0
-138,15,108,0
163,15,108,0
64,15,108,0
142,15,108,0
-60,15,108,108
130,15,108,0
81,15,108,108
60,15,108,2
-156,15,108,1
-171,15,108,0
-155,15,108,1
-134,15,108,0
42,15,108,108
-66,15,108,107
92,15,108,107
-137,15,108,0
138,15,108,0
144,15,108,60
-24,15,108,16
-163,15,108,0
179,15,108,0
-88,15,108,108
122,15,108,108
-25,15,108,16
-68,15,108,108
53,15,108,108
164,15,108,0
61,15,108,1
-53,15,108,5
116,16,108,2
123,16,108,49
95,16,108,108
-121,16,108,0
-29,16,108,0
-65,16,108,108
86,16,108,1
72,16,108,99
119,16,108,107
-85,16,108,108
-37,16,108,0
111,16,108,1
-33,16,108,0
-60,16,108,108
115,16,108,3
-18,16,108,108
39,16,108,108
-72,16,108,107
148,16,108,0
-73,16,108,107
121,16,108,108
41,16,108,108
138,16,108,0
-139,16,108,0
124,16,108,6
-63,16,108,108
-154,16,108,69
80,16,108,0
92,16,108,107
57,16,108,105
-84,16,108,108
-147,16,108,0
139,16,108,0
177,16,108,0
38,16,108,0
161,16,108,0
64,16,108,0
-20,16,108,107
96,16,108,108
87,16,108,3
-124,16,108,0
-89,16,108,108
-123,16,108,0
136,16,108,0
-174,16,108,0
-116,16,108,0
129,16,108,0
94,16,108,108
110,16,108,104
114,16,108,3
-67,16,108,108
-155,16,108,65
-143,16,108,0
-152,16,108,27
-80,16,108,107
93,16,108,108
-83,16,108,108
-81,16,108,107
-173,16,108,0
-102,16,108,108
-24,16,108,17
-101,16,108,108
128,16,108,1
-161,16,108,0
-163,16,108,0
-96,16,108,108
56,16,108,107
-134,16,108,0
-79,16,108,107
-90,16,108,0
-150,16,108,0
-71,16,108,67
168,16,108,0
-111,16,108,1
-108,16,108,1
-164,16,108,0
-156,16,108,69
55,16,108,108
-128,16,108,0
-98,16,108,108
-149,16,108,0
-75,16,108,107
73,16,108,103
-120,16,108,0
-55,16,108,77
-53,16,108,3
171,16,108,0
70,16,108,5
-31,16,108,0
83,16,108,108
135,16,108,0
52,16,108,108
53,16,108,108
88,16,108,0
-114,16,108,1
68,16,108,1
-57,16,108,105
-25,16,108,17
126,16,108,5
-58,16,108,105
-180,16,108,0
-159,16,108,68
132,16,108,0
-74,16,108,107
-125,16,108,0
170,16,108,0
-27,16,108,0
-118,16,108,0
-157,16,108,27
-76,16,108,107
157,16,108,0
-130,16,108,0
-69,16,108,107
-34,16,108,0
-48,16,108,0
-170,16,108,0
-21,16,108,107
62,16,108,1
-132,16,108,0
166,16,108,0
-95,16,108,108
152,16,108,0
-138,16,108,0
-103,16,108,106
163,16,108,0
58,16,108,1
-115,16,108,1
-94,16,108,0
150,16,108,0
-166,16,108,0
113,16,108,3
176,16,108,0
145,16,108,1
106,16,108,0
-176,16,108,0
90,16,108,0
84,16,108,4
67,16,108,0
61,16,108,1
-168,16,108,0
173,16,108,0
-146,16,108,0
130,16,108,0
-142,16,108,0
-179,16,108,0
69,16,108,1
147,16,108,1
-54,16,108,0
-177,16,108,0
-52,16,108,3
134,16,108,0
149,16,108,0
178,16,108,0
65,16,108,0
-117,16,108,0
-38,16,108,0
-68,16,108,108
-110,16,108,1
-30,16,108,0
107,16,108,108
131,16,108,0
-23,16,108,0
71,16,108,44
-17,16,108,108
-43,16,108,0
-70,16,108,107
-56,16,108,77
-46,16,108,0
-82,16,108,108
-26,16,108,17
-148,16,108,0
117,16,108,0
179,16,108,0
-178,16,108,0
-36,16,108,0
-64,16,108,108
-100,16,108,108
-49,16,108,1
-133,16,108,0
154,16,108,0
144,16,108,1
-59,16,108,105
167,16,108,0
-105,16,108,104
165,16,108,0
164,16,108,0
120,16,108,108
-99,16,108,108
-162,16,108,0
-88,16,108,108
-131,16,108,0
159,16,108,0
85,16,108,5
108,16,108,108
-129,16,108,0
-19,16,108,108
-22,16,108,1
112,16,108,1
-62,16,108,108
-119,16,108,0
-151,16,108,27
118,16,108,107
-158,16,108,68
81,16,108,108
156,16,108,0
-50,16,108,1
-113,16,108,1
-41,16,108,0
-66,16,108,108
-77,16,108,107
-78,16,108,107
175,16,108,0
63,16,108,0
-165,16,108,0
-61,16,108,108
-104,16,108,3
140,16,108,0
-141,16,108,0
142,16,108,0
91,16,108,2
146,16,108,1
-35,16,108,0
-171,16,108,0
-44,16,108,0
172,16,108,0
174,16,108,0
-28,16,108,0
151,16,108,0
89,16,108,0
-42,16,108,0
-135,16,108,0
59,16,108,2
155,16,108,0
-126,16,108,0
162,16,108,0
-137,16,108,0
-145,16,108,0
-167,16,108,0
-172,16,108,0
-40,16,108,0
-160,16,108,0
-136,16,108,0
-86,16,108,108
-122,16,108,0
60,16,108,2
-87,16,108,108
-107,16,108,106
-47,16,108,0
143,16,108,0
-153,16,108,69
82,16,108,108
-51,16,108,3
169,16,108,0
-112,16,108,1
-106,16,108,106
-144,16,108,0
-109,16,108,1
42,16,108,108
-39,16,108,0
125,16,108,5
153,16,108,0
158,16,108,0
-175,16,108,0
127,16,108,1
97,16,108,108
109,16,108,108
54,16,108,108
133,16,108,0
40,16,108,108
141,16,108,0
-32,16,108,0
66,16,108,0
122,16,108,108
-127,16,108,0
160,16,108,0
-169,16,108,0
-140,16,108,0
-45,16,108,0
137,16,108,0
-111,17,108,1
-31,17,108,0
106,17,108,108
-46,17,108,0
-119,17,108,0
-20,17,108,107
-66,17,108,108
-79,17,108,107
-64,17,108,108
108,17,108,108
91,17,108,93
-177,17,108,0
177,17,108,0
-85,17,108,106
-87,17,108,108
118,17,108,107
-61,17,108,108
107,17,108,108
97,17,108,108
119,17,108,107
-116,17,108,0
124,17,108,5
-17,17,108,108
125,17,108,5
84,17,108,108
156,17,108,0
-162,17,108,24
-157,17,108,108
-151,17,108,27
175,17,108,0
171,17,108,0
-160,17,108,66
-28,17,108,0
87,17,108,3
-156,17,108,72
54,17,108,108
-178,17,108,0
90,17,108,0
-37,17,108,0
-128,17,108,0
-179,17,108,0
-27,17,108,0
155,17,108,0
-95,17,108,0
-100,17,108,0
161,17,108,0
39,17,108,108
143,17,108,0
-24,17,108,17
-19,17,108,107
-83,17,108,107
168,17,108,0
146,17,108,0
-173,17,108,0
-150,17,108,0
-80,17,108,107
-130,17,108,0
-117,17,108,0
-26,17,108,17
57,17,108,107
96,17,108,108
126,17,108,2
-18,17,108,108
-56,17,108,77
-76,17,108,107
-125,17,108,0
73,17,108,108
72,17,108,108
55,17,108,108
-70,17,108,107
-136,17,108,0
-78,17,108,107
-168,17,108,0
157,17,108,0
-63,17,108,108
-60,17,108,108
-44,17,108,0
-88,17,108,108
-161,17,108,66
152,17,108,0
-49,17,108,0
-145,17,108,0
-180,17,108,0
-170,17,108,0
-62,17,108,108
-43,17,108,0
-110,17,108,1
64,17,108,0
113,17,108,1
-147,17,108,0
-144,17,108,0
-74,17,108,107
83,17,108,108
-138,17,108,0
-103,17,108,108
-159,17,108,69
-158,17,108,69
131,17,108,0
-58,17,108,105
-53,17,108,3
-112,17,108,1
-120,17,108,0
-153,17,108,70
-86,17,108,108
-118,17,108,0
137,17,108,0
-73,17,108,107
-52,17,108,3
139,17,108,0
-154,17,108,70
112,17,108,1
-109,17,108,1
-135,17,108,0
-152,17,108,27
-123,17,108,0
-163,17,108,23
-84,17,108,106
-30,17,108,0
110,17,108,38
147,17,108,0
89,17,108,0
-164,17,108,0
-47,17,108,0
59,17,108,2
164,17,108,0
-149,17,108,0
-35,17,108,0
144,17,108,0
-176,17,108,0
-148,17,108,0
-48,17,108,0
-50,17,108,3
128,17,108,0
66,17,108,0
-36,17,108,0
-146,17,108,0
-133,17,108,0
-175,17,108,0
148,17,108,0
166,17,108,0
176,17,108,0
-121,17,108,0
149,17,108,0
-124,17,108,0
145,17,108,0
-16,17,108,0
-40,17,108,0
138,17,108,0
-45,17,108,0
-54,17,108,0
117,17,108,0
63,17,108,0
-167,17,108,0
160,17,108,0
-172,17,108,0
-142,17,108,0
134,17,108,0
-82,17,108,107
178,17,108,0
-39,17,108,0
-72,17,108,107
88,17,108,0
-33,17,108,0
-25,17,108,17
69,17,108,1
-107,17,108,106
-174,17,108,0
38,17,108,108
58,17,108,1
-101,17,108,108
70,17,108,65
-77,17,108,107
-127,17,108,0
40,17,108,108
-140,17,108,0
-34,17,108,0
-71,17,108,107
169,17,108,0
135,17,108,0
-29,17,108,0
-166,17,108,0
-67,17,108,108
129,17,108,0
-68,17,108,108
93,17,108,108
-113,17,108,1
150,17,108,0
41,17,108,108
-75,17,108,107
-102,17,108,108
67,17,108,0
82,17,108,108
123,17,108,48
-32,17,108,0
-22,17,108,1
-137,17,108,0
-21,17,108,107
-23,17,108,0
53,17,108,0
154,17,108,0
165,17,108,0
159,17,108,0
133,17,108,0
-106,17,108,108
71,17,108,105
-57,17,108,105
-81,17,108,107
-129,17,108,0
65,17,108,0
162,17,108,0
-89,17,108,108
179,17,108,0
85,17,108,108
56,17,108,107
-104,17,108,108
170,17,108,0
174,17,108,0
-122,17,108,0
141,17,108,0
122,17,108,108
-115,17,108,1
-108,17,108,106
-41,17,108,0
62,17,108,1
-141,17,108,0
-169,17,108,0
127,17,108,2
-143,17,108,0
173,17,108,0
151,17,108,0
-132,17,108,0
61,17,108,1
-171,17,108,0
-114,17,108,1
86,17,108,4
142,17,108,0
-126,17,108,0
-139,17,108,0
-55,17,108,0
163,17,108,0
-42,17,108,0
-131,17,108,0
140,17,108,0
-165,17,108,0
-69,17,108,108
172,17,108,0
68,17,108,1
-155,17,108,107
-59,17,108,105
111,17,108,4
92,17,108,107
109,17,108,107
42,17,108,108
-65,17,108,108
158,17,108,0
114,17,108,3
-134,17,108,0
167,17,108,0
-51,17,108,3
130,17,108,0
94,17,108,108
136,17,108,0
153,17,108,0
-38,17,108,0
120,17,108,108
115,17,108,3
-105,17,108,108
60,17,108,2
132,17,108,0
116,17,108,2
-29,18,108,0
-140,18,108,0
154,18,108,0
148,18,108,0
-50,18,108,3
-54,18,108,0
-96,18,108,108
-42,18,108,0
39,18,108,108
-142,18,108,0
129,18,108,0
-127,18,108,0
-114,18,108,1
106,18,108,108
-117,18,108,0
-74,18,108,107
167,18,108,0
-158,18,108,108
-134,18,108,0
110,18,108,108
-107,18,108,108
-110,18,108,104
-163,18,108,23
-76,18,108,107
147,18,108,0
84,18,108,108
-111,18,108,0
-57,18,108,105
-109,18,108,104
136,18,108,0
-130,18,108,0
-131,18,108,0
40,18,108,108
-157,18,108,108
-153,18,108,108
107,18,108,108
-19,18,108,107
-18,18,108,107
-88,18,108,108
66,18,108,0
-60,18,108,108
-91,18,108,0
85,18,108,108
-170,18,108,0
130,18,108,0
119,18,108,107
-102,18,108,0
160,18,108,0
61,18,108,1
164,18,108,0
-65,18,108,108
-73,18,108,107
62,18,108,0
-115,18,108,1
169,18,108,0
108,18,108,108
-139,18,108,0
-177,18,108,0
150,18,108,0
-63,18,108,108
-66,18,108,108
-116,18,108,0
118,18,108,107
158,18,108,0
122,18,108,108
111,18,108,108
-43,18,108,0
-36,18,108,0
-35,18,108,0
-150,18,108,0
-147,18,108,0
-46,18,108,0
-92,18,108,108
-75,18,108,107
92,18,108,108
170,18,108,0
144,18,108,0
94,18,108,108
-68,18,108,108
116,18,108,2
-120,18,108,0
-41,18,108,0
-149,18,108,0
41,18,108,108
-93,18,108,108
-28,18,108,0
-164,18,108,0
143,18,108,0
-89,18,108,108
179,18,108,0
-129,18,108,0
-64,18,108,108
68,18,108,0
-95,18,108,108
-159,18,108,70
-58,18,108,105
72,18,108,105
-34,18,108,0
163,18,108,0
71,18,108,105
-51,18,108,3
161,18,108,0
93,18,108,108
83,18,108,108
-146,18,108,0
-62,18,108,108
-49,18,108,0
-17,18,108,108
-80,18,108,107
166,18,108,0
-25,18,108,0
59,18,108,108
-53,18,108,3
-20,18,108,107
121,18,108,108
-154,18,108,108
-138,18,108,0
175,18,108,0
-113,18,108,1
-81,18,108,107
125,18,108,4
123,18,108,108
-151,18,108,27
-162,18,108,65
-126,18,108,0
114,18,108,3
-175,18,108,0
115,18,108,3
126,18,108,2
156,18,108,0
-125,18,108,0
-23,18,108,0
60,18,108,1
-24,18,108,0
-33,18,108,0
-171,18,108,0
-97,18,108,0
172,18,108,0
178,18,108,0
-132,18,108,0
-44,18,108,0
-167,18,108,0
132,18,108,0
-174,18,108,0
145,18,108,0
159,18,108,0
131,18,108,0
-118,18,108,0
146,18,108,0
-137,18,108,0
-176,18,108,0
-136,18,108,0
-32,18,108,0
176,18,108,0
117,18,108,0
140,18,108,0
135,18,108,0
173,18,108,0
128,18,108,0
138,18,108,0
153,18,108,0
-38,18,108,0
165,18,108,0
-168,18,108,0
177,18,108,0
133,18,108,0
-156,18,108,108
113,18,108,1
155,18,108,0
-69,18,108,108
-122,18,108,0
-26,18,108,0
-78,18,108,107
120,18,108,108
-47,18,108,0
-82,18,108,107
137,18,108,0
-133,18,108,0
-105,18,108,108
89,18,108,106
-61,18,108,108
149,18,108,0
109,18,108,108
142,18,108,0
-72,18,108,107
-27,18,108,0
127,18,108,2
73,18,108,105
-103,18,108,108
-87,18,108,108
-67,18,108,108
-59,18,108,105
-106,18,108,108
-180,18,108,0
38,18,108,108
86,18,108,108
-71,18,108,107
162,18,108,0
-155,18,108,108
-112,18,108,1
-52,18,108,3
57,18,108,108
134,18,108,0
-85,18,108,8
-179,18,108,0
-31,18,108,0
70,18,108,2
-56,18,108,78
-83,18,108,107
67,18,108,0
58,18,108,108
91,18,108,94
-37,18,108,0
-39,18,108,0
-119,18,108,0
-141,18,108,0
-55,18,108,0
-22,18,108,1
-166,18,108,0
-128,18,108,0
-70,18,108,107
-104,18,108,108
69,18,108,2
-172,18,108,0
-169,18,108,0
112,18,108,3
-148,18,108,0
-77,18,108,107
-161,18,108,66
-79,18,108,107
157,18,108,0
-160,18,108,66
-94,18,108,108
168,18,108,0
-152,18,108,27
65,18,108,0
64,18,108,0
124,18,108,4
174,18,108,0
55,18,108,0
-135,18,108,0
63,18,108,0
-145,18,108,0
-124,18,108,0
151,18,108,0
-173,18,108,0
-165,18,108,0
171,18,108,0
-121,18,108,0
-45,18,108,0
56,18,108,107
139,18,108,0
87,18,108,106
-84,18,108,7
-123,18,108,0
-21,18,108,107
37,18,108,103
-108,18,108,108
152,18,108,0
-40,18,108,0
88,18,108,106
141,18,108,0
-48,18,108,0
-16,18,108,0
90,18,108,106
-86,18,108,8
105,18,108,108
-30,18,108,0
-178,18,108,0
-144,18,108,0
-143,18,108,0
140,19,108,0
-69,19,108,108
-108,19,108,108
-59,19,108,105
174,19,108,0
-178,19,108,0
106,19,108,108
117,19,108,2
177,19,108,0
-173,19,108,0
151,19,108,0
118,19,108,107
70,19,108,106
152,19,108,0
-121,19,108,0
86,19,108,108
-96,19,108,108
-38,19,108,0
-47,19,108,0
-50,19,108,3
145,19,108,0
-116,19,108,0
154,19,108,0
178,19,108,0
-132,19,108,0
-165,19,108,0
40,19,108,108
-78,19,108,107
-49,19,108,0
85,19,108,108
-107,19,108,108
-62,19,108,108
64,19,108,0
71,19,108,108
-156,19,108,108
39,19,108,108
-93,19,108,108
-117,19,108,0
-21,19,108,29
-74,19,108,107
121,19,108,108
94,19,108,108
-53,19,108,3
68,19,108,1
93,19,108,108
112,19,108,108
-109,19,108,104
-57,19,108,77
-68,19,108,108
-83,19,108,107
119,19,108,107
144,19,108,0
127,19,108,2
-119,19,108,0
-95,19,108,108
-56,19,108,77
-72,19,108,107
-125,19,108,0
-141,19,108,0
62,19,108,1
-136,19,108,0
-127,19,108,0
109,19,108,103
110,19,108,108
-71,19,108,107
-110,19,108,104
61,19,108,1
-179,19,108,0
-149,19,108,0
128,19,108,0
-147,19,108,0
-97,19,108,108
114,19,108,3
132,19,108,0
126,19,108,2
-22,19,108,29
-126,19,108,0
-106,19,108,108
-175,19,108,0
59,19,108,108
-111,19,108,103
-91,19,108,108
156,19,108,0
-180,19,108,0
-80,19,108,107
-60,19,108,105
-158,19,108,108
-73,19,108,107
73,19,108,0
139,19,108,0
111,19,108,108
60,19,108,1
125,19,108,4
-36,19,108,0
-67,19,108,108
37,19,108,103
105,19,108,108
66,19,108,1
-39,19,108,0
-120,19,108,0
-123,19,108,0
67,19,108,1
-86,19,108,9
-146,19,108,0
65,19,108,1
122,19,108,108
149,19,108,0
-151,19,108,23
-79,19,108,107
-150,19,108,0
-76,19,108,107
-61,19,108,105
-70,19,108,107
-32,19,108,0
-114,19,108,2
-163,19,108,23
-28,19,108,0
-26,19,108,0
176,19,108,0
141,19,108,0
167,19,108,0
-143,19,108,0
-52,19,108,3
-122,19,108,0
136,19,108,0
-31,19,108,0
173,19,108,0
161,19,108,0
171,19,108,0
-177,19,108,0
-174,19,108,0
-137,19,108,0
179,19,108,0
172,19,108,0
-54,19,108,0
-131,19,108,0
175,19,108,0
-130,19,108,0
163,19,108,0
-167,19,108,0
-42,19,108,0
-128,19,108,0
57,19,108,108
162,19,108,0
-34,19,108,0
160,19,108,0
170,19,108,0
-133,19,108,0
134,19,108,0
-161,19,108,66
123,19,108,108
-159,19,108,108
69,19,108,106
-55,19,108,0
-23,19,108,0
-94,19,108,108
-145,19,108,0
-43,19,108,0
113,19,108,106
116,19,108,2
-105,19,108,108
-44,19,108,0
108,19,108,108
41,19,108,61
-35,19,108,0
84,19,108,108
-154,19,108,108
-160,19,108,66
168,19,108,0
-17,19,108,108
-20,19,108,107
150,19,108,0
-66,19,108,108
-84,19,108,5
-85,19,108,8
-58,19,108,105
-75,19,108,107
-112,19,108,104
-37,19,108,0
58,19,108,108
107,19,108,105
-87,19,108,108
-171,19,108,0
-152,19,108,23
135,19,108,0
89,19,108,106
-27,19,108,0
87,19,108,108
153,19,108,0
-148,19,108,0
91,19,108,108
124,19,108,3
-92,19,108,108
-19,19,108,107
-24,19,108,0
-162,19,108,66
-142,19,108,0
-81,19,108,107
-25,19,108,0
-77,19,108,107
88,19,108,108
-169,19,108,0
-129,19,108,0
-144,19,108,0
-155,19,108,108
-172,19,108,0
-63,19,108,108
90,19,108,106
-140,19,108,0
-168,19,108,0
-88,19,108,108
138,19,108,0
63,19,108,1
115,19,108,3
146,19,108,0
-164,19,108,23
72,19,108,105
-166,19,108,0
142,19,108,0
166,19,108,0
157,19,108,0
-29,19,108,0
169,19,108,0
-176,19,108,0
-51,19,108,3
131,19,108,0
143,19,108,0
130,19,108,0
-170,19,108,0
148,19,108,0
-124,19,108,0
-45,19,108,0
-118,19,108,0
-48,19,108,0
-30,19,108,0
-33,19,108,0
-134,19,108,0
-46,19,108,0
155,19,108,0
-138,19,108,0
129,19,108,0
-64,19,108,108
-157,19,108,108
-18,19,108,108
165,19,108,0
38,19,108,108
133,19,108,0
-41,19,108,0
137,19,108,0
-135,19,108,0
164,19,108,0
158,19,108,0
120,19,108,108
-82,19,108,107
-153,19,108,108
92,19,108,108
147,19,108,0
-139,19,108,0
-40,19,108,0
159,19,108,0
-65,19,108,108
-115,19,108,0
-113,19,108,103
128,20,108,0
-162,20,108,108
37,20,108,103
171,20,108,0
-88,20,108,108
140,20,108,0
154,20,108,0
110,20,108,108
-41,20,108,0
162,20,108,0
-17,20,108,33
-83,20,108,107
-159,20,108,108
-129,20,108,0
124,20,108,4
-70,20,108,107
-49,20,108,0
-64,20,108,108
-124,20,108,0
107,20,108,108
172,20,108,0
138,20,108,0
-50,20,108,3
166,20,108,0
-154,20,108,108
-69,20,108,107
-58,20,108,104
-139,20,108,0
-22,20,108,29
-156,20,108,108
-91,20,108,108
153,20,108,0
60,20,108,97
-57,20,108,77
176,20,108,0
-40,20,108,0
131,20,108,0
-65,20,108,108
145,20,108,0
-157,20,108,108
-134,20,108,0
-175,20,108,0
129,20,108,0
62,20,108,1
175,20,108,0
-147,20,108,0
-24,20,108,0
-155,20,108,108
123,20,108,50
-87,20,108,108
106,20,108,108
92,20,108,108
161,20,108,0
-117,20,108,0
-130,20,108,0
177,20,108,0
-109,20,108,104
117,20,108,2
-110,20,108,104
-44,20,108,0
109,20,108,103
71,20,108,108
152,20,108,0
-78,20,108,107
-76,20,108,107
-55,20,108,0
-123,20,108,0
-177,20,108,0
114,20,108,106
-79,20,108,107
144,20,108,0
-98,20,108,108
89,20,108,108
-127,20,108,0
-151,20,108,0
116,20,108,106
-164,20,108,23
59,20,108,108
40,20,108,108
-84,20,108,107
-120,20,108,1
125,20,108,4
90,20,108,108
-165,20,108,0
-169,20,108,0
132,20,108,0
-80,20,108,107
167,20,108,0
-94,20,108,107
108,20,108,107
-163,20,108,23
88,20,108,108
-82,20,108,107
-71,20,108,107
136,20,108,1
-106,20,108,108
-19,20,108,31
-115,20,108,53
118,20,108,42
-86,20,108,10
93,20,108,108
-158,20,108,108
-61,20,108,104
-112,20,108,104
157,20,108,0
-32,20,108,0
-131,20,108,0
-161,20,108,108
-93,20,108,107
-179,20,108,0
-173,20,108,0
130,20,108,0
141,20,108,0
-138,20,108,0
-152,20,108,1
147,20,108,0
-168,20,108,0
137,20,108,1
-53,20,108,0
-122,20,108,0
134,20,108,0
126,20,108,1
135,20,108,0
127,20,108,1
-149,20,108,0
-27,20,108,0
179,20,108,0
160,20,108,0
-166,20,108,0
66,20,108,1
-141,20,108,0
-42,20,108,0
133,20,108,0
163,20,108,0
-33,20,108,0
149,20,108,0
148,20,108,0
-28,20,108,0
-47,20,108,0
-48,20,108,0
-54,20,108,0
-171,20,108,0
-31,20,108,0
-136,20,108,0
-56,20,108,77
-176,20,108,0
-81,20,108,107
58,20,108,108
39,20,108,108
-107,20,108,108
168,20,108,0
38,20,108,108
-172,20,108,0
69,20,108,108
-153,20,108,108
-143,20,108,0
-60,20,108,104
-29,20,108,0
-74,20,108,107
122,20,108,50
-23,20,108,0
-25,20,108,0
-170,20,108,0
-144,20,108,0
-132,20,108,0
-73,20,108,107
57,20,108,108
139,20,108,0
67,20,108,108
-62,20,108,108
-63,20,108,108
-126,20,108,0
-97,20,108,108
112,20,108,108
-92,20,108,108
-108,20,108,108
-75,20,108,107
91,20,108,108
-133,20,108,0
-116,20,108,1
72,20,108,108
87,20,108,108
-66,20,108,108
63,20,108,1
86,20,108,108
-67,20,108,108
-96,20,108,108
-46,20,108,0
-148,20,108,0
-128,20,108,0
-18,20,108,33
-34,20,108,0
68,20,108,108
-36,20,108,0
-20,20,108,30
121,20,108,91
119,20,108,42
173,20,108,0
61,20,108,94
-160,20,108,108
-114,20,108,104
70,20,108,108
-167,20,108,0
156,20,108,0
-121,20,108,1
-137,20,108,0
146,20,108,0
113,20,108,104
-95,20,108,108
-52,20,108,3
64,20,108,0
155,20,108,0
-59,20,108,104
-68,20,108,106
-26,20,108,0
-21,20,108,29
-77,20,108,0
170,20,108,0
-125,20,108,0
-45,20,108,0
73,20,108,0
-118,20,108,1
-30,20,108,0
165,20,108,0
-146,20,108,0
-39,20,108,0
142,20,108,0
-178,20,108,0
-180,20,108,0
65,20,108,1
-174,20,108,0
-37,20,108,0
-43,20,108,0
-38,20,108,0
159,20,108,0
-113,20,108,103
-51,20,108,3
115,20,108,106
164,20,108,0
-135,20,108,0
158,20,108,0
151,20,108,0
-85,20,108,108
-35,20,108,0
111,20,108,108
150,20,108,0
-111,20,108,104
-142,20,108,0
-72,20,108,107
178,20,108,0
-150,20,108,0
169,20,108,0
105,20,108,0
120,20,108,91
174,20,108,0
-119,20,108,0
-145,20,108,0
143,20,108,0
36,20,108,0
-140,20,108,0
159,21,108,0
-173,21,108,0
158,21,108,0
-161,21,108,108
68,21,108,108
-113,21,108,104
92,21,108,108
-155,21,108,108
-88,21,108,108
-47,21,108,0
-64,21,108,108
125,21,108,2
-78,21,108,107
89,21,108,108
-58,21,108,77
-81,21,108,107
114,21,108,108
-95,21,108,107
71,21,108,108
-63,21,108,108
-109,21,108,107
-157,21,108,108
-27,21,108,0
-151,21,108,0
121,21,108,108
-18,21,108,33
143,21,108,0
-68,21,108,106
-86,21,108,108
119,21,108,104
-110,21,108,105
-170,21,108,0
122,21,108,108
-158,21,108,108
-75,21,108,107
60,21,108,97
-174,21,108,0
169,21,108,0
-51,21,108,3
-48,21,108,0
126,21,108,1
61,21,108,97
147,21,108,0
112,21,108,108
-77,21,108,107
139,21,108,0
118,21,108,5
-106,21,108,108
-97,21,108,108
39,21,108,100
-19,21,108,108
-133,21,108,0
-152,21,108,44
-62,21,108,108
-175,21,108,0
-43,21,108,0
59,21,108,108
115,21,108,108
113,21,108,106
128,21,108,1
-91,21,108,108
106,21,108,0
-123,21,108,0
-70,21,108,107
73,21,108,0
141,21,108,0
-149,21,108,0
117,21,108,10
-114,21,108,104
-108,21,108,108
-73,21,108,107
72,21,108,108
-94,21,108,107
-107,21,108,108
-166,21,108,0
162,21,108,0
-76,21,108,107
-83,21,108,107
-65,21,108,108
-56,21,108,77
108,21,108,107
-135,21,108,0
-66,21,108,108
63,21,108,1
109,21,108,103
-74,21,108,107
-80,21,108,107
127,21,108,1
123,21,108,9
-96,21,108,108
-132,21,108,0
-153,21,108,108
-139,21,108,0
163,21,108,0
-29,21,108,0
-138,21,108,0
-125,21,108,0
-160,21,108,108
-30,21,108,0
-57,21,108,77
153,21,108,0
-67,21,108,108
-156,21,108,108
62,21,108,1
-21,21,108,107
177,21,108,0
-39,21,108,0
-59,21,108,78
88,21,108,108
-61,21,108,101
-20,21,108,107
150,21,108,0
111,21,108,108
-164,21,108,23
161,21,108,0
154,21,108,0
-171,21,108,0
116,21,108,108
156,21,108,0
-146,21,108,0
-180,21,108,0
-32,21,108,0
-34,21,108,0
-176,21,108,0
-49,21,108,0
124,21,108,1
-28,21,108,0
137,21,108,1
-131,21,108,0
-130,21,108,0
165,21,108,0
132,21,108,0
-148,21,108,0
-31,21,108,0
-136,21,108,0
-26,21,108,0
-150,21,108,0
-179,21,108,0
144,21,108,0
-124,21,108,0
-144,21,108,0
131,21,108,0
170,21,108,0
151,21,108,0
173,21,108,0
-134,21,108,0
-38,21,108,0
120,21,108,108
-89,21,108,108
-167,21,108,0
-93,21,108,107
-142,21,108,0
129,21,108,1
-72,21,108,107
179,21,108,0
134,21,108,0
-17,21,108,33
-119,21,108,1
-92,21,108,108
-50,21,108,3
-85,21,108,108
-98,21,108,108
-90,21,108,108
-82,21,108,107
69,21,108,108
176,21,108,0
-162,21,108,108
-25,21,108,0
-112,21,108,104
-168,21,108,0
-116,21,108,104
91,21,108,108
-126,21,108,0
36,21,108,53
65,21,108,1
-154,21,108,108
-122,21,108,1
-53,21,108,0
-120,21,108,2
-172,21,108,0
-169,21,108,0
-54,21,108,0
-127,21,108,0
64,21,108,0
160,21,108,0
-60,21,108,101
152,21,108,0
155,21,108,0
-40,21,108,0
-41,21,108,0
-87,21,108,108
-159,21,108,108
58,21,108,108
175,21,108,0
-69,21,108,107
-117,21,108,61
-111,21,108,104
90,21,108,108
178,21,108,0
-33,21,108,0
66,21,108,19
168,21,108,0
-137,21,108,0
135,21,108,1
-115,21,108,104
110,21,108,108
-52,21,108,3
-143,21,108,0
37,21,108,54
171,21,108,0
-45,21,108,0
-55,21,108,0
-71,21,108,107
166,21,108,0
-177,21,108,0
38,21,108,100
148,21,108,0
-140,21,108,0
130,21,108,0
-121,21,108,1
146,21,108,0
-42,21,108,0
145,21,108,0
174,21,108,0
-37,21,108,0
157,21,108,0
-178,21,108,0
-145,21,108,0
-147,21,108,0
140,21,108,0
-84,21,108,107
164,21,108,0
172,21,108,0
-22,21,108,28
149,21,108,0
-163,21,108,23
133,21,108,0
-36,21,108,0
70,21,108,108
142,21,108,0
-128,21,108,0
-129,21,108,0
67,21,108,108
-35,21,108,0
-79,21,108,107
-24,21,108,0
-118,21,108,1
-44,21,108,0
-46,21,108,0
167,21,108,0
136,21,108,1
86,21,108,108
107,21,108,106
138,21,108,1
-23,21,108,0
87,21,108,108
-141,21,108,0
-165,21,108,0
-24,22,108,0
-95,22,108,107
174,22,108,0
-18,22,108,108
-40,22,108,0
108,22,108,0
-160,22,108,108
-87,22,108,108
91,22,108,108
128,22,108,1
39,22,108,100
-171,22,108,0
-142,22,108,0
-49,22,108,0
-92,22,108,108
-44,22,108,0
-67,22,108,107
-38,22,108,0
-166,22,108,0
-109,22,108,108
69,22,108,108
161,22,108,0
-145,22,108,0
-84,22,108,107
-78,22,108,107
-76,22,108,107
-43,22,108,0
141,22,108,0
-31,22,108,0
-36,22,108,0
115,22,108,108
90,22,108,108
-165,22,108,8
-106,22,108,108
-180,22,108,0
-22,22,108,28
148,22,108,0
-26,22,108,0
-116,22,108,104
-121,22,108,1
-107,22,108,108
126,22,108,0
-88,22,108,105
-71,22,108,107
138,22,108,1
89,22,108,108
-74,22,108,107
-117,22,108,103
170,22,108,0
117,22,108,108
92,22,108,0
118,22,108,108
60,22,108,108
179,22,108,0
166,22,108,0
66,22,108,106
121,22,108,108
-98,22,108,108
65,22,108,19
-75,22,108,107
143,22,108,0
61,22,108,97
64,22,108,0
-57,22,108,77
-86,22,108,108
-60,22,108,78
-146,22,108,0
-127,22,108,0
178,22,108,0
114,22,108,108
-140,22,108,0
-56,22,108,0
-94,22,108,107
-132,22,108,0
120,22,108,108
176,22,108,0
-80,22,108,107
-125,22,108,0
-111,22,108,108
140,22,108,0
-62,22,108,51
36,22,108,61
123,22,108,5
-161,22,108,108
-169,22,108,0
139,22,108,0
-119,22,108,2
-134,22,108,0
127,22,108,0
59,22,108,108
-83,22,108,107
-70,22,108,107
-179,22,108,0
68,22,108,108
-136,22,108,0
-118,22,108,103
-97,22,108,108
-163,22,108,23
-177,22,108,0
-173,22,108,0
-68,22,108,106
-175,22,108,0
162,22,108,0
-89,22,108,106
-45,22,108,0
-30,22,108,0
131,22,108,0
-33,22,108,0
152,22,108,0
63,22,108,1
159,22,108,0
171,22,108,0
-55,22,108,0
168,22,108,0
-48,22,108,0
-25,22,108,0
-129,22,108,0
-150,22,108,0
-34,22,108,0
177,22,108,0
134,22,108,0
172,22,108,0
147,22,108,0
160,22,108,0
-130,22,108,0
-170,22,108,0
-39,22,108,0
-27,22,108,0
-29,22,108,0
-176,22,108,0
154,22,108,0
-144,22,108,0
-54,22,108,0
-99,22,108,0
-131,22,108,0
-82,22,108,107
87,22,108,0
-19,22,108,108
-153,22,108,108
-120,22,108,2
-73,22,108,107
-172,22,108,0
67,22,108,108
-96,22,108,108
-135,22,108,0
-149,22,108,0
-58,22,108,77
-133,22,108,0
-154,22,108,108
-122,22,108,1
155,22,108,0
-138,22,108,0
88,22,108,108
70,22,108,108
-157,22,108,108
-53,22,108,0
133,22,108,0
-178,22,108,0
-32,22,108,0
72,22,108,72
165,22,108,0
136,22,108,1
-20,22,108,107
-63,22,108,108
142,22,108,0
-148,22,108,0
-17,22,108,63
73,22,108,0
119,22,108,104
-167,22,108,0
-41,22,108,0
113,22,108,106
-155,22,108,108
146,22,108,0
112,22,108,0
-115,22,108,104
-114,22,108,105
-141,22,108,0
-37,22,108,0
149,22,108,0
-28,22,108,0
144,22,108,0
-65,22,108,108
-59,22,108,78
173,22,108,0
-147,22,108,0
-156,22,108,108
-108,22,108,108
-174,22,108,0
-168,22,108,0
163,22,108,0
129,22,108,1
58,22,108,0
-128,22,108,0
-90,22,108,108
-85,22,108,108
-52,22,108,0
158,22,108,0
-81,22,108,107
156,22,108,0
167,22,108,0
-113,22,108,106
169,22,108,0
-69,22,108,107
135,22,108,1
124,22,108,2
132,22,108,0
137,22,108,1
153,22,108,0
-139,22,108,0
-35,22,108,0
-126,22,108,0
62,22,108,1
130,22,108,1
125,22,108,2
-151,22,108,0
-46,22,108,0
145,22,108,0
-123,22,108,0
-51,22,108,0
175,22,108,0
157,22,108,0
-143,22,108,0
-23,22,108,0
150,22,108,0
-164,22,108,27
-110,22,108,108
-72,22,108,107
-159,22,108,108
-42,22,108,0
-158,22,108,108
-50,22,108,0
-152,22,108,44
-112,22,108,108
-93,22,108,106
-162,22,108,108
164,22,108,0
151,22,108,0
38,22,108,100
-91,22,108,108
-79,22,108,107
116,22,108,108
-124,22,108,0
37,22,108,100
-21,22,108,107
35,22,108,61
-61,22,108,80
-47,22,108,0
-66,22,108,108
-64,22,108,108
-137,22,108,0
-77,22,108,107
122,22,108,108
-66,23,108,93
-76,23,108,107
-37,23,108,0
-70,23,108,105
165,23,108,0
-145,23,108,0
155,23,108,0
-71,23,108,107
130,23,108,1
-158,23,108,108
-31,23,108,0
-22,23,108,28
-40,23,108,0
169,23,108,0
-94,23,108,107
134,23,108,0
-155,23,108,70
168,23,108,0
-17,23,108,63
-47,23,108,0
-18,23,108,108
136,23,108,1
174,23,108,0
153,23,108,0
-28,23,108,0
131,23,108,0
175,23,108,0
-116,23,108,105
-147,23,108,0
-149,23,108,0
-29,23,108,0
38,23,108,100
135,23,108,1
146,23,108,0
-78,23,108,107
-175,23,108,0
149,23,108,0
-44,23,108,0
122,23,108,108
-83,23,108,107
39,23,108,0
64,23,108,106
-62,23,108,78
57,23,108,108
-160,23,108,108
68,23,108,108
-26,23,108,0
-115,23,108,105
-82,23,108,107
-79,23,108,107
-91,23,108,108
-137,23,108,0
177,23,108,0
166,23,108,0
-166,23,108,0
-177,23,108,0
120,23,108,108
141,23,108,0
-69,23,108,105
-131,23,108,0
-114,23,108,105
-92,23,108,107
119,23,108,108
-153,23,108,44
-56,23,108,0
-77,23,108,107
-75,23,108,107
-39,23,108,0
-34,23,108,0
117,23,108,108
-96,23,108,108
-117,23,108,104
123,23,108,36
-58,23,108,77
128,23,108,1
-59,23,108,78
118,23,108,108
-167,23,108,0
144,23,108,0
-157,23,108,65
161,23,108,0
-172,23,108,0
179,23,108,0
-144,23,108,0
-95,23,108,107
115,23,108,0
143,23,108,0
-163,23,108,27
124,23,108,57
-156,23,108,69
-154,23,108,70
52,23,108,108
-178,23,108,0
-151,23,108,0
-179,23,108,0
-171,23,108,0
-23,23,108,0
-48,23,108,0
-173,23,108,0
137,23,108,1
-121,23,108,1
-180,23,108,0
-134,23,108,0
163,23,108,0
54,23,108,0
-53,23,108,0
-38,23,108,0
-126,23,108,0
152,23,108,0
-169,23,108,0
151,23,108,0
-132,23,108,0
-32,23,108,0
-41,23,108,0
-127,23,108,0
140,23,108,1
156,23,108,0
70,23,108,0
-49,23,108,0
-176,23,108,0
160,23,108,0
-30,23,108,0
69,23,108,0
-136,23,108,0
-140,23,108,0
-27,23,108,0
-88,23,108,105
138,23,108,1
-174,23,108,0
164,23,108,0
139,23,108,1
37,23,108,100
63,23,108,106
-150,23,108,0
-107,23,108,108
-80,23,108,107
-89,23,108,105
154,23,108,0
-43,23,108,0
66,23,108,107
-16,23,108,108
-130,23,108,0
-148,23,108,0
-19,23,108,108
-45,23,108,0
-168,23,108,0
121,23,108,108
-81,23,108,107
-164,23,108,27
116,23,108,108
-161,23,108,108
60,23,108,108
167,23,108,0
-67,23,108,106
-109,23,108,108
125,23,108,57
-141,23,108,0
-97,23,108,108
-152,23,108,44
171,23,108,0
145,23,108,0
-112,23,108,108
-74,23,108,107
-60,23,108,78
-133,23,108,0
-84,23,108,107
129,23,108,1
-118,23,108,104
-123,23,108,0
-135,23,108,0
65,23,108,106
-24,23,108,0
142,23,108,0
-142,23,108,0
58,23,108,108
170,23,108,0
-87,23,108,107
-90,23,108,108
-73,23,108,107
150,23,108,0
-93,23,108,106
-122,23,108,1
61,23,108,106
35,23,108,61
-63,23,108,2
176,23,108,0
-146,23,108,0
-42,23,108,0
-55,23,108,0
-46,23,108,0
158,23,108,0
-72,23,108,107
-86,23,108,107
126,23,108,2
-20,23,108,107
-139,23,108,0
-143,23,108,0
162,23,108,0
-111,23,108,108
-125,23,108,0
36,23,108,61
-85,23,108,107
-68,23,108,106
-36,23,108,0
-120,23,108,2
127,23,108,1
-170,23,108,0
-54,23,108,0
53,23,108,0
178,23,108,0
-124,23,108,0
157,23,108,0
-25,23,108,0
-51,23,108,0
-50,23,108,0
-33,23,108,0
56,23,108,0
172,23,108,0
-128,23,108,0
-108,23,108,108
-113,23,108,108
-35,23,108,0
-162,23,108,69
159,23,108,0
59,23,108,108
173,23,108,0
113,23,108,0
-129,23,108,0
-57,23,108,77
-61,23,108,78
-52,23,108,0
-98,23,108,108
-110,23,108,108
51,23,108,108
-138,23,108,0
-21,23,108,107
133,23,108,0
-64,23,108,3
-159,23,108,108
62,23,108,106
-165,23,108,11
132,23,108,0
-119,23,108,2
147,23,108,0
67,23,108,108
148,23,108,0
-65,23,108,9
-113,24,108,108
-160,24,108,65
-47,24,108,0
-94,24,108,107
137,24,108,1
162,24,108,0
-32,24,108,0
-114,24,108,99
128,24,108,3
177,24,108,0
-19,24,108,108
-89,24,108,105
-146,24,108,0
172,24,108,0
163,24,108,0
-177,24,108,0
159,24,108,0
-124,24,108,0
-170,24,108,0
-147,24,108,0
-70,24,108,104
-159,24,108,65
-60,24,108,78
-117,24,108,104
-49,24,108,0
-128,24,108,0
-129,24,108,0
-173,24,108,0
-64,24,108,3
-155,24,108,69
-17,24,108,108
-116,24,108,104
-115,24,108,107
-172,24,108,0
131,24,108,0
-91,24,108,107
-123,24,108,0
34,24,108,108
-156,24,108,69
51,24,108,108
-108,24,108,108
151,24,108,0
67,24,108,107
144,24,108,0
-149,24,108,0
134,24,108,1
-54,24,108,0
-165,24,108,27
-136,24,108,0
-16,24,108,108
121,24,108,108
126,24,108,57
-61,24,108,4
-98,24,108,108
-96,24,108,108
125,24,108,57
-161,24,108,64
-20,24,108,107
143,24,108,0
-83,24,108,107
160,24,108,0
166,24,108,0
132,24,108,1
-78,24,108,107
122,24,108,108
-39,24,108,0
-118,24,108,103
-90,24,108,107
-28,24,108,0
-97,24,108,108
140,24,108,1
-31,24,108,0
-126,24,108,0
-153,24,108,0
-46,24,108,0
-75,24,108,107
-150,24,108,0
-122,24,108,1
-112,24,108,107
-73,24,108,106
-84,24,108,107
149,24,108,0
-140,24,108,0
-109,24,108,108
124,24,108,57
57,24,108,108
-44,24,108,0
-23,24,108,0
-34,24,108,0
147,24,108,0
-42,24,108,0
54,24,108,108
173,24,108,0
-18,24,108,108
64,24,108,107
-134,24,108,0
178,24,108,0
-110,24,108,108
-178,24,108,0
176,24,108,0
65,24,108,107
38,24,108,100
-158,24,108,65
-132,24,108,0
-36,24,108,0
-30,24,108,0
-71,24,108,104
-138,24,108,0
-139,24,108,0
-68,24,108,2
-163,24,108,27
-38,24,108,0
145,24,108,0
-152,24,108,0
-135,24,108,0
123,24,108,57
-29,24,108,0
-67,24,108,2
-57,24,108,77
-120,24,108,2
-21,24,108,107
-130,24,108,0
-87,24,108,10
136,24,108,1
155,24,108,0
-151,24,108,0
-180,24,108,0
179,24,108,0
148,24,108,0
-26,24,108,0
146,24,108,0
168,24,108,0
138,24,108,1
-174,24,108,0
158,24,108,0
130,24,108,1
165,24,108,0
-37,24,108,0
156,24,108,0
157,24,108,0
171,24,108,0
-175,24,108,0
-125,24,108,0
-131,24,108,0
-53,24,108,0
68,24,108,0
135,24,108,0
174,24,108,0
-179,24,108,0
-143,24,108,0
55,24,108,0
-127,24,108,0
-22,24,108,0
-137,24,108,0
175,24,108,0
-43,24,108,0
60,24,108,108
-82,24,108,108
-52,24,108,0
-63,24,108,3
-167,24,108,0
63,24,108,107
-74,24,108,107
61,24,108,107
119,24,108,108
-69,24,108,104
-45,24,108,0
120,24,108,108
-81,24,108,108
161,24,108,0
37,24,108,108
142,24,108,0
50,24,108,108
118,24,108,108
-166,24,108,0
-142,24,108,0
167,24,108,0
62,24,108,107
-154,24,108,69
-80,24,108,108
-92,24,108,107
170,24,108,0
-25,24,108,0
58,24,108,108
-24,24,108,0
-51,24,108,0
-79,24,108,107
-85,24,108,10
-62,24,108,2
-35,24,108,0
-41,24,108,0
-148,24,108,0
-72,24,108,104
-15,24,108,108
-66,24,108,2
35,24,108,108
66,24,108,107
36,24,108,108
59,24,108,108
139,24,108,1
-119,24,108,103
-164,24,108,27
-157,24,108,65
129,24,108,1
-176,24,108,0
53,24,108,108
56,24,108,108
-95,24,108,107
-59,24,108,78
-76,24,108,107
-58,24,108,77
154,24,108,0
52,24,108,108
-169,24,108,0
127,24,108,3
141,24,108,0
-86,24,108,10
-107,24,108,0
169,24,108,0
133,24,108,1
-50,24,108,0
-56,24,108,0
-55,24,108,0
-133,24,108,0
152,24,108,0
150,24,108,0
-141,24,108,0
117,24,108,108
-77,24,108,107
-111,24,108,108
-162,24,108,27
-40,24,108,0
153,24,108,0
-48,24,108,0
-145,24,108,0
-144,24,108,0
-168,24,108,0
-171,24,108,0
164,24,108,0
-121,24,108,1
-88,24,108,105
-27,24,108,0
-33,24,108,0
-93,24,108,107
-65,24,108,2
-150,25,108,0
-126,25,108,0
-165,25,108,26
-110,25,108,108
-179,25,108,0
-37,25,108,0
-153,25,108,0
-22,25,108,0
-24,25,108,0
-76,25,108,107
-169,25,108,0
-129,25,108,0
-66,25,108,2
-109,25,108,108
-40,25,108,0
-79,25,108,107
-21,25,108,107
148,25,108,0
-131,25,108,0
-172,25,108,0
-144,25,108,0
-80,25,108,108
131,25,108,2
-112,25,108,107
-70,25,108,104
62,25,108,107
153,25,108,0
-59,25,108,1
154,25,108,0
-36,25,108,0
172,25,108,0
170,25,108,0
128,25,108,61
34,25,108,108
-152,25,108,0
-151,25,108,0
-180,25,108,0
-56,25,108,0
-145,25,108,0
-122,25,108,0
-71,25,108,104
-159,25,108,1
-67,25,108,1
-161,25,108,24
-162,25,108,27
130,25,108,61
-38,25,108,0
-88,25,108,105
173,25,108,0
145,25,108,0
37,25,108,108
160,25,108,0
136,25,108,1
175,25,108,0
49,25,108,0
-114,25,108,99
178,25,108,0
-30,25,108,0
150,25,108,0
-108,25,108,0
166,25,108,0
-116,25,108,104
58,25,108,108
157,25,108,0
-35,25,108,0
176,25,108,0
-55,25,108,0
54,25,108,108
-177,25,108,0
169,25,108,0
159,25,108,0
-164,25,108,27
-75,25,108,106
50,25,108,108
-94,25,108,107
-96,25,108,108
-18,25,108,108
-82,25,108,108
-64,25,108,3
-47,25,108,0
-149,25,108,0
56,25,108,108
-63,25,108,3
36,25,108,108
-156,25,108,22
60,25,108,107
-130,25,108,0
143,25,108,0
-155,25,108,22
51,25,108,108
-15,25,108,108
-120,25,108,8
-135,25,108,0
139,25,108,1
-166,25,108,0
-44,25,108,0
123,25,108,55
59,25,108,107
63,25,108,107
-91,25,108,107
-33,25,108,0
-146,25,108,0
-163,25,108,27
-138,25,108,0
165,25,108,0
138,25,108,1
-147,25,108,0
-29,25,108,0
-16,25,108,108
122,25,108,108
127,25,108,60
151,25,108,0
-42,25,108,0
-65,25,108,2
-68,25,108,2
133,25,108,1
-39,25,108,0
164,25,108,0
171,25,108,0
-49,25,108,0
177,25,108,0
-28,25,108,0
-127,25,108,0
-54,25,108,0
-171,25,108,0
-48,25,108,0
-25,25,108,0
-41,25,108,0
179,25,108,0
-174,25,108,0
-157,25,108,0
-26,25,108,0
-124,25,108,0
-123,25,108,0
-23,25,108,0
-20,25,108,107
-92,25,108,107
119,25,108,108
-113,25,108,108
-97,25,108,108
-115,25,108,107
174,25,108,0
-170,25,108,0
-132,25,108,0
121,25,108,108
-90,25,108,107
167,25,108,0
-119,25,108,103
-142,25,108,0
-84,25,108,107
-85,25,108,107
147,25,108,0
-111,25,108,108
-81,25,108,108
-27,25,108,0
-45,25,108,0
-58,25,108,0
-140,25,108,0
137,25,108,1
-62,25,108,2
-167,25,108,0
61,25,108,107
-176,25,108,0
141,25,108,1
-95,25,108,107
-53,25,108,0
-19,25,108,108
-136,25,108,0
146,25,108,0
-78,25,108,107
66,25,108,107
-31,25,108,0
-160,25,108,24
161,25,108,0
53,25,108,108
-57,25,108,0
-89,25,108,105
118,25,108,108
65,25,108,107
155,25,108,0
-158,25,108,1
-121,25,108,4
64,25,108,107
-50,25,108,0
-34,25,108,0
57,25,108,108
-168,25,108,0
142,25,108,0
126,25,108,57
35,25,108,108
-69,25,108,2
-74,25,108,106
168,25,108,0
162,25,108,0
-154,25,108,0
-133,25,108,0
55,25,108,108
-72,25,108,104
-87,25,108,10
120,25,108,108
135,25,108,0
132,25,108,1
-128,25,108,0
-73,25,108,6
-60,25,108,1
-143,25,108,0
-134,25,108,0
152,25,108,0
-32,25,108,0
-51,25,108,0
-139,25,108,0
140,25,108,1
149,25,108,0
-52,25,108,0
-46,25,108,0
-173,25,108,0
-17,25,108,108
-117,25,108,104
-141,25,108,0
124,25,108,55
-98,25,108,108
-118,25,108,103
-125,25,108,0
-61,25,108,2
158,25,108,0
-43,25,108,0
-93,25,108,107
144,25,108,0
-77,25,108,107
-175,25,108,0
125,25,108,57
52,25,108,108
134,25,108,1
-178,25,108,0
-86,25,108,10
163,25,108,0
-83,25,108,108
129,25,108,61
156,25,108,0
-137,25,108,0
-148,25,108,0
-178,26,108,0
132,26,108,2
-119,26,108,106
52,26,108,108
-87,26,108,11
-147,26,108,0
120,26,108,108
35,26,108,108
-151,26,108,0
-177,26,108,0
161,26,108,0
-22,26,108,0
-75,26,108,106
55,26,108,108
36,26,108,108
-71,26,108,3
166,26,108,0
51,26,108,108
-97,26,108,108
134,26,108,1
-72,26,108,6
-43,26,108,0
-116,26,108,108
-121,26,108,105
127,26,108,60
-41,26,108,0
-83,26,108,108
178,26,108,0
-92,26,108,107
-170,26,108,0
-78,26,108,107
-153,26,108,0
-145,26,108,0
-118,26,108,106
-14,26,108,108
-63,26,108,1
150,26,108,0
-86,26,108,12
-60,26,108,1
168,26,108,0
-148,26,108,0
138,26,108,1
-23,26,108,0
53,26,108,108
57,26,108,108
-137,26,108,0
-156,26,108,0
129,26,108,61
170,26,108,0
-154,26,108,0
121,26,108,108
-173,26,108,0
-16,26,108,108
-98,26,108,108
-42,26,108,0
-52,26,108,0
-94,26,108,107
-28,26,108,0
141,26,108,1
54,26,108,108
-132,26,108,0
-81,26,108,108
126,26,108,56
-33,26,108,0
-85,26,108,108
-17,26,108,108
33,26,108,108
-74,26,108,106
151,26,108,0
49,26,108,108
-80,26,108,108
146,26,108,0
-84,26,108,108
-30,26,108,0
-127,26,108,0
-109,26,108,0
-168,26,108,0
-93,26,108,107
139,26,108,1
-133,26,108,0
-114,26,108,108
-172,26,108,0
56,26,108,108
-64,26,108,2
-91,26,108,107
155,26,108,0
-111,26,108,108
148,26,108,0
154,26,108,0
163,26,108,0
-149,26,108,0
34,26,108,108
-39,26,108,0
-112,26,108,108
-129,26,108,0
-136,26,108,0
-68,26,108,2
136,26,108,1
-179,26,108,0
-21,26,108,0
158,26,108,0
-37,26,108,0
-160,26,108,1
143,26,108,0
-167,26,108,0
-140,26,108,0
-54,26,108,0
-44,26,108,0
-70,26,108,4
-175,26,108,0
-143,26,108,0
-128,26,108,0
-169,26,108,0
-59,26,108,1
179,26,108,0
-164,26,108,0
-135,26,108,0
144,26,108,0
156,26,108,0
-50,26,108,0
-48,26,108,0
133,26,108,1
-122,26,108,1
-47,26,108,0
-31,26,108,0
-166,26,108,0
-58,26,108,0
-57,26,108,0
-141,26,108,0
-155,26,108,0
157,26,108,0
-26,26,108,0
-165,26,108,0
142,26,108,0
-180,26,108,0
-174,26,108,0
-53,26,108,0
50,26,108,108
-18,26,108,108
-38,26,108,0
160,26,108,0
-159,26,108,1
-79,26,108,107
-126,26,108,0
147,26,108,0
-40,26,108,0
140,26,108,1
-65,26,108,2
-157,26,108,0
145,26,108,0
167,26,108,0
-19,26,108,108
153,26,108,0
-139,26,108,0
-32,26,108,0
-77,26,108,107
-29,26,108,0
159,26,108,0
-46,26,108,0
123,26,108,108
-49,26,108,0
-171,26,108,0
-120,26,108,105
-76,26,108,107
-146,26,108,0
-25,26,108,0
-110,26,108,108
-134,26,108,0
-20,26,108,108
-117,26,108,106
-34,26,108,0
-89,26,108,104
135,26,108,0
-161,26,108,1
-163,26,108,0
169,26,108,0
176,26,108,0
-130,26,108,0
-90,26,108,107
-69,26,108,2
128,26,108,61
-125,26,108,0
-62,26,108,1
130,26,108,61
-176,26,108,0
-131,26,108,0
-96,26,108,107
-35,26,108,0
165,26,108,0
-27,26,108,0
122,26,108,108
-113,26,108,108
-115,26,108,108
131,26,108,2
125,26,108,56
173,26,108,0
-73,26,108,7
-66,26,108,2
-67,26,108,1
-24,26,108,0
-158,26,108,1
137,26,108,1
-144,26,108,0
-51,26,108,0
-162,26,108,0
-36,26,108,0
-45,26,108,0
152,26,108,0
162,26,108,0
-61,26,108,1
-56,26,108,0
175,26,108,0
-124,26,108,0
-55,26,108,0
174,26,108,0
-15,26,108,108
124,26,108,3
149,26,108,0
-150,26,108,0
177,26,108,0
-138,26,108,0
-82,26,108,108
119,26,108,108
-95,26,108,107
-88,26,108,104
-152,26,108,0
164,26,108,0
-142,26,108,0
-123,26,108,1
172,26,108,0
171,26,108,0
-32,27,108,0
-138,27,108,0
142,27,108,0
-34,27,108,0
-19,27,108,108
-172,27,108,0
-151,27,108,0
-88,27,108,104
156,27,108,0
56,27,108,107
-110,27,108,108
-74,27,108,106
-17,27,108,108
-77,27,108,107
-120,27,108,107
52,27,108,107
155,27,108,0
-75,27,108,106
-56,27,108,0
-180,27,108,0
-113,27,108,108
-178,27,108,0
-80,27,108,108
120,27,108,108
129,27,108,108
-165,27,108,0
130,27,108,108
33,27,108,108
55,27,108,107
121,27,108,108
-57,27,108,0
-86,27,108,13
-130,27,108,0
157,27,108,0
-145,27,108,0
147,27,108,0
-128,27,108,0
-52,27,108,0
-44,27,108,0
135,27,108,1
-93,27,108,107
138,27,108,1
50,27,108,108
146,27,108,0
-76,27,108,107
134,27,108,2
-117,27,108,106
-112,27,108,108
164,27,108,0
-79,27,108,107
-47,27,108,0
-162,27,108,0
145,27,108,0
-64,27,108,1
128,27,108,108
-21,27,108,0
-121,27,108,107
48,27,108,108
143,27,108,0
-59,27,108,1
-31,27,108,0
-70,27,108,3
168,27,108,0
-119,27,108,106
-96,27,108,106
-71,27,108,3
-118,27,108,106
-42,27,108,0
127,27,108,58
-149,27,108,0
-62,27,108,0
-115,27,108,108
-67,27,108,2
-116,27,108,108
174,27,108,0
-126,27,108,0
-13,27,108,108
-90,27,108,104
144,27,108,0
-123,27,108,5
-18,27,108,108
-89,27,108,104
-46,27,108,0
-35,27,108,0
-53,27,108,0
-29,27,108,0
-98,27,108,108
53,27,108,107
49,27,108,108
141,27,108,1
159,27,108,0
-66,27,108,2
-152,27,108,0
136,27,108,1
-65,27,108,2
-148,27,108,0
-23,27,108,0
-177,27,108,0
176,27,108,0
-125,27,108,0
-28,27,108,0
165,27,108,0
-176,27,108,0
-166,27,108,0
-63,27,108,0
-175,27,108,0
150,27,108,0
-153,27,108,0
-30,27,108,0
172,27,108,0
152,27,108,0
-141,27,108,0
-156,27,108,0
-179,27,108,0
-129,27,108,0
-157,27,108,0
-48,27,108,0
160,27,108,0
-174,27,108,0
-168,27,108,0
-164,27,108,0
36,27,108,0
-58,27,108,0
-167,27,108,0
-81,27,108,108
51,27,108,108
-150,27,108,0
-97,27,108,108
34,27,108,108
-169,27,108,0
-159,27,108,0
-55,27,108,0
170,27,108,0
-87,27,108,11
-140,27,108,0
-135,27,108,0
-60,27,108,1
166,27,108,0
-94,27,108,105
-122,27,108,105
-27,27,108,0
-133,27,108,0
-139,27,108,0
154,27,108,0
-131,27,108,0
-85,27,108,108
131,27,108,107
139,27,108,1
-83,27,108,108
137,27,108,1
-41,27,108,0
-111,27,108,108
-142,27,108,0
-15,27,108,108
57,27,108,0
-24,27,108,0
149,27,108,0
-173,27,108,0
-171,27,108,0
126,27,108,53
-84,27,108,108
125,27,108,5
-33,27,108,0
167,27,108,0
-43,27,108,0
123,27,108,108
-163,27,108,0
153,27,108,0
-68,27,108,2
-78,27,108,107
-51,27,108,0
-155,27,108,0
-91,27,108,107
-144,27,108,0
-54,27,108,0
-14,27,108,108
-132,27,108,0
177,27,108,0
132,27,108,36
-37,27,108,0
35,27,108,108
119,27,108,0
124,27,108,5
-69,27,108,2
148,27,108,0
-26,27,108,0
-40,27,108,0
133,27,108,2
173,27,108,0
140,27,108,1
-161,27,108,0
-73,27,108,7
-143,27,108,0
-25,27,108,0
-158,27,108,0
-61,27,108,1
-38,27,108,0
-147,27,108,0
161,27,108,0
-49,27,108,0
-124,27,108,0
-160,27,108,0
-39,27,108,0
178,27,108,0
-137,27,108,0
175,27,108,0
-114,27,108,108
-170,27,108,0
158,27,108,0
122,27,108,108
-92,27,108,106
-22,27,108,0
-16,27,108,108
179,27,108,0
-45,27,108,0
-36,27,108,0
171,27,108,0
-154,27,108,0
-82,27,108,0
-136,27,108,0
-134,27,108,0
-20,27,108,108
-72,27,108,6
-95,27,108,107
-127,27,108,0
163,27,108,0
-50,27,108,0
169,27,108,0
151,27,108,0
-146,27,108,0
162,27,108,0
-15,36,108,108
162,36,108,0
-130,36,108,0
-69,36,108,107
26,36,108,108
131,36,108,62
-51,36,108,1
17,36,108,108
129,36,108,103
-168,36,108,0
-70,36,108,107
-143,36,108,0
-38,36,108,0
36,36,108,108
-146,36,108,0
-9,36,108,108
-171,36,108,0
-133,36,108,0
-16,36,108,108
27,36,108,108
22,36,108,108
176,36,108,0
11,36,108,108
122,36,108,108
-25,36,108,104
-5,36,108,108
-13,36,108,108
-47,36,108,0
-7,36,108,108
-123,36,108,108
-153,36,108,0
-54,36,108,1
-18,36,108,108
-60,36,108,98
-124,36,108,108
13,36,108,108
177,36,108,0
145,36,108,0
-17,36,108,108
-179,36,108,0
-4,36,108,108
-12,36,108,108
-74,36,108,107
123,36,108,108
144,36,108,0
-68,36,108,107
32,36,108,108
-178,36,108,0
-144,36,108,0
-140,36,108,0
-55,36,108,1
-40,36,108,0
154,36,108,0
-26,36,108,104
25,36,108,108
152,36,108,0
130,36,108,103
-164,36,108,0
-59,36,108,98
-137,36,108,0
20,36,108,108
8,36,108,108
-134,36,108,0
-154,36,108,0
142,36,108,60
-37,36,108,0
-43,36,108,0
34,36,108,108
179,36,108,0
-125,36,108,108
-72,36,108,107
-76,36,108,108
-57,36,108,1
-157,36,108,0
-71,36,108,107
6,36,108,108
-29,36,108,108
-139,36,108,0
119,36,108,0
2,36,108,108
-22,36,108,0
-127,36,108,107
161,36,108,0
-176,36,108,0
-67,36,108,108
-34,36,108,1
-156,36,108,0
170,36,108,0
-64,36,108,103
-35,36,108,1
-56,36,108,1
171,36,108,0
-167,36,108,0
-39,36,108,0
-2,36,108,108
-61,36,108,102
127,36,108,0
28,36,108,108
136,36,108,108
-159,36,108,0
-33,36,108,103
-174,36,108,0
-62,36,108,102
-152,36,108,0
153,36,108,0
-160,36,108,0
166,36,108,0
-149,36,108,0
-48,36,108,0
-21,36,108,0
138,36,108,0
149,36,108,0
-52,36,108,1
-162,36,108,0
-177,36,108,0
-170,36,108,0
-169,36,108,0
151,36,108,0
-166,36,108,0
155,36,108,0
-132,36,108,0
-41,36,108,0
147,36,108,0
169,36,108,0
30,36,108,108
120,36,108,106
172,36,108,0
-161,36,108,0
7,36,108,108
-122,36,108,108
-19,36,108,108
-75,36,108,108
141,36,108,108
167,36,108,0
24,36,108,108
-65,36,108,103
-77,36,108,108
33,36,108,108
-50,36,108,1
140,36,108,108
-173,36,108,0
-151,36,108,0
21,36,108,108
35,36,108,108
1,36,108,108
14,36,108,108
-14,36,108,108
-32,36,108,104
-8,36,108,108
168,36,108,0
134,36,108,108
-44,36,108,0
-73,36,108,107
163,36,108,0
121,36,108,108
126,36,108,107
-180,36,108,0
-155,36,108,0
12,36,108,108
-163,36,108,0
165,36,108,0
-58,36,108,0
-42,36,108,0
150,36,108,0
9,36,108,0
-150,36,108,0
124,36,108,108
-158,36,108,0
-28,36,108,108
160,36,108,0
4,36,108,108
-3,36,108,108
-6,36,108,108
125,36,108,104
159,36,108,0
143,36,108,2
-20,36,108,0
-11,36,108,108
-129,36,108,0
-46,36,108,0
-10,36,108,108
-175,36,108,0
158,36,108,0
164,36,108,0
-141,36,108,0
173,36,108,0
16,36,108,108
137,36,108,108
18,36,108,108
-31,36,108,108
31,36,108,108
10,36,108,108
-53,36,108,1
157,36,108,0
178,36,108,0
-135,36,108,0
-142,36,108,0
-23,36,108,0
-172,36,108,0
-165,36,108,0
-147,36,108,0
148,36,108,0
-148,36,108,0
135,36,108,108
5,36,108,108
156,36,108,0
29,36,108,108
-66,36,108,108
0,36,108,108
-1,36,108,108
-136,36,108,0
23,36,108,108
-45,36,108,0
146,36,108,0
19,36,108,108
3,36,108,108
-131,36,108,0
15,36,108,108
133,36,108,107
-27,36,108,104
-126,36,108,107
-24,36,108,104
-36,36,108,0
-128,36,108,0
-63,36,108,102
-30,36,108,108
-138,36,108,0
-49,36,108,0
174,36,108,0
175,36,108,0
-145,36,108,0
132,36,108,107
-120,69,108,106
-1,69,108,102
179,69,108,60
4,69,108,108
-92,69,108,60
75,69,108,59
-109,69,108,0
28,69,108,0
-135,69,108,107
169,69,108,60
18,69,108,108
-89,69,108,60
-50,69,108,0
60,69,108,57
170,69,108,60
-90,69,108,60
174,69,108,60
166,69,108,60
42,69,108,19
39,69,108,20
-167,69,108,108
-108,69,108,60
-131,69,108,106
-76,69,108,0
-98,69,108,54
161,69,108,60
66,69,108,50
-145,69,108,108
-136,69,108,107
-12,69,108,0
-130,69,108,106
-173,69,108,0
-54,69,108,0
-59,69,108,0
-142,69,108,107
-178,69,108,60
159,69,108,60
-165,69,108,108
53,69,108,54
17,69,108,108
52,69,108,54
-3,69,108,27
-133,69,108,104
74,69,108,59
3,69,108,108
59,69,108,57
21,69,108,108
23,69,108,108
84,69,108,0
25,69,108,0
-132,69,108,98
-60,69,108,0
-18,69,108,0
-170,69,108,107
162,69,108,60
-126,69,108,107
47,69,108,23
-139,69,108,107
37,69,108,108
6,69,108,108
-61,69,108,0
-26,69,108,0
-127,69,108,107
-107,69,108,58
-129,69,108,106
-75,69,108,0
-103,69,108,0
63,69,108,50
69,69,108,0
-122,69,108,106
-104,69,108,58
-81,69,108,59
32,69,108,108
-169,69,108,107
31,69,108,108
-8,69,108,0
-125,69,108,107
171,69,108,60
-85,69,108,59
-179,69,108,60
-140,69,108,107
13,69,108,108
-58,69,108,0
68,69,108,52
5,69,108,108
160,69,108,60
172,69,108,60
168,69,108,60
10,69,108,108
167,69,108,60
20,69,108,108
173,69,108,60
-87,69,108,60
-67,69,108,0
-83,69,108,59
-115,69,108,56
-163,69,108,108
-5,69,108,0
43,69,108,19
76,69,108,59
22,69,108,108
9,69,108,108
-121,69,108,106
-118,69,108,105
34,69,108,108
-123,69,108,106
177,69,108,60
-71,69,108,0
-143,69,108,108
163,69,108,60
50,69,108,54
40,69,108,20
49,69,108,23
-16,69,108,0
-28,69,108,0
61,69,108,41
-24,69,108,0
33,69,108,108
57,69,108,60
-86,69,108,59
-2,69,108,27
-91,69,108,60
-25,69,108,0
83,69,108,0
-10,69,108,0
-19,69,108,0
-20,69,108,0
-56,69,108,0
-23,69,108,0
-68,69,108,0
-52,69,108,0
-14,69,108,0
-101,69,108,0
77,69,108,0
-144,69,108,0
-166,69,108,108
11,69,108,108
29,69,108,108
-168,69,108,108
-171,69,108,101
-146,69,108,108
73,69,108,62
44,69,108,19
-64,69,108,0
-79,69,108,0
19,69,108,108
54,69,108,60
-93,69,108,60
-22,69,108,0
-84,69,108,59
-55,69,108,0
-70,69,108,0
7,69,108,108
8,69,108,108
62,69,108,41
16,69,108,108
-6,69,108,0
-99,69,108,0
165,69,108,60
-124,69,108,107
-72,69,108,0
24,69,108,0
-65,69,108,0
-117,69,108,105
-27,69,108,0
-164,69,108,108
48,69,108,23
72,69,108,60
45,69,108,0
-82,69,108,59
67,69,108,52
30,69,108,108
178,69,108,60
-114,69,108,56
164,69,108,60
-172,69,108,101
-119,69,108,105
0,69,108,104
-138,69,108,107
51,69,108,54
-95,69,108,55
176,69,108,60
-102,69,108,0
-53,69,108,0
-88,69,108,60
-141,69,108,107
36,69,108,108
-51,69,108,0
-62,69,108,0
65,69,108,50
-7,69,108,0
-63,69,108,0
35,69,108,108
14,69,108,108
-97,69,108,54
-177,69,108,60
-94,69,108,53
-80,69,108,0
64,69,108,50
175,69,108,60
55,69,108,60
-77,69,108,0
-17,69,108,0
-100,69,108,1
-174,69,108,0
-9,69,108,0
-175,69,108,0
82,69,108,0
-57,69,108,0
41,69,108,20
-137,69,108,107
-21,69,108,0
-176,69,108,60
2,69,108,108
-134,69,108,107
-15,69,108,42
56,69,108,60
-116,69,108,105
15,69,108,108
-96,69,108,55
12,69,108,108
-11,69,108,0
-162,69,108,0
58,69,108,56
-4,69,108,27
-29,69,108,0
-106,69,108,58
1,69,108,108
-13,69,108,0
38,69,108,20
-128,69,108,0
-105,69,108,58
-69,69,108,0
46,69,108,23
-180,69,108,60
-78,69,108,0
-66,69,108,0
161,70,108,60
-146,70,108,108
4,70,108,108
-15,70,108,0
65,70,108,50
-22,70,108,0
-144,70,108,108
-60,70,108,0
31,70,108,108
130,70,108,60
-28,70,108,0
-145,70,108,108
-71,70,108,0
22,70,108,108
162,70,108,60
-128,70,108,104
53,70,108,0
-84,70,108,59
167,70,108,60
-8,70,108,0
-148,70,108,108
-142,70,108,107
14,70,108,108
59,70,108,41
25,70,108,108
-158,70,108,108
-98,70,108,54
36,70,108,108
-135,70,108,107
-137,70,108,107
-132,70,108,106
-117,70,108,105
-140,70,108,107
-99,70,108,54
-162,70,108,108
10,70,108,108
6,70,108,108
62,70,108,41
-88,70,108,60
42,70,108,0
0,70,108,104
171,70,108,60
-125,70,108,107
-52,70,108,0
-102,70,108,0
-26,70,108,0
-131,70,108,106
177,70,108,60
-70,70,108,0
129,70,108,0
8,70,108,108
-114,70,108,55
-149,70,108,108
-12,70,108,0
77,70,108,57
-130,70,108,106
-89,70,108,60
13,70,108,107
28,70,108,108
82,70,108,0
159,70,108,60
-150,70,108,108
131,70,108,60
-134,70,108,107
29,70,108,108
-66,70,108,0
-151,70,108,108
17,70,108,108
-53,70,108,0
-113,70,108,38
32,70,108,108
-25,70,108,0
30,70,108,108
-152,70,108,108
172,70,108,60
-116,70,108,105
170,70,108,60
-168,70,108,102
-62,70,108,0
-172,70,108,0
151,70,108,60
3,70,108,108
-136,70,108,106
166,70,108,60
-6,70,108,0
-4,70,108,27
-93,70,108,54
163,70,108,60
176,70,108,60
21,70,108,108
39,70,108,5
-123,70,108,106
-90,70,108,60
-139,70,108,107
11,70,108,108
179,70,108,0
60,70,108,41
-171,70,108,101
2,70,108,108
-64,70,108,0
-155,70,108,108
-163,70,108,108
-169,70,108,102
38,70,108,108
34,70,108,108
-159,70,108,108
-14,70,108,0
-143,70,108,108
-56,70,108,0
-167,70,108,102
175,70,108,60
-127,70,108,107
-124,70,108,107
41,70,108,0
-59,70,108,0
-91,70,108,60
51,70,108,0
-129,70,108,106
24,70,108,108
-77,70,108,0
-55,70,108,0
-122,70,108,106
5,70,108,108
37,70,108,108
55,70,108,34
-81,70,108,59
-30,70,108,0
-138,70,108,107
-104,70,108,0
174,70,108,60
-83,70,108,59
67,70,108,49
-7,70,108,0
-115,70,108,55
63,70,108,50
-118,70,108,105
-3,70,108,27
-13,70,108,0
138,70,108,0
-176,70,108,0
73,70,108,35
56,70,108,34
61,70,108,41
83,70,108,0
-58,70,108,0
-174,70,108,0
47,70,108,0
-23,70,108,0
-61,70,108,0
-54,70,108,0
-65,70,108,0
-180,70,108,0
-67,70,108,0
-17,70,108,0
44,70,108,0
137,70,108,0
-173,70,108,0
-103,70,108,0
43,70,108,0
52,70,108,0
-175,70,108,0
-178,70,108,0
50,70,108,0
-29,70,108,0
-105,70,108,0
-21,70,108,0
-157,70,108,0
16,70,108,108
-75,70,108,0
33,70,108,108
46,70,108,0
-1,70,108,102
26,70,108,108
35,70,108,108
-120,70,108,106
49,70,108,0
40,70,108,5
-126,70,108,107
-153,70,108,108
-170,70,108,101
-96,70,108,54
-165,70,108,40
169,70,108,60
81,70,108,0
-94,70,108,0
153,70,108,60
27,70,108,108
15,70,108,108
-177,70,108,0
-85,70,108,57
154,70,108,60
18,70,108,108
-147,70,108,108
-24,70,108,0
48,70,108,0
-164,70,108,40
-141,70,108,107
165,70,108,60
72,70,108,34
-166,70,108,107
152,70,108,60
-5,70,108,27
168,70,108,60
173,70,108,60
-18,70,108,0
-119,70,108,105
164,70,108,60
7,70,108,108
-86,70,108,57
-156,70,108,108
-51,70,108,0
-11,70,108,0
-68,70,108,0
158,70,108,60
-78,70,108,0
64,70,108,50
-10,70,108,0
66,70,108,50
19,70,108,108
-121,70,108,106
-161,70,108,108
-100,70,108,0
-50,70,108,0
57,70,108,34
157,70,108,0
9,70,108,108
20,70,108,108
-97,70,108,54
58,70,108,34
12,70,108,107
-92,70,108,60
23,70,108,108
-87,70,108,60
-101,70,108,0
-82,70,108,59
-160,70,108,108
-20,70,108,0
-63,70,108,0
-179,70,108,0
132,70,108,0
-73,70,108,0
84,70,108,0
-69,70,108,0
54,70,108,0
-16,70,108,0
-27,70,108,0
-72,70,108,0
178,70,108,0
160,70,108,60
-2,70,108,27
156,70,108,0
45,70,108,0
-154,70,108,108
78,70,108,59
-112,70,108,38
74,70,108,59
-133,70,108,104
1,70,108,104
-19,70,108,0
-79,70,108,0
-9,70,108,0
155,70,108,0
-57,70,108,0
-80,70,108,0
-74,70,108,0
34,71,108,108
0,71,108,102
4,71,108,107
-123,71,108,0
173,71,108,0
160,71,108,60
166,71,108,0
155,71,108,60
30,71,108,108
48,71,108,0
33,71,108,108
-143,71,108,94
80,71,108,59
29,71,108,108
139,71,108,92
12,71,108,108
1,71,108,106
-137,71,108,1
-171,71,108,1
58,71,108,33
67,71,108,49
-67,71,108,0
-178,71,108,0
69,71,108,0
-88,71,108,0
161,71,108,60
-80,71,108,0
75,71,108,59
159,71,108,60
-95,71,108,54
-62,71,108,1
15,71,108,108
-154,71,108,108
5,71,108,108
-125,71,108,104
-59,71,108,1
-117,71,108,0
-86,71,108,0
-54,71,108,0
-163,71,108,108
-20,71,108,0
-148,71,108,108
7,71,108,108
20,71,108,108
-29,71,108,0
-6,71,108,1
81,71,108,62
73,71,108,35
-150,71,108,108
28,71,108,108
-92,71,108,54
45,71,108,0
-156,71,108,108
14,71,108,108
-99,71,108,54
-176,71,108,0
133,71,108,63
8,71,108,108
138,71,108,92
149,71,108,60
153,71,108,60
26,71,108,108
130,71,108,60
-98,71,108,54
21,71,108,108
-76,71,108,0
40,71,108,5
-63,71,108,1
163,71,108,0
129,71,108,60
82,71,108,62
-169,71,108,1
-170,71,108,1
-161,71,108,108
-13,71,108,0
32,71,108,108
-61,71,108,1
131,71,108,60
135,71,108,63
-144,71,108,100
-119,71,108,42
178,71,108,0
71,71,108,35
-122,71,108,0
19,71,108,108
128,71,108,60
57,71,108,33
-155,71,108,108
-53,71,108,0
-71,71,108,0
-132,71,108,1
-147,71,108,103
-142,71,108,89
-84,71,108,0
-103,71,108,0
145,71,108,91
-94,71,108,54
-151,71,108,108
-107,71,108,0
-106,71,108,0
3,71,108,107
-160,71,108,108
-157,71,108,107
65,71,108,49
-78,71,108,0
-4,71,108,27
77,71,108,59
16,71,108,108
-16,71,108,0
-21,71,108,0
150,71,108,60
-22,71,108,0
167,71,108,0
-26,71,108,0
-133,71,108,1
158,71,108,60
-138,71,108,1
-90,71,108,0
-11,71,108,0
-179,71,108,0
43,71,108,0
56,71,108,33
36,71,108,108
-97,71,108,54
-168,71,108,1
-162,71,108,108
-82,71,108,0
156,71,108,60
-58,71,108,1
-165,71,108,15
-55,71,108,0
64,71,108,49
54,71,108,0
-57,71,108,1
-139,71,108,1
-108,71,108,0
-101,71,108,0
74,71,108,35
-23,71,108,0
61,71,108,0
-136,71,108,1
-115,71,108,0
-70,71,108,0
-14,71,108,0
-140,71,108,1
44,71,108,0
-172,71,108,0
-91,71,108,0
-17,71,108,0
-89,71,108,0
41,71,108,0
-100,71,108,0
174,71,108,0
-79,71,108,0
-56,71,108,1
-25,71,108,0
42,71,108,0
-134,71,108,1
-167,71,108,1
-175,71,108,0
176,71,108,0
-81,71,108,0
-87,71,108,0
49,71,108,0
170,71,108,0
168,71,108,0
171,71,108,0
-27,71,108,0
-24,71,108,0
-18,71,108,0
-173,71,108,0
-102,71,108,0
13,71,108,108
17,71,108,108
38,71,108,108
-158,71,108,108
-116,71,108,0
-159,71,108,108
9,71,108,108
50,71,108,0
146,71,108,91
-152,71,108,108
24,71,108,108
-145,71,108,73
68,71,108,49
35,71,108,108
-3,71,108,27
39,71,108,108
151,71,108,60
-72,71,108,0
-52,71,108,0
-73,71,108,0
52,71,108,0
-9,71,108,0
-124,71,108,0
-105,71,108,0
-1,71,108,102
-146,71,108,73
154,71,108,60
-2,71,108,27
-77,71,108,0
-149,71,108,108
-131,71,108,40
-66,71,108,0
27,71,108,108
-68,71,108,0
10,71,108,108
51,71,108,0
-65,71,108,0
152,71,108,60
83,71,108,54
-166,71,108,1
-164,71,108,15
2,71,108,107
18,71,108,108
76,71,108,62
66,71,108,49
63,71,108,0
157,71,108,60
165,71,108,0
78,71,108,59
179,71,108,0
-96,71,108,54
59,71,108,33
-8,71,108,0
-118,71,108,0
136,71,108,63
-135,71,108,1
-93,71,108,54
-5,71,108,27
-177,71,108,0
25,71,108,108
55,71,108,0
-129,71,108,98
-130,71,108,40
162,71,108,20
144,71,108,88
164,71,108,0
172,71,108,0
60,71,108,0
-153,71,108,108
-120,71,108,0
-28,71,108,0
62,71,108,0
-64,71,108,0
-121,71,108,0
-109,71,108,0
47,71,108,0
-69,71,108,0
-74,71,108,0
-60,71,108,1
-180,71,108,0
23,71,108,108
46,71,108,0
84,71,108,0
148,71,108,60
22,71,108,108
72,71,108,35
11,71,108,108
31,71,108,108
137,71,108,63
53,71,108,0
-126,71,108,104
-12,71,108,0
132,71,108,60
-128,71,108,0
6,71,108,108
134,71,108,63
-141,71,108,89
-51,71,108,0
-15,71,108,0
140,71,108,0
-85,71,108,0
-10,71,108,0
169,71,108,0
177,71,108,0
175,71,108,0
-104,71,108,0
-127,71,108,5
37,71,108,108
-174,71,108,0
-19,71,108,0
-7,71,108,0
-75,71,108,0
-126,72,108,0
-108,72,108,0
41,72,108,0
-77,72,108,0
143,72,108,91
14,72,108,108
13,72,108,108
134,72,108,60
166,72,108,0
2,72,108,106
-114,72,108,0
-98,72,108,0
-24,72,108,0
-3,72,108,24
-10,72,108,0
56,72,108,0
26,72,108,108
-158,72,108,2
145,72,108,91
-154,72,108,42
-153,72,108,42
-15,72,108,0
59,72,108,0
153,72,108,60
122,72,108,60
-118,72,108,0
80,72,108,59
-9,72,108,0
64,72,108,48
66,72,108,48
178,72,108,0
-137,72,108,1
-180,72,108,0
75,72,108,59
30,72,108,108
82,72,108,62
12,72,108,108
139,72,108,92
-90,72,108,0
-143,72,108,1
81,72,108,62
0,72,108,106
-1,72,108,24
37,72,108,108
156,72,108,60
-147,72,108,1
68,72,108,50
151,72,108,60
-165,72,108,0
-76,72,108,0
-63,72,108,1
149,72,108,60
-17,72,108,0
-160,72,108,2
-62,72,108,1
79,72,108,59
49,72,108,0
-22,72,108,0
152,72,108,60
20,72,108,108
73,72,108,55
-97,72,108,0
21,72,108,108
-82,72,108,0
-70,72,108,0
3,72,108,107
155,72,108,60
-146,72,108,1
150,72,108,60
118,72,108,0
50,72,108,0
161,72,108,0
177,72,108,0
54,72,108,0
-5,72,108,1
167,72,108,0
71,72,108,55
-80,72,108,0
105,72,108,0
74,72,108,35
65,72,108,48
163,72,108,0
-27,72,108,0
38,72,108,108
130,72,108,60
17,72,108,108
174,72,108,0
-177,72,108,0
6,72,108,107
165,72,108,0
-119,72,108,0
-29,72,108,0
-121,72,108,0
-127,72,108,0
-128,72,108,0
136,72,108,63
144,72,108,91
-144,72,108,1
158,72,108,60
-61,72,108,1
23,72,108,108
72,72,108,55
63,72,108,0
-79,72,108,0
-178,72,108,0
157,72,108,60
70,72,108,55
29,72,108,108
8,72,108,107
40,72,108,108
-156,72,108,4
131,72,108,60
-26,72,108,0
76,72,108,62
-152,72,108,42
-136,72,108,1
123,72,108,60
58,72,108,0
-115,72,108,0
-64,72,108,1
-60,72,108,1
-159,72,108,2
-140,72,108,1
-171,72,108,0
170,72,108,0
-161,72,108,2
-67,72,108,0
53,72,108,0
-28,72,108,0
-56,72,108,1
-93,72,108,0
-57,72,108,1
-129,72,108,0
-149,72,108,2
61,72,108,0
-113,72,108,0
-20,72,108,0
106,72,108,0
127,72,108,0
-72,72,108,0
51,72,108,0
-23,72,108,0
48,72,108,0
-101,72,108,0
-81,72,108,0
-176,72,108,0
-103,72,108,0
-65,72,108,0
-87,72,108,0
62,72,108,0
-174,72,108,0
-130,72,108,0
-11,72,108,0
-18,72,108,0
-120,72,108,0
-92,72,108,0
-142,72,108,1
-131,72,108,1
57,72,108,0
-94,72,108,0
119,72,108,0
-73,72,108,0
-96,72,108,0
171,72,108,0
-112,72,108,0
-139,72,108,1
-117,72,108,0
179,72,108,0
-105,72,108,0
-14,72,108,0
-13,72,108,0
176,72,108,0
-141,72,108,1
-69,72,108,0
77,72,108,62
33,72,108,108
-6,72,108,1
22,72,108,108
78,72,108,59
35,72,108,108
11,72,108,108
-66,72,108,0
-111,72,108,0
-21,72,108,0
-8,72,108,0
120,72,108,60
-109,72,108,0
67,72,108,50
148,72,108,60
10,72,108,108
-68,72,108,0
-116,72,108,0
19,72,108,108
175,72,108,0
141,72,108,91
154,72,108,60
31,72,108,108
-78,72,108,0
128,72,108,60
5,72,108,107
4,72,108,107
55,72,108,0
39,72,108,108
146,72,108,91
69,72,108,55
-145,72,108,1
-106,72,108,0
-166,72,108,0
159,72,108,0
168,72,108,0
133,72,108,60
28,72,108,108
-135,72,108,1
172,72,108,0
52,72,108,0
162,72,108,0
-2,72,108,24
137,72,108,63
-170,72,108,0
32,72,108,108
-19,72,108,0
140,72,108,92
36,72,108,108
-53,72,108,0
43,72,108,0
135,72,108,60
160,72,108,0
-102,72,108,0
129,72,108,60
-99,72,108,0
104,72,108,0
-175,72,108,0
-25,72,108,0
147,72,108,91
-138,72,108,1
83,72,108,0
-173,72,108,0
15,72,108,108
-172,72,108,0
-107,72,108,0
-54,72,108,0
121,72,108,47
-59,72,108,1
-110,72,108,0
-4,72,108,24
-85,72,108,0
-150,72,108,2
-7,72,108,0
-163,72,108,0
-100,72,108,0
-132,72,108,1
-75,72,108,0
-86,72,108,0
164,72,108,0
46,72,108,0
-84,72,108,0
45,72,108,0
47,72,108,0
-125,72,108,0
-71,72,108,0
-155,72,108,2
-167,72,108,0
-55,72,108,0
173,72,108,0
-169,72,108,0
-179,72,108,0
-162,72,108,2
60,72,108,0
42,72,108,0
-157,72,108,2
16,72,108,108
138,72,108,92
-58,72,108,1
27,72,108,108
25,72,108,108
24,72,108,108
-151,72,108,2
44,72,108,0
7,72,108,107
-134,72,108,1
-95,72,108,0
-16,72,108,0
-74,72,108,0
9,72,108,107
34,72,108,108
-104,72,108,0
-148,72,108,2
132,72,108,60
-164,72,108,0
18,72,108,108
-12,72,108,0
142,72,108,91
-133,72,108,1
-168,72,108,0
-89,72,108,0
-91,72,108,0
1,72,108,106
169,72,108,0
-88,72,108,0
-80,73,108,0
12,73,108,108
124,73,108,60
27,73,108,108
53,73,108,0
-20,73,108,0
109,73,108,59
36,73,108,108
152,73,108,60
141,73,108,91
80,73,108,60
60,73,108,0
136,73,108,60
-118,73,108,0
-138,73,108,1
-131,73,108,1
-67,73,108,0
115,73,108,60
-69,73,108,0
112,73,108,59
176,73,108,0
41,73,108,108
70,73,108,55
46,73,108,0
0,73,108,1
116,73,108,50
34,73,108,108
-29,73,108,0
69,73,108,55
66,73,108,49
-156,73,108,0
38,73,108,108
-148,73,108,1
19,73,108,108
146,73,108,91
54,73,108,0
118,73,108,60
132,73,108,60
145,73,108,91
166,73,108,0
126,73,108,60
35,73,108,108
28,73,108,108
111,73,108,59
-110,73,108,0
-9,73,108,0
175,73,108,0
10,73,108,108
40,73,108,108
-178,73,108,0
56,73,108,0
11,73,108,108
150,73,108,60
-136,73,108,1
33,73,108,108
22,73,108,108
-94,73,108,0
14,73,108,108
20,73,108,108
79,73,108,60
13,73,108,108
153,73,108,60
119,73,108,60
72,73,108,55
174,73,108,0
-91,73,108,0
2,73,108,7
71,73,108,55
78,73,108,60
120,73,108,60
-105,73,108,0
139,73,108,91
-96,73,108,0
128,73,108,60
127,73,108,60
121,73,108,60
29,73,108,108
-95,73,108,0
86,73,108,54
-158,73,108,0
25,73,108,108
31,73,108,108
83,73,108,62
154,73,108,60
135,73,108,60
-11,73,108,0
75,73,108,62
113,73,108,60
134,73,108,60
-146,73,108,1
-3,73,108,0
85,73,108,54
-12,73,108,0
-140,73,108,1
122,73,108,60
-23,73,108,0
21,73,108,108
-170,73,108,0
61,73,108,0
159,73,108,0
-171,73,108,0
131,73,108,60
-84,73,108,0
48,73,108,0
-113,73,108,0
-18,73,108,0
-130,73,108,1
172,73,108,0
110,73,108,59
55,73,108,0
165,73,108,0
108,73,108,59
45,73,108,0
52,73,108,0
129,73,108,60
-127,73,108,1
-150,73,108,1
84,73,108,62
-179,73,108,0
-86,73,108,0
149,73,108,60
-24,73,108,0
-6,73,108,0
-60,73,108,1
42,73,108,0
-1,73,108,1
-168,73,108,0
-58,73,108,1
-149,73,108,1
169,73,108,0
-99,73,108,0
-70,73,108,0
161,73,108,0
-152,73,108,1
-175,73,108,0
-89,73,108,0
-63,73,108,1
-15,73,108,0
160,73,108,0
-147,73,108,1
-78,73,108,0
-135,73,108,1
-22,73,108,0
49,73,108,0
-100,73,108,0
-88,73,108,0
-5,73,108,0
-61,73,108,1
-98,73,108,0
-125,73,108,0
-144,73,108,1
-126,73,108,0
-17,73,108,0
-167,73,108,0
173,73,108,0
-8,73,108,0
-142,73,108,1
-73,73,108,0
-151,73,108,1
162,73,108,0
-4,73,108,0
-25,73,108,0
-176,73,108,0
-56,73,108,1
179,73,108,0
-173,73,108,0
167,73,108,0
-132,73,108,1
-114,73,108,0
178,73,108,0
-109,73,108,0
157,73,108,0
-92,73,108,0
17,73,108,108
73,73,108,55
158,73,108,0
8,73,108,107
24,73,108,108
106,73,108,57
-119,73,108,0
74,73,108,58
30,73,108,108
-120,73,108,0
148,73,108,91
16,73,108,108
47,73,108,0
-162,73,108,0
39,73,108,108
5,73,108,107
-13,73,108,0
-21,73,108,0
-85,73,108,0
-83,73,108,0
87,73,108,48
1,73,108,8
15,73,108,108
142,73,108,91
155,73,108,60
151,73,108,60
81,73,108,60
125,73,108,60
130,73,108,60
-160,73,108,0
143,73,108,91
137,73,108,60
-28,73,108,0
-81,73,108,0
-164,73,108,0
32,73,108,108
-82,73,108,0
-159,73,108,0
-93,73,108,0
9,73,108,108
51,73,108,0
-154,73,108,1
-14,73,108,0
7,73,108,107
-77,73,108,0
-55,73,108,0
138,73,108,60
-66,73,108,0
-62,73,108,1
-143,73,108,1
-107,73,108,0
82,73,108,62
-65,73,108,1
140,73,108,91
-59,73,108,1
-145,73,108,1
4,73,108,59
144,73,108,91
57,73,108,0
77,73,108,62
-97,73,108,0
-74,73,108,0
-79,73,108,0
76,73,108,62
43,73,108,0
-141,73,108,1
-90,73,108,0
-172,73,108,0
123,73,108,60
65,73,108,48
-111,73,108,0
-103,73,108,0
-26,73,108,0
-177,73,108,0
164,73,108,0
156,73,108,60
-128,73,108,1
-174,73,108,0
-19,73,108,0
114,73,108,60
107,73,108,57
-124,73,108,0
-7,73,108,0
-169,73,108,0
-117,73,108,0
-133,73,108,1
-104,73,108,0
58,73,108,0
171,73,108,0
-64,73,108,1
59,73,108,0
-139,73,108,1
63,73,108,0
-115,73,108,0
44,73,108,0
-129,73,108,1
-161,73,108,0
50,73,108,0
-108,73,108,0
-87,73,108,0
163,73,108,0
-166,73,108,0
-106,73,108,0
168,73,108,0
105,73,108,0
-75,73,108,0
177,73,108,0
3,73,108,61
-57,73,108,1
67,73,108,50
-72,73,108,0
68,73,108,50
26,73,108,108
133,73,108,60
-27,73,108,0
-101,73,108,0
147,73,108,91
23,73,108,108
-2,73,108,0
-165,73,108,0
6,73,108,107
-76,73,108,0
-71,73,108,0
18,73,108,108
117,73,108,50
-155,73,108,1
-10,73,108,0
37,73,108,108
-180,73,108,0
-153,73,108,1
170,73,108,0
64,73,108,0
-116,73,108,0
-68,73,108,0
62,73,108,0
-163,73,108,0
-137,73,108,1
-112,73,108,0
-157,73,108,0
-16,73,108,0
-134,73,108,1
-102,73,108,0
128,74,108,60
-88,74,108,0
36,74,108,108
27,74,108,108
136,74,108,60
31,74,108,108
7,74,108,104
14,74,108,108
-87,74,108,0
-146,74,108,1
-100,74,108,0
177,74,108,0
-23,74,108,0
-15,74,108,0
-22,74,108,0
-158,74,108,0
-140,74,108,1
114,74,108,60
-179,74,108,0
-156,74,108,0
-85,74,108,0
-21,74,108,0
-65,74,108,1
178,74,108,0
19,74,108,108
109,74,108,59
-137,74,108,1
121,74,108,60
154,74,108,60
-176,74,108,0
-102,74,108,0
-111,74,108,0
170,74,108,0
110,74,108,59
130,74,108,7
77,74,108,60
55,74,108,0
-11,74,108,0
159,74,108,0
-120,74,108,0
2,74,108,0
34,74,108,108
69,74,108,49
131,74,108,7
-148,74,108,1
-115,74,108,0
-77,74,108,0
111,74,108,59
-60,74,108,1
-167,74,108,0
72,74,108,3
63,74,108,0
-71,74,108,0
78,74,108,60
22,74,108,108
-174,74,108,0
74,74,108,6
-175,74,108,0
11,74,108,108
41,74,108,56
-171,74,108,0
-142,74,108,1
127,74,108,60
149,74,108,91
26,74,108,108
-138,74,108,1
52,74,108,0
70,74,108,51
38,74,108,60
-108,74,108,0
124,74,108,60
-113,74,108,0
-154,74,108,1
-10,74,108,0
122,74,108,60
33,74,108,108
-165,74,108,0
157,74,108,60
116,74,108,60
175,74,108,0
-2,74,108,0
4,74,108,5
-110,74,108,0
174,74,108,0
-152,74,108,1
-74,74,108,0
113,74,108,60
-101,74,108,0
118,74,108,50
73,74,108,3
179,74,108,0
-69,74,108,0
173,74,108,0
-122,74,108,0
-56,74,108,0
-121,74,108,0
-119,74,108,0
144,74,108,91
-160,74,108,0
51,74,108,0
115,74,108,60
-139,74,108,1
9,74,108,104
129,74,108,7
20,74,108,108
143,74,108,91
135,74,108,55
120,74,108,60
123,74,108,60
-68,74,108,0
-58,74,108,1
139,74,108,60
134,74,108,55
-3,74,108,0
42,74,108,7
-155,74,108,1
-141,74,108,1
64,74,108,0
-144,74,108,1
-126,74,108,0
-127,74,108,1
-150,74,108,1
-107,74,108,0
-129,74,108,1
-143,74,108,1
-5,74,108,0
-99,74,108,0
-89,74,108,0
-7,74,108,0
48,74,108,0
-170,74,108,0
-91,74,108,0
-114,74,108,0
-169,74,108,0
-72,74,108,0
-93,74,108,0
169,74,108,0
-180,74,108,0
-135,74,108,1
168,74,108,0
-133,74,108,1
-117,74,108,0
-151,74,108,1
-70,74,108,0
-166,74,108,0
166,74,108,0
-125,74,108,0
-130,74,108,1
-14,74,108,0
-94,74,108,0
-123,74,108,0
-16,74,108,0
-17,74,108,0
-97,74,108,0
-106,74,108,0
-153,74,108,1
-27,74,108,0
-90,74,108,0
-13,74,108,0
119,74,108,60
-124,74,108,0
-66,74,108,1
17,74,108,108
80,74,108,60
-8,74,108,0
-79,74,108,0
145,74,108,91
-4,74,108,0
49,74,108,0
142,74,108,91
10,74,108,106
29,74,108,108
-147,74,108,1
24,74,108,108
35,74,108,108
-128,74,108,1
16,74,108,108
-83,74,108,0
86,74,108,62
-105,74,108,0
138,74,108,60
140,74,108,91
67,74,108,49
47,74,108,0
6,74,108,104
-136,74,108,1
161,74,108,0
5,74,108,5
84,74,108,62
-173,74,108,0
-161,74,108,0
87,74,108,54
18,74,108,108
56,74,108,0
-20,74,108,0
75,74,108,6
83,74,108,62
-76,74,108,0
-78,74,108,0
-82,74,108,0
-112,74,108,0
50,74,108,0
-57,74,108,1
141,74,108,91
147,74,108,91
-92,74,108,0
155,74,108,60
-157,74,108,0
21,74,108,108
-109,74,108,0
-177,74,108,0
-95,74,108,0
66,74,108,49
-80,74,108,0
146,74,108,91
108,74,108,0
-159,74,108,0
54,74,108,0
137,74,108,60
-116,74,108,0
12,74,108,108
37,74,108,108
23,74,108,108
46,74,108,0
13,74,108,108
-145,74,108,1
164,74,108,0
61,74,108,0
-98,74,108,0
8,74,108,104
39,74,108,56
-149,74,108,1
-73,74,108,0
79,74,108,60
81,74,108,60
158,74,108,60
57,74,108,0
44,74,108,0
-168,74,108,0
176,74,108,0
82,74,108,62
-1,74,108,0
-131,74,108,1
-104,74,108,0
112,74,108,59
-12,74,108,0
152,74,108,60
40,74,108,56
-67,74,108,0
65,74,108,0
-63,74,108,1
162,74,108,0
43,74,108,0
-178,74,108,0
-84,74,108,0
71,74,108,3
3,74,108,0
59,74,108,0
-64,74,108,1
163,74,108,0
171,74,108,0
167,74,108,0
1,74,108,0
-19,74,108,0
-18,74,108,0
165,74,108,0
-103,74,108,0
58,74,108,0
88,74,108,0
-86,74,108,0
160,74,108,0
-164,74,108,0
45,74,108,0
-59,74,108,1
-62,74,108,1
60,74,108,0
125,74,108,60
150,74,108,60
117,74,108,50
53,74,108,0
76,74,108,60
32,74,108,108
-75,74,108,0
148,74,108,91
-134,74,108,1
151,74,108,60
30,74,108,108
28,74,108,108
156,74,108,60
153,74,108,60
15,74,108,108
0,74,108,0
-132,74,108,1
133,74,108,55
25,74,108,108
68,74,108,49
85,74,108,62
126,74,108,60
132,74,108,55
-96,74,108,0
-162,74,108,0
-163,74,108,0
-172,74,108,0
172,74,108,0
62,74,108,0
-26,74,108,0
-9,74,108,0
-81,74,108,0
-6,74,108,0
-61,74,108,1
-118,74,108,0
56,75,108,0
112,75,108,19
83,75,108,60
1,75,108,0
11,75,108,4
42,75,108,0
171,75,108,0
34,75,108,0
139,75,108,60
136,75,108,60
57,75,108,0
18,75,108,105
145,75,108,91
-164,75,108,0
45,75,108,0
17,75,108,105
88,75,108,48
-103,75,108,0
85,75,108,60
19,75,108,105
43,75,108,0
177,75,108,0
44,75,108,0
121,75,108,4
35,75,108,0
-156,75,108,0
-133,75,108,1
-168,75,108,0
31,75,108,108
-174,75,108,0
-179,75,108,0
-125,75,108,0
80,75,108,60
-140,75,108,1
-5,75,108,0
41,75,108,0
8,75,108,0
-162,75,108,0
150,75,108,91
75,75,108,1
74,75,108,1
-62,75,108,1
-11,75,108,0
27,75,108,108
-73,75,108,0
126,75,108,0
-121,75,108,0
64,75,108,0
151,75,108,91
7,75,108,0
149,75,108,91
120,75,108,4
172,75,108,0
133,75,108,55
-104,75,108,0
26,75,108,108
100,75,108,0
-143,75,108,1
-109,75,108,0
-110,75,108,0
-80,75,108,0
28,75,108,108
141,75,108,0
61,75,108,0
131,75,108,7
95,75,108,57
97,75,108,60
-171,75,108,0
-123,75,108,0
89,75,108,58
-147,75,108,1
-138,75,108,1
78,75,108,57
147,75,108,91
124,75,108,4
128,75,108,2
68,75,108,0
22,75,108,108
-76,75,108,0
-90,75,108,0
-7,75,108,0
33,75,108,104
38,75,108,0
-92,75,108,0
-91,75,108,0
153,75,108,60
-128,75,108,1
58,75,108,0
114,75,108,60
135,75,108,55
77,75,108,55
-19,75,108,0
10,75,108,0
158,75,108,60
159,75,108,60
-161,75,108,0
2,75,108,0
-17,75,108,0
-169,75,108,0
-151,75,108,1
-79,75,108,0
132,75,108,55
-22,75,108,0
127,75,108,0
-9,75,108,0
14,75,108,7
-63,75,108,1
176,75,108,0
111,75,108,0
146,75,108,91
-117,75,108,0
155,75,108,60
-148,75,108,1
-127,75,108,1
-69,75,108,0
-66,75,108,0
-116,75,108,0
-8,75,108,0
130,75,108,7
92,75,108,58
-177,75,108,0
-86,75,108,0
-165,75,108,0
-20,75,108,0
98,75,108,0
-120,75,108,0
-167,75,108,0
54,75,108,0
-74,75,108,0
-98,75,108,0
-18,75,108,0
76,75,108,1
-115,75,108,0
-94,75,108,0
69,75,108,0
-10,75,108,0
73,75,108,1
-150,75,108,1
-61,75,108,1
-12,75,108,0
-85,75,108,0
-4,75,108,0
-88,75,108,0
50,75,108,0
-108,75,108,0
160,75,108,0
-101,75,108,0
37,75,108,0
-136,75,108,1
-81,75,108,0
165,75,108,0
166,75,108,0
-99,75,108,0
-72,75,108,0
63,75,108,0
-23,75,108,0
170,75,108,0
52,75,108,0
-124,75,108,0
-106,75,108,0
-64,75,108,1
-146,75,108,1
-172,75,108,0
62,75,108,0
138,75,108,0
-159,75,108,0
-21,75,108,0
-131,75,108,1
-119,75,108,0
179,75,108,0
-82,75,108,0
-83,75,108,0
167,75,108,0
-93,75,108,0
6,75,108,0
-139,75,108,1
13,75,108,106
-122,75,108,0
29,75,108,108
140,75,108,60
-107,75,108,0
23,75,108,108
-163,75,108,0
152,75,108,60
174,75,108,0
-84,75,108,0
-70,75,108,0
0,75,108,0
129,75,108,2
-130,75,108,1
-3,75,108,0
90,75,108,58
32,75,108,104
86,75,108,56
-2,75,108,0
116,75,108,24
-141,75,108,1
99,75,108,0
-158,75,108,0
72,75,108,1
156,75,108,60
-14,75,108,0
-89,75,108,0
96,75,108,60
-114,75,108,0
154,75,108,60
79,75,108,60
144,75,108,91
25,75,108,108
-75,75,108,0
-60,75,108,1
81,75,108,60
-6,75,108,0
-155,75,108,0
48,75,108,0
55,75,108,0
125,75,108,0
65,75,108,0
-97,75,108,0
118,75,108,23
53,75,108,0
91,75,108,58
-24,75,108,0
162,75,108,0
-176,75,108,0
-96,75,108,0
164,75,108,0
24,75,108,108
-126,75,108,0
66,75,108,0
-142,75,108,1
-95,75,108,0
-113,75,108,0
-78,75,108,0
5,75,108,0
-65,75,108,0
49,75,108,0
93,75,108,58
-71,75,108,0
168,75,108,0
20,75,108,105
-144,75,108,1
-135,75,108,1
178,75,108,0
-58,75,108,1
173,75,108,0
9,75,108,0
175,75,108,0
-153,75,108,1
-57,75,108,0
47,75,108,0
122,75,108,4
16,75,108,6
-134,75,108,1
71,75,108,1
-145,75,108,1
169,75,108,0
-149,75,108,1
119,75,108,4
-87,75,108,0
36,75,108,0
40,75,108,0
-15,75,108,0
-132,75,108,1
-137,75,108,1
51,75,108,0
-166,75,108,0
59,75,108,0
-68,75,108,0
-67,75,108,0
143,75,108,91
60,75,108,0
-173,75,108,0
84,75,108,60
134,75,108,55
67,75,108,0
-16,75,108,0
-175,75,108,0
82,75,108,60
-100,75,108,0
148,75,108,91
-77,75,108,0
15,75,108,7
123,75,108,4
113,75,108,60
70,75,108,1
-152,75,108,1
3,75,108,0
94,75,108,0
-160,75,108,0
21,75,108,108
12,75,108,4
4,75,108,0
-105,75,108,0
-157,75,108,0
-180,75,108,0
-59,75,108,1
39,75,108,0
163,75,108,0
30,75,108,108
-102,75,108,0
-154,75,108,1
-1,75,108,0
117,75,108,23
-170,75,108,0
46,75,108,0
142,75,108,91
-178,75,108,0
157,75,108,60
115,75,108,60
137,75,108,60
-129,75,108,1
-118,75,108,0
-112,75,108,0
161,75,108,0
-111,75,108,0
-13,75,108,0
87,75,108,56
80,76,108,54
-150,76,108,1
24,76,108,0
40,76,108,0
-15,76,108,0
84,76,108,56
-88,76,108,0
13,76,108,94
126,76,108,0
92,76,108,58
127,76,108,0
-143,76,108,1
156,76,108,60
175,76,108,0
56,76,108,0
97,76,108,60
-111,76,108,0
138,76,108,60
85,76,108,56
9,76,108,94
35,76,108,0
11,76,108,94
6,76,108,94
12,76,108,94
19,76,108,0
58,76,108,0
67,76,108,0
-155,76,108,0
91,76,108,58
-122,76,108,0
149,76,108,91
-75,76,108,0
38,76,108,0
94,76,108,58
-89,76,108,0
-127,76,108,1
119,76,108,23
79,76,108,54
109,76,108,56
-7,76,108,0
161,76,108,0
47,76,108,0
25,76,108,0
14,76,108,94
-1,76,108,0
76,76,108,0
-3,76,108,0
-159,76,108,0
116,76,108,23
154,76,108,60
-113,76,108,0
-10,76,108,0
-87,76,108,0
-141,76,108,1
100,76,108,60
-97,76,108,0
96,76,108,60
52,76,108,0
7,76,108,94
163,76,108,0
34,76,108,0
18,76,108,0
44,76,108,0
-179,76,108,0
-91,76,108,0
-61,76,108,0
166,76,108,0
-18,76,108,0
-176,76,108,0
74,76,108,0
-77,76,108,0
-180,76,108,0
8,76,108,94
-162,76,108,0
124,76,108,4
132,76,108,7
0,76,108,0
120,76,108,4
136,76,108,55
-137,76,108,1
107,76,108,58
-118,76,108,0
-161,76,108,0
-145,76,108,1
87,76,108,56
-167,76,108,0
-128,76,108,1
118,76,108,23
-138,76,108,1
-109,76,108,0
17,76,108,94
-105,76,108,0
-84,76,108,0
61,76,108,0
174,76,108,0
179,76,108,0
73,76,108,0
152,76,108,60
-163,76,108,0
-92,76,108,0
48,76,108,0
-142,76,108,1
133,76,108,55
-62,76,108,0
1,76,108,0
82,76,108,54
115,76,108,23
-153,76,108,1
81,76,108,54
-99,76,108,0
114,76,108,58
28,76,108,0
140,76,108,60
55,76,108,0
64,76,108,0
-156,76,108,0
-21,76,108,0
-76,76,108,0
168,76,108,0
-64,76,108,0
-2,76,108,0
-124,76,108,0
111,76,108,56
141,76,108,91
144,76,108,91
-108,76,108,0
37,76,108,0
-120,76,108,0
147,76,108,91
-81,76,108,0
-151,76,108,1
-177,76,108,0
137,76,108,60
-78,76,108,0
-110,76,108,0
153,76,108,60
21,76,108,0
-168,76,108,0
54,76,108,0
-131,76,108,1
29,76,108,0
159,76,108,0
-9,76,108,0
-169,76,108,0
62,76,108,0
32,76,108,0
31,76,108,0
-96,76,108,0
-152,76,108,1
-166,76,108,0
-71,76,108,0
-178,76,108,0
121,76,108,4
-174,76,108,0
-148,76,108,1
-104,76,108,0
-74,76,108,0
39,76,108,0
2,76,108,0
5,76,108,0
-80,76,108,0
-68,76,108,0
177,76,108,0
-112,76,108,0
-100,76,108,0
-164,76,108,0
-22,76,108,0
-86,76,108,0
-146,76,108,1
-103,76,108,0
167,76,108,0
104,76,108,0
68,76,108,0
60,76,108,0
-20,76,108,0
-115,76,108,0
-67,76,108,0
162,76,108,0
42,76,108,0
20,76,108,0
65,76,108,0
-154,76,108,0
176,76,108,0
158,76,108,0
157,76,108,0
-23,76,108,0
-170,76,108,0
-13,76,108,0
30,76,108,0
-8,76,108,0
-175,76,108,0
-70,76,108,0
-117,76,108,0
101,76,108,60
15,76,108,94
-130,76,108,1
110,76,108,56
148,76,108,91
26,76,108,0
83,76,108,54
41,76,108,0
123,76,108,4
112,76,108,56
89,76,108,56
23,76,108,0
90,76,108,58
-72,76,108,0
86,76,108,56
4,76,108,0
108,76,108,56
165,76,108,0
46,76,108,0
95,76,108,58
134,76,108,55
72,76,108,0
-63,76,108,0
-157,76,108,0
-6,76,108,0
-60,76,108,0
33,76,108,0
143,76,108,91
-4,76,108,0
-173,76,108,0
178,76,108,0
57,76,108,0
88,76,108,56
93,76,108,58
-19,76,108,0
117,76,108,23
113,76,108,58
-139,76,108,1
-149,76,108,1
125,76,108,0
129,76,108,2
-102,76,108,0
-66,76,108,0
-132,76,108,1
-123,76,108,0
131,76,108,7
-158,76,108,0
-140,76,108,1
-69,76,108,0
-83,76,108,0
99,76,108,60
16,76,108,94
22,76,108,0
75,76,108,0
53,76,108,0
-11,76,108,0
172,76,108,0
77,76,108,54
-95,76,108,0
-160,76,108,0
164,76,108,0
50,76,108,0
3,76,108,0
169,76,108,0
130,76,108,2
-126,76,108,1
171,76,108,0
-165,76,108,0
122,76,108,4
71,76,108,0
-16,76,108,0
-136,76,108,1
-65,76,108,0
139,76,108,60
105,76,108,58
-85,76,108,0
-93,76,108,0
-133,76,108,1
59,76,108,0
135,76,108,55
-90,76,108,0
-79,76,108,0
45,76,108,0
-129,76,108,1
36,76,108,0
66,76,108,0
70,76,108,0
-134,76,108,1
-125,76,108,1
-82,76,108,0
-17,76,108,0
69,76,108,0
-121,76,108,0
-73,76,108,0
43,76,108,0
160,76,108,0
-119,76,108,0
-116,76,108,0
-12,76,108,0
49,76,108,0
51,76,108,0
128,76,108,0
78,76,108,54
151,76,108,91
150,76,108,91
-98,76,108,0
-94,76,108,0
27,76,108,0
146,76,108,91
155,76,108,60
170,76,108,0
-24,76,108,0
-101,76,108,0
145,76,108,91
-147,76,108,1
106,76,108,58
-5,76,108,0
103,76,108,0
10,76,108,94
-171,76,108,0
-114,76,108,0
-14,76,108,0
-135,76,108,1
-172,76,108,0
173,76,108,0
142,76,108,91
-144,76,108,1
-106,76,108,0
98,76,108,60
-107,76,108,0
63,76,108,0
13,77,108,94
-129,77,108,1
78,77,108,54
79,77,108,54
-72,77,108,0
-21,77,108,1
88,77,108,56
172,77,108,0
149,77,108,0
131,77,108,2
87,77,108,56
80,77,108,54
-111,77,108,0
-15,77,108,0
-102,77,108,0
-117,77,108,0
50,77,108,0
135,77,108,11
-143,77,108,1
153,77,108,0
3,77,108,0
-148,77,108,1
20,77,108,0
-177,77,108,0
55,77,108,0
2,77,108,0
-158,77,108,0
158,77,108,0
-85,77,108,0
-112,77,108,0
-140,77,108,1
36,77,108,0
93,77,108,58
-4,77,108,0
46,77,108,0
123,77,108,0
-22,77,108,1
48,77,108,0
146,77,108,0
154,77,108,0
33,77,108,0
-84,77,108,0
105,77,108,58
151,77,108,0
-121,77,108,0
-120,77,108,0
6,77,108,94
77,77,108,0
57,77,108,0
-3,77,108,0
145,77,108,5
-165,77,108,0
-9,77,108,0
-170,77,108,0
-2,77,108,0
-77,77,108,0
120,77,108,0
11,77,108,94
137,77,108,11
143,77,108,5
86,77,108,56
-125,77,108,1
176,77,108,0
41,77,108,0
171,77,108,0
16,77,108,94
75,77,108,0
-96,77,108,0
-163,77,108,0
10,77,108,94
70,77,108,0
-13,77,108,0
5,77,108,0
150,77,108,0
4,77,108,0
-101,77,108,0
1,77,108,0
85,77,108,56
101,77,108,60
56,77,108,0
69,77,108,0
58,77,108,0
170,77,108,0
121,77,108,0
-175,77,108,0
-19,77,108,0
126,77,108,0
-118,77,108,0
140,77,108,59
-90,77,108,0
-11,77,108,0
40,77,108,0
-151,77,108,1
54,77,108,0
60,77,108,0
95,77,108,58
-167,77,108,0
-155,77,108,0
-126,77,108,1
157,77,108,0
-134,77,108,1
-14,77,108,0
17,77,108,94
99,77,108,60
-153,77,108,0
-6,77,108,0
-132,77,108,1
-124,77,108,1
-89,77,108,0
100,77,108,60
111,77,108,56
-149,77,108,1
90,77,108,56
148,77,108,0
-16,77,108,0
-179,77,108,0
-109,77,108,0
-171,77,108,0
-98,77,108,0
67,77,108,0
-141,77,108,1
97,77,108,60
15,77,108,94
110,77,108,58
43,77,108,0
-122,77,108,0
173,77,108,0
-66,77,108,0
-78,77,108,0
167,77,108,0
168,77,108,0
-128,77,108,1
-92,77,108,0
113,77,108,56
-137,77,108,1
94,77,108,58
134,77,108,11
136,77,108,11
42,77,108,0
81,77,108,54
-97,77,108,0
-161,77,108,0
-119,77,108,0
118,77,108,0
-146,77,108,1
-103,77,108,0
-168,77,108,0
-5,77,108,0
117,77,108,0
76,77,108,0
53,77,108,0
24,77,108,0
-123,77,108,1
-178,77,108,0
47,77,108,0
74,77,108,0
-81,77,108,0
22,77,108,0
-100,77,108,0
130,77,108,2
39,77,108,0
169,77,108,0
52,77,108,0
-68,77,108,0
25,77,108,0
-136,77,108,1
64,77,108,0
166,77,108,0
-164,77,108,0
-162,77,108,0
35,77,108,0
-180,77,108,0
-80,77,108,0
63,77,108,0
-127,77,108,1
156,77,108,0
-114,77,108,0
29,77,108,0
177,77,108,0
31,77,108,0
-83,77,108,0
-17,77,108,0
-159,77,108,0
-108,77,108,0
26,77,108,0
165,77,108,0
-18,77,108,0
144,77,108,5
-10,77,108,0
-166,77,108,0
-157,77,108,0
66,77,108,0
-1,77,108,0
-88,77,108,0
-82,77,108,0
-93,77,108,0
32,77,108,0
147,77,108,0
9,77,108,94
-79,77,108,0
-139,77,108,1
21,77,108,0
-133,77,108,1
-105,77,108,0
-152,77,108,1
-94,77,108,0
-156,77,108,0
-12,77,108,0
132,77,108,7
-113,77,108,0
37,77,108,0
103,77,108,60
-86,77,108,0
62,77,108,0
162,77,108,0
-87,77,108,0
14,77,108,94
-104,77,108,0
-176,77,108,0
-20,77,108,0
141,77,108,59
49,77,108,0
-116,77,108,0
12,77,108,94
-138,77,108,1
92,77,108,58
91,77,108,60
106,77,108,58
83,77,108,54
142,77,108,59
-7,77,108,0
-67,77,108,0
61,77,108,0
-71,77,108,0
-154,77,108,0
8,77,108,94
155,77,108,0
59,77,108,0
109,77,108,58
45,77,108,0
128,77,108,0
-135,77,108,1
82,77,108,54
51,77,108,0
178,77,108,0
19,77,108,94
138,77,108,60
18,77,108,94
-131,77,108,1
104,77,108,58
-130,77,108,1
133,77,108,5
-69,77,108,0
139,77,108,59
175,77,108,0
102,77,108,60
30,77,108,0
127,77,108,0
71,77,108,0
-75,77,108,0
122,77,108,0
-91,77,108,0
-160,77,108,0
-70,77,108,0
-107,77,108,0
163,77,108,0
164,77,108,0
68,77,108,0
161,77,108,0
-173,77,108,0
125,77,108,0
-74,77,108,0
38,77,108,0
179,77,108,0
72,77,108,0
-147,77,108,1
-76,77,108,0
-110,77,108,0
98,77,108,60
84,77,108,54
7,77,108,94
96,77,108,58
129,77,108,0
-142,77,108,1
115,77,108,4
28,77,108,0
0,77,108,0
-23,77,108,0
-169,77,108,0
116,77,108,0
119,77,108,0
114,77,108,56
-8,77,108,0
174,77,108,0
107,77,108,58
152,77,108,0
-174,77,108,0
-95,77,108,0
124,77,108,0
112,77,108,56
89,77,108,56
-115,77,108,0
44,77,108,0
34,77,108,0
108,77,108,58
23,77,108,0
73,77,108,0
159,77,108,0
65,77,108,0
-99,77,108,0
-73,77,108,0
160,77,108,0
-144,77,108,1
-172,77,108,0
-150,77,108,1
-106,77,108,0
-145,77,108,1
27,77,108,0
46,78,108,0
166,78,108,0
-7,78,108,0
1,78,108,0
-81,78,108,0
62,78,108,0
36,78,108,0
55,78,108,0
-101,78,108,0
123,78,108,0
70,78,108,0
-114,78,108,0
-171,78,108,0
80,78,108,60
122,78,108,0
107,78,108,38
43,78,108,0
121,78,108,0
-111,78,108,0
-66,78,108,0
128,78,108,0
-13,78,108,0
73,78,108,0
-162,78,108,0
31,78,108,0
81,78,108,60
-17,78,108,0
169,78,108,0
-177,78,108,0
-15,78,108,0
96,78,108,58
102,78,108,60
163,78,108,0
-14,78,108,0
82,78,108,60
114,78,108,0
-128,78,108,1
-79,78,108,0
171,78,108,0
94,78,108,59
-75,78,108,0
-170,78,108,0
111,78,108,38
170,78,108,0
159,78,108,0
-116,78,108,0
-67,78,108,0
116,78,108,0
158,78,108,0
-9,78,108,0
-136,78,108,1
68,78,108,0
92,78,108,60
104,78,108,60
117,78,108,0
63,78,108,0
-72,78,108,0
109,78,108,38
-71,78,108,0
37,78,108,0
-168,78,108,0
-8,78,108,0
-166,78,108,0
-127,78,108,1
6,78,108,0
106,78,108,60
179,78,108,0
52,78,108,0
30,78,108,0
-158,78,108,0
-113,78,108,0
53,78,108,0
44,78,108,0
-160,78,108,0
-146,78,108,1
61,78,108,0
48,78,108,0
79,78,108,52
162,78,108,0
97,78,108,58
-137,78,108,1
-179,78,108,0
75,78,108,52
16,78,108,94
-96,78,108,0
103,78,108,60
-154,78,108,1
85,78,108,60
65,78,108,0
-132,78,108,1
-87,78,108,0
40,78,108,0
12,78,108,94
152,78,108,0
66,78,108,0
59,78,108,0
56,78,108,0
-134,78,108,1
-97,78,108,0
-120,78,108,1
155,78,108,0
32,78,108,0
89,78,108,56
-152,78,108,1
133,78,108,5
-126,78,108,1
105,78,108,60
177,78,108,0
34,78,108,0
-99,78,108,0
90,78,108,56
127,78,108,0
112,78,108,38
138,78,108,5
41,78,108,0
-173,78,108,0
125,78,108,0
126,78,108,0
150,78,108,0
-88,78,108,0
10,78,108,94
54,78,108,0
47,78,108,0
3,78,108,0
173,78,108,0
108,78,108,38
21,78,108,94
77,78,108,52
135,78,108,5
-98,78,108,0
49,78,108,0
-156,78,108,0
167,78,108,0
-16,78,108,0
172,78,108,0
146,78,108,5
-122,78,108,1
-125,78,108,1
-1,78,108,0
-129,78,108,1
-139,78,108,1
-131,78,108,1
-159,78,108,0
142,78,108,5
-12,78,108,0
-112,78,108,0
42,78,108,0
-100,78,108,0
136,78,108,5
-102,78,108,0
35,78,108,0
144,78,108,5
60,78,108,0
-130,78,108,1
-19,78,108,0
156,78,108,0
113,78,108,0
39,78,108,0
51,78,108,0
-124,78,108,1
-5,78,108,0
130,78,108,0
157,78,108,0
-133,78,108,1
-155,78,108,0
-167,78,108,0
2,78,108,0
-92,78,108,0
-149,78,108,1
-76,78,108,0
25,78,108,0
176,78,108,0
168,78,108,0
-165,78,108,0
45,78,108,0
33,78,108,0
-141,78,108,1
115,78,108,0
-138,78,108,1
-91,78,108,0
-89,78,108,0
-11,78,108,0
71,78,108,0
58,78,108,0
174,78,108,0
-68,78,108,0
-70,78,108,0
-172,78,108,0
-153,78,108,1
-161,78,108,0
-86,78,108,0
-82,78,108,0
-73,78,108,0
22,78,108,88
-6,78,108,0
13,78,108,94
-4,78,108,0
64,78,108,0
-90,78,108,0
-10,78,108,0
19,78,108,94
-148,78,108,1
-150,78,108,1
-135,78,108,1
140,78,108,5
87,78,108,60
26,78,108,0
-115,78,108,0
-147,78,108,1
8,78,108,94
-77,78,108,0
93,78,108,60
78,78,108,52
-78,78,108,0
-106,78,108,0
-93,78,108,0
5,78,108,0
18,78,108,94
-85,78,108,0
76,78,108,52
110,78,108,38
57,78,108,0
148,78,108,0
-118,78,108,0
14,78,108,94
50,78,108,0
134,78,108,5
11,78,108,94
-174,78,108,0
-121,78,108,1
129,78,108,0
-80,78,108,0
-105,78,108,0
164,78,108,0
67,78,108,0
101,78,108,60
-83,78,108,0
91,78,108,56
161,78,108,0
175,78,108,0
-140,78,108,1
28,78,108,0
-18,78,108,0
-143,78,108,1
-95,78,108,0
9,78,108,94
-164,78,108,0
38,78,108,0
-123,78,108,1
20,78,108,94
24,78,108,0
23,78,108,0
137,78,108,5
-117,78,108,0
-151,78,108,1
98,78,108,60
-163,78,108,0
88,78,108,56
153,78,108,0
160,78,108,0
145,78,108,5
139,78,108,5
74,78,108,0
15,78,108,94
0,78,108,0
84,78,108,60
-21,78,108,1
-22,78,108,1
27,78,108,0
-74,78,108,0
-145,78,108,1
-20,78,108,1
-69,78,108,0
-108,78,108,0
-2,78,108,0
4,78,108,0
-94,78,108,0
154,78,108,0
-176,78,108,0
151,78,108,0
-119,78,108,0
165,78,108,0
132,78,108,0
-110,78,108,0
120,78,108,0
7,78,108,0
-84,78,108,0
-109,78,108,0
69,78,108,0
-107,78,108,0
72,78,108,0
-144,78,108,1
178,78,108,0
86,78,108,60
-178,78,108,0
-157,78,108,0
124,78,108,0
83,78,108,60
95,78,108,58
29,78,108,0
99,78,108,60
149,78,108,0
141,78,108,5
-23,78,108,0
118,78,108,0
-142,78,108,1
-175,78,108,0
-169,78,108,0
147,78,108,5
131,78,108,0
-3,78,108,0
-103,78,108,0
119,78,108,0
143,78,108,5
-104,78,108,0
17,78,108,94
-180,78,108,0
100,78,108,60
-149,79,108,1
-127,79,108,1
10,79,108,94
62,79,108,0
-98,79,108,0
-89,79,108,0
-82,79,108,0
16,79,108,94
46,79,108,0
-83,79,108,0
-173,79,108,0
-3,79,108,0
63,79,108,0
-80,79,108,0
-160,79,108,0
32,79,108,0
107,79,108,60
-172,79,108,0
-66,79,108,0
175,79,108,0
-164,79,108,0
84,79,108,60
-119,79,108,0
64,79,108,0
125,79,108,0
132,79,108,0
101,79,108,60
-167,79,108,0
-157,79,108,0
-126,79,108,1
179,79,108,0
82,79,108,60
29,79,108,0
-70,79,108,0
-121,79,108,1
78,79,108,52
17,79,108,94
-75,79,108,0
48,79,108,0
-138,79,108,1
21,79,108,94
11,79,108,94
-99,79,108,0
-150,79,108,1
109,79,108,38
-5,79,108,0
-104,79,108,0
117,79,108,0
38,79,108,0
13,79,108,94
58,79,108,0
14,79,108,94
-69,79,108,0
161,79,108,0
-171,79,108,0
22,79,108,94
86,79,108,60
-131,79,108,1
-86,79,108,0
15,79,108,94
83,79,108,60
31,79,108,0
-166,79,108,0
-2,79,108,0
85,79,108,60
153,79,108,0
-146,79,108,1
167,79,108,0
-114,79,108,0
152,79,108,0
150,79,108,5
156,79,108,0
-110,79,108,0
145,79,108,5
164,79,108,0
160,79,108,0
0,79,108,0
89,79,108,60
-142,79,108,1
165,79,108,0
65,79,108,0
-128,79,108,1
-132,79,108,1
-175,79,108,0
47,79,108,0
-155,79,108,0
81,79,108,60
-103,79,108,0
-109,79,108,0
-159,79,108,0
-165,79,108,0
173,79,108,0
-139,79,108,1
-134,79,108,1
-17,79,108,0
95,79,108,58
34,79,108,0
170,79,108,0
3,79,108,0
154,79,108,0
-8,79,108,0
-10,79,108,0
-122,79,108,1
-161,79,108,0
88,79,108,60
-163,79,108,0
-11,79,108,0
-72,79,108,0
113,79,108,0
142,79,108,5
90,79,108,60
105,79,108,60
-129,79,108,1
42,79,108,0
12,79,108,94
80,79,108,52
-79,79,108,0
-74,79,108,0
18,79,108,94
23,79,108,0
-179,79,108,0
-130,79,108,1
55,79,108,0
147,79,108,5
148,79,108,5
61,79,108,0
-9,79,108,0
-145,79,108,1
149,79,108,5
-90,79,108,0
52,79,108,0
-21,79,108,0
171,79,108,0
-124,79,108,1
-147,79,108,1
146,79,108,5
66,79,108,0
54,79,108,0
-91,79,108,0
-169,79,108,0
69,79,108,0
141,79,108,5
139,79,108,5
-174,79,108,0
115,79,108,0
174,79,108,0
126,79,108,0
33,79,108,0
162,79,108,0
53,79,108,0
159,79,108,0
-141,79,108,1
144,79,108,5
-76,79,108,0
163,79,108,0
-154,79,108,0
4,79,108,0
-118,79,108,0
124,79,108,0
129,79,108,0
72,79,108,0
-92,79,108,0
-68,79,108,0
-116,79,108,0
70,79,108,0
24,79,108,0
-117,79,108,0
120,79,108,0
-106,79,108,0
166,79,108,0
26,79,108,0
172,79,108,0
-84,79,108,0
118,79,108,0
-6,79,108,0
93,79,108,60
-96,79,108,0
92,79,108,56
-71,79,108,0
-19,79,108,0
59,79,108,0
-16,79,108,0
106,79,108,60
79,79,108,52
68,79,108,0
-177,79,108,0
136,79,108,5
176,79,108,0
140,79,108,5
-100,79,108,0
-152,79,108,1
-137,79,108,1
-7,79,108,0
96,79,108,0
50,79,108,0
103,79,108,60
178,79,108,0
-180,79,108,0
134,79,108,5
151,79,108,0
111,79,108,3
158,79,108,0
97,79,108,48
2,79,108,0
-67,79,108,0
121,79,108,0
-136,79,108,1
60,79,108,0
67,79,108,0
-18,79,108,0
45,79,108,0
104,79,108,60
77,79,108,52
56,79,108,0
169,79,108,0
-120,79,108,1
75,79,108,52
94,79,108,60
-13,79,108,0
-170,79,108,0
-22,79,108,0
-111,79,108,0
28,79,108,0
-15,79,108,0
49,79,108,0
-81,79,108,0
98,79,108,48
-115,79,108,0
71,79,108,0
-108,79,108,0
-123,79,108,1
-95,79,108,0
37,79,108,0
116,79,108,0
43,79,108,0
91,79,108,56
27,79,108,0
127,79,108,0
155,79,108,0
41,79,108,0
135,79,108,5
114,79,108,0
-20,79,108,0
-158,79,108,0
-14,79,108,0
131,79,108,0
57,79,108,0
-85,79,108,0
87,79,108,60
102,79,108,60
76,79,108,52
20,79,108,94
-133,79,108,1
25,79,108,0
137,79,108,5
-153,79,108,0
73,79,108,0
-107,79,108,0
40,79,108,0
36,79,108,0
-162,79,108,0
-65,79,108,0
-87,79,108,0
138,79,108,5
122,79,108,0
168,79,108,0
30,79,108,0
-78,79,108,0
-151,79,108,1
-101,79,108,0
177,79,108,0
-64,79,108,0
-88,79,108,0
44,79,108,0
-94,79,108,0
7,79,108,0
51,79,108,0
157,79,108,0
-178,79,108,0
-12,79,108,0
-93,79,108,0
19,79,108,94
-102,79,108,0
-112,79,108,0
-73,79,108,0
-125,79,108,1
119,79,108,0
-176,79,108,0
108,79,108,38
100,79,108,60
110,79,108,38
-156,79,108,0
8,79,108,0
-4,79,108,0
133,79,108,0
-135,79,108,1
112,79,108,3
123,79,108,0
-105,79,108,0
6,79,108,0
143,79,108,5
-1,79,108,0
5,79,108,0
-113,79,108,0
9,79,108,94
-77,79,108,0
130,79,108,0
-168,79,108,0
1,79,108,0
35,79,108,0
-140,79,108,1
-143,79,108,1
-144,79,108,1
74,79,108,0
128,79,108,0
99,79,108,60
-148,79,108,1
-97,79,108,0
39,79,108,0
-25,80,108,0
-11,80,108,0
-159,80,108,0
-9,80,108,0
152,80,108,5
-77,80,108,0
-72,80,108,0
-115,80,108,0
-74,80,108,0
74,80,108,0
-114,80,108,0
154,80,108,5
-18,80,108,0
64,80,108,0
56,80,108,0
26,80,108,94
-123,80,108,0
49,80,108,0
-6,80,108,0
-118,80,108,0
102,80,108,48
91,80,108,60
-65,80,108,0
108,80,108,15
-100,80,108,0
-164,80,108,0
138,80,108,5
57,80,108,0
24,80,108,94
124,80,108,0
-101,80,108,0
-158,80,108,0
77,80,108,54
110,80,108,0
-17,80,108,0
-151,80,108,0
34,80,108,0
103,80,108,48
63,80,108,0
97,80,108,56
-132,80,108,1
-168,80,108,0
-16,80,108,0
73,80,108,0
-133,80,108,1
-4,80,108,0
-150,80,108,0
99,80,108,56
-22,80,108,0
-119,80,108,0
-112,80,108,0
13,80,108,94
111,80,108,0
-148,80,108,1
85,80,108,60
106,80,108,15
90,80,108,60
-13,80,108,0
-136,80,108,1
160,80,108,0
-128,80,108,1
22,80,108,94
83,80,108,60
-172,80,108,0
96,80,108,56
47,80,108,0
174,80,108,0
-8,80,108,0
32,80,108,0
25,80,108,94
166,80,108,0
0,80,108,0
170,80,108,0
95,80,108,56
-89,80,108,0
89,80,108,60
82,80,108,60
168,80,108,0
84,80,108,60
1,80,108,0
43,80,108,0
148,80,108,5
-107,80,108,0
21,80,108,94
113,80,108,0
45,80,108,0
112,80,108,0
14,80,108,94
-71,80,108,0
136,80,108,5
173,80,108,0
-81,80,108,0
-171,80,108,0
179,80,108,0
-122,80,108,0
-134,80,108,1
-10,80,108,0
98,80,108,56
140,80,108,5
135,80,108,0
-99,80,108,0
147,80,108,5
27,80,108,94
105,80,108,48
-73,80,108,0
-167,80,108,0
-109,80,108,0
23,80,108,94
80,80,108,55
37,80,108,0
-146,80,108,1
178,80,108,0
-3,80,108,0
-12,80,108,0
9,80,108,0
-79,80,108,0
-98,80,108,0
18,80,108,94
-124,80,108,0
17,80,108,94
11,80,108,94
52,80,108,0
141,80,108,5
169,80,108,0
-144,80,108,1
67,80,108,0
131,80,108,0
12,80,108,94
94,80,108,56
-126,80,108,0
88,80,108,60
42,80,108,0
146,80,108,5
-129,80,108,1
-108,80,108,0
-160,80,108,0
122,80,108,0
-135,80,108,1
171,80,108,0
-149,80,108,1
132,80,108,0
-137,80,108,1
-117,80,108,0
139,80,108,5
-166,80,108,0
-170,80,108,0
-23,80,108,0
-156,80,108,0
-143,80,108,1
28,80,108,0
117,80,108,0
61,80,108,0
175,80,108,0
-26,80,108,0
48,80,108,0
-178,80,108,0
-14,80,108,0
-145,80,108,1
-7,80,108,0
116,80,108,0
-179,80,108,0
-141,80,108,1
153,80,108,5
123,80,108,0
151,80,108,5
58,80,108,0
-20,80,108,0
55,80,108,0
66,80,108,0
158,80,108,0
157,80,108,0
-76,80,108,0
40,80,108,0
-93,80,108,0
46,80,108,0
-87,80,108,0
8,80,108,0
119,80,108,0
121,80,108,0
-152,80,108,0
-173,80,108,0
-165,80,108,0
65,80,108,0
54,80,108,0
125,80,108,0
159,80,108,0
-85,80,108,0
-91,80,108,0
114,80,108,0
-70,80,108,0
-116,80,108,0
-69,80,108,0
115,80,108,0
10,80,108,94
109,80,108,15
20,80,108,94
70,80,108,0
-96,80,108,0
145,80,108,5
2,80,108,0
-61,80,108,0
-88,80,108,0
-97,80,108,0
-106,80,108,0
78,80,108,55
161,80,108,0
-176,80,108,0
-140,80,108,1
5,80,108,0
-78,80,108,0
156,80,108,0
-2,80,108,0
6,80,108,0
-169,80,108,0
-86,80,108,0
-175,80,108,0
68,80,108,0
142,80,108,5
-121,80,108,0
-84,80,108,0
128,80,108,0
172,80,108,0
-142,80,108,1
76,80,108,53
75,80,108,0
7,80,108,0
155,80,108,0
-24,80,108,0
-83,80,108,0
127,80,108,0
-1,80,108,0
144,80,108,5
-131,80,108,1
33,80,108,0
143,80,108,5
-120,80,108,0
-62,80,108,0
15,80,108,94
3,80,108,0
51,80,108,0
-103,80,108,0
16,80,108,94
167,80,108,0
176,80,108,0
-92,80,108,0
-80,80,108,0
-113,80,108,0
93,80,108,60
4,80,108,0
62,80,108,0
-155,80,108,0
72,80,108,0
36,80,108,0
79,80,108,55
86,80,108,60
19,80,108,94
104,80,108,48
29,80,108,0
-110,80,108,0
101,80,108,48
126,80,108,0
133,80,108,0
-161,80,108,0
107,80,108,15
-102,80,108,0
81,80,108,55
50,80,108,0
-90,80,108,0
149,80,108,5
53,80,108,0
118,80,108,0
-147,80,108,1
-68,80,108,0
41,80,108,0
165,80,108,0
-105,80,108,0
-67,80,108,0
163,80,108,0
-104,80,108,0
-5,80,108,0
177,80,108,0
-139,80,108,1
31,80,108,0
120,80,108,0
130,80,108,0
59,80,108,0
129,80,108,0
-66,80,108,0
35,80,108,0
-125,80,108,0
-174,80,108,0
-130,80,108,1
-154,80,108,0
-153,80,108,0
-19,80,108,0
-111,80,108,0
164,80,108,0
39,80,108,0
69,80,108,0
-162,80,108,0
38,80,108,0
-157,80,108,0
-95,80,108,0
92,80,108,60
150,80,108,5
30,80,108,0
-177,80,108,0
162,80,108,0
-180,80,108,0
-127,80,108,0
71,80,108,0
87,80,108,60
-15,80,108,0
134,80,108,0
100,80,108,56
-21,80,108,0
-163,80,108,0
44,80,108,0
-64,80,108,0
-138,80,108,1
-63,80,108,0
137,80,108,5
-94,80,108,0
60,80,108,0
-82,80,108,0
-6,81,108,0
-122,81,108,0
40,81,108,0
140,81,108,5
-140,81,108,1
-16,81,108,0
97,81,108,56
156,81,108,5
55,81,108,0
57,81,108,0
128,81,108,0
87,81,108,60
-98,81,108,0
51,81,108,0
88,81,108,60
-145,81,108,0
-119,81,108,0
-52,81,108,0
-15,81,108,0
-168,81,108,0
178,81,108,0
-136,81,108,1
131,81,108,0
-128,81,108,0
5,81,108,0
-143,81,108,1
167,81,108,0
139,81,108,5
99,81,108,56
-115,81,108,0
-81,81,108,0
-78,81,108,0
137,81,108,0
-11,81,108,0
-63,81,108,0
68,81,108,0
-2,81,108,0
-50,81,108,0
173,81,108,0
18,81,108,94
16,81,108,94
-91,81,108,0
-36,81,108,0
-178,81,108,0
-118,81,108,0
127,81,108,0
145,81,108,5
35,81,108,0
64,81,108,0
105,81,108,0
154,81,108,5
147,81,108,5
-150,81,108,0
-8,81,108,0
-155,81,108,0
65,81,108,0
78,81,108,55
-85,81,108,0
56,81,108,0
15,81,108,94
116,81,108,0
-146,81,108,0
176,81,108,0
20,81,108,94
-121,81,108,0
-131,81,108,0
-99,81,108,0
30,81,108,0
0,81,108,0
77,81,108,2
50,81,108,0
112,81,108,0
135,81,108,0
-10,81,108,0
-1,81,108,0
148,81,108,5
160,81,108,0
101,81,108,2
-86,81,108,0
1,81,108,0
-171,81,108,0
90,81,108,60
-83,81,108,0
22,81,108,94
114,81,108,0
115,81,108,0
-66,81,108,0
74,81,108,2
-53,81,108,0
79,81,108,55
38,81,108,0
124,81,108,0
-111,81,108,0
45,81,108,0
165,81,108,0
104,81,108,0
110,81,108,0
-20,81,108,0
-144,81,108,1
95,81,108,60
179,81,108,0
-21,81,108,0
-79,81,108,0
-151,81,108,0
-107,81,108,0
106,81,108,0
-35,81,108,0
-142,81,108,1
-4,81,108,0
-152,81,108,0
-139,81,108,1
-33,81,108,0
81,81,108,55
46,81,108,0
-117,81,108,0
-32,81,108,0
-114,81,108,0
-156,81,108,0
-96,81,108,0
157,81,108,5
53,81,108,0
-124,81,108,0
80,81,108,55
119,81,108,0
-153,81,108,0
102,81,108,2
76,81,108,2
158,81,108,5
9,81,108,0
31,81,108,0
169,81,108,0
155,81,108,5
143,81,108,5
-179,81,108,0
-100,81,108,0
152,81,108,5
-158,81,108,0
-30,81,108,0
2,81,108,0
-126,81,108,0
138,81,108,5
-129,81,108,0
-62,81,108,0
-23,81,108,0
-93,81,108,0
-27,81,108,0
-134,81,108,0
-76,81,108,0
-88,81,108,0
130,81,108,0
-51,81,108,0
-138,81,108,1
-80,81,108,0
-70,81,108,0
47,81,108,0
66,81,108,0
-9,81,108,0
-72,81,108,0
26,81,108,0
117,81,108,0
63,81,108,0
-69,81,108,0
-61,81,108,0
-161,81,108,0
-7,81,108,0
-90,81,108,0
125,81,108,0
175,81,108,0
-64,81,108,0
-137,81,108,1
-68,81,108,0
7,81,108,0
-154,81,108,0
59,81,108,0
-132,81,108,0
108,81,108,0
-31,81,108,0
-22,81,108,0
58,81,108,0
6,81,108,0
49,81,108,0
34,81,108,0
-54,81,108,0
123,81,108,0
60,81,108,0
28,81,108,0
111,81,108,0
44,81,108,0
36,81,108,0
-84,81,108,0
-112,81,108,0
-162,81,108,0
122,81,108,0
62,81,108,0
33,81,108,0
86,81,108,60
150,81,108,5
84,81,108,60
23,81,108,94
-60,81,108,0
-97,81,108,0
-169,81,108,0
-77,81,108,0
113,81,108,0
13,81,108,94
-123,81,108,0
-19,81,108,0
161,81,108,0
-87,81,108,0
-167,81,108,0
-110,81,108,0
-57,81,108,0
-104,81,108,0
-102,81,108,0
-157,81,108,0
-48,81,108,0
174,81,108,0
-12,81,108,0
172,81,108,0
52,81,108,0
-5,81,108,0
85,81,108,60
-13,81,108,0
-166,81,108,0
-113,81,108,0
37,81,108,0
-46,81,108,0
-95,81,108,0
121,81,108,0
151,81,108,5
-130,81,108,0
120,81,108,0
-108,81,108,0
19,81,108,94
-180,81,108,0
92,81,108,60
-24,81,108,0
129,81,108,0
11,81,108,0
162,81,108,0
-25,81,108,0
100,81,108,56
126,81,108,0
21,81,108,94
10,81,108,0
-58,81,108,0
-147,81,108,0
170,81,108,0
42,81,108,0
-106,81,108,0
-172,81,108,0
-47,81,108,0
25,81,108,0
43,81,108,0
142,81,108,5
-105,81,108,0
12,81,108,94
-175,81,108,0
69,81,108,0
166,81,108,0
67,81,108,0
109,81,108,0
17,81,108,94
14,81,108,94
91,81,108,60
164,81,108,0
-89,81,108,0
89,81,108,60
94,81,108,60
168,81,108,0
32,81,108,0
-159,81,108,0
-165,81,108,0
73,81,108,0
-34,81,108,0
48,81,108,0
-135,81,108,1
-103,81,108,0
-160,81,108,0
-29,81,108,0
-71,81,108,0
141,81,108,5
-17,81,108,0
-120,81,108,0
-148,81,108,0
144,81,108,5
8,81,108,0
27,81,108,0
-28,81,108,0
-164,81,108,0
70,81,108,0
-125,81,108,0
3,81,108,0
-127,81,108,0
177,81,108,0
-174,81,108,0
118,81,108,0
41,81,108,0
61,81,108,0
163,81,108,0
72,81,108,0
-101,81,108,0
-26,81,108,0
83,81,108,55
146,81,108,5
-133,81,108,0
149,81,108,5
-116,81,108,0
-82,81,108,0
39,81,108,0
82,81,108,55
29,81,108,0
54,81,108,0
103,81,108,2
-3,81,108,0
-149,81,108,0
96,81,108,60
107,81,108,0
-65,81,108,0
-56,81,108,0
-176,81,108,0
24,81,108,0
132,81,108,0
133,81,108,0
-45,81,108,0
136,81,108,0
-14,81,108,0
153,81,108,5
-173,81,108,0
4,81,108,0
-163,81,108,0
-177,81,108,0
-67,81,108,0
134,81,108,0
-18,81,108,0
-55,81,108,0
75,81,108,2
-94,81,108,0
98,81,108,56
159,81,108,5
-170,81,108,0
-141,81,108,1
-109,81,108,0
-59,81,108,0
93,81,108,60
71,81,108,0
171,81,108,0
-92,81,108,0
-153,82,108,0
154,82,108,5
64,82,108,0
18,82,108,0
-132,82,108,0
93,82,108,0
58,82,108,0
42,82,108,0
-36,82,108,0
135,82,108,0
-176,82,108,0
-13,82,108,0
115,82,108,0
143,82,108,5
-27,82,108,0
-16,82,108,0
-98,82,108,0
61,82,108,0
-88,82,108,0
30,82,108,0
-179,82,108,0
-112,82,108,0
-62,82,108,0
92,82,108,0
-94,82,108,0
146,82,108,5
-4,82,108,0
-80,82,108,0
-92,82,108,0
123,82,108,0
175,82,108,0
-104,82,108,0
-162,82,108,0
-32,82,108,0
140,82,108,5
-19,82,108,0
170,82,108,0
-18,82,108,0
-89,82,108,0
-49,82,108,0
95,82,108,0
-64,82,108,0
165,82,108,5
74,82,108,0
-30,82,108,0
172,82,108,0
-34,82,108,0
-142,82,108,0
-95,82,108,0
148,82,108,5
132,82,108,0
147,82,108,5
151,82,108,5
60,82,108,0
-43,82,108,0
174,82,108,0
88,82,108,55
177,82,108,0
-31,82,108,0
-60,82,108,0
73,82,108,0
-35,82,108,0
57,82,108,0
35,82,108,0
118,82,108,0
-91,82,108,0
-26,82,108,0
44,82,108,0
-7,82,108,0
-45,82,108,0
-163,82,108,0
119,82,108,0
66,82,108,0
103,82,108,0
-178,82,108,0
-83,82,108,0
153,82,108,5
77,82,108,2
96,82,108,0
87,82,108,55
144,82,108,5
-11,82,108,0
-124,82,108,0
-171,82,108,0
-1,82,108,0
139,82,108,0
167,82,108,0
40,82,108,0
38,82,108,0
-131,82,108,0
67,82,108,0
-111,82,108,0
-5,82,108,0
168,82,108,0
99,82,108,0
5,82,108,0
-145,82,108,0
23,82,108,0
-14,82,108,0
158,82,108,5
-143,82,108,0
-56,82,108,0
9,82,108,0
-123,82,108,0
29,82,108,0
7,82,108,0
2,82,108,0
-136,82,108,0
-115,82,108,0
24,82,108,0
-159,82,108,0
-29,82,108,0
-66,82,108,0
15,82,108,0
-41,82,108,0
-154,82,108,0
155,82,108,5
-72,82,108,0
51,82,108,0
69,82,108,0
84,82,108,55
-65,82,108,0
63,82,108,0
142,82,108,5
152,82,108,5
8,82,108,0
-79,82,108,0
102,82,108,0
37,82,108,0
53,82,108,0
111,82,108,0
157,82,108,5
159,82,108,5
-107,82,108,0
1,82,108,0
-158,82,108,0
89,82,108,2
-151,82,108,0
34,82,108,0
156,82,108,5
-57,82,108,0
129,82,108,0
101,82,108,0
122,82,108,0
-144,82,108,0
-78,82,108,0
-21,82,108,0
116,82,108,0
-137,82,108,0
-156,82,108,0
-139,82,108,0
-86,82,108,0
-103,82,108,0
100,82,108,0
39,82,108,0
36,82,108,0
-119,82,108,0
59,82,108,0
-42,82,108,0
-170,82,108,0
-116,82,108,0
131,82,108,0
-17,82,108,0
75,82,108,0
117,82,108,0
33,82,108,0
26,82,108,0
-100,82,108,0
-121,82,108,0
-15,82,108,0
17,82,108,0
-55,82,108,0
178,82,108,0
-52,82,108,0
-39,82,108,0
-101,82,108,0
-118,82,108,0
128,82,108,0
124,82,108,0
22,82,108,0
-155,82,108,0
-174,82,108,0
14,82,108,0
-149,82,108,0
-20,82,108,0
-150,82,108,0
-157,82,108,0
-177,82,108,0
45,82,108,0
134,82,108,0
-10,82,108,0
52,82,108,0
169,82,108,0
-146,82,108,0
3,82,108,0
54,82,108,0
12,82,108,0
-85,82,108,0
-96,82,108,0
145,82,108,5
-126,82,108,0
49,82,108,0
127,82,108,0
176,82,108,0
105,82,108,0
-58,82,108,0
85,82,108,55
6,82,108,0
79,82,108,2
-84,82,108,0
-125,82,108,0
-141,82,108,0
-77,82,108,0
-67,82,108,0
107,82,108,0
71,82,108,0
-22,82,108,0
-38,82,108,0
136,82,108,0
-117,82,108,0
13,82,108,0
-169,82,108,0
-82,82,108,0
-175,82,108,0
-2,82,108,0
-63,82,108,0
-114,82,108,0
166,82,108,0
4,82,108,0
70,82,108,0
-161,82,108,0
120,82,108,0
-113,82,108,0
150,82,108,5
65,82,108,0
72,82,108,0
-140,82,108,0
-110,82,108,0
133,82,108,0
98,82,108,0
-51,82,108,0
173,82,108,0
91,82,108,0
161,82,108,5
162,82,108,5
164,82,108,5
-173,82,108,0
31,82,108,0
-109,82,108,0
19,82,108,0
-48,82,108,0
-24,82,108,0
-53,82,108,0
48,82,108,0
47,82,108,0
-135,82,108,0
104,82,108,0
-128,82,108,0
-23,82,108,0
-44,82,108,0
-71,82,108,0
-69,82,108,0
-127,82,108,0
108,82,108,0
-93,82,108,0
21,82,108,0
-152,82,108,0
112,82,108,0
-165,82,108,0
-180,82,108,0
-133,82,108,0
76,82,108,2
27,82,108,0
-25,82,108,0
125,82,108,0
-70,82,108,0
137,82,108,0
11,82,108,0
46,82,108,0
126,82,108,0
-47,82,108,0
43,82,108,0
-134,82,108,0
-37,82,108,0
-102,82,108,0
113,82,108,0
-40,82,108,0
82,82,108,55
-148,82,108,0
141,82,108,5
86,82,108,55
163,82,108,5
-172,82,108,0
25,82,108,0
-81,82,108,0
171,82,108,0
-99,82,108,0
149,82,108,5
28,82,108,0
-61,82,108,0
121,82,108,0
109,82,108,0
-97,82,108,0
-160,82,108,0
-106,82,108,0
68,82,108,0
-164,82,108,0
-90,82,108,0
-9,82,108,0
94,82,108,0
20,82,108,0
138,82,108,0
179,82,108,0
-130,82,108,0
-129,82,108,0
-28,82,108,0
56,82,108,0
-59,82,108,0
114,82,108,0
-68,82,108,0
-120,82,108,0
90,82,108,2
81,82,108,55
41,82,108,0
-8,82,108,0
-3,82,108,0
110,82,108,0
-54,82,108,0
62,82,108,0
16,82,108,0
50,82,108,0
-33,82,108,0
-147,82,108,0
55,82,108,0
130,82,108,0
97,82,108,0
-166,82,108,0
0,82,108,0
32,82,108,0
78,82,108,2
10,82,108,0
-87,82,108,0
-168,82,108,0
-167,82,108,0
-105,82,108,0
83,82,108,55
-6,82,108,0
106,82,108,0
160,82,108,5
-12,82,108,0
-50,82,108,0
-108,82,108,0
-138,82,108,0
-46,82,108,0
80,82,108,55
-122,82,108,0
124,83,108,0
-170,83,108,0
13,83,108,0
-67,83,108,0
161,83,108,5
-153,83,108,0
-89,83,108,0
139,83,108,0
127,83,108,0
69,83,108,0
-84,83,108,0
-129,83,108,0
179,83,108,0
155,83,108,5
80,83,108,0
113,83,108,0
-158,83,108,0
-148,83,108,0
-178,83,108,0
-60,83,108,0
71,83,108,0
35,83,108,0
-127,83,108,0
12,83,108,0
129,83,108,0
-135,83,108,0
100,83,108,0
171,83,108,5
141,83,108,0
79,83,108,0
-166,83,108,0
70,83,108,0
47,83,108,0
-111,83,108,2
-16,83,108,0
61,83,108,0
-133,83,108,0
-107,83,108,1
-123,83,108,0
-66,83,108,0
-49,83,108,0
151,83,108,5
-119,83,108,0
-100,83,108,0
-54,83,108,0
-112,83,108,0
97,83,108,0
73,83,108,0
-162,83,108,0
-26,83,108,0
-180,83,108,0
-108,83,108,1
90,83,108,0
115,83,108,0
7,83,108,0
170,83,108,5
-39,83,108,0
55,83,108,0
147,83,108,5
-140,83,108,0
159,83,108,5
-45,83,108,0
136,83,108,0
164,83,108,5
-21,83,108,0
46,83,108,0
-1,83,108,0
75,83,108,0
146,83,108,5
89,83,108,0
167,83,108,5
66,83,108,0
102,83,108,0
130,83,108,0
118,83,108,0
-51,83,108,0
105,83,108,0
120,83,108,0
-141,83,108,0
-132,83,108,0
150,83,108,5
84,83,108,0
82,83,108,0
-9,83,108,0
-71,83,108,0
-80,83,108,0
166,83,108,5
123,83,108,0
-62,83,108,0
117,83,108,0
-88,83,108,0
-103,83,108,1
133,83,108,0
64,83,108,0
45,83,108,0
175,83,108,5
-126,83,108,0
44,83,108,0
0,83,108,0
22,83,108,0
-117,83,108,0
83,83,108,0
-163,83,108,0
-146,83,108,0
29,83,108,0
-70,83,108,0
17,83,108,0
96,83,108,0
137,83,108,0
1,83,108,0
-175,83,108,0
-176,83,108,0
-90,83,108,0
-92,83,108,0
-161,83,108,0
131,83,108,0
-50,83,108,0
177,83,108,0
152,83,108,5
144,83,108,5
178,83,108,0
-77,83,108,0
165,83,108,5
60,83,108,0
-69,83,108,0
168,83,108,5
160,83,108,5
-102,83,108,0
110,83,108,0
-171,83,108,0
-83,83,108,0
-47,83,108,0
31,83,108,0
-106,83,108,1
49,83,108,0
99,83,108,0
163,83,108,5
172,83,108,5
101,83,108,0
157,83,108,5
77,83,108,0
76,83,108,0
-94,83,108,0
28,83,108,0
-8,83,108,0
-14,83,108,0
56,83,108,0
-6,83,108,0
-165,83,108,0
-167,83,108,0
63,83,108,0
142,83,108,0
72,83,108,0
95,83,108,0
-105,83,108,1
8,83,108,0
57,83,108,0
91,83,108,0
-173,83,108,0
-79,83,108,0
6,83,108,0
-150,83,108,0
50,83,108,0
-91,83,108,0
-28,83,108,0
-15,83,108,0
138,83,108,0
108,83,108,0
-154,83,108,0
-86,83,108,0
-42,83,108,0
-48,83,108,0
104,83,108,0
-73,83,108,0
-164,83,108,0
-134,83,108,0
-44,83,108,0
-156,83,108,0
-27,83,108,0
52,83,108,0
-82,83,108,0
-143,83,108,0
34,83,108,0
59,83,108,0
-32,83,108,0
126,83,108,0
74,83,108,0
-56,83,108,0
-93,83,108,0
-30,83,108,0
-131,83,108,0
-74,83,108,0
-151,83,108,0
37,83,108,0
-174,83,108,0
-18,83,108,0
-72,83,108,0
114,83,108,0
21,83,108,0
48,83,108,0
121,83,108,0
-120,83,108,0
148,83,108,5
-85,83,108,0
-87,83,108,0
169,83,108,5
-115,83,108,0
-160,83,108,0
-172,83,108,0
-96,83,108,0
122,83,108,0
-168,83,108,0
153,83,108,5
-109,83,108,1
-104,83,108,1
-113,83,108,0
4,83,108,0
112,83,108,0
-33,83,108,0
-169,83,108,0
173,83,108,5
-31,83,108,0
-149,83,108,0
-137,83,108,0
-64,83,108,0
-179,83,108,0
-10,83,108,0
116,83,108,0
-52,83,108,0
-98,83,108,0
-25,83,108,0
3,83,108,0
-40,83,108,0
38,83,108,0
-124,83,108,0
2,83,108,0
-121,83,108,0
-81,83,108,0
65,83,108,0
53,83,108,0
-23,83,108,0
94,83,108,0
24,83,108,0
33,83,108,0
-46,83,108,0
-138,83,108,0
-41,83,108,0
128,83,108,0
-97,83,108,0
-37,83,108,0
-139,83,108,0
-22,83,108,0
39,83,108,0
85,83,108,0
-2,83,108,0
88,83,108,0
62,83,108,0
156,83,108,5
149,83,108,5
-17,83,108,0
98,83,108,0
-35,83,108,0
-101,83,108,0
-145,83,108,0
103,83,108,0
162,83,108,5
15,83,108,0
-147,83,108,0
19,83,108,0
-118,83,108,0
32,83,108,0
132,83,108,0
145,83,108,5
-3,83,108,0
-130,83,108,0
68,83,108,0
67,83,108,0
176,83,108,5
-29,83,108,0
-68,83,108,0
-11,83,108,0
-63,83,108,0
-116,83,108,0
26,83,108,0
154,83,108,5
-13,83,108,0
158,83,108,5
-24,83,108,0
-65,83,108,0
20,83,108,0
-95,83,108,0
27,83,108,0
-61,83,108,0
-34,83,108,0
-76,83,108,0
-157,83,108,0
-99,83,108,0
-142,83,108,0
10,83,108,0
-5,83,108,0
109,83,108,0
-75,83,108,0
107,83,108,0
-55,83,108,0
18,83,108,0
-59,83,108,0
-12,83,108,0
-114,83,108,0
-136,83,108,0
5,83,108,0
-128,83,108,0
-57,83,108,0
111,83,108,0
140,83,108,0
-155,83,108,0
-159,83,108,0
11,83,108,0
-36,83,108,0
42,83,108,0
-7,83,108,0
86,83,108,0
93,83,108,0
-122,83,108,0
23,83,108,0
40,83,108,0
-20,83,108,0
-144,83,108,0
30,83,108,0
16,83,108,0
-177,83,108,0
125,83,108,0
81,83,108,0
-53,83,108,0
25,83,108,0
92,83,108,0
135,83,108,0
-152,83,108,0
-38,83,108,0
9,83,108,0
-110,83,108,2
43,83,108,0
36,83,108,0
14,83,108,0
51,83,108,0
-43,83,108,0
-19,83,108,0
-78,83,108,0
106,83,108,0
-58,83,108,0
-4,83,108,0
41,83,108,0
119,83,108,0
-125,83,108,0
134,83,108,0
54,83,108,0
87,83,108,0
174,83,108,5
78,83,108,0
58,83,108,0
143,83,108,5
167,84,108,5
138,84,108,0
-173,84,108,1
-26,84,108,1
54,84,108,0
106,84,108,0
-54,84,108,0
-8,84,108,0
35,84,108,0
51,84,108,0
48,84,108,0
-118,84,108,2
-111,84,108,2
-12,84,108,0
-167,84,108,2
97,84,108,0
38,84,108,0
155,84,108,5
62,84,108,0
82,84,108,0
6,84,108,0
-75,84,108,0
-57,84,108,0
29,84,108,0
159,84,108,5
-100,84,108,1
-155,84,108,0
-85,84,108,0
20,84,108,0
81,84,108,0
69,84,108,0
-163,84,108,2
-71,84,108,0
85,84,108,0
117,84,108,0
-90,84,108,0
-124,84,108,2
-82,84,108,0
90,84,108,0
-7,84,108,0
5,84,108,0
19,84,108,0
162,84,108,5
27,84,108,0
118,84,108,0
175,84,108,5
-164,84,108,2
72,84,108,0
-106,84,108,2
70,84,108,0
-31,84,108,1
129,84,108,0
-154,84,108,0
-46,84,108,1
37,84,108,0
-136,84,108,0
-135,84,108,0
170,84,108,5
22,84,108,0
57,84,108,0
87,84,108,0
66,84,108,0
49,84,108,0
65,84,108,0
-92,84,108,0
17,84,108,0
9,84,108,0
-101,84,108,2
60,84,108,0
131,84,108,0
-41,84,108,1
-25,84,108,1
108,84,108,0
164,84,108,5
59,84,108,0
74,84,108,0
-178,84,108,1
-38,84,108,1
-61,84,108,0
-52,84,108,0
166,84,108,5
-3,84,108,0
-43,84,108,1
177,84,108,5
39,84,108,0
11,84,108,0
114,84,108,0
73,84,108,0
109,84,108,0
135,84,108,0
157,84,108,5
-18,84,108,1
-114,84,108,2
116,84,108,0
113,84,108,0
-56,84,108,0
-116,84,108,2
-119,84,108,2
-97,84,108,1
26,84,108,0
172,84,108,5
112,84,108,0
161,84,108,5
89,84,108,0
104,84,108,0
-45,84,108,1
134,84,108,0
-78,84,108,0
7,84,108,0
-160,84,108,0
-65,84,108,0
52,84,108,0
-143,84,108,0
147,84,108,5
158,84,108,5
-29,84,108,1
-30,84,108,1
4,84,108,0
46,84,108,0
139,84,108,0
-20,84,108,1
-60,84,108,0
101,84,108,0
-76,84,108,0
28,84,108,0
-166,84,108,2
24,84,108,0
-174,84,108,1
-55,84,108,0
-73,84,108,0
-137,84,108,0
12,84,108,0
-37,84,108,1
-72,84,108,0
176,84,108,5
-93,84,108,1
123,84,108,0
160,84,108,5
149,84,108,5
-9,84,108,0
156,84,108,5
-168,84,108,2
-36,84,108,1
75,84,108,0
-176,84,108,1
-128,84,108,2
-104,84,108,2
-130,84,108,2
67,84,108,0
-112,84,108,2
145,84,108,0
68,84,108,0
-133,84,108,2
-27,84,108,1
-24,84,108,1
171,84,108,5
55,84,108,0
56,84,108,0
169,84,108,5
-50,84,108,0
-109,84,108,2
-95,84,108,1
174,84,108,5
-98,84,108,1
58,84,108,0
3,84,108,0
-88,84,108,0
-141,84,108,0
-132,84,108,2
-39,84,108,1
-107,84,108,2
76,84,108,0
-63,84,108,0
-49,84,108,0
140,84,108,0
-58,84,108,0
-86,84,108,0
-113,84,108,2
151,84,108,5
94,84,108,0
13,84,108,0
-32,84,108,1
126,84,108,0
64,84,108,0
-175,84,108,1
-153,84,108,0
-96,84,108,1
-77,84,108,0
-14,84,108,0
34,84,108,0
-151,84,108,0
127,84,108,0
-131,84,108,2
100,84,108,0
-34,84,108,1
-53,84,108,0
-94,84,108,1
41,84,108,0
-150,84,108,0
21,84,108,0
91,84,108,0
-157,84,108,0
53,84,108,0
-4,84,108,0
33,84,108,0
98,84,108,0
121,84,108,0
0,84,108,0
-179,84,108,1
14,84,108,0
-13,84,108,0
2,84,108,0
-89,84,108,0
115,84,108,0
42,84,108,0
-145,84,108,0
144,84,108,0
93,84,108,0
23,84,108,0
-149,84,108,0
119,84,108,0
-79,84,108,0
-127,84,108,2
-148,84,108,0
79,84,108,0
-156,84,108,0
-83,84,108,0
-177,84,108,1
-158,84,108,0
-142,84,108,0
80,84,108,0
-67,84,108,0
-84,84,108,0
-140,84,108,0
-28,84,108,1
125,84,108,0
141,84,108,0
163,84,108,5
25,84,108,0
84,84,108,0
-81,84,108,0
-134,84,108,2
-139,84,108,0
132,84,108,0
-47,84,108,1
1,84,108,0
-170,84,108,2
-105,84,108,2
31,84,108,0
16,84,108,0
130,84,108,0
165,84,108,5
32,84,108,0
102,84,108,0
-42,84,108,1
95,84,108,0
105,84,108,0
-15,84,108,0
61,84,108,0
-152,84,108,0
-126,84,108,2
136,84,108,0
-125,84,108,2
-108,84,108,2
-159,84,108,0
-102,84,108,2
179,84,108,2
99,84,108,0
77,84,108,0
-171,84,108,2
-87,84,108,0
143,84,108,0
-22,84,108,1
-19,84,108,1
146,84,108,0
-74,84,108,0
178,84,108,5
-70,84,108,0
-2,84,108,0
154,84,108,5
-17,84,108,0
148,84,108,5
92,84,108,0
-59,84,108,0
10,84,108,0
-40,84,108,1
-172,84,108,2
86,84,108,0
-68,84,108,0
-169,84,108,2
40,84,108,0
-103,84,108,2
153,84,108,5
-23,84,108,1
-129,84,108,2
173,84,108,5
-21,84,108,1
-10,84,108,0
-62,84,108,0
110,84,108,0
-162,84,108,2
-165,84,108,2
18,84,108,0
120,84,108,0
-122,84,108,2
-33,84,108,1
45,84,108,0
-121,84,108,2
-180,84,108,0
-6,84,108,0
-123,84,108,2
124,84,108,0
-99,84,108,1
88,84,108,0
78,84,108,0
15,84,108,0
133,84,108,0
137,84,108,0
8,84,108,0
63,84,108,0
142,84,108,0
-161,84,108,0
44,84,108,0
-11,84,108,0
96,84,108,0
47,84,108,0
-144,84,108,0
107,84,108,0
-35,84,108,1
30,84,108,0
-91,84,108,0
-69,84,108,0
-64,84,108,0
-51,84,108,0
83,84,108,0
168,84,108,5
-44,84,108,1
-16,84,108,0
-117,84,108,2
43,84,108,0
150,84,108,5
-5,84,108,0
36,84,108,0
-147,84,108,0
71,84,108,0
-1,84,108,0
-110,84,108,2
152,84,108,5
-66,84,108,0
-138,84,108,0
103,84,108,0
122,84,108,0
128,84,108,0
-48,84,108,0
50,84,108,0
111,84,108,0
-80,84,108,0
-146,84,108,0
-120,84,108,2
-115,84,108,2
29,85,108,0
-28,85,108,1
-35,85,108,1
15,85,108,0
155,85,108,5
-73,85,108,0
121,85,108,0
-5,85,108,0
60,85,108,0
167,85,108,5
28,85,108,0
-56,85,108,1
140,85,108,0
-16,85,108,1
178,85,108,2
38,85,108,0
171,85,108,2
-49,85,108,1
-64,85,108,0
54,85,108,0
-24,85,108,1
76,85,108,0
-157,85,108,2
177,85,108,2
111,85,108,0
109,85,108,0
12,85,108,0
-148,85,108,2
-151,85,108,2
71,85,108,0
-108,85,108,2
24,85,108,0
-139,85,108,2
-130,85,108,2
-125,85,108,2
160,85,108,5
102,85,108,0
168,85,108,5
-99,85,108,2
85,85,108,0
103,85,108,0
-44,85,108,1
-53,85,108,1
-66,85,108,0
-33,85,108,1
-36,85,108,1
-32,85,108,1
-84,85,108,0
25,85,108,0
100,85,108,0
-167,85,108,2
73,85,108,0
175,85,108,2
4,85,108,0
-31,85,108,1
-17,85,108,1
-21,85,108,1
66,85,108,0
-85,85,108,0
-19,85,108,1
94,85,108,0
-156,85,108,2
-34,85,108,1
-96,85,108,2
-87,85,108,0
-2,85,108,0
161,85,108,5
61,85,108,0
-38,85,108,1
-104,85,108,2
-11,85,108,1
-51,85,108,1
53,85,108,0
-117,85,108,2
122,85,108,0
-101,85,108,2
176,85,108,2
22,85,108,0
-78,85,108,0
-3,85,108,0
-106,85,108,2
145,85,108,0
-37,85,108,1
101,85,108,0
7,85,108,0
110,85,108,0
-105,85,108,2
130,85,108,0
34,85,108,0
-80,85,108,0
65,85,108,0
91,85,108,0
81,85,108,0
165,85,108,5
-122,85,108,2
-20,85,108,1
113,85,108,0
144,85,108,0
-43,85,108,1
-9,85,108,1
-50,85,108,1
143,85,108,0
62,85,108,0
-174,85,108,2
-77,85,108,0
-128,85,108,2
129,85,108,0
-54,85,108,1
99,85,108,0
172,85,108,2
3,85,108,0
118,85,108,0
79,85,108,0
-110,85,108,2
-57,85,108,1
-116,85,108,2
-95,85,108,2
173,85,108,2
-137,85,108,2
157,85,108,5
131,85,108,0
-111,85,108,2
142,85,108,0
88,85,108,0
10,85,108,0
-166,85,108,2
13,85,108,0
-123,85,108,2
57,85,108,0
-178,85,108,2
23,85,108,0
-160,85,108,2
21,85,108,0
-94,85,108,2
-15,85,108,1
-168,85,108,2
-25,85,108,1
-92,85,108,1
147,85,108,0
-141,85,108,2
-138,85,108,2
-39,85,108,1
16,85,108,0
-4,85,108,0
-61,85,108,0
-70,85,108,0
43,85,108,0
123,85,108,0
-55,85,108,1
-102,85,108,2
-13,85,108,1
31,85,108,0
-8,85,108,0
1,85,108,0
162,85,108,5
-109,85,108,2
27,85,108,0
-180,85,108,1
-179,85,108,2
108,85,108,0
78,85,108,0
92,85,108,0
8,85,108,0
-48,85,108,1
98,85,108,0
-46,85,108,1
149,85,108,0
26,85,108,0
-121,85,108,2
-40,85,108,1
-100,85,108,2
-74,85,108,0
114,85,108,0
139,85,108,0
45,85,108,0
132,85,108,0
93,85,108,0
87,85,108,0
116,85,108,0
-65,85,108,0
-67,85,108,0
-90,85,108,1
14,85,108,0
41,85,108,0
119,85,108,0
-1,85,108,0
-69,85,108,0
20,85,108,0
90,85,108,0
106,85,108,0
2,85,108,0
49,85,108,0
80,85,108,0
64,85,108,0
-158,85,108,2
-18,85,108,1
0,85,108,0
107,85,108,0
126,85,108,0
-118,85,108,2
-132,85,108,2
115,85,108,0
-153,85,108,2
-29,85,108,1
138,85,108,0
-120,85,108,2
52,85,108,0
124,85,108,0
19,85,108,0
-82,85,108,0
-12,85,108,1
-76,85,108,0
-83,85,108,0
96,85,108,0
-59,85,108,0
164,85,108,5
-127,85,108,2
137,85,108,0
174,85,108,2
33,85,108,0
148,85,108,0
-75,85,108,0
-169,85,108,2
-45,85,108,1
135,85,108,0
141,85,108,0
136,85,108,0
134,85,108,0
179,85,108,2
-144,85,108,2
-112,85,108,2
-6,85,108,0
89,85,108,0
-161,85,108,2
36,85,108,0
97,85,108,0
-177,85,108,2
59,85,108,0
11,85,108,0
6,85,108,0
-89,85,108,0
-7,85,108,0
56,85,108,0
-171,85,108,2
120,85,108,0
163,85,108,5
-143,85,108,2
37,85,108,0
-147,85,108,2
-71,85,108,0
-26,85,108,1
-103,85,108,2
39,85,108,0
-107,85,108,2
-146,85,108,2
-114,85,108,2
-152,85,108,2
69,85,108,0
74,85,108,0
158,85,108,5
-72,85,108,0
67,85,108,0
-98,85,108,2
-119,85,108,2
-88,85,108,0
-63,85,108,0
166,85,108,5
-42,85,108,1
83,85,108,0
51,85,108,0
42,85,108,0
84,85,108,0
159,85,108,5
-115,85,108,2
-155,85,108,2
152,85,108,0
-164,85,108,2
-140,85,108,2
-163,85,108,2
-135,85,108,2
9,85,108,0
-86,85,108,0
-142,85,108,2
-97,85,108,2
-10,85,108,1
-52,85,108,1
68,85,108,0
154,85,108,5
104,85,108,0
17,85,108,0
-134,85,108,2
-165,85,108,2
169,85,108,5
44,85,108,0
-113,85,108,2
156,85,108,5
-173,85,108,2
-27,85,108,1
125,85,108,0
-22,85,108,1
150,85,108,0
86,85,108,0
30,85,108,0
-175,85,108,2
-91,85,108,1
35,85,108,0
47,85,108,0
117,85,108,0
75,85,108,0
-79,85,108,0
-81,85,108,0
46,85,108,0
95,85,108,0
-41,85,108,1
-154,85,108,2
72,85,108,0
63,85,108,0
32,85,108,0
-47,85,108,1
112,85,108,0
55,85,108,0
48,85,108,0
146,85,108,0
-126,85,108,2
105,85,108,0
128,85,108,0
40,85,108,0
-60,85,108,0
-170,85,108,2
-172,85,108,2
170,85,108,5
5,85,108,0
-136,85,108,2
-68,85,108,0
-14,85,108,1
-159,85,108,2
133,85,108,0
18,85,108,0
-150,85,108,2
151,85,108,0
-129,85,108,2
153,85,108,5
-176,85,108,2
-162,85,108,2
58,85,108,0
-145,85,108,2
77,85,108,0
-62,85,108,0
-133,85,108,2
127,85,108,0
-149,85,108,2
50,85,108,0
-131,85,108,2
-23,85,108,1
-58,85,108,1
70,85,108,0
-93,85,108,1
-124,85,108,2
-30,85,108,1
82,85,108,0
-116,86,108,2
1,86,108,0
-107,86,108,2
64,86,108,0
-120,86,108,2
-106,86,108,2
-69,86,108,0
91,86,108,0
-66,86,108,0
-53,86,108,1
-159,86,108,2
157,86,108,0
-44,86,108,1
121,86,108,0
29,86,108,0
43,86,108,0
-73,86,108,0
-87,86,108,0
67,86,108,0
-170,86,108,2
-80,86,108,0
138,86,108,0
-163,86,108,2
-165,86,108,2
85,86,108,0
152,86,108,0
-115,86,108,2
-46,86,108,1
125,86,108,0
-152,86,108,2
11,86,108,0
104,86,108,0
66,86,108,0
101,86,108,0
-95,86,108,0
12,86,108,0
-153,86,108,2
128,86,108,0
-140,86,108,2
-76,86,108,0
134,86,108,0
20,86,108,0
-149,86,108,2
-58,86,108,0
76,86,108,0
-94,86,108,0
-148,86,108,2
-100,86,108,2
17,86,108,0
159,86,108,0
-180,86,108,2
-173,86,108,2
-67,86,108,0
60,86,108,0
-166,86,108,2
-104,86,108,2
25,86,108,0
15,86,108,0
38,86,108,0
-19,86,108,1
-79,86,108,0
118,86,108,0
57,86,108,0
100,86,108,0
36,86,108,0
169,86,108,2
-93,86,108,0
-101,86,108,2
63,86,108,0
-172,86,108,2
-13,86,108,1
-117,86,108,2
168,86,108,2
158,86,108,0
56,86,108,0
-22,86,108,1
-26,86,108,1
-109,86,108,2
-130,86,108,2
51,86,108,0
-146,86,108,2
-119,86,108,2
110,86,108,0
-38,86,108,1
49,86,108,0
21,86,108,0
71,86,108,0
-128,86,108,2
-141,86,108,2
112,86,108,0
-3,86,108,0
-179,86,108,2
141,86,108,0
-59,86,108,0
-144,86,108,2
-70,86,108,0
93,86,108,0
-89,86,108,0
59,86,108,0
-25,86,108,1
179,86,108,1
117,86,108,0
120,86,108,0
89,86,108,0
-28,86,108,1
-68,86,108,0
-62,86,108,0
-122,86,108,2
-61,86,108,0
-98,86,108,2
167,86,108,2
96,86,108,0
-108,86,108,2
53,86,108,0
-33,86,108,1
-15,86,108,1
-147,86,108,2
-131,86,108,2
-99,86,108,2
108,86,108,0
52,86,108,0
-54,86,108,1
174,86,108,1
-138,86,108,2
78,86,108,0
-39,86,108,1
-41,86,108,1
-174,86,108,2
171,86,108,2
22,86,108,0
-12,86,108,1
146,86,108,0
170,86,108,2
165,86,108,2
83,86,108,0
90,86,108,0
88,86,108,0
-42,86,108,1
68,86,108,0
160,86,108,0
137,86,108,0
133,86,108,0
-111,86,108,2
-136,86,108,2
-125,86,108,2
-81,86,108,0
145,86,108,0
-127,86,108,2
50,86,108,0
123,86,108,0
-118,86,108,2
72,86,108,0
-92,86,108,0
35,86,108,0
-56,86,108,1
-88,86,108,0
-126,86,108,2
-85,86,108,0
-160,86,108,2
-29,86,108,1
40,86,108,0
-123,86,108,2
162,86,108,0
-168,86,108,2
-32,86,108,1
-37,86,108,1
-90,86,108,0
2,86,108,0
156,86,108,0
-143,86,108,2
44,86,108,0
-110,86,108,2
77,86,108,0
70,86,108,0
73,86,108,0
129,86,108,0
122,86,108,0
-102,86,108,2
103,86,108,0
45,86,108,0
-139,86,108,2
102,86,108,0
-129,86,108,2
42,86,108,0
119,86,108,0
61,86,108,0
106,86,108,0
-97,86,108,0
13,86,108,0
142,86,108,0
-51,86,108,1
-77,86,108,0
-124,86,108,2
-48,86,108,1
-91,86,108,0
9,86,108,0
-176,86,108,2
-1,86,108,0
82,86,108,0
80,86,108,0
-2,86,108,0
-43,86,108,1
172,86,108,2
177,86,108,1
-83,86,108,0
135,86,108,0
7,86,108,0
5,86,108,0
98,86,108,0
-40,86,108,1
75,86,108,0
115,86,108,0
-10,86,108,0
8,86,108,0
-36,86,108,1
105,86,108,0
65,86,108,0
-71,86,108,0
-135,86,108,2
-78,86,108,0
6,86,108,0
-82,86,108,0
-14,86,108,1
155,86,108,0
84,86,108,0
126,86,108,0
163,86,108,2
-5,86,108,0
144,86,108,0
92,86,108,0
-132,86,108,2
-161,86,108,2
-52,86,108,1
127,86,108,0
4,86,108,0
-57,86,108,1
-112,86,108,2
-21,86,108,1
-134,86,108,2
173,86,108,1
-178,86,108,2
-177,86,108,2
-154,86,108,2
-137,86,108,2
-27,86,108,1
-84,86,108,0
69,86,108,0
74,86,108,0
-86,86,108,0
-155,86,108,2
86,86,108,0
-50,86,108,1
130,86,108,0
-151,86,108,2
95,86,108,0
-164,86,108,2
31,86,108,0
-49,86,108,1
41,86,108,0
-6,86,108,0
-103,86,108,2
140,86,108,0
-72,86,108,0
154,86,108,0
14,86,108,0
-171,86,108,2
-142,86,108,2
-47,86,108,1
150,86,108,0
-20,86,108,1
116,86,108,0
79,86,108,0
153,86,108,0
175,86,108,1
-34,86,108,1
-30,86,108,1
161,86,108,0
16,86,108,0
46,86,108,0
-167,86,108,2
107,86,108,0
87,86,108,0
-7,86,108,0
-18,86,108,1
10,86,108,0
166,86,108,2
-114,86,108,2
62,86,108,0
33,86,108,0
-105,86,108,2
-169,86,108,2
-24,86,108,1
178,86,108,1
147,86,108,0
-175,86,108,2
-35,86,108,1
148,86,108,0
54,86,108,0
-17,86,108,1
27,86,108,0
-145,86,108,2
-157,86,108,2
-75,86,108,0
94,86,108,0
136,86,108,0
47,86,108,0
55,86,108,0
-4,86,108,0
124,86,108,0
-11,86,108,0
109,86,108,0
58,86,108,0
0,86,108,0
37,86,108,0
-60,86,108,0
-9,86,108,0
30,86,108,0
151,86,108,0
-121,86,108,2
164,86,108,2
97,86,108,0
-133,86,108,2
34,86,108,0
-64,86,108,0
28,86,108,0
111,86,108,0
-23,86,108,1
-45,86,108,1
-31,86,108,1
81,86,108,0
3,86,108,0
-150,86,108,2
114,86,108,0
-74,86,108,0
132,86,108,0
176,86,108,1
143,86,108,0
-8,86,108,0
149,86,108,0
99,86,108,0
39,86,108,0
-16,86,108,1
139,86,108,0
-162,86,108,2
-158,86,108,2
113,86,108,0
19,86,108,0
-113,86,108,2
131,86,108,0
-63,86,108,0
23,86,108,0
18,86,108,0
-65,86,108,0
-96,86,108,0
24,86,108,0
32,86,108,0
26,86,108,0
-55,86,108,1
48,86,108,0
-156,86,108,2
-13,87,108,0
46,87,108,0
57,87,108,0
-43,87,108,1
-127,87,108,2
-75,87,108,0
146,87,108,0
-98,87,108,0
-168,87,108,2
155,87,108,0
-151,87,108,2
-120,87,108,2
-142,87,108,2
-28,87,108,0
-32,87,108,1
-177,87,108,2
31,87,108,0
119,87,108,0
85,87,108,0
10,87,108,0
73,87,108,0
-89,87,108,0
-63,87,108,0
-37,87,108,1
122,87,108,0
6,87,108,0
106,87,108,0
-109,87,108,0
94,87,108,0
49,87,108,0
169,87,108,0
178,87,108,0
-108,87,108,0
-105,87,108,0
-155,87,108,2
18,87,108,0
36,87,108,0
-165,87,108,2
90,87,108,0
-111,87,108,0
153,87,108,0
147,87,108,0
-39,87,108,1
-144,87,108,2
-84,87,108,0
-86,87,108,0
133,87,108,0
64,87,108,0
-14,87,108,0
123,87,108,0
-4,87,108,0
113,87,108,0
175,87,108,0
-7,87,108,0
20,87,108,0
89,87,108,0
172,87,108,0
-27,87,108,0
88,87,108,0
48,87,108,0
-104,87,108,0
86,87,108,0
-139,87,108,2
-138,87,108,2
-136,87,108,2
112,87,108,0
118,87,108,0
-97,87,108,0
-95,87,108,0
132,87,108,0
51,87,108,0
43,87,108,0
171,87,108,0
-117,87,108,0
-9,87,108,0
23,87,108,0
-123,87,108,2
-55,87,108,1
8,87,108,0
157,87,108,0
-76,87,108,0
38,87,108,0
-26,87,108,0
-171,87,108,2
-88,87,108,0
126,87,108,0
-40,87,108,1
-46,87,108,1
-128,87,108,2
127,87,108,0
-61,87,108,0
82,87,108,0
-78,87,108,0
-113,87,108,0
91,87,108,0
13,87,108,0
109,87,108,0
-158,87,108,2
-125,87,108,2
-129,87,108,2
24,87,108,0
125,87,108,0
174,87,108,0
-92,87,108,0
-94,87,108,0
-106,87,108,0
-161,87,108,2
152,87,108,0
-60,87,108,0
52,87,108,0
141,87,108,0
162,87,108,0
-134,87,108,2
-101,87,108,0
-45,87,108,1
-137,87,108,2
-70,87,108,0
-66,87,108,0
-72,87,108,0
-147,87,108,2
-64,87,108,0
-159,87,108,2
164,87,108,0
59,87,108,0
-65,87,108,0
159,87,108,0
154,87,108,0
-51,87,108,1
-163,87,108,2
17,87,108,0
167,87,108,0
75,87,108,0
130,87,108,0
-15,87,108,0
-58,87,108,0
-115,87,108,0
68,87,108,0
72,87,108,0
156,87,108,0
-74,87,108,0
-131,87,108,2
-143,87,108,2
-33,87,108,1
-91,87,108,0
78,87,108,0
-166,87,108,2
-100,87,108,0
142,87,108,0
-132,87,108,2
-77,87,108,0
-118,87,108,0
37,87,108,0
-175,87,108,2
-173,87,108,2
-83,87,108,0
93,87,108,0
-56,87,108,1
-172,87,108,2
92,87,108,0
158,87,108,0
-96,87,108,0
7,87,108,0
55,87,108,0
-174,87,108,2
5,87,108,0
139,87,108,0
71,87,108,0
-35,87,108,1
41,87,108,0
-85,87,108,0
-90,87,108,0
-17,87,108,0
121,87,108,0
97,87,108,0
-69,87,108,0
-130,87,108,2
25,87,108,0
-116,87,108,0
114,87,108,0
-146,87,108,2
108,87,108,0
148,87,108,0
29,87,108,0
-179,87,108,0
0,87,108,0
-102,87,108,0
-41,87,108,1
105,87,108,0
-62,87,108,0
-5,87,108,0
-31,87,108,0
-36,87,108,1
-164,87,108,2
26,87,108,0
-135,87,108,2
87,87,108,0
-99,87,108,0
96,87,108,0
-112,87,108,0
-67,87,108,0
70,87,108,0
-24,87,108,0
53,87,108,0
-119,87,108,2
150,87,108,0
34,87,108,0
40,87,108,0
-3,87,108,0
-19,87,108,0
39,87,108,0
56,87,108,0
-79,87,108,0
-87,87,108,0
160,87,108,0
145,87,108,0
79,87,108,0
-153,87,108,2
-50,87,108,1
138,87,108,0
-122,87,108,2
-53,87,108,1
173,87,108,0
27,87,108,0
14,87,108,0
137,87,108,0
-114,87,108,0
45,87,108,0
35,87,108,0
84,87,108,0
-25,87,108,0
128,87,108,0
30,87,108,0
179,87,108,0
-162,87,108,2
61,87,108,0
165,87,108,0
104,87,108,0
65,87,108,0
170,87,108,0
-29,87,108,0
28,87,108,0
-1,87,108,0
-107,87,108,0
-148,87,108,2
44,87,108,0
-44,87,108,1
-57,87,108,0
50,87,108,0
67,87,108,0
-167,87,108,2
176,87,108,0
16,87,108,0
-30,87,108,0
-152,87,108,2
-178,87,108,0
4,87,108,0
-140,87,108,2
-103,87,108,0
-169,87,108,2
-20,87,108,0
19,87,108,0
168,87,108,0
2,87,108,0
-49,87,108,1
124,87,108,0
-133,87,108,2
83,87,108,0
98,87,108,0
151,87,108,0
144,87,108,0
-34,87,108,1
-38,87,108,1
-121,87,108,2
76,87,108,0
-124,87,108,2
-149,87,108,2
-71,87,108,0
143,87,108,0
-160,87,108,2
15,87,108,0
58,87,108,0
12,87,108,0
54,87,108,0
-47,87,108,1
1,87,108,0
-42,87,108,1
-145,87,108,2
129,87,108,0
-80,87,108,0
47,87,108,0
163,87,108,0
-126,87,108,2
-157,87,108,2
9,87,108,0
-18,87,108,0
22,87,108,0
177,87,108,0
95,87,108,0
140,87,108,0
99,87,108,0
62,87,108,0
81,87,108,0
-21,87,108,0
149,87,108,0
-170,87,108,2
111,87,108,0
135,87,108,0
-10,87,108,0
161,87,108,0
116,87,108,0
-82,87,108,0
-23,87,108,0
-2,87,108,0
74,87,108,0
-81,87,108,0
-12,87,108,0
-6,87,108,0
101,87,108,0
-156,87,108,2
-52,87,108,1
66,87,108,0
60,87,108,0
-59,87,108,0
-48,87,108,1
110,87,108,0
21,87,108,0
77,87,108,0
102,87,108,0
-68,87,108,0
131,87,108,0
80,87,108,0
69,87,108,0
-176,87,108,2
120,87,108,0
100,87,108,0
-73,87,108,0
32,87,108,0
-54,87,108,1
-93,87,108,0
-154,87,108,2
103,87,108,0
42,87,108,0
107,87,108,0
136,87,108,0
166,87,108,0
117,87,108,0
-141,87,108,2
63,87,108,0
-8,87,108,0
11,87,108,0
3,87,108,0
33,87,108,0
115,87,108,0
-16,87,108,0
-11,87,108,0
-180,87,108,0
-150,87,108,2
134,87,108,0
-110,87,108,0
-22,87,108,0
29,88,108,0
77,88,108,0
44,88,108,0
-58,88,108,0
-144,88,108,0
113,88,108,0
-45,88,108,0
-76,88,108,0
-103,88,108,0
28,88,108,0
133,88,108,0
55,88,108,0
158,88,108,0
97,88,108,0
6,88,108,0
46,88,108,0
-64,88,108,0
-60,88,108,0
-83,88,108,0
-175,88,108,0
-36,88,108,0
130,88,108,0
-43,88,108,0
-107,88,108,0
-39,88,108,0
168,88,108,0
-48,88,108,0
24,88,108,0
57,88,108,0
42,88,108,0
63,88,108,0
-119,88,108,0
72,88,108,0
178,88,108,0
-91,88,108,0
102,88,108,0
-53,88,108,0
-50,88,108,0
141,88,108,0
-32,88,108,0
4,88,108,0
-80,88,108,0
146,88,108,0
11,88,108,0
-167,88,108,0
-72,88,108,0
-65,88,108,0
12,88,108,0
-21,88,108,0
10,88,108,0
134,88,108,0
71,88,108,0
136,88,108,0
115,88,108,0
62,88,108,0
-154,88,108,0
20,88,108,0
76,88,108,0
-147,88,108,0
-71,88,108,0
-124,88,108,0
96,88,108,0
23,88,108,0
-122,88,108,0
95,88,108,0
160,88,108,0
-174,88,108,0
59,88,108,0
17,88,108,0
-24,88,108,0
117,88,108,0
-5,88,108,0
-26,88,108,0
-100,88,108,0
-3,88,108,0
169,88,108,0
-156,88,108,0
-8,88,108,0
51,88,108,0
53,88,108,0
-158,88,108,0
-130,88,108,0
5,88,108,0
179,88,108,0
176,88,108,0
-51,88,108,0
-68,88,108,0
45,88,108,0
148,88,108,0
-171,88,108,0
106,88,108,0
156,88,108,0
-62,88,108,0
-9,88,108,0
-37,88,108,0
87,88,108,0
60,88,108,0
157,88,108,0
143,88,108,0
155,88,108,0
43,88,108,0
78,88,108,0
144,88,108,0
-44,88,108,0
9,88,108,0
-81,88,108,0
-150,88,108,0
-77,88,108,0
-34,88,108,0
-176,88,108,0
-54,88,108,0
-105,88,108,0
-63,88,108,0
-17,88,108,0
80,88,108,0
-12,88,108,0
-49,88,108,0
-165,88,108,0
70,88,108,0
50,88,108,0
-59,88,108,0
-96,88,108,0
-152,88,108,0
-25,88,108,0
-162,88,108,0
-88,88,108,0
38,88,108,0
-57,88,108,0
-2,88,108,0
-115,88,108,0
-30,88,108,0
-121,88,108,0
75,88,108,0
-55,88,108,0
-161,88,108,0
-67,88,108,0
-111,88,108,0
41,88,108,0
-135,88,108,0
137,88,108,0
104,88,108,0
83,88,108,0
118,88,108,0
-145,88,108,0
127,88,108,0
-112,88,108,0
-141,88,108,0
27,88,108,0
119,88,108,0
82,88,108,0
101,88,108,0
170,88,108,0
111,88,108,0
-170,88,108,0
7,88,108,0
-87,88,108,0
-159,88,108,0
19,88,108,0
-99,88,108,0
14,88,108,0
-40,88,108,0
173,88,108,0
-116,88,108,0
172,88,108,0
-155,88,108,0
0,88,108,0
121,88,108,0
-129,88,108,0
145,88,108,0
-142,88,108,0
-132,88,108,0
103,88,108,0
-89,88,108,0
-92,88,108,0
15,88,108,0
-149,88,108,0
-131,88,108,0
-153,88,108,0
177,88,108,0
-101,88,108,0
166,88,108,0
-66,88,108,0
93,88,108,0
107,88,108,0
49,88,108,0
-11,88,108,0
-41,88,108,0
69,88,108,0
16,88,108,0
66,88,108,0
84,88,108,0
-22,88,108,0
-133,88,108,0
1,88,108,0
13,88,108,0
-73,88,108,0
-102,88,108,0
92,88,108,0
18,88,108,0
90,88,108,0
25,88,108,0
-56,88,108,0
-177,88,108,0
139,88,108,0
-15,88,108,0
36,88,108,0
-42,88,108,0
21,88,108,0
74,88,108,0
131,88,108,0
162,88,108,0
-75,88,108,0
150,88,108,0
109,88,108,0
-117,88,108,0
-19,88,108,0
129,88,108,0
138,88,108,0
-14,88,108,0
167,88,108,0
-10,88,108,0
-94,88,108,0
-109,88,108,0
-166,88,108,0
56,88,108,0
-180,88,108,0
-146,88,108,0
-90,88,108,0
-16,88,108,0
-169,88,108,0
-18,88,108,0
-4,88,108,0
-138,88,108,0
-61,88,108,0
-29,88,108,0
-46,88,108,0
91,88,108,0
151,88,108,0
116,88,108,0
47,88,108,0
-127,88,108,0
98,88,108,0
-120,88,108,0
-164,88,108,0
32,88,108,0
-113,88,108,0
154,88,108,0
-28,88,108,0
-140,88,108,0
-47,88,108,0
-23,88,108,0
-148,88,108,0
-84,88,108,0
-52,88,108,0
108,88,108,0
85,88,108,0
164,88,108,0
-93,88,108,0
-74,88,108,0
123,88,108,0
163,88,108,0
-1,88,108,0
54,88,108,0
-79,88,108,0
132,88,108,0
-125,88,108,0
-137,88,108,0
152,88,108,0
73,88,108,0
175,88,108,0
147,88,108,0
-82,88,108,0
-136,88,108,0
86,88,108,0
67,88,108,0
26,88,108,0
-178,88,108,0
3,88,108,0
-128,88,108,0
94,88,108,0
-85,88,108,0
125,88,108,0
48,88,108,0
40,88,108,0
120,88,108,0
52,88,108,0
-20,88,108,0
-106,88,108,0
-95,88,108,0
-143,88,108,0
-163,88,108,0
-33,88,108,0
159,88,108,0
-98,88,108,0
-126,88,108,0
105,88,108,0
68,88,108,0
22,88,108,0
174,88,108,0
-172,88,108,0
99,88,108,0
-7,88,108,0
-173,88,108,0
31,88,108,0
-151,88,108,0
-139,88,108,0
122,88,108,0
126,88,108,0
149,88,108,0
65,88,108,0
58,88,108,0
35,88,108,0
61,88,108,0
34,88,108,0
100,88,108,0
171,88,108,0
161,88,108,0
8,88,108,0
124,88,108,0
-31,88,108,0
37,88,108,0
165,88,108,0
81,88,108,0
39,88,108,0
-78,88,108,0
64,88,108,0
79,88,108,0
88,88,108,0
-13,88,108,0
140,88,108,0
153,88,108,0
-134,88,108,0
-114,88,108,0
-97,88,108,0
-27,88,108,0
-179,88,108,0
142,88,108,0
-104,88,108,0
112,88,108,0
-38,88,108,0
-157,88,108,0
89,88,108,0
-70,88,108,0
2,88,108,0
-123,88,108,0
-168,88,108,0
33,88,108,0
-86,88,108,0
110,88,108,0
-35,88,108,0
-110,88,108,0
-160,88,108,0
-108,88,108,0
114,88,108,0
128,88,108,0
-69,88,108,0
-6,88,108,0
30,88,108,0
135,88,108,0
-118,88,108,0
-150,89,108,0
152,89,108,0
161,89,108,0
-108,89,108,0
-4,89,108,0
147,89,108,0
-133,89,108,0
-31,89,108,0
-154,89,108,0
36,89,108,0
-105,89,108,0
-68,89,108,0
-168,89,108,0
1,89,108,0
46,89,108,0
123,89,108,0
-135,89,108,0
172,89,108,0
-16,89,108,0
30,89,108,0
50,89,108,0
-80,89,108,0
-45,89,108,0
-75,89,108,0
-36,89,108,0
-134,89,108,0
54,89,108,0
56,89,108,0
142,89,108,0
-111,89,108,0
93,89,108,0
0,89,108,0
-130,89,108,0
168,89,108,0
-138,89,108,0
169,89,108,0
-127,89,108,0
100,89,108,0
153,89,108,0
25,89,108,0
-40,89,108,0
-179,89,108,0
57,89,108,0
151,89,108,0
-63,89,108,0
-156,89,108,0
66,89,108,0
-117,89,108,0
-155,89,108,0
133,89,108,0
-58,89,108,0
-17,89,108,0
-20,89,108,0
23,89,108,0
-12,89,108,0
80,89,108,0
-162,89,108,0
-147,89,108,0
118,89,108,0
120,89,108,0
175,89,108,0
72,89,108,0
-106,89,108,0
-13,89,108,0
5,89,108,0
21,89,108,0
-93,89,108,0
52,89,108,0
129,89,108,0
-26,89,108,0
162,89,108,0
-176,89,108,0
-64,89,108,0
-92,89,108,0
43,89,108,0
-151,89,108,0
26,89,108,0
44,89,108,0
-73,89,108,0
18,89,108,0
61,89,108,0
105,89,108,0
78,89,108,0
111,89,108,0
179,89,108,0
-15,89,108,0
-120,89,108,0
-51,89,108,0
159,89,108,0
64,89,108,0
67,89,108,0
171,89,108,0
39,89,108,0
-164,89,108,0
-172,89,108,0
-100,89,108,0
145,89,108,0
-84,89,108,0
-7,89,108,0
-48,89,108,0
-29,89,108,0
-69,89,108,0
-49,89,108,0
-96,89,108,0
85,89,108,0
119,89,108,0
98,89,108,0
-60,89,108,0
-50,89,108,0
-85,89,108,0
107,89,108,0
41,89,108,0
-109,89,108,0
-62,89,108,0
-18,89,108,0
-123,89,108,0
-39,89,108,0
178,89,108,0
-37,89,108,0
-175,89,108,0
-144,89,108,0
-128,89,108,0
-124,89,108,0
90,89,108,0
-95,89,108,0
-23,89,108,0
-6,89,108,0
160,89,108,0
91,89,108,0
87,89,108,0
-126,89,108,0
35,89,108,0
136,89,108,0
89,89,108,0
124,89,108,0
27,89,108,0
103,89,108,0
143,89,108,0
65,89,108,0
-180,89,108,0
-53,89,108,0
-35,89,108,0
-28,89,108,0
74,89,108,0
-139,89,108,0
-129,89,108,0
106,89,108,0
-122,89,108,0
-30,89,108,0
174,89,108,0
-158,89,108,0
-165,89,108,0
101,89,108,0
24,89,108,0
-76,89,108,0
108,89,108,0
-115,89,108,0
-47,89,108,0
-88,89,108,0
58,89,108,0
63,89,108,0
-113,89,108,0
-174,89,108,0
77,89,108,0
-56,89,108,0
-9,89,108,0
-67,89,108,0
139,89,108,0
-71,89,108,0
96,89,108,0
-116,89,108,0
-170,89,108,0
-27,89,108,0
10,89,108,0
167,89,108,0
-167,89,108,0
154,89,108,0
-171,89,108,0
-118,89,108,0
173,89,108,0
-173,89,108,0
38,89,108,0
112,89,108,0
-90,89,108,0
-103,89,108,0
-98,89,108,0
-54,89,108,0
117,89,108,0
109,89,108,0
104,89,108,0
132,89,108,0
20,89,108,0
-114,89,108,0
130,89,108,0
-5,89,108,0
16,89,108,0
128,89,108,0
-86,89,108,0
-163,89,108,0
149,89,108,0
11,89,108,0
81,89,108,0
-152,89,108,0
15,89,108,0
55,89,108,0
94,89,108,0
-22,89,108,0
-2,89,108,0
135,89,108,0
-178,89,108,0
-65,89,108,0
-97,89,108,0
19,89,108,0
70,89,108,0
-157,89,108,0
-132,89,108,0
62,89,108,0
-149,89,108,0
-91,89,108,0
88,89,108,0
75,89,108,0
84,89,108,0
-52,89,108,0
144,89,108,0
165,89,108,0
164,89,108,0
40,89,108,0
97,89,108,0
60,89,108,0
148,89,108,0
6,89,108,0
86,89,108,0
47,89,108,0
126,89,108,0
-66,89,108,0
8,89,108,0
-160,89,108,0
-101,89,108,0
99,89,108,0
-8,89,108,0
122,89,108,0
79,89,108,0
-21,89,108,0
-102,89,108,0
-94,89,108,0
157,89,108,0
-3,89,108,0
29,89,108,0
82,89,108,0
163,89,108,0
2,89,108,0
-33,89,108,0
138,89,108,0
-11,89,108,0
22,89,108,0
28,89,108,0
141,89,108,0
-25,89,108,0
-161,89,108,0
-148,89,108,0
121,89,108,0
-19,89,108,0
-159,89,108,0
92,89,108,0
42,89,108,0
-46,89,108,0
166,89,108,0
-38,89,108,0
-42,89,108,0
-140,89,108,0
177,89,108,0
-136,89,108,0
-57,89,108,0
116,89,108,0
-83,89,108,0
59,89,108,0
95,89,108,0
-99,89,108,0
-119,89,108,0
-177,89,108,0
114,89,108,0
-87,89,108,0
13,89,108,0
33,89,108,0
-59,89,108,0
-77,89,108,0
-89,89,108,0
-43,89,108,0
45,89,108,0
-55,89,108,0
134,89,108,0
76,89,108,0
-10,89,108,0
9,89,108,0
-78,89,108,0
-143,89,108,0
125,89,108,0
69,89,108,0
113,89,108,0
-137,89,108,0
146,89,108,0
150,89,108,0
7,89,108,0
37,89,108,0
-125,89,108,0
83,89,108,0
4,89,108,0
73,89,108,0
-121,89,108,0
12,89,108,0
-70,89,108,0
131,89,108,0
-44,89,108,0
176,89,108,0
-1,89,108,0
49,89,108,0
-166,89,108,0
158,89,108,0
31,89,108,0
-79,89,108,0
-145,89,108,0
-82,89,108,0
-104,89,108,0
127,89,108,0
71,89,108,0
115,89,108,0
155,89,108,0
-141,89,108,0
140,89,108,0
-14,89,108,0
-74,89,108,0
-34,89,108,0
48,89,108,0
-107,89,108,0
17,89,108,0
-24,89,108,0
-32,89,108,0
-142,89,108,0
110,89,108,0
-153,89,108,0
137,89,108,0
170,89,108,0
-41,89,108,0
32,89,108,0
-131,89,108,0
-112,89,108,0
-61,89,108,0
53,89,108,0
3,89,108,0
-146,89,108,0
51,89,108,0
68,89,108,0
102,89,108,0
-169,89,108,0
-72,89,108,0
14,89,108,0
34,89,108,0
-110,89,108,0
156,89,108,0
-81,89,108,0
