min_hours,mean_hours,max_hours,median_hours
1.2222222222222222e-8,0.09775721846024642,47.014722222222225,0.049166666666666664
