time,fishing,length_size_bin,length_bin_min,length_bin_max,n_matched,n_unmatched,n_cells,mean_scenes,summed_km2,union_km2,union_x_scenes_km2,dens_summed,dens_union,dens_union_scenes
2017-01-01T00:00:00Z,FALSE,1,0,25,175,1903,5899,10.6892694,169887472,30469403.6,358088666,12.2316259,68.1995628,5.80303204
2017-01-01T00:00:00Z,FALSE,2,25,50,1411,2235,5899,10.6892694,169887472,30469403.6,358088666,21.4612646,119.661023,10.1818358
2017-01-01T00:00:00Z,FALSE,3,50,75,7603,3989,5899,10.6892694,169887472,30469403.6,358088666,68.2334009,380.447224,32.3718707
2017-01-01T00:00:00Z,FALSE,4,75,100,12756,4279,5899,10.6892694,169887472,30469403.6,358088666,100.272255,559.085444,47.5720167
2017-01-01T00:00:00Z,FALSE,5,100,125,10388,3293,5899,10.6892694,169887472,30469403.6,358088666,80.5297756,449.007805,38.2056214
2017-01-01T00:00:00Z,FALSE,6,125,150,9640,2729,5899,10.6892694,169887472,30469403.6,358088666,72.8070166,405.948215,34.5417244
2017-01-01T00:00:00Z,FALSE,7,150,175,8733,2160,5899,10.6892694,169887472,30469403.6,358088666,64.1189127,357.506178,30.4198402
2017-01-01T00:00:00Z,FALSE,8,175,200,8241,1906,5899,10.6892694,169887472,30469403.6,358088666,59.7277708,333.0226,28.3365573
2017-01-01T00:00:00Z,FALSE,9,200,225,4615,980,5899,10.6892694,169887472,30469403.6,358088666,32.9335644,183.62683,15.6246219
2017-01-01T00:00:00Z,FALSE,10,225,Inf,7361,1729,5899,10.6892694,169887472,30469403.6,358088666,53.5060054,298.332062,25.3847744
2017-01-01T00:00:00Z,TRUE,1,0,25,17432,44182,5899,10.6892694,169887472,30469403.6,358088666,362.675359,2022.1597,172.06353
2017-01-01T00:00:00Z,TRUE,2,25,50,16240,20077,5899,10.6892694,169887472,30469403.6,358088666,213.770913,1191.917,101.419016
2017-01-01T00:00:00Z,TRUE,3,50,75,5243,2155,5899,10.6892694,169887472,30469403.6,358088666,43.5464717,242.800946,20.6596877
2017-01-01T00:00:00Z,TRUE,4,75,100,1121,290,5899,10.6892694,169887472,30469403.6,358088666,8.30549765,46.3087503,3.94036487
2017-01-01T00:00:00Z,TRUE,5,100,Inf,134,41,5899,10.6892694,169887472,30469403.6,358088666,1.03009361,5.74346655,0.488705778
2017-02-01T00:00:00Z,FALSE,1,0,25,182,3191,7638,9.63223357,212243245,47588389.5,462581047,15.892143,70.8786331,7.2916952
2017-02-01T00:00:00Z,FALSE,2,25,50,1757,3696,7638,9.63223357,212243245,47588389.5,462581047,25.6922194,114.586773,11.7882045
2017-02-01T00:00:00Z,FALSE,3,50,75,8086,4939,7638,9.63223357,212243245,47588389.5,462581047,61.3682665,273.701214,28.157228
2017-02-01T00:00:00Z,FALSE,4,75,100,12930,5100,7638,9.63223357,212243245,47588389.5,462581047,84.9497002,378.873927,38.9769536
2017-02-01T00:00:00Z,FALSE,5,100,125,10528,3577,7638,9.63223357,212243245,47588389.5,462581047,66.4567677,296.395826,30.491954
2017-02-01T00:00:00Z,FALSE,6,125,150,9637,2959,7638,9.63223357,212243245,47588389.5,462581047,59.3470007,264.68641,27.2298229
2017-02-01T00:00:00Z,FALSE,7,150,175,9067,2144,7638,9.63223357,212243245,47588389.5,462581047,52.8214691,235.582673,24.235753
2017-02-01T00:00:00Z,FALSE,8,175,200,9217,2041,7638,9.63223357,212243245,47588389.5,462581047,53.0429132,236.570309,24.3373568
2017-02-01T00:00:00Z,FALSE,9,200,225,5104,1126,7638,9.63223357,212243245,47588389.5,462581047,29.3531133,130.914285,13.4679102
2017-02-01T00:00:00Z,FALSE,10,225,Inf,8681,1973,7638,9.63223357,212243245,47588389.5,462581047,50.1971218,223.878137,23.0316397
2017-02-01T00:00:00Z,TRUE,1,0,25,17433,58826,7638,9.63223357,212243245,47588389.5,462581047,359.30001,1602.4707,164.855436
2017-02-01T00:00:00Z,TRUE,2,25,50,17386,24743,7638,9.63223357,212243245,47588389.5,462581047,198.49395,885.27896,91.0737702
2017-02-01T00:00:00Z,TRUE,3,50,75,5794,2593,7638,9.63223357,212243245,47588389.5,462581047,39.5159809,176.240467,18.1308769
2017-02-01T00:00:00Z,TRUE,4,75,100,1210,366,7638,9.63223357,212243245,47588389.5,462581047,7.42544246,33.1173216,3.40697054
2017-02-01T00:00:00Z,TRUE,5,100,Inf,132,87,7638,9.63223357,212243245,47588389.5,462581047,1.03183496,4.60196284,0.473430551
2017-03-01T00:00:00Z,FALSE,1,0,25,324,4875,7783,11.4570217,263802709,50635535.9,583744941,19.7079098,102.674928,8.90628704
2017-03-01T00:00:00Z,FALSE,2,25,50,2481,6164,7783,11.4570217,263802709,50635535.9,583744941,32.7707021,170.7299,14.8095502
2017-03-01T00:00:00Z,FALSE,3,50,75,10183,6972,7783,11.4570217,263802709,50635535.9,583744941,65.0296582,338.793689,29.387835
2017-03-01T00:00:00Z,FALSE,4,75,100,15663,6727,7783,11.4570217,263802709,50635535.9,583744941,84.8740336,442.17958,38.3557928
2017-03-01T00:00:00Z,FALSE,5,100,125,13207,4595,7783,11.4570217,263802709,50635535.9,583744941,67.4822486,351.571277,30.4961958
2017-03-01T00:00:00Z,FALSE,6,125,150,12454,3869,7783,11.4570217,263802709,50635535.9,583744941,61.8757861,322.362541,27.962555
2017-03-01T00:00:00Z,FALSE,7,150,175,11459,2751,7783,11.4570217,263802709,50635535.9,583744941,53.8660124,280.632954,24.3428234
2017-03-01T00:00:00Z,FALSE,8,175,200,11316,2508,7783,11.4570217,263802709,50635535.9,583744941,52.4027977,273.009849,23.6815757
2017-03-01T00:00:00Z,FALSE,9,200,225,6327,1380,7783,11.4570217,263802709,50635535.9,583744941,29.2150146,152.205361,13.202684
2017-03-01T00:00:00Z,FALSE,10,225,Inf,10809,2442,7783,11.4570217,263802709,50635535.9,583744941,50.2307199,261.693685,22.6999826
2017-03-01T00:00:00Z,TRUE,1,0,25,27330,88308,7783,11.4570217,263802709,50635535.9,583744941,438.35031300000003,2283.73213,198.096792
2017-03-01T00:00:00Z,TRUE,2,25,50,22301,31006,7783,11.4570217,263802709,50635535.9,583744941,202.071465,1052.75868,91.3189927
2017-03-01T00:00:00Z,TRUE,3,50,75,6480,2949,7783,11.4570217,263802709,50635535.9,583744941,35.74262,186.213098,16.1526025
2017-03-01T00:00:00Z,TRUE,4,75,100,1506,407,7783,11.4570217,263802709,50635535.9,583744941,7.25163137,37.7797917,3.2771162
2017-03-01T00:00:00Z,TRUE,5,100,Inf,188,48,7783,11.4570217,263802709,50635535.9,583744941,0.894607947,4.66075841,0.404286159
2017-04-01T00:00:00Z,FALSE,1,0,25,321,5193,7727,11.2113369,256245076,49157126,562486866,21.5184623,112.170919,9.80289556
2017-04-01T00:00:00Z,FALSE,2,25,50,2566,6164,7727,11.2113369,256245076,49157126,562486866,34.0689473,177.593784,15.5203624
2017-04-01T00:00:00Z,FALSE,3,50,75,10162,7010,7727,11.2113369,256245076,49157126,562486866,67.0139706,349.328803,30.5287128
2017-04-01T00:00:00Z,FALSE,4,75,100,16156,6540,7727,11.2113369,256245076,49157126,562486866,88.571458,461.703152,40.3493866
2017-04-01T00:00:00Z,FALSE,5,100,125,13608,4609,7727,11.2113369,256245076,49157126,562486866,71.0920977,370.587166,32.386534
2017-04-01T00:00:00Z,FALSE,6,125,150,12995,3800,7727,11.2113369,256245076,49157126,562486866,65.5427228,341.659518,29.858475
2017-04-01T00:00:00Z,FALSE,7,150,175,11266,2752,7727,11.2113369,256245076,49157126,562486866,54.7054414,285.1672,24.9214708
2017-04-01T00:00:00Z,FALSE,8,175,200,11347,2358,7727,11.2113369,256245076,49157126,562486866,53.4839545,278.799863,24.3650134
2017-04-01T00:00:00Z,FALSE,9,200,225,6137,1387,7727,11.2113369,256245076,49157126,562486866,29.3625154,153.060209,13.3763123
2017-04-01T00:00:00Z,FALSE,10,225,Inf,10974,2435,7727,11.2113369,256245076,49157126,562486866,52.3288104,272.778356,23.8387789
2017-04-01T00:00:00Z,TRUE,1,0,25,31368,100155,7727,11.2113369,256245076,49157126,562486866,513.27035,2675.56325,233.824126
2017-04-01T00:00:00Z,TRUE,2,25,50,23136,29657,7727,11.2113369,256245076,49157126,562486866,206.025422,1073.96433,93.8564138
2017-04-01T00:00:00Z,TRUE,3,50,75,6112,2763,7727,11.2113369,256245076,49157126,562486866,34.6348118,180.543509,15.7781462
2017-04-01T00:00:00Z,TRUE,4,75,100,1576,449,7727,11.2113369,256245076,49157126,562486866,7.90259087,41.1944343,3.60008406
2017-04-01T00:00:00Z,TRUE,5,100,Inf,182,92,7727,11.2113369,256245076,49157126,562486866,1.06928884,5.57396297,0.487122485
2017-05-01T00:00:00Z,FALSE,1,0,25,321,4836,7886,12.1666244,281756242,50619436.6,621335839,18.303055,101.877863,8.29985923
2017-05-01T00:00:00Z,FALSE,2,25,50,2860,6413,7886,12.1666244,281756242,50619436.6,621335839,32.9114271,183.190502,14.924296
2017-05-01T00:00:00Z,FALSE,3,50,75,11028,7282,7886,12.1666244,281756242,50619436.6,621335839,64.9852507,361.718764,29.4687653
2017-05-01T00:00:00Z,FALSE,4,75,100,17389,7011,7886,12.1666244,281756242,50619436.6,621335839,86.5996787,482.028281,39.2702279
2017-05-01T00:00:00Z,FALSE,5,100,125,15344,5056,7886,12.1666244,281756242,50619436.6,621335839,72.4030101,403.007252,32.8324856
2017-05-01T00:00:00Z,FALSE,6,125,150,14379,3969,7886,12.1666244,281756242,50619436.6,621335839,65.120119,362.469463,29.5299238
2017-05-01T00:00:00Z,FALSE,7,150,175,12662,2817,7886,12.1666244,281756242,50619436.6,621335839,54.9375585,305.79163,24.9124532
2017-05-01T00:00:00Z,FALSE,8,175,200,12712,2493,7886,12.1666244,281756242,50619436.6,621335839,53.9650867,300.378689,24.4714678
2017-05-01T00:00:00Z,FALSE,9,200,225,7053,1397,7886,12.1666244,281756242,50619436.6,621335839,29.9904625,166.931925,13.5997306
2017-05-01T00:00:00Z,FALSE,10,225,Inf,11920,2503,7886,12.1666244,281756242,50619436.6,621335839,51.1896379,284.930078,23.2128892
2017-05-01T00:00:00Z,TRUE,1,0,25,29358,96927,7886,12.1666244,281756242,50619436.6,621335839,448.206575,2494.79268,203.247571
2017-05-01T00:00:00Z,TRUE,2,25,50,23217,26467,7886,12.1666244,281756242,50619436.6,621335839,176.336821,981.52021,79.9631968
2017-05-01T00:00:00Z,TRUE,3,50,75,6115,2768,7886,12.1666244,281756242,50619436.6,621335839,31.5272519,175.485952,14.2966162
2017-05-01T00:00:00Z,TRUE,4,75,100,1642,453,7886,12.1666244,281756242,50619436.6,621335839,7.4355052,41.3872643,3.37176752
2017-05-01T00:00:00Z,TRUE,5,100,Inf,217,92,7886,12.1666244,281756242,50619436.6,621335839,1.09669265,6.10437455,0.497315591
2017-06-01T00:00:00Z,FALSE,1,0,25,332,3660,7902,12.8547203,297917069,50999550.7,655051832,13.3997022,78.2751993,6.09417424
2017-06-01T00:00:00Z,FALSE,2,25,50,2848,5622,7902,12.8547203,297917069,50999550.7,655051832,28.4307309,166.079894,12.9302745
2017-06-01T00:00:00Z,FALSE,3,50,75,11313,7141,7902,12.8547203,297917069,50999550.7,655051832,61.9434129,361.846325,28.1718165
2017-06-01T00:00:00Z,FALSE,4,75,100,17913,6752,7902,12.8547203,297917069,50999550.7,655051832,82.7914966,483.631711,37.6535089
2017-06-01T00:00:00Z,FALSE,5,100,125,15142,4789,7902,12.8547203,297917069,50999550.7,655051832,66.9011684,390.807364,30.4265999
2017-06-01T00:00:00Z,FALSE,6,125,150,14232,3926,7902,12.8547203,297917069,50999550.7,655051832,60.9498478,356.042352,27.7199439
2017-06-01T00:00:00Z,FALSE,7,150,175,12116,2721,7902,12.8547203,297917069,50999550.7,655051832,49.8024503,290.924131,22.650116
2017-06-01T00:00:00Z,FALSE,8,175,200,12629,2489,7902,12.8547203,297917069,50999550.7,655051832,50.7456658,296.433984,23.0790897
2017-06-01T00:00:00Z,FALSE,9,200,225,7264,1373,7902,12.8547203,297917069,50999550.7,655051832,28.9912895,169.354433,13.1852162
2017-06-01T00:00:00Z,FALSE,10,225,Inf,12177,2487,7902,12.8547203,297917069,50999550.7,655051832,49.2217517,287.531945,22.3860148
2017-06-01T00:00:00Z,TRUE,1,0,25,28353,88471,7902,12.8547203,297917069,50999550.7,655051832,392.135974,2290.68685,178.343139
2017-06-01T00:00:00Z,TRUE,2,25,50,23685,26783,7902,12.8547203,297917069,50999550.7,655051832,169.402848,989.577345,77.044285
2017-06-01T00:00:00Z,TRUE,3,50,75,6738,2914,7902,12.8547203,297917069,50999550.7,655051832,32.3982779,189.256569,14.7347119
2017-06-01T00:00:00Z,TRUE,4,75,100,1829,566,7902,12.8547203,297917069,50999550.7,655051832,8.03914999,46.961198,3.65619923
2017-06-01T00:00:00Z,TRUE,5,100,Inf,264,104,7902,12.8547203,297917069,50999550.7,655051832,1.23524309,7.21574984,0.561787606
2017-07-01T00:00:00Z,FALSE,1,0,25,373,3820,7923,13.1890698,306314758,51081626.7,674506353,13.6885341,82.0843084,6.21639808
2017-07-01T00:00:00Z,FALSE,2,25,50,3150,5695,7923,13.1890698,306314758,51081626.7,674506353,28.8755268,173.154235,13.1132938
2017-07-01T00:00:00Z,FALSE,3,50,75,11360,6642,7923,13.1890698,306314758,51081626.7,674506353,58.7696137,352.416342,26.6891482
2017-07-01T00:00:00Z,FALSE,4,75,100,17704,6587,7923,13.1890698,306314758,51081626.7,674506353,79.3007825,475.533016,36.013004
2017-07-01T00:00:00Z,FALSE,5,100,125,15506,4915,7923,13.1890698,306314758,51081626.7,674506353,66.6667193,399.77192,30.2754747
2017-07-01T00:00:00Z,FALSE,6,125,150,14475,4054,7923,13.1890698,306314758,51081626.7,674506353,60.4900662,362.733163,27.4704603
2017-07-01T00:00:00Z,FALSE,7,150,175,12413,2739,7923,13.1890698,306314758,51081626.7,674506353,49.4654587,296.623287,22.4638359
2017-07-01T00:00:00Z,FALSE,8,175,200,12698,2575,7923,13.1890698,306314758,51081626.7,674506353,49.8604772,298.992044,22.6432263
2017-07-01T00:00:00Z,FALSE,9,200,225,7094,1325,7923,13.1890698,306314758,51081626.7,674506353,27.4848005,164.814642,12.4817208
2017-07-01T00:00:00Z,FALSE,10,225,Inf,12360,2507,7923,13.1890698,306314758,51081626.7,674506353,48.5350432,291.043981,22.0413046
2017-07-01T00:00:00Z,TRUE,1,0,25,32333,89670,7923,13.1890698,306314758,51081626.7,674506353,398.292922,2388.39301,180.877466
2017-07-01T00:00:00Z,TRUE,2,25,50,24276,27869,7923,13.1890698,306314758,51081626.7,674506353,170.233391,1020.81714,77.3083897
2017-07-01T00:00:00Z,TRUE,3,50,75,6476,2678,7923,13.1890698,306314758,51081626.7,674506353,29.8842931,179.203377,13.5714066
2017-07-01T00:00:00Z,TRUE,4,75,100,1921,600,7923,13.1890698,306314758,51081626.7,674506353,8.23009644,49.3523829,3.73754819
2017-07-01T00:00:00Z,TRUE,5,100,Inf,323,136,7923,13.1890698,306314758,51081626.7,674506353,1.49845865,8.98561831,0.680497667
2017-08-01T00:00:00Z,FALSE,1,0,25,362,4590,7929,13.2881826,309223659,50930998.4,679632048,16.0142986,97.2295883,7.28629559
2017-08-01T00:00:00Z,FALSE,2,25,50,3336,6467,7929,13.2881826,309223659,50930998.4,679632048,31.7019728,192.476101,14.4239814
2017-08-01T00:00:00Z,FALSE,3,50,75,11726,7504,7929,13.2881826,309223659,50930998.4,679632048,62.1879971,377.569665,28.2947222
2017-08-01T00:00:00Z,FALSE,4,75,100,18178,7206,7929,13.2881826,309223659,50930998.4,679632048,82.0894498,498.399812,37.3496218
2017-08-01T00:00:00Z,FALSE,5,100,125,15559,5104,7929,13.2881826,309223659,50930998.4,679632048,66.8221833,405.705772,30.403216
2017-08-01T00:00:00Z,FALSE,6,125,150,14630,4128,7929,13.2881826,309223659,50930998.4,679632048,60.6615939,368.302225,27.6002287
2017-08-01T00:00:00Z,FALSE,7,150,175,12863,2857,7929,13.2881826,309223659,50930998.4,679632048,50.8369899,308.652893,23.1301629
2017-08-01T00:00:00Z,FALSE,8,175,200,13128,2596,7929,13.2881826,309223659,50930998.4,679632048,50.8499255,308.731431,23.1360484
2017-08-01T00:00:00Z,FALSE,9,200,225,7443,1446,7929,13.2881826,309223659,50930998.4,679632048,28.7461834,174.530252,13.079136
2017-08-01T00:00:00Z,FALSE,10,225,Inf,12460,2683,7929,13.2881826,309223659,50930998.4,679632048,48.9710266,297.32384,22.2811741
2017-08-01T00:00:00Z,TRUE,1,0,25,38766,106494,7929,13.2881826,309223659,50930998.4,679632048,469.75707,2852.0941,213.733299
2017-08-01T00:00:00Z,TRUE,2,25,50,28270,34013,7929,13.2881826,309223659,50930998.4,679632048,201.417318,1222.88983,91.6422352
2017-08-01T00:00:00Z,TRUE,3,50,75,6577,2972,7929,13.2881826,309223659,50930998.4,679632048,30.8805608,187.488962,14.0502497
2017-08-01T00:00:00Z,TRUE,4,75,100,1889,523,7929,13.2881826,309223659,50930998.4,679632048,7.80017936,47.358192,3.54897919
2017-08-01T00:00:00Z,TRUE,5,100,Inf,362,123,7929,13.2881826,309223659,50930998.4,679632048,1.56844403,9.52268787,0.713621438
2017-09-01T00:00:00Z,FALSE,1,0,25,359,4845,7966,13.0944012,307280647,51579512.6,678266617,16.9356582,100.892772,7.67249909
2017-09-01T00:00:00Z,FALSE,2,25,50,3081,6608,7966,13.0944012,307280647,51579512.6,678266617,31.5314358,187.845901,14.2849431
2017-09-01T00:00:00Z,FALSE,3,50,75,11711,7371,7966,13.0944012,307280647,51579512.6,678266617,62.0995829,369.953089,28.1334796
2017-09-01T00:00:00Z,FALSE,4,75,100,17898,7138,7966,13.0944012,307280647,51579512.6,678266617,81.4760066,485.386518,36.9117385
2017-09-01T00:00:00Z,FALSE,5,100,125,15340,4999,7966,13.0944012,307280647,51579512.6,678266617,66.1903059,394.32323,29.9867331
2017-09-01T00:00:00Z,FALSE,6,125,150,14103,3912,7966,13.0944012,307280647,51579512.6,678266617,58.6271872,349.266581,26.5603519
2017-09-01T00:00:00Z,FALSE,7,150,175,12513,2740,7966,13.0944012,307280647,51579512.6,678266617,49.6386614,295.718188,22.4882069
2017-09-01T00:00:00Z,FALSE,8,175,200,12666,2574,7966,13.0944012,307280647,51579512.6,678266617,49.5963548,295.46615,22.4690404
2017-09-01T00:00:00Z,FALSE,9,200,225,7218,1378,7966,13.0944012,307280647,51579512.6,678266617,27.9744269,166.655317,12.6734824
2017-09-01T00:00:00Z,FALSE,10,225,Inf,12048,2478,7966,13.0944012,307280647,51579512.6,678266617,47.2727461,281.623444,21.416357
2017-09-01T00:00:00Z,TRUE,1,0,25,42143,114333,7966,13.0944012,307280647,51579512.6,678266617,509.228295,3033.68512,230.69984
2017-09-01T00:00:00Z,TRUE,2,25,50,30628,37707,7966,13.0944012,307280647,51579512.6,678266617,222.38628,1324.84773,100.749467
2017-09-01T00:00:00Z,TRUE,3,50,75,7120,3177,7966,13.0944012,307280647,51579512.6,678266617,33.5100831,199.633527,15.1813457
2017-09-01T00:00:00Z,TRUE,4,75,100,1983,553,7966,13.0944012,307280647,51579512.6,678266617,8.25304172,49.1668081,3.73894268
2017-09-01T00:00:00Z,TRUE,5,100,Inf,332,125,7966,13.0944012,307280647,51579512.6,678266617,1.48723977,8.86010699,0.673776342
2017-10-01T00:00:00Z,FALSE,1,0,25,314,5282,8001,13.2324709,311285840,51684902.4,686729865,17.9770464,108.271463,8.14876458
2017-10-01T00:00:00Z,FALSE,2,25,50,3111,6820,8001,13.2324709,311285840,51684902.4,686729865,31.9031537,192.145086,14.4612904
2017-10-01T00:00:00Z,FALSE,3,50,75,12314,7749,8001,13.2324709,311285840,51684902.4,686729865,64.4520162,388.179121,29.2152723
2017-10-01T00:00:00Z,FALSE,4,75,100,18274,7314,8001,13.2324709,311285840,51684902.4,686729865,82.2009764,495.076876,37.2606483
2017-10-01T00:00:00Z,FALSE,5,100,125,14802,5122,8001,13.2324709,311285840,51684902.4,686729865,64.0054813,385.489748,29.0128637
2017-10-01T00:00:00Z,FALSE,6,125,150,13934,3978,8001,13.2324709,311285840,51684902.4,686729865,57.5419685,346.561552,26.0830363
2017-10-01T00:00:00Z,FALSE,7,150,175,12602,2860,8001,13.2324709,311285840,51684902.4,686729865,49.6713888,299.158928,22.5154035
2017-10-01T00:00:00Z,FALSE,8,175,200,12854,2609,8001,13.2324709,311285840,51684902.4,686729865,49.6746013,299.178276,22.5168597
2017-10-01T00:00:00Z,FALSE,9,200,225,7236,1511,8001,13.2324709,311285840,51684902.4,686729865,28.0995756,169.237042,12.7371772
2017-10-01T00:00:00Z,FALSE,10,225,Inf,12506,2712,8001,13.2324709,311285840,51684902.4,686729865,48.8875434,294.438014,22.1600964
2017-10-01T00:00:00Z,TRUE,1,0,25,35617,108305,8001,13.2324709,311285840,51684902.4,686729865,462.346761,2784.60427,209.575857
2017-10-01T00:00:00Z,TRUE,2,25,50,28412,35143,8001,13.2324709,311285840,51684902.4,686729865,204.169261,1229.66276,92.5473075
2017-10-01T00:00:00Z,TRUE,3,50,75,7529,3107,8001,13.2324709,311285840,51684902.4,686729865,34.1679532,205.785433,15.4878949
2017-10-01T00:00:00Z,TRUE,4,75,100,1967,480,8001,13.2324709,311285840,51684902.4,686729865,7.86094221,47.3445801,3.56326428
2017-10-01T00:00:00Z,TRUE,5,100,Inf,262,106,8001,13.2324709,311285840,51684902.4,686729865,1.18219319,7.12006762,0.53587301
2017-11-01T00:00:00Z,FALSE,1,0,25,349,5467,7991,13.0734576,307333138,51726159.4,678765094,18.9240901,112.438272,8.5685019
2017-11-01T00:00:00Z,FALSE,2,25,50,3013,7026,7991,13.0734576,307333138,51726159.4,678765094,32.6648798,194.079748,14.7900947
2017-11-01T00:00:00Z,FALSE,3,50,75,11882,8218,7991,13.0734576,307333138,51726159.4,678765094,65.4013431,388.584813,29.6126011
2017-11-01T00:00:00Z,FALSE,4,75,100,17817,7697,7991,13.0734576,307333138,51726159.4,678765094,83.0174063,493.25139,37.588851
2017-11-01T00:00:00Z,FALSE,5,100,125,14679,5404,7991,13.0734576,307333138,51726159.4,678765094,65.3460285,388.25616,29.5875557
2017-11-01T00:00:00Z,FALSE,6,125,150,13699,4198,7991,13.0734576,307333138,51726159.4,678765094,58.2332257,345.995145,26.3670011
2017-11-01T00:00:00Z,FALSE,7,150,175,12718,3075,7991,13.0734576,307333138,51726159.4,678765094,51.3872344,305.319401,23.2672542
2017-11-01T00:00:00Z,FALSE,8,175,200,12808,2745,7991,13.0734576,307333138,51726159.4,678765094,50.6063228,300.679582,22.9136709
2017-11-01T00:00:00Z,FALSE,9,200,225,7258,1456,7991,13.0734576,307333138,51726159.4,678765094,28.3535972,168.464083,12.8380202
2017-11-01T00:00:00Z,FALSE,10,225,Inf,12072,2764,7991,13.0734576,307333138,51726159.4,678765094,48.2733495,286.818124,21.8573408
2017-11-01T00:00:00Z,TRUE,1,0,25,31236,101949,7991,13.0734576,307333138,51726159.4,678765094,433.357108,2574.80937,196.216631
2017-11-01T00:00:00Z,TRUE,2,25,50,27157,36988,7991,13.0734576,307333138,51726159.4,678765094,208.714883,1240.0882,94.5025025
2017-11-01T00:00:00Z,TRUE,3,50,75,7339,3281,7991,13.0734576,307333138,51726159.4,678765094,34.5553365,205.311976,15.6460609
2017-11-01T00:00:00Z,TRUE,4,75,100,1566,455,7991,13.0734576,307333138,51726159.4,678765094,6.57592609,39.0711397,2.97746602
2017-11-01T00:00:00Z,TRUE,5,100,Inf,214,61,7991,13.0734576,307333138,51726159.4,678765094,0.894794495,5.31645889,0.405147528
2017-12-01T00:00:00Z,FALSE,1,0,25,300,5247,7979,13.268956,313681778,51406055.8,690724250,17.6835264,107.905575,8.03070111
2017-12-01T00:00:00Z,FALSE,2,25,50,2787,6535,7979,13.268956,313681778,51406055.8,690724250,29.7180157,181.340503,13.495979
2017-12-01T00:00:00Z,FALSE,3,50,75,11556,7916,7979,13.268956,313681778,51406055.8,690724250,62.0756492,378.788057,28.1906998
2017-12-01T00:00:00Z,FALSE,4,75,100,17052,7327,7979,13.268956,313681778,51406055.8,690724250,77.7188913,474.243737,35.2948373
2017-12-01T00:00:00Z,FALSE,5,100,125,13844,5143,7979,13.268956,313681778,51406055.8,690724250,60.5294963,369.353371,27.4885383
2017-12-01T00:00:00Z,FALSE,6,125,150,12933,3886,7979,13.268956,313681778,51406055.8,690724250,53.6180333,327.179351,24.3498038
2017-12-01T00:00:00Z,FALSE,7,150,175,11990,2905,7979,13.268956,313681778,51406055.8,690724250,47.4844287,289.751854,21.5643218
2017-12-01T00:00:00Z,FALSE,8,175,200,12146,2773,7979,13.268956,313681778,51406055.8,690724250,47.5609393,290.218725,21.5990679
2017-12-01T00:00:00Z,FALSE,9,200,225,6928,1593,7979,13.268956,313681778,51406055.8,690724250,27.1644724,165.758681,12.3363267
2017-12-01T00:00:00Z,FALSE,10,225,Inf,11933,2693,7979,13.268956,313681778,51406055.8,690724250,46.6268717,284.519008,21.1748755
2017-12-01T00:00:00Z,TRUE,1,0,25,20893,81010,7979,13.268956,313681778,51406055.8,690724250,324.861076,1982.31509,147.530653
2017-12-01T00:00:00Z,TRUE,2,25,50,21334,31611,7979,13.268956,313681778,51406055.8,690724250,168.785705,1029.93702,76.6514278
2017-12-01T00:00:00Z,TRUE,3,50,75,6525,2926,7979,13.268956,313681778,51406055.8,690724250,30.1292605,183.849935,13.6827395
2017-12-01T00:00:00Z,TRUE,4,75,100,1339,406,7979,13.268956,313681778,51406055.8,690724250,5.5629626,33.945417,2.52633377
2017-12-01T00:00:00Z,TRUE,5,100,Inf,191,62,7979,13.268956,313681778,51406055.8,690724250,0.806549879,4.92159914,0.366282203
2018-01-01T00:00:00Z,FALSE,1,0,25,287,4775,8011,13.3145675,316315960,51692468.2,697449676,16.0029864,97.9252912,7.25787131
2018-01-01T00:00:00Z,FALSE,2,25,50,2769,5845,8011,13.3145675,316315960,51692468.2,697449676,27.2322649,166.639364,12.3507119
2018-01-01T00:00:00Z,FALSE,3,50,75,11173,7147,8011,13.3145675,316315960,51692468.2,697449676,57.9167742,354.403662,26.2671281
2018-01-01T00:00:00Z,FALSE,4,75,100,16073,6813,8011,13.3145675,316315960,51692468.2,697449676,72.3517082,442.733745,32.813837
2018-01-01T00:00:00Z,FALSE,5,100,125,13246,4502,8011,13.3145675,316315960,51692468.2,697449676,56.1084557,343.33822,25.4469973
2018-01-01T00:00:00Z,FALSE,6,125,150,12487,3733,8011,13.3145675,316315960,51692468.2,697449676,51.2778426,313.778788,23.2561582
2018-01-01T00:00:00Z,FALSE,7,150,175,11945,2674,8011,13.3145675,316315960,51692468.2,697449676,46.2164477,282.807158,20.9606521
2018-01-01T00:00:00Z,FALSE,8,175,200,12352,2601,8011,13.3145675,316315960,51692468.2,697449676,47.2723539,289.268447,21.4395397
2018-01-01T00:00:00Z,FALSE,9,200,225,6845,1460,8011,13.3145675,316315960,51692468.2,697449676,26.2553935,160.661704,11.9076692
2018-01-01T00:00:00Z,FALSE,10,225,Inf,11806,2476,8011,13.3145675,316315960,51692468.2,697449676,45.1510572,276.287833,20.4774631
2018-01-01T00:00:00Z,TRUE,1,0,25,19230,76857,8011,13.3145675,316315960,51692468.2,697449676,303.769055,1858.82012,137.76908
2018-01-01T00:00:00Z,TRUE,2,25,50,21190,28348,8011,13.3145675,316315960,51692468.2,697449676,156.609234,958.32143,71.0273467
2018-01-01T00:00:00Z,TRUE,3,50,75,7173,3009,8011,13.3145675,316315960,51692468.2,697449676,32.1893338,196.972603,14.5989028
2018-01-01T00:00:00Z,TRUE,4,75,100,1622,363,8011,13.3145675,316315960,51692468.2,697449676,6.275371,38.4001784,2.84608348
2018-01-01T00:00:00Z,TRUE,5,100,Inf,180,75,8011,13.3145675,316315960,51692468.2,697449676,0.806155972,4.9330204,0.365617777
2018-02-01T00:00:00Z,FALSE,1,0,25,248,4050,8012,12.0215926,286220173,51868473.9,631340530,15.0164119,82.8634367,6.80773655
2018-02-01T00:00:00Z,FALSE,2,25,50,2556,5223,8012,12.0215926,286220173,51868473.9,631340530,27.1783778,149.975494,12.3214013
2018-02-01T00:00:00Z,FALSE,3,50,75,9934,6174,8012,12.0215926,286220173,51868473.9,631340530,56.2783532,310.554732,25.5139647
2018-02-01T00:00:00Z,FALSE,4,75,100,14513,5804,8012,12.0215926,286220173,51868473.9,631340530,70.9838157,391.70229,32.1807314
2018-02-01T00:00:00Z,FALSE,5,100,125,11918,3970,8012,12.0215926,286220173,51868473.9,631340530,55.5097142,306.313235,25.1654998
2018-02-01T00:00:00Z,FALSE,6,125,150,11351,3213,8012,12.0215926,286220173,51868473.9,631340530,50.8839047,280.787132,23.0683749
2018-02-01T00:00:00Z,FALSE,7,150,175,10775,2407,8012,12.0215926,286220173,51868473.9,631340530,46.055454,254.142816,20.8793819
2018-02-01T00:00:00Z,FALSE,8,175,200,10893,2251,8012,12.0215926,286220173,51868473.9,631340530,45.922689,253.410194,20.8191925
2018-02-01T00:00:00Z,FALSE,9,200,225,6341,1206,8012,12.0215926,286220173,51868473.9,631340530,26.367813,145.502642,11.9539292
2018-02-01T00:00:00Z,FALSE,10,225,Inf,10826,2168,8012,12.0215926,286220173,51868473.9,631340530,45.398617,250.518263,20.5816028
2018-02-01T00:00:00Z,TRUE,1,0,25,19224,65827,8012,12.0215926,286220173,51868473.9,631340530,297.15236,1639.74364,134.714937
2018-02-01T00:00:00Z,TRUE,2,25,50,20364,23973,8012,12.0215926,286220173,51868473.9,631340530,154.905224,854.796694,70.2267602
2018-02-01T00:00:00Z,TRUE,3,50,75,6992,2583,8012,12.0215926,286220173,51868473.9,631340530,33.4532675,184.601537,15.1661418
2018-02-01T00:00:00Z,TRUE,4,75,100,1717,371,8012,12.0215926,286220173,51868473.9,631340530,7.29508329,40.2556668,3.30724847
2018-02-01T00:00:00Z,TRUE,5,100,Inf,219,66,8012,12.0215926,286220173,51868473.9,631340530,0.995736943,5.49466716,0.451420409
2018-03-01T00:00:00Z,FALSE,1,0,25,362,4778,8081,12.7085757,306334837,52138812.4,677634260,16.7790253,98.5829895,7.5852127
2018-03-01T00:00:00Z,FALSE,2,25,50,2995,6054,8081,12.7085757,306334837,52138812.4,677634260,29.539572,173.555928,13.3538112
2018-03-01T00:00:00Z,FALSE,3,50,75,11633,7173,8081,12.7085757,306334837,52138812.4,677634260,61.3903406,360.690992,27.7524339
2018-03-01T00:00:00Z,FALSE,4,75,100,16622,6627,8081,12.7085757,306334837,52138812.4,677634260,75.8940778,445.905822,34.3090681
2018-03-01T00:00:00Z,FALSE,5,100,125,13791,4537,8081,12.7085757,306334837,52138812.4,677634260,59.8299565,351.523158,27.0470386
2018-03-01T00:00:00Z,FALSE,6,125,150,12687,3539,8081,12.7085757,306334837,52138812.4,677634260,52.9681839,311.207702,23.9450703
2018-03-01T00:00:00Z,FALSE,7,150,175,12015,2656,8081,12.7085757,306334837,52138812.4,677634260,47.8920391,281.383471,21.6503221
2018-03-01T00:00:00Z,FALSE,8,175,200,12598,2447,8081,12.7085757,306334837,52138812.4,677634260,49.1129253,288.55663,22.2022422
2018-03-01T00:00:00Z,FALSE,9,200,225,7611,1396,8081,12.7085757,306334837,52138812.4,677634260,29.4024672,172.750386,13.2918309
2018-03-01T00:00:00Z,FALSE,10,225,Inf,12949,2652,8081,12.7085757,306334837,52138812.4,677634260,50.9279327,299.220471,23.0227438
2018-03-01T00:00:00Z,TRUE,1,0,25,32076,96086,8081,12.7085757,306334837,52138812.4,677634260,418.372266,2458.09204,189.131523
2018-03-01T00:00:00Z,TRUE,2,25,50,23644,27915,8081,12.7085757,306334837,52138812.4,677634260,168.309293,988.879447,76.0867669
2018-03-01T00:00:00Z,TRUE,3,50,75,7157,2722,8081,12.7085757,306334837,52138812.4,677634260,32.2490256,189.474971,14.5786608
2018-03-01T00:00:00Z,TRUE,4,75,100,1722,411,8081,12.7085757,306334837,52138812.4,677634260,6.96296908,40.9100227,3.1477157
2018-03-01T00:00:00Z,TRUE,5,100,Inf,213,61,8081,12.7085757,306334837,52138812.4,677634260,0.894446098,5.25520216,0.404347915
2018-04-01T00:00:00Z,FALSE,1,0,25,369,5384,8083,12.1034269,293574770,51874915.1,651079547,19.5963706,110.901386,8.83609387
2018-04-01T00:00:00Z,FALSE,2,25,50,3227,6307,8083,12.1034269,293574770,51874915.1,651079547,32.4755428,183.788253,14.643372
2018-04-01T00:00:00Z,FALSE,3,50,75,11407,7184,8083,12.1034269,293574770,51874915.1,651079547,63.3262865,358.38131,28.5541146
2018-04-01T00:00:00Z,FALSE,4,75,100,16700,6370,8083,12.1034269,293574770,51874915.1,651079547,78.5830472,444.72362,35.4334583
2018-04-01T00:00:00Z,FALSE,5,100,125,14089,4510,8083,12.1034269,293574770,51874915.1,651079547,63.3535368,358.535527,28.5664019
2018-04-01T00:00:00Z,FALSE,6,125,150,12189,3214,8083,12.1034269,293574770,51874915.1,651079547,52.4670427,296.925787,23.6576315
2018-04-01T00:00:00Z,FALSE,7,150,175,11631,2473,8083,12.1034269,293574770,51874915.1,651079547,48.0422756,271.884782,21.6624836
2018-04-01T00:00:00Z,FALSE,8,175,200,12328,2339,8083,12.1034269,293574770,51874915.1,651079547,49.9600153,282.737812,22.5272013
2018-04-01T00:00:00Z,FALSE,9,200,225,7729,1423,8083,12.1034269,293574770,51874915.1,651079547,31.174341,176.424385,14.0566541
2018-04-01T00:00:00Z,FALSE,10,225,Inf,14145,2973,8083,12.1034269,293574770,51874915.1,651079547,58.3088254,329.986082,26.2917182
2018-04-01T00:00:00Z,TRUE,1,0,25,38970,111779,8083,12.1034269,293574770,51874915.1,651079547,513.494399,2906.00958,231.536992
2018-04-01T00:00:00Z,TRUE,2,25,50,23361,27295,8083,12.1034269,293574770,51874915.1,651079547,172.548888,976.502804,77.803089
2018-04-01T00:00:00Z,TRUE,3,50,75,6244,2475,8083,12.1034269,293574770,51874915.1,651079547,29.6994187,168.077384,13.3916048
2018-04-01T00:00:00Z,TRUE,4,75,100,1468,355,8083,12.1034269,293574770,51874915.1,651079547,6.20966168,35.1422262,2.79996508
2018-04-01T00:00:00Z,TRUE,5,100,Inf,206,68,8083,12.1034269,293574770,51874915.1,651079547,0.933322711,5.28193636,0.420839514
2018-05-01T00:00:00Z,FALSE,1,0,25,449,4591,8097,12.3257997,298120998,52080290.4,661271694,16.9058873,96.7736539,7.62167812
2018-05-01T00:00:00Z,FALSE,2,25,50,3331,6131,8097,12.3257997,298120998,52080290.4,661271694,31.7387909,181.681015,14.3087933
2018-05-01T00:00:00Z,FALSE,3,50,75,11964,7044,8097,12.3257997,298120998,52080290.4,661271694,63.7593465,364.974923,28.7446146
2018-05-01T00:00:00Z,FALSE,4,75,100,17286,6370,8097,12.3257997,298120998,52080290.4,661271694,79.3503315,454.221737,35.7734955
2018-05-01T00:00:00Z,FALSE,5,100,125,14429,4410,8097,12.3257997,298120998,52080290.4,661271694,63.1924626,361.729934,28.4890464
2018-05-01T00:00:00Z,FALSE,6,125,150,12628,3303,8097,12.3257997,298120998,52080290.4,661271694,53.438034,305.893072,24.0914591
2018-05-01T00:00:00Z,FALSE,7,150,175,11786,2407,8097,12.3257997,298120998,52080290.4,661271694,47.6081863,272.521522,21.46319
2018-05-01T00:00:00Z,FALSE,8,175,200,12644,2317,8097,12.3257997,298120998,52080290.4,661271694,50.1843215,287.267983,22.6245886
2018-05-01T00:00:00Z,FALSE,9,200,225,7733,1424,8097,12.3257997,298120998,52080290.4,661271694,30.7157163,175.824672,13.8475608
2018-05-01T00:00:00Z,FALSE,10,225,Inf,14795,2775,8097,12.3257997,298120998,52080290.4,661271694,58.9358017,337.36371,26.5700168
2018-05-01T00:00:00Z,TRUE,1,0,25,34606,111077,8097,12.3257997,298120998,52080290.4,661271694,488.670711,2797.27703,220.307328
2018-05-01T00:00:00Z,TRUE,2,25,50,22333,23216,8097,12.3257997,298120998,52080290.4,661271694,152.786957,874.591897,68.880916
2018-05-01T00:00:00Z,TRUE,3,50,75,6353,2208,8097,12.3257997,298120998,52080290.4,661271694,28.7165281,164.380804,12.9462671
2018-05-01T00:00:00Z,TRUE,4,75,100,1640,307,8097,12.3257997,298120998,52080290.4,661271694,6.53090529,37.3845842,2.94432684
2018-05-01T00:00:00Z,TRUE,5,100,Inf,221,73,8097,12.3257997,298120998,52080290.4,661271694,0.986176761,5.64512981,0.44459789
2018-06-01T00:00:00Z,FALSE,1,0,25,451,3964,8045,11.0371659,263707787,51414374.8,585184501,16.742016,85.8709265,7.54462907
2018-06-01T00:00:00Z,FALSE,2,25,50,3088,5356,8045,11.0371659,263707787,51414374.8,585184501,32.0202907,164.234225,14.4296371
2018-06-01T00:00:00Z,FALSE,3,50,75,10740,6594,8045,11.0371659,263707787,51414374.8,585184501,65.7318473,337.143067,29.621427
2018-06-01T00:00:00Z,FALSE,4,75,100,15920,6086,8045,11.0371659,263707787,51414374.8,585184501,83.4484269,428.012595,37.6052338
2018-06-01T00:00:00Z,FALSE,5,100,125,13275,4194,8045,11.0371659,263707787,51414374.8,585184501,66.2437776,339.768791,29.8521235
2018-06-01T00:00:00Z,FALSE,6,125,150,11631,3106,8045,11.0371659,263707787,51414374.8,585184501,55.8838257,286.631901,25.1835104
2018-06-01T00:00:00Z,FALSE,7,150,175,10925,2303,8045,11.0371659,263707787,51414374.8,585184501,50.1615828,257.282133,22.6048365
2018-06-01T00:00:00Z,FALSE,8,175,200,11988,2104,8045,11.0371659,263707787,51414374.8,585184501,53.4379366,274.086771,24.081294
2018-06-01T00:00:00Z,FALSE,9,200,225,7179,1240,8045,11.0371659,263707787,51414374.8,585184501,31.9254888,163.74798,14.3869155
2018-06-01T00:00:00Z,FALSE,10,225,Inf,13078,2474,8045,11.0371659,263707787,51414374.8,585184501,58.9743677,302.483499,26.5762336
2018-06-01T00:00:00Z,TRUE,1,0,25,31411,91139,8045,11.0371659,263707787,51414374.8,585184501,464.718928,2383.57464,209.421131
2018-06-01T00:00:00Z,TRUE,2,25,50,19586,20926,8045,11.0371659,263707787,51414374.8,585184501,153.624588,787.950843,69.229448
2018-06-01T00:00:00Z,TRUE,3,50,75,5450,2184,8045,11.0371659,263707787,51414374.8,585184501,28.948709,148.479876,13.0454583
2018-06-01T00:00:00Z,TRUE,4,75,100,1394,325,8045,11.0371659,263707787,51414374.8,585184501,6.51857884,33.4342293,2.93753508
2018-06-01T00:00:00Z,TRUE,5,100,Inf,183,63,8045,11.0371659,263707787,51414374.8,585184501,0.932850724,4.78465411,0.420380238
2018-07-01T00:00:00Z,FALSE,1,0,25,511,3872,7993,11.5507319,280050134,50986060.1,621103685,15.6507691,85.9646734,7.05679278
2018-07-01T00:00:00Z,FALSE,2,25,50,3456,5500,7993,11.5507319,280050134,50986060.1,621103685,31.9799882,175.655855,14.4194926
2018-07-01T00:00:00Z,FALSE,3,50,75,11623,6764,7993,11.5507319,280050134,50986060.1,621103685,65.6561013,360.627983,29.6037529
2018-07-01T00:00:00Z,FALSE,4,75,100,17344,6404,7993,11.5507319,280050134,50986060.1,621103685,84.7991023,465.77437,38.235162
2018-07-01T00:00:00Z,FALSE,5,100,125,14495,4582,7993,11.5507319,280050134,50986060.1,621103685,68.1199459,374.161094,30.7146785
2018-07-01T00:00:00Z,FALSE,6,125,150,12617,3424,7993,11.5507319,280050134,50986060.1,621103685,57.279029800000004,314.615406,25.826605700000002
2018-07-01T00:00:00Z,FALSE,7,150,175,12058,2474,7993,11.5507319,280050134,50986060.1,621103685,51.8907089,285.01908100000003,23.3970597
2018-07-01T00:00:00Z,FALSE,8,175,200,12996,2393,7993,11.5507319,280050134,50986060.1,621103685,54.9508753,301.827597,24.7768615
2018-07-01T00:00:00Z,FALSE,9,200,225,7865,1455,7993,11.5507319,280050134,50986060.1,621103685,33.2797555,182.795062,15.0055461
2018-07-01T00:00:00Z,FALSE,10,225,Inf,14646,2720,7993,11.5507319,280050134,50986060.1,621103685,62.0103255,340.602902,27.9599049
2018-07-01T00:00:00Z,TRUE,1,0,25,40010,95312,7993,11.5507319,280050134,50986060.1,621103685,483.206338,2654.098,217.873446
2018-07-01T00:00:00Z,TRUE,2,25,50,21974,22561,7993,11.5507319,280050134,50986060.1,621103685,159.025098,873.474042,71.703004
2018-07-01T00:00:00Z,TRUE,3,50,75,5260,2224,7993,11.5507319,280050134,50986060.1,621103685,26.7237865,146.785219,12.0495179
2018-07-01T00:00:00Z,TRUE,4,75,100,1159,336,7993,11.5507319,280050134,50986060.1,621103685,5.33832988,29.3217401,2.40700552
2018-07-01T00:00:00Z,TRUE,5,100,Inf,166,66,7993,11.5507319,280050134,50986060.1,621103685,0.828423098,4.55026334,0.373528616
2018-08-01T00:00:00Z,FALSE,1,0,25,471,4362,8053,11.8337266,287001077,51903016.7,638263758,16.8396581,93.1159749,7.5721047
2018-08-01T00:00:00Z,FALSE,2,25,50,3344,5822,8053,11.8337266,287001077,51903016.7,638263758,31.9371624,176.598598,14.3608342
2018-08-01T00:00:00Z,FALSE,3,50,75,11520,7022,8053,11.8337266,287001077,51903016.7,638263758,64.6060294,357.243204,29.050686
2018-08-01T00:00:00Z,FALSE,4,75,100,17471,6626,8053,11.8337266,287001077,51903016.7,638263758,83.9613575,464.269739,37.7539845
2018-08-01T00:00:00Z,FALSE,5,100,125,14506,4623,8053,11.8337266,287001077,51903016.7,638263758,66.6513179,368.552759,29.9703685
2018-08-01T00:00:00Z,FALSE,6,125,150,12848,3474,8053,11.8337266,287001077,51903016.7,638263758,56.8708668,314.471124,25.5725001
2018-08-01T00:00:00Z,FALSE,7,150,175,11990,2536,8053,11.8337266,287001077,51903016.7,638263758,50.6130505,279.868126,22.7586164
2018-08-01T00:00:00Z,FALSE,8,175,200,13085,2424,8053,11.8337266,287001077,51903016.7,638263758,54.0381248,298.807295,24.298732
2018-08-01T00:00:00Z,FALSE,9,200,225,7864,1413,8053,11.8337266,287001077,51903016.7,638263758,32.3239205,178.737202,14.5347435
2018-08-01T00:00:00Z,FALSE,10,225,Inf,14423,2754,8053,11.8337266,287001077,51903016.7,638263758,59.8499497,330.944155,26.9120717
2018-08-01T00:00:00Z,TRUE,1,0,25,43112,109522,8053,11.8337266,287001077,51903016.7,638263758,531.823789,2940.75392,239.139381
2018-08-01T00:00:00Z,TRUE,2,25,50,23445,29365,8053,11.8337266,287001077,51903016.7,638263758,184.006278,1017.47458,82.7400888
2018-08-01T00:00:00Z,TRUE,3,50,75,5512,2597,8053,11.8337266,287001077,51903016.7,638263758,28.2542494,156.233693,12.704779
2018-08-01T00:00:00Z,TRUE,4,75,100,1239,389,8053,11.8337266,287001077,51903016.7,638263758,5.67245259,31.3661922,2.55066966
2018-08-01T00:00:00Z,TRUE,5,100,Inf,189,98,8053,11.8337266,287001077,51903016.7,638263758,0.999996249,5.52954372,0.449657366
2018-09-01T00:00:00Z,FALSE,1,0,25,473,5690,8056,12.5121648,300032919,51813359.5,664303994,20.5410794,118.946157,9.27737911
2018-09-01T00:00:00Z,FALSE,2,25,50,3451,6251,8056,12.5121648,300032919,51813359.5,664303994,32.3364518,187.249005,14.6047594
2018-09-01T00:00:00Z,FALSE,3,50,75,12195,7396,8056,12.5121648,300032919,51813359.5,664303994,65.2961685,378.107117,29.4910164
2018-09-01T00:00:00Z,FALSE,4,75,100,17934,6928,8056,12.5121648,300032919,51813359.5,664303994,82.8642407,479.837637,37.4256368
2018-09-01T00:00:00Z,FALSE,5,100,125,14951,4771,8056,12.5121648,300032919,51813359.5,664303994,65.7327872,380.635423,29.6882153
2018-09-01T00:00:00Z,FALSE,6,125,150,13138,3560,8056,12.5121648,300032919,51813359.5,664303994,55.6538932,322.272097,25.1360825
2018-09-01T00:00:00Z,FALSE,7,150,175,12178,2676,8056,12.5121648,300032919,51813359.5,664303994,49.5079009,286.68282,22.3602449
2018-09-01T00:00:00Z,FALSE,8,175,200,13195,2548,8056,12.5121648,300032919,51813359.5,664303994,52.4709091,303.840557,23.6984876
2018-09-01T00:00:00Z,FALSE,9,200,225,7930,1468,8056,12.5121648,300032919,51813359.5,664303994,31.3232296,181.381792,14.1471376
2018-09-01T00:00:00Z,FALSE,10,225,Inf,14199,2765,8056,12.5121648,300032919,51813359.5,664303994,56.5404626,327.405908,25.5365016
2018-09-01T00:00:00Z,TRUE,1,0,25,47842,130400,8056,12.5121648,300032919,51813359.5,664303994,594.074813,3440.07804,268.313907
2018-09-01T00:00:00Z,TRUE,2,25,50,26382,32783,8056,12.5121648,300032919,51813359.5,664303994,197.195029,1141.88697,89.0631405
2018-09-01T00:00:00Z,TRUE,3,50,75,6470,2730,8056,12.5121648,300032919,51813359.5,664303994,30.663302,177.560384,13.8490813
2018-09-01T00:00:00Z,TRUE,4,75,100,1611,396,8056,12.5121648,300032919,51813359.5,664303994,6.689266,38.7351837,3.02120718
2018-09-01T00:00:00Z,TRUE,5,100,Inf,264,77,8056,12.5121648,300032919,51813359.5,664303994,1.13654196,6.58131423,0.513319208
2018-10-01T00:00:00Z,FALSE,1,0,25,420,6565,8087,13.3179176,317348410,52145213,701805828,22.0105089,133.952852,9.95289541
2018-10-01T00:00:00Z,FALSE,2,25,50,3467,6847,8087,13.3179176,317348410,52145213,701805828,32.5005567,197.793803,14.6963727
2018-10-01T00:00:00Z,FALSE,3,50,75,12148,7892,8087,13.3179176,317348410,52145213,701805828,63.1482603,384.311403,28.5549068
2018-10-01T00:00:00Z,FALSE,4,75,100,18309,7295,8087,13.3179176,317348410,52145213,701805828,80.6810407,491.013432,36.4830256
2018-10-01T00:00:00Z,FALSE,5,100,125,15732,5092,8087,13.3179176,317348410,52145213,701805828,65.6187311,399.34634,29.6720249
2018-10-01T00:00:00Z,FALSE,6,125,150,13808,3895,8087,13.3179176,317348410,52145213,701805828,55.7841143,339.49425,25.2249259
2018-10-01T00:00:00Z,FALSE,7,150,175,12594,2894,8087,13.3179176,317348410,52145213,701805828,48.8044039,297.01671700000003,22.0687823
2018-10-01T00:00:00Z,FALSE,8,175,200,13546,2698,8087,13.3179176,317348410,52145213,701805828,51.1866437,311.514692,23.1460033
2018-10-01T00:00:00Z,FALSE,9,200,225,8090,1572,8087,13.3179176,317348410,52145213,701805828,30.4460325,185.290258,13.7673408
2018-10-01T00:00:00Z,FALSE,10,225,Inf,14861,2963,8087,13.3179176,317348410,52145213,701805828,56.1653987,341.814693,25.3973383
2018-10-01T00:00:00Z,TRUE,1,0,25,45155,131328,8087,13.3179176,317348410,52145213,701805828,556.117486,3384.45256,251.469841
2018-10-01T00:00:00Z,TRUE,2,25,50,27954,34047,8087,13.3179176,317348410,52145213,701805828,195.37202,1189.00655,88.3449489
2018-10-01T00:00:00Z,TRUE,3,50,75,7560,2943,8087,13.3179176,317348410,52145213,701805828,33.0961166,201.418297,14.965678
2018-10-01T00:00:00Z,TRUE,4,75,100,1842,435,8087,13.3179176,317348410,52145213,701805828,7.17507927,43.6665202,3.24448716
2018-10-01T00:00:00Z,TRUE,5,100,Inf,316,91,8087,13.3179176,317348410,52145213,701805828,1.28250209,7.8051268,0.579932488
2018-11-01T00:00:00Z,FALSE,1,0,25,436,6329,8125,12.893169200000001,311151321,52816309.5,692195213,21.7418328,128.085435,9.77325452
2018-11-01T00:00:00Z,FALSE,2,25,50,3441,7051,8125,12.893169200000001,311151321,52816309.5,692195213,33.7199276,198.65076,15.1575738
2018-11-01T00:00:00Z,FALSE,3,50,75,12218,7980,8125,12.893169200000001,311151321,52816309.5,692195213,64.9137531,382.419752,29.1796297
2018-11-01T00:00:00Z,FALSE,4,75,100,17888,7257,8125,12.893169200000001,311151321,52816309.5,692195213,80.8127696,476.084002,36.3264575
2018-11-01T00:00:00Z,FALSE,5,100,125,14569,4833,8125,12.893169200000001,311151321,52816309.5,692195213,62.3555123,367.34865,28.0296651
2018-11-01T00:00:00Z,FALSE,6,125,150,13209,3695,8125,12.893169200000001,311151321,52816309.5,692195213,54.3272642,320.052653,24.4208565
2018-11-01T00:00:00Z,FALSE,7,150,175,12373,2770,8125,12.893169200000001,311151321,52816309.5,692195213,48.6676385,286.71068,21.8767765
2018-11-01T00:00:00Z,FALSE,8,175,200,13061,2676,8125,12.893169200000001,311151321,52816309.5,692195213,50.5766775,297.957206,22.734916
2018-11-01T00:00:00Z,FALSE,9,200,225,7841,1617,8125,12.893169200000001,311151321,52816309.5,692195213,30.3967857,179.073474,13.6637755
2018-11-01T00:00:00Z,FALSE,10,225,Inf,13785,2842,8125,12.893169200000001,311151321,52816309.5,692195213,53.4370221,314.808061,24.0206804
2018-11-01T00:00:00Z,TRUE,1,0,25,37232,124140,8125,12.893169200000001,311151321,52816309.5,692195213,518.628684,3055.34411,233.130766
2018-11-01T00:00:00Z,TRUE,2,25,50,26114,33585,8125,12.893169200000001,311151321,52816309.5,692195213,191.864845,1130.31373,86.2459012
2018-11-01T00:00:00Z,TRUE,3,50,75,6996,3102,8125,12.893169200000001,311151321,52816309.5,692195213,32.4536627,191.190943,14.5883702
2018-11-01T00:00:00Z,TRUE,4,75,100,1705,381,8125,12.893169200000001,311151321,52816309.5,692195213,6.70413352,39.495376,3.01360073
2018-11-01T00:00:00Z,TRUE,5,100,Inf,244,62,8125,12.893169200000001,311151321,52816309.5,692195213,0.983444323,5.79366493,0.442071823
2018-12-01T00:00:00Z,FALSE,1,0,25,392,5766,8118,13.0758808,315958301,52293945.9,700232048,19.4899137,117.757417,8.79422759
2018-12-01T00:00:00Z,FALSE,2,25,50,3061,6765,8118,13.0758808,315958301,52293945.9,700232048,31.0990406,187.89938,14.0324911
2018-12-01T00:00:00Z,FALSE,3,50,75,11224,7673,8118,13.0758808,315958301,52293945.9,700232048,59.8085253,361.361142,26.9867682
2018-12-01T00:00:00Z,FALSE,4,75,100,16452,6870,8118,13.0758808,315958301,52293945.9,700232048,73.8135379,445.978968,33.306102
2018-12-01T00:00:00Z,FALSE,5,100,125,13501,4588,8118,13.0758808,315958301,52293945.9,700232048,57.2512258,345.910023,25.832865
2018-12-01T00:00:00Z,FALSE,6,125,150,12445,3686,8118,13.0758808,315958301,52293945.9,700232048,51.0542055,308.46783,23.0366491
2018-12-01T00:00:00Z,FALSE,7,150,175,11902,2817,8118,13.0758808,315958301,52293945.9,700232048,46.5852613,281.466616,21.0201747
2018-12-01T00:00:00Z,FALSE,8,175,200,12844,2655,8118,13.0758808,315958301,52293945.9,700232048,49.0539415,296.382301,22.1340912
2018-12-01T00:00:00Z,FALSE,9,200,225,7696,1576,8118,13.0758808,315958301,52293945.9,700232048,29.3456446,177.305419,13.2413248
2018-12-01T00:00:00Z,FALSE,10,225,Inf,13588,2829,8118,13.0758808,315958301,52293945.9,700232048,51.9593882,313.936914,23.4450852
2018-12-01T00:00:00Z,TRUE,1,0,25,27266,97962,8118,13.0758808,315958301,52293945.9,700232048,396.343441,2394.69403,178.837859
2018-12-01T00:00:00Z,TRUE,2,25,50,20398,27315,8118,13.0758808,315958301,52293945.9,700232048,151.010434,912.400072,68.1388407
2018-12-01T00:00:00Z,TRUE,3,50,75,5891,2515,8118,13.0758808,315958301,52293945.9,700232048,26.6047766,160.745185,12.0045919
2018-12-01T00:00:00Z,TRUE,4,75,100,1389,297,8118,13.0758808,315958301,52293945.9,700232048,5.3361472,32.2408258,2.40777326
2018-12-01T00:00:00Z,TRUE,5,100,Inf,168,49,8118,13.0758808,315958301,52293945.9,700232048,0.686799491,4.14961993,0.30989727
2019-01-01T00:00:00Z,FALSE,1,0,25,391,5346,8053,13.3828387,321357688,51864875.5,711482560,17.8523814,110.61436,8.06344431
2019-01-01T00:00:00Z,FALSE,2,25,50,3139,6346,8053,13.3828387,321357688,51864875.5,711482560,29.5153979,182.879066,13.3313176
2019-01-01T00:00:00Z,FALSE,3,50,75,10598,7577,8053,13.3828387,321357688,51864875.5,711482560,56.5569168,350.42984,25.5452502
2019-01-01T00:00:00Z,FALSE,4,75,100,15482,6738,8053,13.3828387,321357688,51864875.5,711482560,69.1441371,428.420965,31.2305617
2019-01-01T00:00:00Z,FALSE,5,100,125,13094,4641,8053,13.3828387,321357688,51864875.5,711482560,55.187726,341.946256,24.9268232
2019-01-01T00:00:00Z,FALSE,6,125,150,11964,3559,8053,13.3828387,321357688,51864875.5,711482560,48.3044302,299.296968,21.8178222
2019-01-01T00:00:00Z,FALSE,7,150,175,11831,2955,8053,13.3828387,321357688,51864875.5,711482560,46.0110356,285.086966,20.781957
2019-01-01T00:00:00Z,FALSE,8,175,200,13173,2827,8053,13.3828387,321357688,51864875.5,711482560,49.7887576,308.493944,22.4882533
2019-01-01T00:00:00Z,FALSE,9,200,225,7872,1638,8053,13.3828387,321357688,51864875.5,711482560,29.5931928,183.361088,13.3664555
2019-01-01T00:00:00Z,FALSE,10,225,Inf,13874,3025,8053,13.3828387,321357688,51864875.5,711482560,52.5862634,325.827448,23.751812
2019-01-01T00:00:00Z,TRUE,1,0,25,26314,90192,8053,13.3828387,321357688,51864875.5,711482560,362.543062,2246.33722,163.751027
2019-01-01T00:00:00Z,TRUE,2,25,50,20576,25384,8053,13.3828387,321357688,51864875.5,711482560,143.018206,886.148855,64.5975075
2019-01-01T00:00:00Z,TRUE,3,50,75,6653,2550,8053,13.3828387,321357688,51864875.5,711482560,28.637871,177.441861,12.9349622
2019-01-01T00:00:00Z,TRUE,4,75,100,1595,307,8053,13.3828387,321357688,51864875.5,711482560,5.91863856,36.6722176,2.67329111
2019-01-01T00:00:00Z,TRUE,5,100,Inf,196,38,8053,13.3828387,321357688,51864875.5,711482560,0.72816058,4.51172393,0.328890704
2019-02-01T00:00:00Z,FALSE,1,0,25,333,4909,8083,11.633057,280742651,52635218.6,623364136,18.6719046,99.5911129,8.40921012
2019-02-01T00:00:00Z,FALSE,2,25,50,2598,5322,8083,11.633057,280742651,52635218.6,623364136,28.2108899,150.469594,12.7052545
2019-02-01T00:00:00Z,FALSE,3,50,75,9243,6091,8083,11.633057,280742651,52635218.6,623364136,54.6194173,291.325854,24.5987844
2019-02-01T00:00:00Z,FALSE,4,75,100,14048,5437,8083,11.633057,280742651,52635218.6,623364136,69.4052006,370.1894,31.2578136
2019-02-01T00:00:00Z,FALSE,5,100,125,11910,3754,8083,11.633057,280742651,52635218.6,623364136,55.7948711,297.59542,25.12817
2019-02-01T00:00:00Z,FALSE,6,125,150,10729,2951,8083,11.633057,280742651,52635218.6,623364136,48.7279007,259.902027,21.9454396
2019-02-01T00:00:00Z,FALSE,7,150,175,10631,2346,8083,11.633057,280742651,52635218.6,623364136,46.223828,246.54595,20.8176878
2019-02-01T00:00:00Z,FALSE,8,175,200,11375,2271,8083,11.633057,280742651,52635218.6,623364136,48.6067933,259.256071,21.8908968
2019-02-01T00:00:00Z,FALSE,9,200,225,6951,1336,8083,11.633057,280742651,52635218.6,623364136,29.5181369,157.442112,13.2939955
2019-02-01T00:00:00Z,FALSE,10,225,Inf,12705,2543,8083,11.633057,280742651,52635218.6,623364136,54.313087,289.691967,24.4608233
2019-02-01T00:00:00Z,TRUE,1,0,25,25920,81592,8083,11.633057,280742651,52635218.6,623364136,382.955706,2042.58675,172.470622
2019-02-01T00:00:00Z,TRUE,2,25,50,19143,21461,8083,11.633057,280742651,52635218.6,623364136,144.630678,771.422653,65.1368881
2019-02-01T00:00:00Z,TRUE,3,50,75,6032,2016,8083,11.633057,280742651,52635218.6,623364136,28.6668234,152.901426,12.910592
2019-02-01T00:00:00Z,TRUE,4,75,100,1421,220,8083,11.633057,280742651,52635218.6,623364136,5.84521089,31.176844,2.63249023
2019-02-01T00:00:00Z,TRUE,5,100,Inf,204,49,8083,11.633057,280742651,52635218.6,623364136,0.901181204,4.8066676,0.405862297
2019-03-01T00:00:00Z,FALSE,1,0,25,417,5973,8101,13.544747600000001,328134704,52676760,729638288,19.4737098,121.305866,8.7577641
2019-03-01T00:00:00Z,FALSE,2,25,50,3142,6606,8101,13.544747600000001,328134704,52676760,729638288,29.7073119,185.053143,13.3600445
2019-03-01T00:00:00Z,FALSE,3,50,75,12453,8398,8101,13.544747600000001,328134704,52676760,729638288,63.5440255,395.829204,28.5771736
2019-03-01T00:00:00Z,FALSE,4,75,100,18630,7507,8101,13.544747600000001,328134704,52676760,729638288,79.6532633,496.177061,35.8218592
2019-03-01T00:00:00Z,FALSE,5,100,125,15332,5224,8101,13.544747600000001,328134704,52676760,729638288,62.6450044,390.229011,28.1728637
2019-03-01T00:00:00Z,FALSE,6,125,150,13560,4001,8101,13.544747600000001,328134704,52676760,729638288,53.5176553,333.372819,24.06809
2019-03-01T00:00:00Z,FALSE,7,150,175,13155,2967,8101,13.544747600000001,328134704,52676760,729638288,49.1322612,306.05527,22.0958799
2019-03-01T00:00:00Z,FALSE,8,175,200,13823,2944,8101,13.544747600000001,328134704,52676760,729638288,51.0979174,318.299758,22.9798796
2019-03-01T00:00:00Z,FALSE,9,200,225,8345,1636,8101,13.544747600000001,328134704,52676760,729638288,30.4173861,189.476346,13.6793808
2019-03-01T00:00:00Z,FALSE,10,225,Inf,15420,3002,8101,13.544747600000001,328134704,52676760,729638288,56.1415777,349.717788,25.2481268
2019-03-01T00:00:00Z,TRUE,1,0,25,38844,113841,8101,13.544747600000001,328134704,52676760,729638288,465.311953,2898.52679,209.261222
2019-03-01T00:00:00Z,TRUE,2,25,50,25828,31944,8101,13.544747600000001,328134704,52676760,729638288,176.061841,1096.72653,79.1789589
2019-03-01T00:00:00Z,TRUE,3,50,75,7498,2790,8101,13.544747600000001,328134704,52676760,729638288,31.3529775,195.304343,14.1001373
2019-03-01T00:00:00Z,TRUE,4,75,100,1667,334,8101,13.544747600000001,328134704,52676760,729638288,6.09810537,37.9863909,2.74245477
2019-03-01T00:00:00Z,TRUE,5,100,Inf,229,41,8101,13.544747600000001,328134704,52676760,729638288,0.822832808,5.12559998,0.37004637
2019-04-01T00:00:00Z,FALSE,1,0,25,480,5544,8091,12.9723149,312348431,52743161.3,693223945,19.2861542,114.213859,8.68983255
2019-04-01T00:00:00Z,FALSE,2,25,50,3362,6261,8091,12.9723149,312348431,52743161.3,693223945,30.8085428,182.450194,13.881517
2019-04-01T00:00:00Z,FALSE,3,50,75,12127,7446,8091,12.9723149,312348431,52743161.3,693223945,62.6639933,371.100244,28.2347431
2019-04-01T00:00:00Z,FALSE,4,75,100,17783,6952,8091,12.9723149,312348431,52743161.3,693223945,79.1904089,468.970752,35.6811102
2019-04-01T00:00:00Z,FALSE,5,100,125,15030,4729,8091,12.9723149,312348431,52743161.3,693223945,63.2594821,374.626767,28.5030547
2019-04-01T00:00:00Z,FALSE,6,125,150,13302,3721,8091,12.9723149,312348431,52743161.3,693223945,54.5000336,322.752743,24.5562781
2019-04-01T00:00:00Z,FALSE,7,150,175,12432,2663,8091,12.9723149,312348431,52743161.3,693223945,48.3274398,286.198241,21.7750701
2019-04-01T00:00:00Z,FALSE,8,175,200,13410,2453,8091,12.9723149,312348431,52743161.3,693223945,50.7862323,300.759371,22.8829372
2019-04-01T00:00:00Z,FALSE,9,200,225,8212,1518,8091,12.9723149,312348431,52743161.3,693223945,31.1511089,184.478893,14.0358683
2019-04-01T00:00:00Z,FALSE,10,225,Inf,14882,3021,8091,12.9723149,312348431,52743161.3,693223945,57.3174001,339.437371,25.8257092
2019-04-01T00:00:00Z,TRUE,1,0,25,44852,113125,8091,12.9723149,312348431,52743161.3,693223945,505.77171,2995.21296,227.887396
2019-04-01T00:00:00Z,TRUE,2,25,50,26460,29362,8091,12.9723149,312348431,52743161.3,693223945,178.717081,1058.37418,80.5252046
2019-04-01T00:00:00Z,TRUE,3,50,75,7055,2672,8091,12.9723149,312348431,52743161.3,693223945,31.1415043,184.422013,14.0315407
2019-04-01T00:00:00Z,TRUE,4,75,100,1747,356,8091,12.9723149,312348431,52743161.3,693223945,6.73286558,39.8724678,3.0336517
2019-04-01T00:00:00Z,TRUE,5,100,Inf,276,74,8091,12.9723149,312348431,52743161.3,693223945,1.12054349,6.6359314,0.504887349
2019-05-01T00:00:00Z,FALSE,1,0,25,544,5037,8093,13.1717534,316877502,52160914,700688761,17.6124842,106.995825,7.96502
2019-05-01T00:00:00Z,FALSE,2,25,50,3722,6196,8093,13.1717534,316877502,52160914,700688761,31.2991612,190.142374,14.154644
2019-05-01T00:00:00Z,FALSE,3,50,75,12742,7530,8093,13.1717534,316877502,52160914,700688761,63.9742483,388.643497,28.931533
2019-05-01T00:00:00Z,FALSE,4,75,100,19056,7085,8093,13.1717534,316877502,52160914,700688761,82.4956011,501.160697,37.3075771
2019-05-01T00:00:00Z,FALSE,5,100,125,16231,4916,8093,13.1717534,316877502,52160914,700688761,66.7355677,405.41851,30.1803042
2019-05-01T00:00:00Z,FALSE,6,125,150,14027,3835,8093,13.1717534,316877502,52160914,700688761,56.3687857,342.440319,25.4920601
2019-05-01T00:00:00Z,FALSE,7,150,175,12960,2803,8093,13.1717534,316877502,52160914,700688761,49.7447749,302.199459,22.4964362
2019-05-01T00:00:00Z,FALSE,8,175,200,13911,2753,8093,13.1717534,316877502,52160914,700688761,52.5881449,319.47293,23.7823138
2019-05-01T00:00:00Z,FALSE,9,200,225,8606,1557,8093,13.1717534,316877502,52160914,700688761,32.0723306,194.839377,14.5043
2019-05-01T00:00:00Z,FALSE,10,225,Inf,15781,3196,8093,13.1717534,316877502,52160914,700688761,59.8874956,363.816478,27.0833515
2019-05-01T00:00:00Z,TRUE,1,0,25,36209,103554,8093,13.1717534,316877502,52160914,700688761,441.063184,2679.45842,199.465166
2019-05-01T00:00:00Z,TRUE,2,25,50,24272,24040,8093,13.1717534,316877502,52160914,700688761,152.462702,926.210764,68.9493005
2019-05-01T00:00:00Z,TRUE,3,50,75,7040,2507,8093,13.1717534,316877502,52160914,700688761,30.1283617,183.029768,13.625165
2019-05-01T00:00:00Z,TRUE,4,75,100,1878,377,8093,13.1717534,316877502,52160914,700688761,7.11631462,43.2316044,3.21826198
2019-05-01T00:00:00Z,TRUE,5,100,Inf,300,61,8093,13.1717534,316877502,52160914,700688761,1.1392415,6.920891,0.51520735
2019-06-01T00:00:00Z,FALSE,1,0,25,563,3595,8080,12.8522277,307095136,52237869.5,679906713,13.5397781,79.5974269,6.11554485
2019-06-01T00:00:00Z,FALSE,2,25,50,3475,5152,8080,12.8522277,307095136,52237869.5,679906713,28.0922717,165.148389,12.6885054
2019-06-01T00:00:00Z,FALSE,3,50,75,12156,7356,8080,12.8522277,307095136,52237869.5,679906713,63.5373138,373.522125,28.6980546
2019-06-01T00:00:00Z,FALSE,4,75,100,18923,6933,8080,12.8522277,307095136,52237869.5,679906713,84.1954072,494.966587,38.0287464
2019-06-01T00:00:00Z,FALSE,5,100,125,15977,4970,8080,12.8522277,307095136,52237869.5,679906713,68.2101328,400.992617,30.8086383
2019-06-01T00:00:00Z,FALSE,6,125,150,14021,3759,8080,12.8522277,307095136,52237869.5,679906713,57.8973677,340.366102,26.1506463
2019-06-01T00:00:00Z,FALSE,7,150,175,12761,2791,8080,12.8522277,307095136,52237869.5,679906713,50.642287,297.715051,22.8737262
2019-06-01T00:00:00Z,FALSE,8,175,200,13925,2530,8080,12.8522277,307095136,52237869.5,679906713,53.5827438,315.001361,24.2018496
2019-06-01T00:00:00Z,FALSE,9,200,225,8272,1601,8080,12.8522277,307095136,52237869.5,679906713,32.1496463,189.000817,14.5211097
2019-06-01T00:00:00Z,FALSE,10,225,Inf,15059,3106,8080,12.8522277,307095136,52237869.5,679906713,59.1510509,347.736234,26.7169005
2019-06-01T00:00:00Z,TRUE,1,0,25,39742,96099,8080,12.8522277,307095136,52237869.5,679906713,442.341751,2600.43147,199.793585
2019-06-01T00:00:00Z,TRUE,2,25,50,24142,24119,8080,12.8522277,307095136,52237869.5,679906713,157.153254,923.869991,70.9817966
2019-06-01T00:00:00Z,TRUE,3,50,75,6634,2375,8080,12.8522277,307095136,52237869.5,679906713,29.3361859,172.461092,13.2503472
2019-06-01T00:00:00Z,TRUE,4,75,100,1824,333,8080,12.8522277,307095136,52237869.5,679906713,7.02388201,41.2918831,3.17249405
2019-06-01T00:00:00Z,TRUE,5,100,Inf,261,63,8080,12.8522277,307095136,52237869.5,679906713,1.05504765,6.2023969,0.476535963
2019-07-01T00:00:00Z,FALSE,1,0,25,621,3777,8063,13.3311423,318475088,52124439.6,704242337,13.8095574,84.3750078,6.24500938
2019-07-01T00:00:00Z,FALSE,2,25,50,4112,5633,8063,13.3311423,318475088,52124439.6,704242337,30.5989397,186.956446,13.8375663
2019-07-01T00:00:00Z,FALSE,3,50,75,13299,7652,8063,13.3311423,318475088,52124439.6,704242337,65.7853653,401.941971,29.7497025
2019-07-01T00:00:00Z,FALSE,4,75,100,20143,7676,8063,13.3311423,318475088,52124439.6,704242337,87.3506314,533.70358,39.5020273
2019-07-01T00:00:00Z,FALSE,5,100,125,17199,5234,8063,13.3311423,318475088,52124439.6,704242337,70.4387905,430.373931,31.8540917
2019-07-01T00:00:00Z,FALSE,6,125,150,15024,4180,8063,13.3311423,318475088,52124439.6,704242337,60.2998499,368.426023,27.2690223
2019-07-01T00:00:00Z,FALSE,7,150,175,13437,3016,8063,13.3311423,318475088,52124439.6,704242337,51.6618117,315.648477,23.3626965
2019-07-01T00:00:00Z,FALSE,8,175,200,14478,2814,8063,13.3311423,318475088,52124439.6,704242337,54.2962406,331.744574,24.5540478
2019-07-01T00:00:00Z,FALSE,9,200,225,8450,1621,8063,13.3311423,318475088,52124439.6,704242337,31.6225676,193.21071,14.3004751
2019-07-01T00:00:00Z,FALSE,10,225,Inf,15520,3328,8063,13.3311423,318475088,52124439.6,704242337,59.1820231,361.596214,26.7635145
2019-07-01T00:00:00Z,TRUE,1,0,25,42336,98273,8063,13.3311423,318475088,52124439.6,704242337,441.507061,2697.56377,199.659964
2019-07-01T00:00:00Z,TRUE,2,25,50,24800,24427,8063,13.3311423,318475088,52124439.6,704242337,154.57096,944.413031,69.9006541
2019-07-01T00:00:00Z,TRUE,3,50,75,7022,2573,8063,13.3311423,318475088,52124439.6,704242337,30.1279452,184.078718,13.6245714
2019-07-01T00:00:00Z,TRUE,4,75,100,2037,360,8063,13.3311423,318475088,52124439.6,704242337,7.52649137,45.9861059,3.40365791
2019-07-01T00:00:00Z,TRUE,5,100,Inf,368,62,8063,13.3311423,318475088,52124439.6,704242337,1.3501841,8.24948917,0.610585273
2019-08-01T00:00:00Z,FALSE,1,0,25,587,4110,8177,13.6250459,330966291,53463491,736846120,14.1917776,87.8543453,6.37446527
2019-08-01T00:00:00Z,FALSE,2,25,50,4074,5881,8177,13.6250459,330966291,53463491,736846120,30.0785919,186.201832,13.5102835
2019-08-01T00:00:00Z,FALSE,3,50,75,13734,7693,8177,13.6250459,330966291,53463491,736846120,64.7407322,400.778168,29.0793416
2019-08-01T00:00:00Z,FALSE,4,75,100,20272,7562,8177,13.6250459,330966291,53463491,736846120,84.0991991,520.616957,37.7745085
2019-08-01T00:00:00Z,FALSE,5,100,125,17293,5168,8177,13.6250459,330966291,53463491,736846120,67.8649174,420.118469,30.4826196
2019-08-01T00:00:00Z,FALSE,6,125,150,15196,4053,8177,13.6250459,330966291,53463491,736846120,58.1600016,360.040088,26.1235005
2019-08-01T00:00:00Z,FALSE,7,150,175,14102,2997,8177,13.6250459,330966291,53463491,736846120,51.6638717,319.825729,23.2056593
2019-08-01T00:00:00Z,FALSE,8,175,200,14620,2665,8177,13.6250459,330966291,53463491,736846120,52.2258625,323.304739,23.4580865
2019-08-01T00:00:00Z,FALSE,9,200,225,8858,1615,8177,13.6250459,330966291,53463491,736846120,31.643706,195.890687,14.2132797
2019-08-01T00:00:00Z,FALSE,10,225,Inf,15943,3198,8177,13.6250459,330966291,53463491,736846120,57.8336844,358.020018,25.9769299
2019-08-01T00:00:00Z,TRUE,1,0,25,51805,114403,8177,13.6250459,330966291,53463491,736846120,502.190116,3108.81308,225.566771
2019-08-01T00:00:00Z,TRUE,2,25,50,28980,31961,8177,13.6250459,330966291,53463491,736846120,184.130534,1139.86197,82.7051922
2019-08-01T00:00:00Z,TRUE,3,50,75,6987,2934,8177,13.6250459,330966291,53463491,736846120,29.9758624,185.565884,13.4641409
2019-08-01T00:00:00Z,TRUE,4,75,100,1917,417,8177,13.6250459,330966291,53463491,736846120,7.0520777,43.6559595,3.16755417
2019-08-01T00:00:00Z,TRUE,5,100,Inf,303,57,8177,13.6250459,330966291,53463491,736846120,1.08772407,6.73356702,0.488568767
2019-09-01T00:00:00Z,FALSE,1,0,25,534,5478,8195,13.2385601,323385691,53661186.4,719801299,18.590804,112.036286,8.35230502
2019-09-01T00:00:00Z,FALSE,2,25,50,3945,6539,8195,13.2385601,323385691,53661186.4,719801299,32.4194925,195.373988,14.5651307
2019-09-01T00:00:00Z,FALSE,3,50,75,13194,8003,8195,13.2385601,323385691,53661186.4,719801299,65.5471178,395.015493,29.4484048
2019-09-01T00:00:00Z,FALSE,4,75,100,20034,7592,8195,13.2385601,323385691,53661186.4,719801299,85.4274037,514.822759,38.3800363
2019-09-01T00:00:00Z,FALSE,5,100,125,16370,5178,8195,13.2385601,323385691,53661186.4,719801299,66.632509,401.556534,29.9360393
2019-09-01T00:00:00Z,FALSE,6,125,150,14221,3920,8195,13.2385601,323385691,53661186.4,719801299,56.0971017,338.065578,25.2027886
2019-09-01T00:00:00Z,FALSE,7,150,175,13252,2901,8195,13.2385601,323385691,53661186.4,719801299,49.9496435,301.018317,22.4409153
2019-09-01T00:00:00Z,FALSE,8,175,200,14194,2816,8195,13.2385601,323385691,53661186.4,719801299,52.5997298,316.988892,23.6315217
2019-09-01T00:00:00Z,FALSE,9,200,225,8589,1593,8195,13.2385601,323385691,53661186.4,719801299,31.4856231,189.746084,14.1455705
2019-09-01T00:00:00Z,FALSE,10,225,Inf,15355,3185,8195,13.2385601,323385691,53661186.4,719801299,57.3309225,345.50112,25.7571083
2019-09-01T00:00:00Z,TRUE,1,0,25,55430,136832,8195,13.2385601,323385691,53661186.4,719801299,594.528469,3582.88761,267.104269
2019-09-01T00:00:00Z,TRUE,2,25,50,30348,36804,8195,13.2385601,323385691,53661186.4,719801299,207.652972,1251.40729,93.2924129
2019-09-01T00:00:00Z,TRUE,3,50,75,7386,2784,8195,13.2385601,323385691,53661186.4,719801299,31.4485157,189.522459,14.1288992
2019-09-01T00:00:00Z,TRUE,4,75,100,1854,359,8195,13.2385601,323385691,53661186.4,719801299,6.84322176,41.2402362,3.07445958
2019-09-01T00:00:00Z,TRUE,5,100,Inf,320,46,8195,13.2385601,323385691,53661186.4,719801299,1.13177549,6.82057228,0.508473659
2019-10-01T00:00:00Z,FALSE,1,0,25,618,6237,8177,13.8893237,337953646,53506045,752270143,20.2838469,128.116365,9.11241801
2019-10-01T00:00:00Z,FALSE,2,25,50,4053,6807,8177,13.8893237,337953646,53506045,752270143,32.1345846,202.967721,14.4363034
2019-10-01T00:00:00Z,FALSE,3,50,75,13921,8182,8177,13.8893237,337953646,53506045,752270143,65.4024606,413.093511,29.3817323
2019-10-01T00:00:00Z,FALSE,4,75,100,20259,7690,8177,13.8893237,337953646,53506045,752270143,82.700691,522.352194,37.1528769
2019-10-01T00:00:00Z,FALSE,5,100,125,16767,5307,8177,13.8893237,337953646,53506045,752270143,65.31665,412.551516,29.3431824
2019-10-01T00:00:00Z,FALSE,6,125,150,15003,4107,8177,13.8893237,337953646,53506045,752270143,56.5462165,357.155906,25.4031084
2019-10-01T00:00:00Z,FALSE,7,150,175,13863,3063,8177,13.8893237,337953646,53506045,752270143,50.0837917,316.338088,22.499896
2019-10-01T00:00:00Z,FALSE,8,175,200,14721,2917,8177,13.8893237,337953646,53506045,752270143,52.1905895,329.644996,23.4463645
2019-10-01T00:00:00Z,FALSE,9,200,225,9003,1689,8177,13.8893237,337953646,53506045,752270143,31.637475,199.827888,14.2129793
2019-10-01T00:00:00Z,FALSE,10,225,Inf,16058,3325,8177,13.8893237,337953646,53506045,752270143,57.3540196,362.258133,25.7660099
2019-10-01T00:00:00Z,TRUE,1,0,25,49510,143651,8177,13.8893237,337953646,53506045,752270143,571.560634,3610.07807,256.770791
2019-10-01T00:00:00Z,TRUE,2,25,50,30308,36687,8177,13.8893237,337953646,53506045,752270143,198.237246,1252.10151,89.0571035
2019-10-01T00:00:00Z,TRUE,3,50,75,7876,2916,8177,13.8893237,337953646,53506045,752270143,31.9333735,201.696836,14.3459103
2019-10-01T00:00:00Z,TRUE,4,75,100,1961,380,8177,13.8893237,337953646,53506045,752270143,6.92698549,43.7520657,3.11191401
2019-10-01T00:00:00Z,TRUE,5,100,Inf,286,36,8177,13.8893237,337953646,53506045,752270143,0.952793391,6.01801161,0.428037724
2019-11-01T00:00:00Z,FALSE,1,0,25,501,6120,8139,13.3162551,325646972,53387419,725116377,20.3318334,124.017983,9.13094809
2019-11-01T00:00:00Z,FALSE,2,25,50,3694,6592,8139,13.3162551,325646972,53387419,725116377,31.5863523,192.667115,14.1853092
2019-11-01T00:00:00Z,FALSE,3,50,75,13263,8611,8139,13.3162551,325646972,53387419,725116377,67.1708994,409.721998,30.1661922
2019-11-01T00:00:00Z,FALSE,4,75,100,18862,8025,8139,13.3162551,325646972,53387419,725116377,82.5648703,503.620525,37.0795652
2019-11-01T00:00:00Z,FALSE,5,100,125,15415,5259,8139,13.3162551,325646972,53387419,725116377,63.4859273,387.244793,28.5112854
2019-11-01T00:00:00Z,FALSE,6,125,150,13534,4120,8139,13.3162551,325646972,53387419,725116377,54.2120809,330.677158,24.3464367
2019-11-01T00:00:00Z,FALSE,7,150,175,12816,3244,8139,13.3162551,325646972,53387419,725116377,49.3172097,300.819937,22.1481689
2019-11-01T00:00:00Z,FALSE,8,175,200,13994,3097,8139,13.3162551,325646972,53387419,725116377,52.4832148,320.131602,23.5700096
2019-11-01T00:00:00Z,FALSE,9,200,225,8391,1811,8139,13.3162551,325646972,53387419,725116377,31.3284043,191.093711,14.0694657
2019-11-01T00:00:00Z,FALSE,10,225,Inf,14794,3595,8139,13.3162551,325646972,53387419,725116377,56.4691263,344.444447,25.3600671
2019-11-01T00:00:00Z,TRUE,1,0,25,41909,132104,8139,13.3162551,325646972,53387419,725116377,534.360872,3259.43833,239.979409
2019-11-01T00:00:00Z,TRUE,2,25,50,28438,36916,8139,13.3162551,325646972,53387419,725116377,200.689721,1224.14609,90.1289807
2019-11-01T00:00:00Z,TRUE,3,50,75,7007,3118,8139,13.3162551,325646972,53387419,725116377,31.0919519,189.651423,13.9632759
2019-11-01T00:00:00Z,TRUE,4,75,100,1636,308,8139,13.3162551,325646972,53387419,725116377,5.96965477,36.4130733,2.68094896
2019-11-01T00:00:00Z,TRUE,5,100,Inf,219,43,8139,13.3162551,325646972,53387419,725116377,0.804552237,4.90752325,0.361321311
2019-12-01T00:00:00Z,FALSE,1,0,25,523,6446,8178,13.616899,333156119,53251999.1,739931102,20.918121,130.868326,9.41844447
2019-12-01T00:00:00Z,FALSE,2,25,50,3756,6380,8178,13.616899,333156119,53251999.1,739931102,30.4241748,190.340272,13.6985727
2019-12-01T00:00:00Z,FALSE,3,50,75,13167,8485,8178,13.616899,333156119,53251999.1,739931102,64.9905518,406.595064,29.2621839
2019-12-01T00:00:00Z,FALSE,4,75,100,18754,7883,8178,13.616899,333156119,53251999.1,739931102,79.9535067,500.206574,35.9992977
2019-12-01T00:00:00Z,FALSE,5,100,125,15367,5317,8178,13.616899,333156119,53251999.1,739931102,62.085007,388.417343,27.953954
2019-12-01T00:00:00Z,FALSE,6,125,150,13652,4187,8178,13.616899,333156119,53251999.1,739931102,53.5454671,334.992119,24.1090014
2019-12-01T00:00:00Z,FALSE,7,150,175,13301,3326,8178,13.616899,333156119,53251999.1,739931102,49.907533,312.23241,22.4710111
2019-12-01T00:00:00Z,FALSE,8,175,200,14221,3071,8178,13.616899,333156119,53251999.1,739931102,51.9035942,324.720204,23.3697434
2019-12-01T00:00:00Z,FALSE,9,200,225,8647,1738,8178,13.616899,333156119,53251999.1,739931102,31.1715721,195.016153,14.0350905
2019-12-01T00:00:00Z,FALSE,10,225,Inf,15149,3440,8178,13.616899,333156119,53251999.1,739931102,55.7966639,349.076097,25.1226093
2019-12-01T00:00:00Z,TRUE,1,0,25,30848,113242,8178,13.616899,333156119,53251999.1,739931102,432.499935,2705.81391,194.734347
2019-12-01T00:00:00Z,TRUE,2,25,50,22631,33697,8178,13.616899,333156119,53251999.1,739931102,169.073887,1057.76311,76.1260066
2019-12-01T00:00:00Z,TRUE,3,50,75,6255,2908,8178,13.616899,333156119,53251999.1,739931102,27.5036221,172.068658,12.3835854
2019-12-01T00:00:00Z,TRUE,4,75,100,1270,266,8178,13.616899,333156119,53251999.1,739931102,4.61045111,28.8439876,2.07586895
2019-12-01T00:00:00Z,TRUE,5,100,Inf,153,42,8178,13.616899,333156119,53251999.1,739931102,0.585311176,3.66183436,0.26353805
2020-01-01T00:00:00Z,FALSE,1,0,25,433,5424,8190,13.545177,331978125,53205698.6,736923747,17.6427287,110.082193,7.94790509
2020-01-01T00:00:00Z,FALSE,2,25,50,3654,5498,8190,13.545177,331978125,53205698.6,736923747,27.5680815,172.01165,12.4191954
2020-01-01T00:00:00Z,FALSE,3,50,75,13542,7709,8190,13.545177,331978125,53205698.6,736923747,64.0132539,399.412104,28.8374477
2020-01-01T00:00:00Z,FALSE,4,75,100,17429,6735,8190,13.545177,331978125,53205698.6,736923747,72.7879285,454.161878,32.7903668
2020-01-01T00:00:00Z,FALSE,5,100,125,12717,4125,8190,13.545177,331978125,53205698.6,736923747,50.7322584,316.54504,22.8544677
2020-01-01T00:00:00Z,FALSE,6,125,150,12169,3564,8190,13.545177,331978125,53205698.6,736923747,47.3916768,295.701408,21.349563
2020-01-01T00:00:00Z,FALSE,7,150,175,13169,3115,8190,13.545177,331978125,53205698.6,736923747,49.0514247,306.057442,22.0972659
2020-01-01T00:00:00Z,FALSE,8,175,200,13580,2825,8190,13.545177,331978125,53205698.6,736923747,49.4159066,308.331634,22.261462
2020-01-01T00:00:00Z,FALSE,9,200,225,7928,1615,8190,13.545177,331978125,53205698.6,736923747,28.74587,179.360487,12.9497795
2020-01-01T00:00:00Z,FALSE,10,225,Inf,16194,3568,8190,13.545177,331978125,53205698.6,736923747,59.5280187,371.42638,26.8168858
2020-01-01T00:00:00Z,TRUE,1,0,25,27573,94465,8190,13.545177,331978125,53205698.6,736923747,367.608559,2293.70168,165.604651
2020-01-01T00:00:00Z,TRUE,2,25,50,23044,26286,8190,13.545177,331978125,53205698.6,736923747,148.594128,927.156326,66.9404401
2020-01-01T00:00:00Z,TRUE,3,50,75,7436,2562,8190,13.545177,331978125,53205698.6,736923747,30.1164422,187.912202,13.567211
2020-01-01T00:00:00Z,TRUE,4,75,100,1399,289,8190,13.545177,331978125,53205698.6,736923747,5.08467238,31.725925,2.29060334
2020-01-01T00:00:00Z,TRUE,5,100,Inf,170,32,8190,13.545177,331978125,53205698.6,736923747,0.608473827,3.79658581,0.274112486
2020-02-01T00:00:00Z,FALSE,1,0,25,415,4813,8152,12.6500245,308245856,53062906.3,685312232,16.9604875,98.5245696,7.62863956
2020-02-01T00:00:00Z,FALSE,2,25,50,3494,5357,8152,12.6500245,308245856,53062906.3,685312232,28.7140924,166.802021,12.9152809
2020-02-01T00:00:00Z,FALSE,3,50,75,13055,7487,8152,12.6500245,308245856,53062906.3,685312232,66.6416096,387.125422,29.9746583
2020-02-01T00:00:00Z,FALSE,4,75,100,16033,5919,8152,12.6500245,308245856,53062906.3,685312232,71.2158803,413.697657,32.0321147
2020-02-01T00:00:00Z,FALSE,5,100,125,10620,3254,8152,12.6500245,308245856,53062906.3,685312232,45.0095264,261.463251,20.2447868
2020-02-01T00:00:00Z,FALSE,6,125,150,10506,2820,8152,12.6500245,308245856,53062906.3,685312232,43.2317247,251.135886,19.4451512
2020-02-01T00:00:00Z,FALSE,7,150,175,12027,2769,8152,12.6500245,308245856,53062906.3,685312232,48.0006453,278.838854,21.5901589
2020-02-01T00:00:00Z,FALSE,8,175,200,12160,2652,8152,12.6500245,308245856,53062906.3,685312232,48.0525519,279.140383,21.6135059
2020-02-01T00:00:00Z,FALSE,9,200,225,7179,1413,8152,12.6500245,308245856,53062906.3,685312232,27.873854,161.921022,12.537351
2020-02-01T00:00:00Z,FALSE,10,225,Inf,15576,3477,8152,12.6500245,308245856,53062906.3,685312232,61.8110499,359.064389,27.8019261
2020-02-01T00:00:00Z,TRUE,1,0,25,21783,75365,8152,12.6500245,308245856,53062906.3,685312232,315.16401,1830.80813,141.757283
2020-02-01T00:00:00Z,TRUE,2,25,50,20845,20030,8152,12.6500245,308245856,53062906.3,685312232,132.605189,770.312123,59.6443462
2020-02-01T00:00:00Z,TRUE,3,50,75,7949,2357,8152,12.6500245,308245856,53062906.3,685312232,33.4343505,194.222306,15.0384008
2020-02-01T00:00:00Z,TRUE,4,75,100,1495,297,8152,12.6500245,308245856,53062906.3,685312232,5.81354125,33.7712373,2.6148665
2020-02-01T00:00:00Z,TRUE,5,100,Inf,166,42,8152,12.6500245,308245856,53062906.3,685312232,0.674786038,3.91987576,0.303511291
2020-03-01T00:00:00Z,FALSE,1,0,25,503,5664,8204,13.5014627,331479027,53149957.3,735162679,18.6044953,116.030197,8.38861952
2020-03-01T00:00:00Z,FALSE,2,25,50,3774,6016,8204,13.5014627,331479027,53149957.3,735162679,29.5342969,184.195821,13.3167805
2020-03-01T00:00:00Z,FALSE,3,50,75,15313,8633,8204,13.5014627,331479027,53149957.3,735162679,72.2398646,450.53658,32.5723825
2020-03-01T00:00:00Z,FALSE,4,75,100,18533,6997,8204,13.5014627,331479027,53149957.3,735162679,77.0184474,480.33905,34.7270077
2020-03-01T00:00:00Z,FALSE,5,100,125,12701,4061,8204,13.5014627,331479027,53149957.3,735162679,50.5673018,315.371843,22.8003957
2020-03-01T00:00:00Z,FALSE,6,125,150,12193,3411,8204,13.5014627,331479027,53149957.3,735162679,47.0738682,293.584431,21.2252342
2020-03-01T00:00:00Z,FALSE,7,150,175,13696,3125,8204,13.5014627,331479027,53149957.3,735162679,50.745292,316.48191,22.8806501
2020-03-01T00:00:00Z,FALSE,8,175,200,13344,2771,8204,13.5014627,331479027,53149957.3,735162679,48.6154438,303.198738,21.9203184
2020-03-01T00:00:00Z,FALSE,9,200,225,7945,1548,8204,13.5014627,331479027,53149957.3,735162679,28.6383126,178.607857,12.9127882
2020-03-01T00:00:00Z,FALSE,10,225,Inf,17112,3590,8204,13.5014627,331479027,53149957.3,735162679,62.4534234,389.501724,28.1597537
2020-03-01T00:00:00Z,TRUE,1,0,25,32293,97139,8204,13.5014627,331479027,53149957.3,735162679,390.468143,2435.22303,176.058992
2020-03-01T00:00:00Z,TRUE,2,25,50,27463,29616,8204,13.5014627,331479027,53149957.3,735162679,172.194906,1073.92372,77.6413189
2020-03-01T00:00:00Z,TRUE,3,50,75,8570,2911,8204,13.5014627,331479027,53149957.3,735162679,34.6356755,216.011462,15.6169516
2020-03-01T00:00:00Z,TRUE,4,75,100,1606,320,8204,13.5014627,331479027,53149957.3,735162679,5.81032236,36.237094,2.61982831
2020-03-01T00:00:00Z,TRUE,5,100,Inf,156,47,8204,13.5014627,331479027,53149957.3,735162679,0.61240677,3.81938218,0.27612936
2020-04-01T00:00:00Z,FALSE,1,0,25,480,4768,8206,13.3092859,325923523,53180458.6,722844014,16.1019369,98.6828646,7.26021091
2020-04-01T00:00:00Z,FALSE,2,25,50,3748,5655,8206,13.3092859,325923523,53180458.6,722844014,28.8503264,176.813067,13.008339
2020-04-01T00:00:00Z,FALSE,3,50,75,14405,7807,8206,13.3092859,325923523,53180458.6,722844014,68.1509571,417.672216,30.7286213
2020-04-01T00:00:00Z,FALSE,4,75,100,18003,6442,8206,13.3092859,325923523,53180458.6,722844014,75.0022576,459.661323,33.8178079
2020-04-01T00:00:00Z,FALSE,5,100,125,12861,3846,8206,13.3092859,325923523,53180458.6,722844014,51.2604916,314.156749,23.1128704
2020-04-01T00:00:00Z,FALSE,6,125,150,12031,3172,8206,13.3092859,325923523,53180458.6,722844014,46.6459121,285.875684,21.0322002
2020-04-01T00:00:00Z,FALSE,7,150,175,13841,2842,8206,13.3092859,325923523,53180458.6,722844014,51.1868547,313.705455,23.0796682
2020-04-01T00:00:00Z,FALSE,8,175,200,13649,2610,8206,13.3092859,325923523,53180458.6,722844014,49.885936,305.732602,22.4930963
2020-04-01T00:00:00Z,FALSE,9,200,225,7830,1400,8206,13.3092859,325923523,53180458.6,722844014,28.319527,173.559992,12.7690066
2020-04-01T00:00:00Z,FALSE,10,225,Inf,17055,3509,8206,13.3092859,325923523,53180458.6,722844014,63.0945562,386.683389,28.448738
2020-04-01T00:00:00Z,TRUE,1,0,25,36827,93457,8206,13.3092859,325923523,53180458.6,722844014,399.737948,2449.84724,180.238056
2020-04-01T00:00:00Z,TRUE,2,25,50,27939,28207,8206,13.3092859,325923523,53180458.6,722844014,172.267407,1055.76374,77.6737427
2020-04-01T00:00:00Z,TRUE,3,50,75,8050,2529,8206,13.3092859,325923523,53180458.6,722844014,32.4585348,198.926453,14.635246
2020-04-01T00:00:00Z,TRUE,4,75,100,1706,307,8206,13.3092859,325923523,53180458.6,722844014,6.17629554,37.8522497,2.78483319
2020-04-01T00:00:00Z,TRUE,5,100,Inf,211,40,8206,13.3092859,325923523,53180458.6,722844014,0.770119315,4.71977878,0.347239508
2020-05-01T00:00:00Z,FALSE,1,0,25,492,4342,8156,13.4465424,325401201,52564737.7,720315732,14.8555076,91.9627912,6.71094603
2020-05-01T00:00:00Z,FALSE,2,25,50,3590,5223,8156,13.4465424,325401201,52564737.7,720315732,27.0834895,167.659925,12.2349126
2020-05-01T00:00:00Z,FALSE,3,50,75,14429,7725,8156,13.4465424,325401201,52564737.7,720315732,68.082109,421.461249,30.7559574
2020-05-01T00:00:00Z,FALSE,4,75,100,18862,6768,8156,13.4465424,325401201,52564737.7,720315732,78.7643068,487.58923,35.5816191
2020-05-01T00:00:00Z,FALSE,5,100,125,13644,3922,8156,13.4465424,325401201,52564737.7,720315732,53.9825912,334.178401,24.3865283
2020-05-01T00:00:00Z,FALSE,6,125,150,12703,3367,8156,13.4465424,325401201,52564737.7,720315732,49.3851896,305.718257,22.3096613
2020-05-01T00:00:00Z,FALSE,7,150,175,14486,3021,8156,13.4465424,325401201,52564737.7,720315732,53.8012766,333.055975,24.3046198
2020-05-01T00:00:00Z,FALSE,8,175,200,14270,2712,8156,13.4465424,325401201,52564737.7,720315732,52.1878837,323.068291,23.5757727
2020-05-01T00:00:00Z,FALSE,9,200,225,8302,1576,8156,13.4465424,325401201,52564737.7,720315732,30.3563723,187.920656,13.7134309
2020-05-01T00:00:00Z,FALSE,10,225,Inf,17361,3566,8156,13.4465424,325401201,52564737.7,720315732,64.3113792,398.118604,29.0525378
2020-05-01T00:00:00Z,TRUE,1,0,25,27214,82418,8156,13.4465424,325401201,52564737.7,720315732,336.913324,2085.65675,152.199924
2020-05-01T00:00:00Z,TRUE,2,25,50,23911,21698,8156,13.4465424,325401201,52564737.7,720315732,140.162359,867.67293,63.3180673
2020-05-01T00:00:00Z,TRUE,3,50,75,8444,2597,8156,13.4465424,325401201,52564737.7,720315732,33.9304218,210.045755,15.3280006
2020-05-01T00:00:00Z,TRUE,4,75,100,1986,354,8156,13.4465424,325401201,52564737.7,720315732,7.19112282,44.5165352,3.24857545
2020-05-01T00:00:00Z,TRUE,5,100,Inf,250,39,8156,13.4465424,325401201,52564737.7,720315732,0.8881344,5.49798234,0.40121295
2020-06-01T00:00:00Z,FALSE,1,0,25,477,3450,8110,13.1447596,315479798,51945444.9,695803731,12.4477067,75.5985439,5.64383291
2020-06-01T00:00:00Z,FALSE,2,25,50,3769,5184,8110,13.1447596,315479798,51945444.9,695803731,28.3789962,172.3539,12.8671342
2020-06-01T00:00:00Z,FALSE,3,50,75,14090,7601,8110,13.1447596,315479798,51945444.9,695803731,68.755591,417.572706,31.1740208
2020-06-01T00:00:00Z,FALSE,4,75,100,18285,6437,8110,13.1447596,315479798,51945444.9,695803731,78.3631793,475.922384,35.5301343
2020-06-01T00:00:00Z,FALSE,5,100,125,13196,3823,8110,13.1447596,315479798,51945444.9,695803731,53.9464019,327.632192,24.4594837
2020-06-01T00:00:00Z,FALSE,6,125,150,12229,3117,8110,13.1447596,315479798,51945444.9,695803731,48.6433682,295.425326,22.05507
2020-06-01T00:00:00Z,FALSE,7,150,175,13504,2874,8110,13.1447596,315479798,51945444.9,695803731,51.9145761,315.292323,23.5382469
2020-06-01T00:00:00Z,FALSE,8,175,200,13378,2520,8110,13.1447596,315479798,51945444.9,695803731,50.393084,306.051859,22.8483972
2020-06-01T00:00:00Z,FALSE,9,200,225,8006,1453,8110,13.1447596,315479798,51945444.9,695803731,29.9829024,182.094888,13.5943508
2020-06-01T00:00:00Z,FALSE,10,225,Inf,16930,3516,8110,13.1447596,315479798,51945444.9,695803731,64.8092211,393.605253,29.3847231
2020-06-01T00:00:00Z,TRUE,1,0,25,32735,79486,8110,13.1447596,315479798,51945444.9,695803731,355.715328,2160.36267,161.28255
2020-06-01T00:00:00Z,TRUE,2,25,50,24396,21977,8110,13.1447596,315479798,51945444.9,695803731,146.991979,892.725051,66.6466676
2020-06-01T00:00:00Z,TRUE,3,50,75,7547,2693,8110,13.1447596,315479798,51945444.9,695803731,32.4584967,197.129893,14.7167937
2020-06-01T00:00:00Z,TRUE,4,75,100,1824,348,8110,13.1447596,315479798,51945444.9,695803731,6.88475145,41.8130984,3.12156992
2020-06-01T00:00:00Z,TRUE,5,100,Inf,274,27,8110,13.1447596,315479798,51945444.9,695803731,0.954102296,5.7945408,0.432593254
2020-07-01T00:00:00Z,FALSE,1,0,25,511,3270,8146,13.4707832,324077909,52214758.2,714785428,11.6669476,72.4124775,5.28969933
2020-07-01T00:00:00Z,FALSE,2,25,50,3845,4881,8146,13.4707832,324077909,52214758.2,714785428,26.9256242,167.117503,12.2078594
2020-07-01T00:00:00Z,FALSE,3,50,75,14690,7583,8146,13.4707832,324077909,52214758.2,714785428,68.7273009,426.565224,31.1604002
2020-07-01T00:00:00Z,FALSE,4,75,100,19049,6587,8146,13.4707832,324077909,52214758.2,714785428,79.1044353,490.972302,35.8653086
2020-07-01T00:00:00Z,FALSE,5,100,125,13403,3957,8146,13.4707832,324077909,52214758.2,714785428,53.5673661,332.473052,24.2870088
2020-07-01T00:00:00Z,FALSE,6,125,150,12849,3326,8146,13.4707832,324077909,52214758.2,714785428,49.9108379,309.778319,22.6291686
2020-07-01T00:00:00Z,FALSE,7,150,175,14191,3009,8146,13.4707832,324077909,52214758.2,714785428,53.0736576,329.408784,24.0631654
2020-07-01T00:00:00Z,FALSE,8,175,200,13477,2634,8146,13.4707832,324077909,52214758.2,714785428,49.7133545,308.552612,22.5396313
2020-07-01T00:00:00Z,FALSE,9,200,225,7937,1459,8146,13.4707832,324077909,52214758.2,714785428,28.9930283,179.949124,13.1452036
2020-07-01T00:00:00Z,FALSE,10,225,Inf,17032,3632,8146,13.4707832,324077909,52214758.2,714785428,63.7624454,395.750181,28.909375
2020-07-01T00:00:00Z,TRUE,1,0,25,38581,85742,8146,13.4707832,324077909,52214758.2,714785428,383.620717,2380.9935,173.930518
2020-07-01T00:00:00Z,TRUE,2,25,50,25380,23695,8146,13.4707832,324077909,52214758.2,714785428,151.429636,939.868377,68.6569676
2020-07-01T00:00:00Z,TRUE,3,50,75,7954,2705,8146,13.4707832,324077909,52214758.2,714785428,32.8902393,204.137688,14.9121674
2020-07-01T00:00:00Z,TRUE,4,75,100,1885,359,8146,13.4707832,324077909,52214758.2,714785428,6.92426091,42.9763553,3.13940367
2020-07-01T00:00:00Z,TRUE,5,100,Inf,241,45,8146,13.4707832,324077909,52214758.2,714785428,0.882503842,5.47737862,0.400120076
2020-08-01T00:00:00Z,FALSE,1,0,25,614,3677,8195,14.0153752,340225665,53343417.5,755657935,12.6122173,80.4410403,5.67849526
2020-08-01T00:00:00Z,FALSE,2,25,50,4242,5687,8195,14.0153752,340225665,53343417.5,755657935,29.1835715,186.133556,13.1395431
2020-08-01T00:00:00Z,FALSE,3,50,75,15474,8623,8195,14.0153752,340225665,53343417.5,755657935,70.8265205,451.733337,31.8887672
2020-08-01T00:00:00Z,FALSE,4,75,100,19916,7256,8195,14.0153752,340225665,53343417.5,755657935,79.8646393,509.378687,35.9580688
2020-08-01T00:00:00Z,FALSE,5,100,125,14116,4151,8195,14.0153752,340225665,53343417.5,755657935,53.6908349,342.441502,24.1736362
2020-08-01T00:00:00Z,FALSE,6,125,150,13188,3376,8195,14.0153752,340225665,53343417.5,755657935,48.6853337,310.516288,21.919971
2020-08-01T00:00:00Z,FALSE,7,150,175,14577,3111,8195,14.0153752,340225665,53343417.5,755657935,51.9890233,331.587304,23.4074165
2020-08-01T00:00:00Z,FALSE,8,175,200,13920,2748,8195,14.0153752,340225665,53343417.5,755657935,48.9910131,312.465919,22.0575994
2020-08-01T00:00:00Z,FALSE,9,200,225,8430,1582,8195,14.0153752,340225665,53343417.5,755657935,29.4275272,187.689512,13.2493811
2020-08-01T00:00:00Z,FALSE,10,225,Inf,17962,3831,8195,14.0153752,340225665,53343417.5,755657935,64.0545446,408.541503,28.8397686
2020-08-01T00:00:00Z,TRUE,1,0,25,47544,102026,8195,14.0153752,340225665,53343417.5,755657935,439.61998,2803.90734,197.933474
2020-08-01T00:00:00Z,TRUE,2,25,50,30343,31768,8195,14.0153752,340225665,53343417.5,755657935,182.558244,1164.36109,82.1945977
2020-08-01T00:00:00Z,TRUE,3,50,75,8173,3040,8195,14.0153752,340225665,53343417.5,755657935,32.9575372,210.204005,14.8387246
2020-08-01T00:00:00Z,TRUE,4,75,100,1950,367,8195,14.0153752,340225665,53343417.5,755657935,6.81018583,43.4355373,3.06620217
2020-08-01T00:00:00Z,TRUE,5,100,Inf,290,42,8195,14.0153752,340225665,53343417.5,755657935,0.975822916,6.22382321,0.439352231
2020-09-01T00:00:00Z,FALSE,1,0,25,598,4967,8208,13.5480019,329420859,53442268.3,730958321,16.8932836,104.131059,7.61329318
2020-09-01T00:00:00Z,FALSE,2,25,50,4168,5907,8208,13.5480019,329420859,53442268.3,730958321,30.583977,188.52119,13.7832756
2020-09-01T00:00:00Z,FALSE,3,50,75,15532,8971,8208,13.5480019,329420859,53442268.3,730958321,74.3820535,458.49476,33.5217471
2020-09-01T00:00:00Z,FALSE,4,75,100,19722,7278,8208,13.5480019,329420859,53442268.3,730958321,81.9620228,505.218077,36.9378106
2020-09-01T00:00:00Z,FALSE,5,100,125,13384,4215,8208,13.5480019,329420859,53442268.3,730958321,53.4240607,329.308627,24.0766122
2020-09-01T00:00:00Z,FALSE,6,125,150,12781,3333,8208,13.5480019,329420859,53442268.3,730958321,48.9161495,301.521633,22.0450326
2020-09-01T00:00:00Z,FALSE,7,150,175,14264,2933,8208,13.5480019,329420859,53442268.3,730958321,52.2037373,321.786491,23.5266492
2020-09-01T00:00:00Z,FALSE,8,175,200,13883,2692,8208,13.5480019,329420859,53442268.3,730958321,50.3155751,310.147764,22.6757115
2020-09-01T00:00:00Z,FALSE,9,200,225,7954,1480,8208,13.5480019,329420859,53442268.3,730958321,28.6381379,176.526938,12.9063446
2020-09-01T00:00:00Z,FALSE,10,225,Inf,17794,3644,8208,13.5480019,329420859,53442268.3,730958321,65.0778461,401.143153,29.3286216
2020-09-01T00:00:00Z,TRUE,1,0,25,54698,119868,8208,13.5480019,329420859,53442268.3,730958321,529.91787,3266.4407,238.817994
2020-09-01T00:00:00Z,TRUE,2,25,50,35505,38507,8208,13.5480019,329420859,53442268.3,730958321,224.673083,1384.89631,101.253379
2020-09-01T00:00:00Z,TRUE,3,50,75,8604,3297,8208,13.5480019,329420859,53442268.3,730958321,36.1270383,222.688901,16.2813661
2020-09-01T00:00:00Z,TRUE,4,75,100,1773,345,8208,13.5480019,329420859,53442268.3,730958321,6.42946535,39.6315513,2.89756603
2020-09-01T00:00:00Z,TRUE,5,100,Inf,202,38,8208,13.5480019,329420859,53442268.3,730958321,0.728551314,4.49082735,0.328336094
2020-10-01T00:00:00Z,FALSE,1,0,25,743,5408,8199,14.003659,339817960,53327036.9,754916270,18.1008679,115.344867,8.14792348
2020-10-01T00:00:00Z,FALSE,2,25,50,4222,6689,8199,14.003659,339817960,53327036.9,754916270,32.1083677,204.605405,14.4532585
2020-10-01T00:00:00Z,FALSE,3,50,75,16953,9594,8199,14.003659,339817960,53327036.9,754916270,78.1212388,497.815021,35.1654893
2020-10-01T00:00:00Z,FALSE,4,75,100,20400,7774,8199,14.003659,339817960,53327036.9,754916270,82.9090964,528.324873,37.3206952
2020-10-01T00:00:00Z,FALSE,5,100,125,13918,4281,8199,14.003659,339817960,53327036.9,754916270,53.5551446,341.27154,24.1073093
2020-10-01T00:00:00Z,FALSE,6,125,150,13113,3494,8199,14.003659,339817960,53327036.9,754916270,48.8702834,311.418015,21.9984661
2020-10-01T00:00:00Z,FALSE,7,150,175,14714,3266,8199,14.003659,339817960,53327036.9,754916270,52.9106819,337.164805,23.8172109
2020-10-01T00:00:00Z,FALSE,8,175,200,14497,2803,8199,14.003659,339817960,53327036.9,754916270,50.9096105,324.4133,22.9164487
2020-10-01T00:00:00Z,FALSE,9,200,225,8405,1725,8199,14.003659,339817960,53327036.9,754916270,29.8100783,189.959926,13.4187067
2020-10-01T00:00:00Z,FALSE,10,225,Inf,18076,4014,8199,14.003659,339817960,53327036.9,754916270,65.0053929,414.236404,29.2615233
2020-10-01T00:00:00Z,TRUE,1,0,25,46947,116263,8199,14.003659,339817960,53327036.9,754916270,480.286563,3060.54882,216.196162
2020-10-01T00:00:00Z,TRUE,2,25,50,34203,36737,8199,14.003659,339817960,53327036.9,754916270,208.758831,1330.28205,93.9706863
2020-10-01T00:00:00Z,TRUE,3,50,75,9427,3343,8199,14.003659,339817960,53327036.9,754916270,37.5789437,239.465771,16.9157833
2020-10-01T00:00:00Z,TRUE,4,75,100,1962,385,8199,14.003659,339817960,53327036.9,754916270,6.90663907,44.0114459,3.10895406
2020-10-01T00:00:00Z,TRUE,5,100,Inf,249,42,8199,14.003659,339817960,53327036.9,754916270,0.856340848,5.45689423,0.385473213
2020-11-01T00:00:00Z,FALSE,1,0,25,797,6112,8205,13.3685558,326355921,53285090.7,724698951,21.1701384,129.661035,9.5336139
2020-11-01T00:00:00Z,FALSE,2,25,50,4006,6506,8205,13.3685558,326355921,53285090.7,724698951,32.2102323,197.278448,14.5053335
2020-11-01T00:00:00Z,FALSE,3,50,75,15801,8901,8205,13.3685558,326355921,53285090.7,724698951,75.6903688,463.581833,34.0858779
2020-11-01T00:00:00Z,FALSE,4,75,100,19013,7090,8205,13.3685558,326355921,53285090.7,724698951,79.983228,489.874365,36.0190945
2020-11-01T00:00:00Z,FALSE,5,100,125,12761,3917,8205,13.3685558,326355921,53285090.7,724698951,51.1037151,312.99562,23.0136941
2020-11-01T00:00:00Z,FALSE,6,125,150,12338,3245,8205,13.3685558,326355921,53285090.7,724698951,47.7484826,292.445782,21.5027219
2020-11-01T00:00:00Z,FALSE,7,150,175,13517,2975,8205,13.3685558,326355921,53285090.7,724698951,50.5337852,309.504962,22.7570358
2020-11-01T00:00:00Z,FALSE,8,175,200,13637,2583,8205,13.3685558,326355921,53285090.7,724698951,49.7003393,304.400345,22.3817076
2020-11-01T00:00:00Z,FALSE,9,200,225,8213,1638,8205,13.3685558,326355921,53285090.7,724698951,30.1848362,184.873477,13.5932307
2020-11-01T00:00:00Z,FALSE,10,225,Inf,16997,3868,8205,13.3685558,326355921,53285090.7,724698951,63.9332664,391.572947,28.7912656
2020-11-01T00:00:00Z,TRUE,1,0,25,40027,113040,8205,13.3685558,326355921,53285090.7,724698951,469.018609,2872.60466,211.214601
2020-11-01T00:00:00Z,TRUE,2,25,50,30161,34855,8205,13.3685558,326355921,53285090.7,724698951,199.21808,1220.15369,89.7144944
2020-11-01T00:00:00Z,TRUE,3,50,75,8590,3027,8205,13.3685558,326355921,53285090.7,724698951,35.5961062,218.015956,16.0301046
2020-11-01T00:00:00Z,TRUE,4,75,100,1566,320,8205,13.3685558,326355921,53285090.7,724698951,5.77896671,35.3945161,2.60245995
2020-11-01T00:00:00Z,TRUE,5,100,Inf,157,35,8205,13.3685558,326355921,53285090.7,724698951,0.588314744,3.60325932,0.264937599
2020-12-01T00:00:00Z,FALSE,1,0,25,832,5682,8204,13.5331546,331031421,52901951.7,731565001,19.6778904,123.133453,8.90419852
2020-12-01T00:00:00Z,FALSE,2,25,50,3812,6263,8204,13.5331546,331031421,52901951.7,731565001,30.4351774,190.44666,13.7718453
2020-12-01T00:00:00Z,FALSE,3,50,75,14864,8526,8204,13.5331546,331031421,52901951.7,731565001,70.6579453,442.138697,31.972552
2020-12-01T00:00:00Z,FALSE,4,75,100,18023,6972,8204,13.5331546,331031421,52901951.7,731565001,75.5064276,472.477842,34.1664787
2020-12-01T00:00:00Z,FALSE,5,100,125,12317,3864,8204,13.5331546,331031421,52901951.7,731565001,48.8805563,305.867732,22.1183353
2020-12-01T00:00:00Z,FALSE,6,125,150,11880,3115,8204,13.5331546,331031421,52901951.7,731565001,45.2978149,283.4489,20.4971533
2020-12-01T00:00:00Z,FALSE,7,150,175,13493,2859,8204,13.5331546,331031421,52901951.7,731565001,49.3971236,309.100127,22.3520808
2020-12-01T00:00:00Z,FALSE,8,175,200,13084,2631,8204,13.5331546,331031421,52901951.7,731565001,47.472835,297.058983,21.4813448
2020-12-01T00:00:00Z,FALSE,9,200,225,7947,1471,8204,13.5331546,331031421,52901951.7,731565001,28.4504715,178.027458,12.8737706
2020-12-01T00:00:00Z,FALSE,10,225,Inf,16753,3909,8204,13.5331546,331031421,52901951.7,731565001,62.4170357,390.571601,28.24356
2020-12-01T00:00:00Z,TRUE,1,0,25,30287,97883,8204,13.5331546,331031421,52901951.7,731565001,387.18379,2422.78396,175.199743
2020-12-01T00:00:00Z,TRUE,2,25,50,24821,31377,8204,13.5331546,331031421,52901951.7,731565001,169.766362,1062.30485,76.8188745
2020-12-01T00:00:00Z,TRUE,3,50,75,7555,2848,8204,13.5331546,331031421,52901951.7,731565001,31.4260199,196.646809,14.2201991
2020-12-01T00:00:00Z,TRUE,4,75,100,1379,306,8204,13.5331546,331031421,52901951.7,731565001,5.09015125,31.8513768,2.30328132
2020-12-01T00:00:00Z,TRUE,5,100,Inf,113,9,8204,13.5331546,331031421,52901951.7,731565001,0.368545076,2.3061531,0.166765769
2021-01-01T00:00:00Z,FALSE,1,0,25,799,4848,8212,13.3712859,328326074,52967199.8,726334877,17.1993651,106.61315,7.77465076
2021-01-01T00:00:00Z,FALSE,2,25,50,3749,5616,8212,13.3712859,328326074,52967199.8,726334877,28.5234733,176.807534,12.8935017
2021-01-01T00:00:00Z,FALSE,3,50,75,14262,7601,8212,13.3712859,328326074,52967199.8,726334877,66.5892896,412.764883,30.1004409
2021-01-01T00:00:00Z,FALSE,4,75,100,17385,6119,8212,13.3712859,328326074,52967199.8,726334877,71.5873696,443.74632,32.3597293
2021-01-01T00:00:00Z,FALSE,5,100,125,11810,3442,8212,13.3712859,328326074,52967199.8,726334877,46.453819,287.95179,20.9985786
2021-01-01T00:00:00Z,FALSE,6,125,150,11181,2778,8212,13.3712859,328326074,52967199.8,726334877,42.5156608,263.540456,19.218408
2021-01-01T00:00:00Z,FALSE,7,150,175,12968,2692,8212,13.3712859,328326074,52967199.8,726334877,47.6964861,295.654671,21.560303
2021-01-01T00:00:00Z,FALSE,8,175,200,12919,2466,8212,13.3712859,328326074,52967199.8,726334877,46.8589041,290.462778,21.1816897
2021-01-01T00:00:00Z,FALSE,9,200,225,7676,1515,8212,13.3712859,328326074,52967199.8,726334877,27.9935123,173.522483,12.6539428
2021-01-01T00:00:00Z,FALSE,10,225,Inf,16581,3783,8212,13.3712859,328326074,52967199.8,726334877,62.0237064,384.464349,28.0366545
2021-01-01T00:00:00Z,TRUE,1,0,25,27414,85006,8212,13.3712859,328326074,52967199.8,726334877,342.40351,2122.4456,154.777092
2021-01-01T00:00:00Z,TRUE,2,25,50,24989,27226,8212,13.3712859,328326074,52967199.8,726334877,159.033973,985.798763,71.8883282
2021-01-01T00:00:00Z,TRUE,3,50,75,8086,2627,8212,13.3712859,328326074,52967199.8,726334877,32.6291478,202.257247,14.749395
2021-01-01T00:00:00Z,TRUE,4,75,100,1601,273,8212,13.3712859,328326074,52967199.8,726334877,5.70774041,35.3803865,2.58007712
2021-01-01T00:00:00Z,TRUE,5,100,Inf,160,25,8212,13.3712859,328326074,52967199.8,726334877,0.563464235,3.49272759,0.254703451
2021-02-01T00:00:00Z,FALSE,1,0,25,636,4133,8203,12.0198708,295201713,52796670,653130635,16.1550553,90.3276665,7.30175519
2021-02-01T00:00:00Z,FALSE,2,25,50,3523,4850,8203,12.0198708,295201713,52796670,653130635,28.3636565,158.589547,12.8197937
2021-02-01T00:00:00Z,FALSE,3,50,75,12973,6715,8203,12.0198708,295201713,52796670,653130635,66.6933799,372.902306,30.1440462
2021-02-01T00:00:00Z,FALSE,4,75,100,15351,5485,8203,12.0198708,295201713,52796670,653130635,70.5822462,394.646102,31.9017343
2021-02-01T00:00:00Z,FALSE,5,100,125,10882,3160,8203,12.0198708,295201713,52796670,653130635,47.5674746,265.963744,21.4995274
2021-02-01T00:00:00Z,FALSE,6,125,150,10505,2425,8203,12.0198708,295201713,52796670,653130635,43.8005588,244.901809,19.7969584
2021-02-01T00:00:00Z,FALSE,7,150,175,11861,2374,8203,12.0198708,295201713,52796670,653130635,48.2212649,269.619277,21.7950273
2021-02-01T00:00:00Z,FALSE,8,175,200,11605,2182,8203,12.0198708,295201713,52796670,653130635,46.7036585,261.133894,21.1091002
2021-02-01T00:00:00Z,FALSE,9,200,225,6815,1312,8203,12.0198708,295201713,52796670,653130635,27.530328,153.930163,12.4431462
2021-02-01T00:00:00Z,FALSE,10,225,Inf,14855,3323,8203,12.0198708,295201713,52796670,653130635,61.5782334,344.302018,27.8321044
2021-02-01T00:00:00Z,TRUE,1,0,25,25068,74142,8203,12.0198708,295201713,52796670,653130635,336.075285,1879.09578,151.899168
2021-02-01T00:00:00Z,TRUE,2,25,50,21745,20029,8203,12.0198708,295201713,52796670,653130635,141.510019,791.224144,63.9596396
2021-02-01T00:00:00Z,TRUE,3,50,75,7312,2098,8203,12.0198708,295201713,52796670,653130635,31.8765088,178.230938,14.4075312
2021-02-01T00:00:00Z,TRUE,4,75,100,1437,214,8203,12.0198708,295201713,52796670,653130635,5.59278597,31.2709116,2.52782508
2021-02-01T00:00:00Z,TRUE,5,100,Inf,130,19,8203,12.0198708,295201713,52796670,653130635,0.504739618,2.82214769,0.228132003
2021-03-01T00:00:00Z,FALSE,1,0,25,717,5114,8214,13.678354,334617432,52862479.5,740629907,17.4258704,110.305079,7.873028
2021-03-01T00:00:00Z,FALSE,2,25,50,4135,5807,8214,13.678354,334617432,52862479.5,740629907,29.7115424,188.072903,13.4237085
2021-03-01T00:00:00Z,FALSE,3,50,75,15940,8398,8214,13.678354,334617432,52862479.5,740629907,72.7338079,460.402165,32.8612169
2021-03-01T00:00:00Z,FALSE,4,75,100,19310,6933,8214,13.678354,334617432,52862479.5,740629907,78.4268765,496.439067,35.4333517
2021-03-01T00:00:00Z,FALSE,5,100,125,13264,3899,8214,13.678354,334617432,52862479.5,740629907,51.2914103,324.672625,23.1735173
2021-03-01T00:00:00Z,FALSE,6,125,150,12576,3118,8214,13.678354,334617432,52862479.5,740629907,46.9013222,296.883539,21.1900706
2021-03-01T00:00:00Z,FALSE,7,150,175,13973,2885,8214,13.678354,334617432,52862479.5,740629907,50.3799217,318.902937,22.7617057
2021-03-01T00:00:00Z,FALSE,8,175,200,13893,2514,8214,13.678354,334617432,52862479.5,740629907,49.0321138,310.371366,22.1527646
2021-03-01T00:00:00Z,FALSE,9,200,225,8166,1494,8214,13.678354,334617432,52862479.5,740629907,28.8687889,182.738307,13.0429516
2021-03-01T00:00:00Z,FALSE,10,225,Inf,17757,3733,8214,13.678354,334617432,52862479.5,740629907,64.2225956,406.526523,29.0158415
2021-03-01T00:00:00Z,TRUE,1,0,25,40238,100175,8214,13.678354,334617432,52862479.5,740629907,419.62249,2656.19398,189.585917
2021-03-01T00:00:00Z,TRUE,2,25,50,29396,28686,8214,13.678354,334617432,52862479.5,740629907,173.577329,1098.73772,78.422434
2021-03-01T00:00:00Z,TRUE,3,50,75,8810,2690,8214,13.678354,334617432,52862479.5,740629907,34.3676058,217.545603,15.5273233
2021-03-01T00:00:00Z,TRUE,4,75,100,1559,292,8214,13.678354,334617432,52862479.5,740629907,5.53169029,35.0153836,2.49922395
2021-03-01T00:00:00Z,TRUE,5,100,Inf,162,33,8214,13.678354,334617432,52862479.5,740629907,0.582755055,3.68881675,0.263289395
2021-04-01T00:00:00Z,FALSE,1,0,25,683,4893,8211,13.3772987,327614518,52973978.4,725233265,17.0200028,105.259227,7.68856073
2021-04-01T00:00:00Z,FALSE,2,25,50,4043,5797,8211,13.3772987,327614518,52973978.4,725233265,30.035299,185.751577,13.5680483
2021-04-01T00:00:00Z,FALSE,3,50,75,15278,8016,8211,13.3772987,327614518,52973978.4,725233265,71.1018552,439.725328,32.1193209
2021-04-01T00:00:00Z,FALSE,4,75,100,19303,6836,8211,13.3772987,327614518,52973978.4,725233265,79.7858416,493.430941,36.0421967
2021-04-01T00:00:00Z,FALSE,5,100,125,13403,3809,8211,13.3772987,327614518,52973978.4,725233265,52.5373543,324.914241,23.7330537
2021-04-01T00:00:00Z,FALSE,6,125,150,12688,3057,8211,13.3772987,327614518,52973978.4,725233265,48.0595308,297.2214,21.7102562
2021-04-01T00:00:00Z,FALSE,7,150,175,14487,2798,8211,13.3772987,327614518,52973978.4,725233265,52.7601772,326.292276,23.8337109
2021-04-01T00:00:00Z,FALSE,8,175,200,13919,2546,8211,13.3772987,327614518,52973978.4,725233265,50.2572356,310.812978,22.7030402
2021-04-01T00:00:00Z,FALSE,9,200,225,8079,1520,8211,13.3772987,327614518,52973978.4,725233265,29.2996784,181.202173,13.2357415
2021-04-01T00:00:00Z,FALSE,10,225,Inf,17543,3749,8211,13.3772987,327614518,52973978.4,725233265,64.9910149,401.933188,29.3588298
2021-04-01T00:00:00Z,TRUE,1,0,25,44443,105092,8211,13.3772987,327614518,52973978.4,725233265,456.435817,2822.80102,206.188832
2021-04-01T00:00:00Z,TRUE,2,25,50,30731,30260,8211,13.3772987,327614518,52973978.4,725233265,186.166964,1151.33886,84.098459
2021-04-01T00:00:00Z,TRUE,3,50,75,8376,2692,8211,13.3772987,327614518,52973978.4,725233265,33.7836067,208.932769,15.2612967
2021-04-01T00:00:00Z,TRUE,4,75,100,1756,317,8211,13.3772987,327614518,52973978.4,725233265,6.32755842,39.1324205,2.85839067
2021-04-01T00:00:00Z,TRUE,5,100,Inf,186,27,8211,13.3772987,327614518,52973978.4,725233265,0.650154338,4.02084205,0.293698607
2021-05-01T00:00:00Z,FALSE,1,0,25,542,3532,8207,13.4889728,329338844,52913188.8,729116496,12.3702384,76.9940368,5.58758446
2021-05-01T00:00:00Z,FALSE,2,25,50,4106,5099,8207,13.4889728,329338844,52913188.8,729116496,27.9499372,173.96419,12.6248687
2021-05-01T00:00:00Z,FALSE,3,50,75,16492,7641,8207,13.4889728,329338844,52913188.8,729116496,73.2771141,456.086669,33.0989631
2021-05-01T00:00:00Z,FALSE,4,75,100,20562,6803,8207,13.4889728,329338844,52913188.8,729116496,83.090715,517.167849,37.5317252
2021-05-01T00:00:00Z,FALSE,5,100,125,14188,3949,8207,13.4889728,329338844,52913188.8,729116496,55.0709409,342.768985,24.8753116
2021-05-01T00:00:00Z,FALSE,6,125,150,13722,3269,8207,13.4889728,329338844,52913188.8,729116496,51.5912421,321.110869,23.3035463
2021-05-01T00:00:00Z,FALSE,7,150,175,14991,2905,8207,13.4889728,329338844,52913188.8,729116496,54.3391718,338.214355,24.5447745
2021-05-01T00:00:00Z,FALSE,8,175,200,14430,2531,8207,13.4889728,329338844,52913188.8,729116496,51.5001505,320.543902,23.2624006
2021-05-01T00:00:00Z,FALSE,9,200,225,8389,1486,8207,13.4889728,329338844,52913188.8,729116496,29.9843161,186.626439,13.543789
2021-05-01T00:00:00Z,FALSE,10,225,Inf,18158,3827,8207,13.4889728,329338844,52913188.8,729116496,66.754956,415.491875,30.1529318
2021-05-01T00:00:00Z,TRUE,1,0,25,33460,76230,8207,13.4889728,329338844,52913188.8,729116496,333.061229,2073.01814,150.442351
2021-05-01T00:00:00Z,TRUE,2,25,50,26926,20953,8207,13.4889728,329338844,52913188.8,729116496,145.379147,904.859471,65.6671468
2021-05-01T00:00:00Z,TRUE,3,50,75,8641,2770,8207,13.4889728,329338844,52913188.8,729116496,34.6482057,215.655119,15.6504483
2021-05-01T00:00:00Z,TRUE,4,75,100,1943,452,8207,13.4889728,329338844,52913188.8,729116496,7.27214553,45.2628174,3.28479744
2021-05-01T00:00:00Z,TRUE,5,100,Inf,280,56,8207,13.4889728,329338844,52913188.8,729116496,1.02022585,6.35002365,0.460831708
2021-06-01T00:00:00Z,FALSE,1,0,25,593,3435,8190,12.9450549,314152297,52726893.1,693753901,12.8218066,76.3936534,5.80609348
2021-06-01T00:00:00Z,FALSE,2,25,50,4165,5152,8190,12.9450549,314152297,52726893.1,693753901,29.6575899,176.702996,13.4298344
2021-06-01T00:00:00Z,FALSE,3,50,75,15510,7195,8190,12.9450549,314152297,52726893.1,693753901,72.2738627,430.615169,32.7277439
2021-06-01T00:00:00Z,FALSE,4,75,100,20144,6020,8190,12.9450549,314152297,52726893.1,693753901,83.2844459,496.217365,37.7136618
2021-06-01T00:00:00Z,FALSE,5,100,125,13782,3626,8190,12.9450549,314152297,52726893.1,693753901,55.4126141,330.154101,25.0924715
2021-06-01T00:00:00Z,FALSE,6,125,150,13181,2896,8190,12.9450549,314152297,52726893.1,693753901,51.1758155,304.910816,23.1739237
2021-06-01T00:00:00Z,FALSE,7,150,175,14176,2723,8190,12.9450549,314152297,52726893.1,693753901,53.7923808,320.500583,24.3587819
2021-06-01T00:00:00Z,FALSE,8,175,200,13713,2257,8190,12.9450549,314152297,52726893.1,693753901,50.8352164,302.881491,23.019690400000002
2021-06-01T00:00:00Z,FALSE,9,200,225,7835,1324,8190,12.9450549,314152297,52726893.1,693753901,29.1546491,173.706423,13.2020879
2021-06-01T00:00:00Z,FALSE,10,225,Inf,16862,3528,8190,12.9450549,314152297,52726893.1,693753901,64.904825399999993,386.709681,29.3908257
2021-06-01T00:00:00Z,TRUE,1,0,25,39171,75190,8190,12.9450549,314152297,52726893.1,693753901,364.030443,2168.93113,164.843758
2021-06-01T00:00:00Z,TRUE,2,25,50,27302,19786,8190,12.9450549,314152297,52726893.1,693753901,149.889084,893.054705,67.8742129
2021-06-01T00:00:00Z,TRUE,3,50,75,8059,2375,8190,12.9450549,314152297,52726893.1,693753901,33.2131902,197.887632,15.0399154
2021-06-01T00:00:00Z,TRUE,4,75,100,1971,324,8190,12.9450549,314152297,52726893.1,693753901,7.30537392,43.5261754,3.30808951
2021-06-01T00:00:00Z,TRUE,5,100,Inf,285,40,8190,12.9450549,314152297,52726893.1,693753901,1.03453008,6.16383748,0.468465834
2021-07-01T00:00:00Z,FALSE,1,0,25,718,3565,8195,13.5493594,329655852,52990322.5,728753010,12.9923372,80.8260791,5.87716269
2021-07-01T00:00:00Z,FALSE,2,25,50,4261,5316,8195,13.5493594,329655852,52990322.5,728753010,29.0515091,180.731114,13.1416267
2021-07-01T00:00:00Z,FALSE,3,50,75,15931,7744,8195,13.5493594,329655852,52990322.5,728753010,71.8173205,446.779693,32.4870013
2021-07-01T00:00:00Z,FALSE,4,75,100,20908,6530,8195,13.5493594,329655852,52990322.5,728753010,83.2322552,517.792659,37.6506164
2021-07-01T00:00:00Z,FALSE,5,100,125,14461,3797,8195,13.5493594,329655852,52990322.5,728753010,55.3850322,344.553479,25.0537559
2021-07-01T00:00:00Z,FALSE,6,125,150,13493,3239,8195,13.5493594,329655852,52990322.5,728753010,50.7559623,315.755768,22.959768
2021-07-01T00:00:00Z,FALSE,7,150,175,14665,2893,8195,13.5493594,329655852,52990322.5,728753010,53.2616057,331.34352,24.093211
2021-07-01T00:00:00Z,FALSE,8,175,200,14145,2625,8195,13.5493594,329655852,52990322.5,728753010,50.871234,316.47288,23.0119118
2021-07-01T00:00:00Z,FALSE,9,200,225,8271,1508,8195,13.5493594,329655852,52990322.5,728753010,29.6642694,184.54313,13.4188125
2021-07-01T00:00:00Z,FALSE,10,225,Inf,18190,4051,8195,13.5493594,329655852,52990322.5,728753010,67.4673295,419.718147,30.5192565
2021-07-01T00:00:00Z,TRUE,1,0,25,41262,74867,8195,13.5493594,329655852,52990322.5,728753010,352.273437,2191.51336,159.35303
2021-07-01T00:00:00Z,TRUE,2,25,50,26962,20623,8195,13.5493594,329655852,52990322.5,728753010,144.347506,897.994157,65.2964713
2021-07-01T00:00:00Z,TRUE,3,50,75,8188,2572,8195,13.5493594,329655852,52990322.5,728753010,32.6401001,203.055945,14.7649476
2021-07-01T00:00:00Z,TRUE,4,75,100,2031,351,8195,13.5493594,329655852,52990322.5,728753010,7.22571732,44.9516041,3.26859714
2021-07-01T00:00:00Z,TRUE,5,100,Inf,309,41,8195,13.5493594,329655852,52990322.5,728753010,1.06171329,6.60497961,0.480272459
2021-08-01T00:00:00Z,FALSE,1,0,25,658,4900,8264,13.7084947,337975077,53688504.8,749574294,16.4449996,103.523092,7.41487541
2021-08-01T00:00:00Z,FALSE,2,25,50,4341,6063,8264,13.7084947,337975077,53688504.8,749574294,30.783335,193.784499,13.8798783
2021-08-01T00:00:00Z,FALSE,3,50,75,16450,8565,8264,13.7084947,337975077,53688504.8,749574294,74.0143333,465.928416,33.3722757
2021-08-01T00:00:00Z,FALSE,4,75,100,20775,7202,8264,13.7084947,337975077,53688504.8,749574294,82.7782932,521.098512,37.323852
2021-08-01T00:00:00Z,FALSE,5,100,125,14160,3991,8264,13.7084947,337975077,53688504.8,749574294,53.7051435,338.079819,24.215078
2021-08-01T00:00:00Z,FALSE,6,125,150,13618,3345,8264,13.7084947,337975077,53688504.8,749574294,50.1900914,315.952177,22.6301784
2021-08-01T00:00:00Z,FALSE,7,150,175,15086,2918,8264,13.7084947,337975077,53688504.8,749574294,53.2702002,335.341803,24.0189667
2021-08-01T00:00:00Z,FALSE,8,175,200,14670,2682,8264,13.7084947,337975077,53688504.8,749574294,51.3410638,323.197676,23.1491396
2021-08-01T00:00:00Z,FALSE,9,200,225,8495,1479,8264,13.7084947,337975077,53688504.8,749574294,29.5110518,185.775336,13.3062194
2021-08-01T00:00:00Z,FALSE,10,225,Inf,18499,4047,8264,13.7084947,337975077,53688504.8,749574294,66.7090609,419.940918,30.0784061
2021-08-01T00:00:00Z,TRUE,1,0,25,45305,102919,8264,13.7084947,337975077,53688504.8,749574294,438.564883,2760.81445,197.744241
2021-08-01T00:00:00Z,TRUE,2,25,50,30514,31440,8264,13.7084947,337975077,53688504.8,749574294,183.309375,1153.95279,82.6522474
2021-08-01T00:00:00Z,TRUE,3,50,75,8681,2968,8264,13.7084947,337975077,53688504.8,749574294,34.4670385,216.97382,15.5408211
2021-08-01T00:00:00Z,TRUE,4,75,100,2132,352,8264,13.7084947,337975077,53688504.8,749574294,7.34965437,46.2668873,3.31388099
2021-08-01T00:00:00Z,TRUE,5,100,Inf,310,45,8264,13.7084947,337975077,53688504.8,749574294,1.05037331,6.61221617,0.473602154
2021-09-01T00:00:00Z,FALSE,1,0,25,665,5365,8271,13.7186555,336895406,53642395.1,746569657,17.8987303,112.411088,8.07694225
2021-09-01T00:00:00Z,FALSE,2,25,50,4505,6023,8271,13.7186555,336895406,53642395.1,746569657,31.2500551,196.262676,14.1018322
2021-09-01T00:00:00Z,FALSE,3,50,75,16274,8801,8271,13.7186555,336895406,53642395.1,746569657,74.4296288,467.447435,33.586953
2021-09-01T00:00:00Z,FALSE,4,75,100,20424,7149,8271,13.7186555,336895406,53642395.1,746569657,81.844393,514.01508,36.9329235
2021-09-01T00:00:00Z,FALSE,5,100,125,14024,3992,8271,13.7186555,336895406,53642395.1,746569657,53.4765381,335.853758,24.1317067
2021-09-01T00:00:00Z,FALSE,6,125,150,13359,3310,8271,13.7186555,336895406,53642395.1,746569657,49.4782645,310.743023,22.3274544
2021-09-01T00:00:00Z,FALSE,7,150,175,14978,2938,8271,13.7186555,336895406,53642395.1,746569657,53.1797101,333.989561,23.9977607
2021-09-01T00:00:00Z,FALSE,8,175,200,14187,2557,8271,13.7186555,336895406,53642395.1,746569657,49.7008855,312.141171,22.4279139
2021-09-01T00:00:00Z,FALSE,9,200,225,8239,1553,8271,13.7186555,336895406,53642395.1,746569657,29.0654008,182.542185,13.1159898
2021-09-01T00:00:00Z,FALSE,10,225,Inf,18086,4232,8271,13.7186555,336895406,53642395.1,746569657,66.24608,416.05152,29.8940625
2021-09-01T00:00:00Z,TRUE,1,0,25,57917,123176,8271,13.7186555,336895406,53642395.1,746569657,537.534786,3375.93054,242.566783
2021-09-01T00:00:00Z,TRUE,2,25,50,36752,37799,8271,13.7186555,336895406,53642395.1,746569657,221.288266,1389.77762,99.8580632
2021-09-01T00:00:00Z,TRUE,3,50,75,9123,3269,8271,13.7186555,336895406,53642395.1,746569657,36.7829296,231.011311,16.5985851
2021-09-01T00:00:00Z,TRUE,4,75,100,2030,365,8271,13.7186555,336895406,53642395.1,746569657,7.10903135,44.6475217,3.20800608
2021-09-01T00:00:00Z,TRUE,5,100,Inf,239,33,8271,13.7186555,336895406,53642395.1,746569657,0.807372245,5.07061624,0.36433305
2021-10-01T00:00:00Z,FALSE,1,0,25,926,6464,8254,14.1425975,345698702,53547418.1,767152126,21.3769967,138.008521,9.63303072
2021-10-01T00:00:00Z,FALSE,2,25,50,4550,6481,8254,14.1425975,345698702,53547418.1,767152126,31.9092897,206.00433,14.3791559
2021-10-01T00:00:00Z,FALSE,3,50,75,17368,9248,8254,14.1425975,345698702,53547418.1,767152126,76.9919004,497.054778,34.6945529
2021-10-01T00:00:00Z,FALSE,4,75,100,21405,7855,8254,14.1425975,345698702,53547418.1,767152126,84.6401791,546.431575,38.1410662
2021-10-01T00:00:00Z,FALSE,5,100,125,14707,4162,8254,14.1425975,345698702,53547418.1,767152126,54.5822125,352.379268,24.5961646
2021-10-01T00:00:00Z,FALSE,6,125,150,13961,3433,8254,14.1425975,345698702,53547418.1,767152126,50.3154913,324.833589,22.6734691
2021-10-01T00:00:00Z,FALSE,7,150,175,15385,3147,8254,14.1425975,345698702,53547418.1,767152126,53.6073752,346.085781,24.1568776
2021-10-01T00:00:00Z,FALSE,8,175,200,15013,2886,8254,14.1425975,345698702,53547418.1,767152126,51.7763009,334.264482,23.3317479
2021-10-01T00:00:00Z,FALSE,9,200,225,9160,1759,8254,14.1425975,345698702,53547418.1,767152126,31.5853081,203.912726,14.2331614
2021-10-01T00:00:00Z,FALSE,10,225,Inf,20017,4497,8254,14.1425975,345698702,53547418.1,767152126,70.911461,457.79985,31.9545487
2021-10-01T00:00:00Z,TRUE,1,0,25,49097,117966,8254,14.1425975,345698702,53547418.1,767152126,483.261867,3119.90766,217.770367
2021-10-01T00:00:00Z,TRUE,2,25,50,35843,35490,8254,14.1425975,345698702,53547418.1,767152126,206.344426,1332.1464,92.9841651
2021-10-01T00:00:00Z,TRUE,3,50,75,10018,3352,8254,14.1425975,345698702,53547418.1,767152126,38.6752971,249.685241,17.4280948
2021-10-01T00:00:00Z,TRUE,4,75,100,2109,377,8254,14.1425975,345698702,53547418.1,767152126,7.19123326,46.4261413,3.24055675
2021-10-01T00:00:00Z,TRUE,5,100,Inf,264,29,8254,14.1425975,345698702,53547418.1,767152126,0.847558868,5.47178576,0.381932071
2021-11-01T00:00:00Z,FALSE,1,0,25,974,6288,8265,12.831216,313858201,53663591.8,696506096,23.1378373,135.324524,10.4263265
2021-11-01T00:00:00Z,FALSE,2,25,50,3837,5946,8265,12.831216,313858201,53663591.8,696506096,31.1701271,182.302371,14.0458211
2021-11-01T00:00:00Z,FALSE,3,50,75,14800,9362,8265,12.831216,313858201,53663591.8,696506096,76.9838097,450.2494,34.6902922
2021-11-01T00:00:00Z,FALSE,4,75,100,18263,8302,8265,12.831216,313858201,53663591.8,696506096,84.6401335,495.028363,38.1403697
2021-11-01T00:00:00Z,FALSE,5,100,125,12419,4595,8265,12.831216,313858201,53663591.8,696506096,54.2091937,317.049222,24.4276398
2021-11-01T00:00:00Z,FALSE,6,125,150,11871,4037,8265,12.831216,313858201,53663591.8,696506096,50.6853094,296.439345,22.839714
2021-11-01T00:00:00Z,FALSE,7,150,175,13414,3608,8265,12.831216,313858201,53663591.8,696506096,54.2346829,317.198298,24.4391257
2021-11-01T00:00:00Z,FALSE,8,175,200,13081,3135,8265,12.831216,313858201,53663591.8,696506096,51.6666442,302.178804,23.2819211
2021-11-01T00:00:00Z,FALSE,9,200,225,7839,1924,8265,12.831216,313858201,53663591.8,696506096,31.106404,181.929679,14.0171063
2021-11-01T00:00:00Z,FALSE,10,225,Inf,17057,4970,8265,12.831216,313858201,53663591.8,696506096,70.1813747,410.464512,31.6249924
2021-11-01T00:00:00Z,TRUE,1,0,25,29654,115881,8265,12.831216,313858201,53663591.8,696506096,463.696662,2711.98768,208.950074
2021-11-01T00:00:00Z,TRUE,2,25,50,25170,38249,8265,12.831216,313858201,53663591.8,696506096,202.062587,1181.78821,91.0530437
2021-11-01T00:00:00Z,TRUE,3,50,75,8346,3521,8265,12.831216,313858201,53663591.8,696506096,37.8100683,221.136894,17.0378983
2021-11-01T00:00:00Z,TRUE,4,75,100,1646,289,8265,12.831216,313858201,53663591.8,696506096,6.16520453,36.0579666,2.77815228
2021-11-01T00:00:00Z,TRUE,5,100,Inf,207,29,8265,12.831216,313858201,53663591.8,696506096,0.751931921,4.3977675,0.338834077
2021-12-01T00:00:00Z,FALSE,1,0,25,1138,4666,8267,12.2433773,304718935,53784873,676128819,19.0470606,107.911383,8.58416301
2021-12-01T00:00:00Z,FALSE,2,25,50,4234,5180,8267,12.2433773,304718935,53784873,676128819,30.8940434,175.030626,13.9233823
2021-12-01T00:00:00Z,FALSE,3,50,75,15224,7398,8267,12.2433773,304718935,53784873,676128819,74.2389049,420.601533,33.4581212
2021-12-01T00:00:00Z,FALSE,4,75,100,17896,5861,8267,12.2433773,304718935,53784873,676128819,77.9636488,441.70412,35.1367954
2021-12-01T00:00:00Z,FALSE,5,100,125,12306,3037,8267,12.2433773,304718935,53784873,676128819,50.3513181,285.266082,22.6924213
2021-12-01T00:00:00Z,FALSE,6,125,150,11680,2468,8267,12.2433773,304718935,53784873,676128819,46.4296714,263.047939,20.9250066
2021-12-01T00:00:00Z,FALSE,7,150,175,12881,2300,8267,12.2433773,304718935,53784873,676128819,49.8196806,282.254083,22.452822
2021-12-01T00:00:00Z,FALSE,8,175,200,13073,2130,8267,12.2433773,304718935,53784873,676128819,49.8918783,282.66312,22.4853601
2021-12-01T00:00:00Z,FALSE,9,200,225,7865,1313,8267,12.2433773,304718935,53784873,676128819,30.1195592,170.642775,13.5743363
2021-12-01T00:00:00Z,FALSE,10,225,Inf,17292,3388,8267,12.2433773,304718935,53784873,676128819,67.8658188,384.494726,30.5858875
2021-12-01T00:00:00Z,TRUE,1,0,25,37807,82049,8267,12.2433773,304718935,53784873,676128819,393.332958,2228.43326,177.267995
2021-12-01T00:00:00Z,TRUE,2,25,50,31401,24991,8267,12.2433773,304718935,53784873,676128819,185.062343,1048.47324,83.4042248
2021-12-01T00:00:00Z,TRUE,3,50,75,7485,2289,8267,12.2433773,304718935,53784873,676128819,32.07546,181.723958,14.4558252
2021-12-01T00:00:00Z,TRUE,4,75,100,1276,193,8267,12.2433773,304718935,53784873,676128819,4.82083597,27.3125122,2.1726629
2021-12-01T00:00:00Z,TRUE,5,100,Inf,122,12,8267,12.2433773,304718935,53784873,676128819,0.439749503,2.49140683,0.198187085
2022-01-01T00:00:00Z,FALSE,1,0,25,790,4235,7725,8.96194175,214902037,49299773.9,467519869,23.3827471,101.927445,10.7482063
2022-01-01T00:00:00Z,FALSE,2,25,50,3236,4433,7725,8.96194175,214902037,49299773.9,467519869,35.6860274,155.558523,16.4035809
2022-01-01T00:00:00Z,FALSE,3,50,75,9232,5206,7725,8.96194175,214902037,49299773.9,467519869,67.1841002,292.861383,30.88211
2022-01-01T00:00:00Z,FALSE,4,75,100,10477,3979,7725,8.96194175,214902037,49299773.9,467519869,67.2678593,293.226497,30.920611
2022-01-01T00:00:00Z,FALSE,5,100,125,7316,2129,7725,8.96194175,214902037,49299773.9,467519869,43.9502581,191.583029,20.20235
2022-01-01T00:00:00Z,FALSE,6,125,150,7035,1638,7725,8.96194175,214902037,49299773.9,467519869,40.3579236,175.923728,18.5510832
2022-01-01T00:00:00Z,FALSE,7,150,175,8492,1615,7725,8.96194175,214902037,49299773.9,467519869,47.0307314,205.011082,21.6183326
2022-01-01T00:00:00Z,FALSE,8,175,200,8897,1382,7725,8.96194175,214902037,49299773.9,467519869,47.8310961,208.499942,21.9862314
2022-01-01T00:00:00Z,FALSE,9,200,225,5299,855,7725,8.96194175,214902037,49299773.9,467519869,28.6363037,124.828159,13.1630769
2022-01-01T00:00:00Z,FALSE,10,225,Inf,11765,2308,7725,8.96194175,214902037,49299773.9,467519869,65.4856519,285.457698,30.1013945
2022-01-01T00:00:00Z,TRUE,1,0,25,18350,58067,7725,8.96194175,214902037,49299773.9,467519869,355.589928,1550.04768,163.451877
2022-01-01T00:00:00Z,TRUE,2,25,50,15720,13914,7725,8.96194175,214902037,49299773.9,467519869,137.895389,601.098091,63.3855414
2022-01-01T00:00:00Z,TRUE,3,50,75,4351,1240,7725,8.96194175,214902037,49299773.9,467519869,26.0165053,113.408228,11.95885
2022-01-01T00:00:00Z,TRUE,4,75,100,765,127,7725,8.96194175,214902037,49299773.9,467519869,4.15072845,18.0933893,1.9079403
2022-01-01T00:00:00Z,TRUE,5,100,Inf,72,6,7725,8.96194175,214902037,49299773.9,467519869,0.362956075,1.58215736,0.166837829
2022-02-01T00:00:00Z,FALSE,1,0,25,691,3990,7865,8.00788303,195233024,49959198.5,425141652,23.9764764,93.6964592,11.0104479
2022-02-01T00:00:00Z,FALSE,2,25,50,3179,4026,7865,8.00788303,195233024,49959198.5,425141652,36.9046171,144.217686,16.9472927
2022-02-01T00:00:00Z,FALSE,3,50,75,8436,5010,7865,8.00788303,195233024,49959198.5,425141652,68.871545,269.139626,31.6271058
2022-02-01T00:00:00Z,FALSE,4,75,100,9714,3889,7865,8.00788303,195233024,49959198.5,425141652,69.6757122,272.282191,31.9963945
2022-02-01T00:00:00Z,FALSE,5,100,125,6770,1874,7865,8.00788303,195233024,49959198.5,425141652,44.2752964,173.021191,20.3320469
2022-02-01T00:00:00Z,FALSE,6,125,150,6547,1435,7865,8.00788303,195233024,49959198.5,425141652,40.8844766,159.770378,18.7749188
2022-02-01T00:00:00Z,FALSE,7,150,175,7979,1466,7865,8.00788303,195233024,49959198.5,425141652,48.3780859,189.054274,22.2161248
2022-02-01T00:00:00Z,FALSE,8,175,200,8168,1252,7865,8.00788303,195233024,49959198.5,425141652,48.2500337,188.553866,22.1573209
2022-02-01T00:00:00Z,FALSE,9,200,225,4994,756,7865,8.00788303,195233024,49959198.5,425141652,29.4519845,115.09392,13.5249039
2022-02-01T00:00:00Z,FALSE,10,225,Inf,11252,2202,7865,8.00788303,195233024,49959198.5,425141652,68.9125217,269.299757,31.645923
2022-02-01T00:00:00Z,TRUE,1,0,25,16122,52582,7865,8.00788303,195233024,49959198.5,425141652,351.907677,1375.20221,161.602609
2022-02-01T00:00:00Z,TRUE,2,25,50,14783,12195,7865,8.00788303,195233024,49959198.5,425141652,138.183589,540.000657,63.4564971
2022-02-01T00:00:00Z,TRUE,3,50,75,4416,1184,7865,8.00788303,195233024,49959198.5,425141652,28.6836719,112.09147,13.1720803
2022-02-01T00:00:00Z,TRUE,4,75,100,735,143,7865,8.00788303,195233024,49959198.5,425141652,4.49718998,17.5743412,2.06519403
2022-02-01T00:00:00Z,TRUE,5,100,Inf,63,12,7865,8.00788303,195233024,49959198.5,425141652,0.38415632,1.50122505,0.17641179
2022-03-01T00:00:00Z,FALSE,1,0,25,799,4813,7904,8.93205972,219086206,50239506.5,477813259,25.6154876,111.704919,11.7451743
2022-03-01T00:00:00Z,FALSE,2,25,50,3481,4821,7904,8.93205972,219086206,50239506.5,477813259,37.8937594,165.248439,17.3749887
2022-03-01T00:00:00Z,FALSE,3,50,75,9684,5678,7904,8.93205972,219086206,50239506.5,477813259,70.1185175,305.775297,32.1506356
2022-03-01T00:00:00Z,FALSE,4,75,100,11645,4354,7904,8.93205972,219086206,50239506.5,477813259,73.0260488,318.454561,33.4837924
2022-03-01T00:00:00Z,FALSE,5,100,125,8063,2364,7904,8.93205972,219086206,50239506.5,477813259,47.5931378,207.545829,21.8223329
2022-03-01T00:00:00Z,FALSE,6,125,150,7604,1721,7904,8.93205972,219086206,50239506.5,477813259,42.5631543,185.6109,19.5159925
2022-03-01T00:00:00Z,FALSE,7,150,175,8845,1487,7904,8.93205972,219086206,50239506.5,477813259,47.1595185,205.654886,21.6235104
2022-03-01T00:00:00Z,FALSE,8,175,200,9337,1461,7904,8.93205972,219086206,50239506.5,477813259,49.2865351,214.930455,22.5987868
2022-03-01T00:00:00Z,FALSE,9,200,225,5604,891,7904,8.93205972,219086206,50239506.5,477813259,29.6458646,129.280729,13.5931766
2022-03-01T00:00:00Z,FALSE,10,225,Inf,12610,2341,7904,8.93205972,219086206,50239506.5,477813259,68.2425436,297.594484,31.290467
2022-03-01T00:00:00Z,TRUE,1,0,25,21932,65791,7904,8.93205972,219086206,50239506.5,477813259,400.40403,1746.09597,183.592645
2022-03-01T00:00:00Z,TRUE,2,25,50,17135,15052,7904,8.93205972,219086206,50239506.5,477813259,146.914772,640.671102,67.3631369
2022-03-01T00:00:00Z,TRUE,3,50,75,4897,1535,7904,8.93205972,219086206,50239506.5,477813259,29.3583065,128.026735,13.4613259
2022-03-01T00:00:00Z,TRUE,4,75,100,993,193,7904,8.93205972,219086206,50239506.5,477813259,5.41339421,23.6069198,2.48214125
2022-03-01T00:00:00Z,TRUE,5,100,Inf,98,27,7904,8.93205972,219086206,50239506.5,477813259,0.570551666,2.48808177,0.261608479
2022-04-01T00:00:00Z,FALSE,1,0,25,617,3743,7905,8.45983555,206947412,50308383.8,451648858,21.0681542,86.6654754,9.65351715
2022-04-01T00:00:00Z,FALSE,2,25,50,3567,4315,7905,8.45983555,206947412,50308383.8,451648858,38.0869706,156.673687,17.4516106
2022-04-01T00:00:00Z,FALSE,3,50,75,9819,5275,7905,8.45983555,206947412,50308383.8,451648858,72.9364037,300.029515,33.4197679
2022-04-01T00:00:00Z,FALSE,4,75,100,11600,4284,7905,8.45983555,206947412,50308383.8,451648858,76.7537986,315.732663,35.1689143
2022-04-01T00:00:00Z,FALSE,5,100,125,8293,2268,7905,8.45983555,206947412,50308383.8,451648858,51.0322883,209.925249,23.3832098
2022-04-01T00:00:00Z,FALSE,6,125,150,7941,1766,7905,8.45983555,206947412,50308383.8,451648858,46.9056361,192.949947,21.4923603
2022-04-01T00:00:00Z,FALSE,7,150,175,9065,1440,7905,8.45983555,206947412,50308383.8,451648858,50.7616881,208.812114,23.2592196
2022-04-01T00:00:00Z,FALSE,8,175,200,9203,1453,7905,8.45983555,206947412,50308383.8,451648858,51.4913421,211.813602,23.5935502
2022-04-01T00:00:00Z,FALSE,9,200,225,5766,860,7905,8.45983555,206947412,50308383.8,451648858,32.0177959,131.70767,14.6706891
2022-04-01T00:00:00Z,FALSE,10,225,Inf,12574,2401,7905,8.45983555,206947412,50308383.8,451648858,72.3613784,297.664104,33.1562888
2022-04-01T00:00:00Z,TRUE,1,0,25,24936,59955,7905,8.45983555,206947412,50308383.8,451648858,410.205661,1687.41259,187.957964
2022-04-01T00:00:00Z,TRUE,2,25,50,18012,15188,7905,8.45983555,206947412,50308383.8,451648858,160.42723,659.929767,73.5084333
2022-04-01T00:00:00Z,TRUE,3,50,75,4578,1490,7905,8.45983555,206947412,50308383.8,451648858,29.3214587,120.616079,13.4352161
2022-04-01T00:00:00Z,TRUE,4,75,100,892,181,7905,8.45983555,206947412,50308383.8,451648858,5.18489209,21.328453,2.37573943
2022-04-01T00:00:00Z,TRUE,5,100,Inf,108,14,7905,8.45983555,206947412,50308383.8,451648858,0.589521747,2.42504312,0.270121351
2022-05-01T00:00:00Z,FALSE,1,0,25,551,2820,7871,8.4266294,204328564,49375250.4,443159550,16.4979381,68.2730715,7.60674118
2022-05-01T00:00:00Z,FALSE,2,25,50,3165,3706,7871,8.4266294,204328564,49375250.4,443159550,33.6272122,139.158788,15.5045739
2022-05-01T00:00:00Z,FALSE,3,50,75,9151,4659,7871,8.4266294,204328564,49375250.4,443159550,67.5872218,279.694784,31.1625914
2022-05-01T00:00:00Z,FALSE,4,75,100,11553,3847,7871,8.4266294,204328564,49375250.4,443159550,75.3688064,311.897153,34.750464
2022-05-01T00:00:00Z,FALSE,5,100,125,8156,2192,7871,8.4266294,204328564,49375250.4,443159550,50.6439226,209.578684,23.3505066
2022-05-01T00:00:00Z,FALSE,6,125,150,7758,1718,7871,8.4266294,204328564,49375250.4,443159550,46.3762863,191.918014,21.382818
2022-05-01T00:00:00Z,FALSE,7,150,175,8656,1594,7871,8.4266294,204328564,49375250.4,443159550,50.1643029,207.593884,23.1293673
2022-05-01T00:00:00Z,FALSE,8,175,200,8934,1492,7871,8.4266294,204328564,49375250.4,443159550,51.0256607,211.158423,23.5265154
2022-05-01T00:00:00Z,FALSE,9,200,225,5482,792,7871,8.4266294,204328564,49375250.4,443159550,30.7054475,127.06771,14.1574293
2022-05-01T00:00:00Z,FALSE,10,225,Inf,12025,2440,7871,8.4266294,204328564,49375250.4,443159550,70.7928431,292.96054,32.6406144
2022-05-01T00:00:00Z,TRUE,1,0,25,20870,51150,7871,8.4266294,204328564,49375250.4,443159550,352.471522,1458.62551,162.514832
2022-05-01T00:00:00Z,TRUE,2,25,50,15328,12425,7871,8.4266294,204328564,49375250.4,443159550,135.825356,562.083226,62.6253005
2022-05-01T00:00:00Z,TRUE,3,50,75,4412,1490,7871,8.4266294,204328564,49375250.4,443159550,28.8848503,119.533571,13.3180025
2022-05-01T00:00:00Z,TRUE,4,75,100,989,173,7871,8.4266294,204328564,49375250.4,443159550,5.68691903,23.5340579,2.62208047
2022-05-01T00:00:00Z,TRUE,5,100,Inf,117,22,7871,8.4266294,204328564,49375250.4,443159550,0.680276889,2.8151756,0.313656786
2022-06-01T00:00:00Z,FALSE,1,0,25,522,3816,7752,8.35552116,198212168,48097949.5,428250916,21.8856392,90.1909551,10.1295755
2022-06-01T00:00:00Z,FALSE,2,25,50,3376,3821,7752,8.35552116,198212168,48097949.5,428250916,36.3095771,149.632158,16.8055682
2022-06-01T00:00:00Z,FALSE,3,50,75,9162,4463,7752,8.35552116,198212168,48097949.5,428250916,68.7394732,283.276109,31.8154602
2022-06-01T00:00:00Z,FALSE,4,75,100,11356,3658,7752,8.35552116,198212168,48097949.5,428250916,75.7471156,312.154679,35.0588859
2022-06-01T00:00:00Z,FALSE,5,100,125,8170,2103,7752,8.35552116,198212168,48097949.5,428250916,51.8283015,213.584989,23.9882732
2022-06-01T00:00:00Z,FALSE,6,125,150,8046,1714,7752,8.35552116,198212168,48097949.5,428250916,49.2401657,202.919253,22.7903774
2022-06-01T00:00:00Z,FALSE,7,150,175,8869,1526,7752,8.35552116,198212168,48097949.5,428250916,52.4438036,216.121479,24.273153
2022-06-01T00:00:00Z,FALSE,8,175,200,8957,1363,7752,8.35552116,198212168,48097949.5,428250916,52.0654211,214.562161,24.098022
2022-06-01T00:00:00Z,FALSE,9,200,225,5409,815,7752,8.35552116,198212168,48097949.5,428250916,31.4006959,129.402606,14.5335357
2022-06-01T00:00:00Z,FALSE,10,225,Inf,12415,2308,7752,8.35552116,198212168,48097949.5,428250916,74.2789918,306.104525,34.3793777
2022-06-01T00:00:00Z,TRUE,1,0,25,22706,52085,7752,8.35552116,198212168,48097949.5,428250916,377.327995,1554.97273,174.642942
2022-06-01T00:00:00Z,TRUE,2,25,50,15580,11603,7752,8.35552116,198212168,48097949.5,428250916,137.140925,565.159228,63.4744701
2022-06-01T00:00:00Z,TRUE,3,50,75,4551,1431,7752,8.35552116,198212168,48097949.5,428250916,30.1797819,124.371206,13.9684465
2022-06-01T00:00:00Z,TRUE,4,75,100,1060,194,7752,8.35552116,198212168,48097949.5,428250916,6.32655408,26.0717975,2.92818988
2022-06-01T00:00:00Z,TRUE,5,100,Inf,125,15,7752,8.35552116,198212168,48097949.5,428250916,0.706313853,2.910727,0.326911151
2022-07-01T00:00:00Z,FALSE,1,0,25,440,2888,7649,8.02261734,187268806,47491565.4,404353367,17.7712459,70.0756013,8.23042485
2022-07-01T00:00:00Z,FALSE,2,25,50,3061,3308,7649,8.02261734,187268806,47491565.4,404353367,34.0099355,134.108024,15.7510745
2022-07-01T00:00:00Z,FALSE,3,50,75,8590,4063,7649,8.02261734,187268806,47491565.4,404353367,67.565978,266.426257,31.2919368
2022-07-01T00:00:00Z,FALSE,4,75,100,10679,3340,7649,8.02261734,187268806,47491565.4,404353367,74.8603055,295.189259,34.6701701
2022-07-01T00:00:00Z,FALSE,5,100,125,7765,1953,7649,8.02261734,187268806,47491565.4,404353367,51.8933197,204.625809,24.0334341
2022-07-01T00:00:00Z,FALSE,6,125,150,7532,1627,7649,8.02261734,187268806,47491565.4,404353367,48.9083057,192.855298,22.6509799
2022-07-01T00:00:00Z,FALSE,7,150,175,8435,1527,7649,8.02261734,187268806,47491565.4,404353367,53.1962596,209.763564,24.6368667
2022-07-01T00:00:00Z,FALSE,8,175,200,8392,1308,7649,8.02261734,187268806,47491565.4,404353367,51.7972012,204.246795,23.9889186
2022-07-01T00:00:00Z,FALSE,9,200,225,5093,793,7649,8.02261734,187268806,47491565.4,404353367,31.4307553,123.937797,14.5565747
2022-07-01T00:00:00Z,FALSE,10,225,Inf,11370,2174,7649,8.02261734,187268806,47491565.4,404353367,72.3238446,285.187483,33.495455
2022-07-01T00:00:00Z,TRUE,1,0,25,22302,45571,7649,8.02261734,187268806,47491565.4,404353367,362.43623,1429.15904,167.855657
2022-07-01T00:00:00Z,TRUE,2,25,50,14447,10573,7649,8.02261734,187268806,47491565.4,404353367,133.604739,526.830392,61.8765714
2022-07-01T00:00:00Z,TRUE,3,50,75,4044,1237,7649,8.02261734,187268806,47491565.4,404353367,28.2001051,111.198693,13.0603587
2022-07-01T00:00:00Z,TRUE,4,75,100,1044,178,7649,8.02261734,187268806,47491565.4,404353367,6.52537936,25.7308848,3.02210912
2022-07-01T00:00:00Z,TRUE,5,100,Inf,161,16,7649,8.02261734,187268806,47491565.4,404353367,0.945165423,3.72697759,0.437735937
2022-08-01T00:00:00Z,FALSE,1,0,25,604,3885,7846,8.56079531,205346279,49035755,446206492,21.8606348,91.5454447,10.0603646
2022-08-01T00:00:00Z,FALSE,2,25,50,3759,4513,7846,8.56079531,205346279,49035755,446206492,40.2831746,168.693232,18.5385021
2022-08-01T00:00:00Z,FALSE,3,50,75,9820,5103,7846,8.56079531,205346279,49035755,446206492,72.6723664,304.328953,33.4441571
2022-08-01T00:00:00Z,FALSE,4,75,100,11688,4024,7846,8.56079531,205346279,49035755,446206492,76.5146566,320.419253,35.2123967
2022-08-01T00:00:00Z,FALSE,5,100,125,8397,2227,7846,8.56079531,205346279,49035755,446206492,51.7369979,216.658232,23.8096043
2022-08-01T00:00:00Z,FALSE,6,125,150,8110,1698,7846,8.56079531,205346279,49035755,446206492,47.7632225,200.017314,21.9808546
2022-08-01T00:00:00Z,FALSE,7,150,175,9349,1604,7846,8.56079531,205346279,49035755,446206492,53.3391696,223.367622,24.5469311
2022-08-01T00:00:00Z,FALSE,8,175,200,9372,1515,7846,8.56079531,205346279,49035755,446206492,53.0177613,222.021665,24.3990175
2022-08-01T00:00:00Z,FALSE,9,200,225,5565,854,7846,8.56079531,205346279,49035755,446206492,31.2593929,130.90448,14.3857163
2022-08-01T00:00:00Z,FALSE,10,225,Inf,12846,2357,7846,8.56079531,205346279,49035755,446206492,74.0359168,310.039072,34.0716692
2022-08-01T00:00:00Z,TRUE,1,0,25,29758,63169,7846,8.56079531,205346279,49035755,446206492,452.538028,1895.08655,208.260081
2022-08-01T00:00:00Z,TRUE,2,25,50,19546,15915,7846,8.56079531,205346279,49035755,446206492,172.688788,723.166187,79.4721741
2022-08-01T00:00:00Z,TRUE,3,50,75,4877,1462,7846,8.56079531,205346279,49035755,446206492,30.869807,129.273017,14.2064271
2022-08-01T00:00:00Z,TRUE,4,75,100,1174,195,7846,8.56079531,205346279,49035755,446206492,6.66678748,27.9184036,3.06808624
2022-08-01T00:00:00Z,TRUE,5,100,Inf,175,31,7846,8.56079531,205346279,49035755,446206492,1.00318351,4.20101617,0.461669661
2022-09-01T00:00:00Z,FALSE,1,0,25,600,4079,7815,8.50850928,203825982,49168999.4,442608901,22.9558565,95.1615868,10.5714096
2022-09-01T00:00:00Z,FALSE,2,25,50,3599,4446,7815,8.50850928,203825982,49168999.4,442608901,39.4699435,163.619356,18.1763177
2022-09-01T00:00:00Z,FALSE,3,50,75,10176,5501,7815,8.50850928,203825982,49168999.4,442608901,76.9136488,318.83911,35.4195317
2022-09-01T00:00:00Z,FALSE,4,75,100,12035,4300,7815,8.50850928,203825982,49168999.4,442608901,80.1418928,332.221526,36.9061715
2022-09-01T00:00:00Z,FALSE,5,100,125,8315,2183,7815,8.50850928,203825982,49168999.4,442608901,51.5047193,213.508514,23.7184566
2022-09-01T00:00:00Z,FALSE,6,125,150,8204,1762,7815,8.50850928,203825982,49168999.4,442608901,48.8946497,202.688689,22.5164925
2022-09-01T00:00:00Z,FALSE,7,150,175,9483,1664,7815,8.50850928,203825982,49168999.4,442608901,54.688808,226.707888,25.1847624
2022-09-01T00:00:00Z,FALSE,8,175,200,9561,1513,7815,8.50850928,203825982,49168999.4,442608901,54.3306594,225.223213,25.0198312
2022-09-01T00:00:00Z,FALSE,9,200,225,5721,834,7815,8.50850928,203825982,49168999.4,442608901,32.1597862,133.315709,14.8099145
2022-09-01T00:00:00Z,FALSE,10,225,Inf,12784,2352,7815,8.50850928,203825982,49168999.4,442608901,74.2594239,307.836242,34.1972336
2022-09-01T00:00:00Z,TRUE,1,0,25,29867,64831,7815,8.50850928,203825982,49168999.4,442608901,464.602202,1925.96964,213.954125
2022-09-01T00:00:00Z,TRUE,2,25,50,21224,17027,7815,8.50850928,203825982,49168999.4,442608901,187.664986,777.949531,86.4216691
2022-09-01T00:00:00Z,TRUE,3,50,75,4988,1517,7815,8.50850928,203825982,49168999.4,442608901,31.9144789,132.298808,14.696948
2022-09-01T00:00:00Z,TRUE,4,75,100,1153,173,7815,8.50850928,203825982,49168999.4,442608901,6.50554942,26.968212,2.99587287
2022-09-01T00:00:00Z,TRUE,5,100,Inf,118,26,7815,8.50850928,203825982,49168999.4,442608901,0.706485005,2.92867461,0.32534366
2022-10-01T00:00:00Z,FALSE,1,0,25,721,4901,7867,8.51468158,204978115,49045747.5,444670867,27.4273182,114.627675,12.643059
2022-10-01T00:00:00Z,FALSE,2,25,50,3681,4667,7867,8.51468158,204978115,49045747.5,444670867,40.7262989,170.208437,18.7734358
2022-10-01T00:00:00Z,FALSE,3,50,75,10079,5255,7867,8.51468158,204978115,49045747.5,444670867,74.8079861,312.646882,34.4839321
2022-10-01T00:00:00Z,FALSE,4,75,100,11930,4187,7867,8.51468158,204978115,49045747.5,444670867,78.627906,328.611568,36.244785
2022-10-01T00:00:00Z,FALSE,5,100,125,8551,2249,7867,8.51468158,204978115,49045747.5,444670867,52.6885515,220.202577,24.2876266
2022-10-01T00:00:00Z,FALSE,6,125,150,8057,1702,7867,8.51468158,204978115,49045747.5,444670867,47.6099606,198.977496,21.9465693
2022-10-01T00:00:00Z,FALSE,7,150,175,9483,1638,7867,8.51468158,204978115,49045747.5,444670867,54.2545724,226.747487,25.0095089
2022-10-01T00:00:00Z,FALSE,8,175,200,9475,1501,7867,8.51468158,204978115,49045747.5,444670867,53.5471798,223.791064,24.683425
2022-10-01T00:00:00Z,FALSE,9,200,225,5792,854,7867,8.51468158,204978115,49045747.5,444670867,32.4229735,135.506142,14.9458858
2022-10-01T00:00:00Z,FALSE,10,225,Inf,12776,2399,7867,8.51468158,204978115,49045747.5,444670867,74.0322935,309.40501,34.1263643
2022-10-01T00:00:00Z,TRUE,1,0,25,29405,70886,7867,8.51468158,204978115,49045747.5,444670867,489.276623,2044.84599,225.539848
2022-10-01T00:00:00Z,TRUE,2,25,50,21720,18030,7867,8.51468158,204978115,49045747.5,444670867,193.923141,810.467819,89.3919591
2022-10-01T00:00:00Z,TRUE,3,50,75,5047,1563,7867,8.51468158,204978115,49045747.5,444670867,32.247345,134.772133,14.864927
2022-10-01T00:00:00Z,TRUE,4,75,100,1057,176,7867,8.51468158,204978115,49045747.5,444670867,6.0152763,25.1397942,2.77283737
2022-10-01T00:00:00Z,TRUE,5,100,Inf,95,12,7867,8.51468158,204978115,49045747.5,444670867,0.522006946,2.18163665,0.240627412
2022-11-01T00:00:00Z,FALSE,1,0,25,746,5216,7856,8.77571283,210358286,48881051,456362667,28.342121,121.969554,13.0641712
2022-11-01T00:00:00Z,FALSE,2,25,50,3651,4905,7856,8.77571283,210358286,48881051,456362667,40.6734632,175.037153,18.748247
2022-11-01T00:00:00Z,FALSE,3,50,75,10627,5515,7856,8.77571283,210358286,48881051,456362667,76.7357459,330.230216,35.3709915
2022-11-01T00:00:00Z,FALSE,4,75,100,12494,4322,7856,8.77571283,210358286,48881051,456362667,79.9398032,344.01879,36.8478871
2022-11-01T00:00:00Z,FALSE,5,100,125,8749,2297,7856,8.77571283,210358286,48881051,456362667,52.5104107,225.977138,24.2044339
2022-11-01T00:00:00Z,FALSE,6,125,150,8209,1829,7856,8.77571283,210358286,48881051,456362667,47.7185862,205.35565,21.9956643
2022-11-01T00:00:00Z,FALSE,7,150,175,9977,1698,7856,8.77571283,210358286,48881051,456362667,55.5005473,238.84511,25.5827237
2022-11-01T00:00:00Z,FALSE,8,175,200,9876,1522,7856,8.77571283,210358286,48881051,456362667,54.1837463,233.178293,24.9757503
2022-11-01T00:00:00Z,FALSE,9,200,225,5966,866,7856,8.77571283,210358286,48881051,456362667,32.477922,139.767862,14.9705497
2022-11-01T00:00:00Z,FALSE,10,225,Inf,13139,2422,7856,8.77571283,210358286,48881051,456362667,73.9737915,318.344219,34.0978812
2022-11-01T00:00:00Z,TRUE,1,0,25,28683,70694,7856,8.77571283,210358286,48881051,456362667,472.417806,2033.0373,217.758829
2022-11-01T00:00:00Z,TRUE,2,25,50,22215,18461,7856,8.77571283,210358286,48881051,456362667,193.365333,832.142501,89.1308667
2022-11-01T00:00:00Z,TRUE,3,50,75,5048,1680,7856,8.77571283,210358286,48881051,456362667,31.9835274,137.640248,14.7426608
2022-11-01T00:00:00Z,TRUE,4,75,100,937,176,7856,8.77571283,210358286,48881051,456362667,5.29097294,22.7695595,2.4388498
2022-11-01T00:00:00Z,TRUE,5,100,Inf,99,12,7856,8.77571283,210358286,48881051,456362667,0.527671156,2.27081861,0.243227608
2022-12-01T00:00:00Z,FALSE,1,0,25,745,4399,7908,8.97711179,216873177,49256403.6,470796807,23.7189314,104.433122,10.9261574
2022-12-01T00:00:00Z,FALSE,2,25,50,3661,4324,7908,8.97711179,216873177,49256403.6,470796807,36.8187533,162.110902,16.9606078
2022-12-01T00:00:00Z,FALSE,3,50,75,9957,5242,7908,8.97711179,216873177,49256403.6,470796807,70.0824335,308.569016,32.2835665
2022-12-01T00:00:00Z,FALSE,4,75,100,11822,4132,7908,8.97711179,216873177,49256403.6,470796807,73.5637308,323.896973,33.8872307
2022-12-01T00:00:00Z,FALSE,5,100,125,8218,2154,7908,8.97711179,216873177,49256403.6,470796807,47.8251859,210.571606,22.0307357
2022-12-01T00:00:00Z,FALSE,6,125,150,8354,1738,7908,8.97711179,216873177,49256403.6,470796807,46.5341087,204.887066,21.4359993
2022-12-01T00:00:00Z,FALSE,7,150,175,9803,1732,7908,8.97711179,216873177,49256403.6,470796807,53.187767,234.182749,24.5010158
2022-12-01T00:00:00Z,FALSE,8,175,200,10158,1531,7908,8.97711179,216873177,49256403.6,470796807,53.8978594,237.309246,24.8281208
2022-12-01T00:00:00Z,FALSE,9,200,225,6194,886,7908,8.97711179,216873177,49256403.6,470796807,32.6458076,143.737656,15.0383348
2022-12-01T00:00:00Z,FALSE,10,225,Inf,13165,2299,7908,8.97711179,216873177,49256403.6,470796807,71.3043458,313.949028,32.846442
2022-12-01T00:00:00Z,TRUE,1,0,25,19284,57508,7908,8.97711179,216873177,49256403.6,470796807,354.087126,1559.02572,163.110707
2022-12-01T00:00:00Z,TRUE,2,25,50,15964,13773,7908,8.97711179,216873177,49256403.6,470796807,137.117003,603.718458,63.1631302
2022-12-01T00:00:00Z,TRUE,3,50,75,4610,1444,7908,8.97711179,216873177,49256403.6,470796807,27.9149321,122.907877,12.8590507
2022-12-01T00:00:00Z,TRUE,4,75,100,853,140,7908,8.97711179,216873177,49256403.6,470796807,4.57871284,20.159815300000002,2.10919018
2022-12-01T00:00:00Z,TRUE,5,100,Inf,94,10,7908,8.97711179,216873177,49256403.6,470796807,0.479542936,2.1114006,0.220902093
2023-01-01T00:00:00Z,FALSE,1,0,25,709,3759,7848,9.00598879,215399523,48960742.7,467036914,20.74285,91.2567855,9.56669562
2023-01-01T00:00:00Z,FALSE,2,25,50,3586,4086,7848,9.00598879,215399523,48960742.7,467036914,35.6175348,156.696969,16.4269671
2023-01-01T00:00:00Z,FALSE,3,50,75,9690,4802,7848,9.00598879,215399523,48960742.7,467036914,67.2796291,295.992242,31.0296672
2023-01-01T00:00:00Z,FALSE,4,75,100,10975,3822,7848,9.00598879,215399523,48960742.7,467036914,68.6956025,302.221722,31.6827205
2023-01-01T00:00:00Z,FALSE,5,100,125,7727,2025,7848,9.00598879,215399523,48960742.7,467036914,45.2740093,199.179985,20.8805765
2023-01-01T00:00:00Z,FALSE,6,125,150,7971,1583,7848,9.00598879,215399523,48960742.7,467036914,44.3547872,195.135929,20.4566271
2023-01-01T00:00:00Z,FALSE,7,150,175,9592,1578,7848,9.00598879,215399523,48960742.7,467036914,51.8571251,228.141964,23.9167391
2023-01-01T00:00:00Z,FALSE,8,175,200,10082,1522,7848,9.00598879,215399523,48960742.7,467036914,53.8719856,237.006208,24.8460018
2023-01-01T00:00:00Z,FALSE,9,200,225,6209,936,7848,9.00598879,215399523,48960742.7,467036914,33.1709184,145.933244,15.2985766
2023-01-01T00:00:00Z,FALSE,10,225,Inf,13508,2421,7848,9.00598879,215399523,48960742.7,467036914,73.9509531,325.342287,34.1065118
2023-01-01T00:00:00Z,TRUE,1,0,25,16987,51047,7848,9.00598879,215399523,48960742.7,467036914,315.850282,1389.56225,145.671569
2023-01-01T00:00:00Z,TRUE,2,25,50,14917,12284,7848,9.00598879,215399523,48960742.7,467036914,126.281617,555.567552,58.241649
2023-01-01T00:00:00Z,TRUE,3,50,75,4647,1292,7848,9.00598879,215399523,48960742.7,467036914,27.5720202,121.301264,12.7163396
2023-01-01T00:00:00Z,TRUE,4,75,100,880,153,7848,9.00598879,215399523,48960742.7,467036914,4.7957395,21.0985361,2.2118166
2023-01-01T00:00:00Z,TRUE,5,100,Inf,95,10,7848,9.00598879,215399523,48960742.7,467036914,0.487466261,2.14457531,0.224821629
2023-02-01T00:00:00Z,FALSE,1,0,25,603,3128,7906,7.53060966,181751517,49305881.8,392992967,20.5280268,75.6704852,9.49380857
2023-02-01T00:00:00Z,FALSE,2,25,50,2951,3357,7906,7.53060966,181751517,49305881.8,392992967,34.7067255,127.936055,16.0511778
2023-02-01T00:00:00Z,FALSE,3,50,75,8105,4115,7906,7.53060966,181751517,49305881.8,392992967,67.2346521,247.840614,31.094704
2023-02-01T00:00:00Z,FALSE,4,75,100,9548,3144,7906,7.53060966,181751517,49305881.8,392992967,69.8316043,257.413508,32.2957433
2023-02-01T00:00:00Z,FALSE,5,100,125,6623,1752,7906,7.53060966,181751517,49305881.8,392992967,46.0793954,169.858031,21.3108139
2023-02-01T00:00:00Z,FALSE,6,125,150,6716,1456,7906,7.53060966,181751517,49305881.8,392992967,44.9624858,165.740875,20.7942653
2023-02-01T00:00:00Z,FALSE,7,150,175,8168,1339,7906,7.53060966,181751517,49305881.8,392992967,52.307679,192.816752,24.1912726
2023-02-01T00:00:00Z,FALSE,8,175,200,8444,1274,7906,7.53060966,181751517,49305881.8,392992967,53.4686047,197.096161,24.7281779
2023-02-01T00:00:00Z,FALSE,9,200,225,5165,747,7906,7.53060966,181751517,49305881.8,392992967,32.5279266,119.904559,15.0435262
2023-02-01T00:00:00Z,FALSE,10,225,Inf,11195,1978,7906,7.53060966,181751517,49305881.8,392992967,72.4780746,267.168936,33.5196838
2023-02-01T00:00:00Z,TRUE,1,0,25,17714,47734,7906,7.53060966,181751517,49305881.8,392992967,360.096032,1327.38727,166.537331
2023-02-01T00:00:00Z,TRUE,2,25,50,14050,11119,7906,7.53060966,181751517,49305881.8,392992967,138.480275,510.466482,64.0444031
2023-02-01T00:00:00Z,TRUE,3,50,75,4051,1046,7906,7.53060966,181751517,49305881.8,392992967,28.0437825,103.375091,12.9696977
2023-02-01T00:00:00Z,TRUE,4,75,100,717,123,7906,7.53060966,181751517,49305881.8,392992967,4.62169458,17.036507,2.13744283
2023-02-01T00:00:00Z,TRUE,5,100,Inf,71,6,7906,7.53060966,181751517,49305881.8,392992967,0.423655336,1.56167981,0.19593226
2023-03-01T00:00:00Z,FALSE,1,0,25,673,4313,7884,8.74682902,210452775,49084631.8,455531971,23.691776,101.579656,10.9454447
2023-03-01T00:00:00Z,FALSE,2,25,50,3671,4233,7884,8.74682902,210452775,49084631.8,455531971,37.5571195,161.027998,17.3511422
2023-03-01T00:00:00Z,FALSE,3,50,75,10053,5093,7884,8.74682902,210452775,49084631.8,455531971,71.9686401,308.569087,33.2490384
2023-03-01T00:00:00Z,FALSE,4,75,100,11808,3900,7884,8.74682902,210452775,49084631.8,455531971,74.639073,320.018699,34.4827608
2023-03-01T00:00:00Z,FALSE,5,100,125,8491,2136,7884,8.74682902,210452775,49084631.8,455531971,50.4958893,216.50361,23.3287687
2023-03-01T00:00:00Z,FALSE,6,125,150,8322,1714,7884,8.74682902,210452775,49084631.8,455531971,47.6876583,204.463182,22.0313845
2023-03-01T00:00:00Z,FALSE,7,150,175,9740,1608,7884,8.74682902,210452775,49084631.8,455531971,53.921836,231.192526,24.9115336
2023-03-01T00:00:00Z,FALSE,8,175,200,10077,1498,7884,8.74682902,210452775,49084631.8,455531971,55.0004628,235.817191,25.4098521
2023-03-01T00:00:00Z,FALSE,9,200,225,6184,891,7884,8.74682902,210452775,49084631.8,455531971,33.6179935,144.138802,15.5312919
2023-03-01T00:00:00Z,FALSE,10,225,Inf,13362,2381,7884,8.74682902,210452775,49084631.8,455531971,74.8053811,320.731753,34.5595941
2023-03-01T00:00:00Z,TRUE,1,0,25,27138,62815,7884,8.74682902,210452775,49084631.8,455531971,427.426059,1832.61026,197.468028
2023-03-01T00:00:00Z,TRUE,2,25,50,19736,15163,7884,8.74682902,210452775,49084631.8,455531971,165.828177,710.996471,76.6115272
2023-03-01T00:00:00Z,TRUE,3,50,75,4964,1379,7884,8.74682902,210452775,49084631.8,455531971,30.1397784,129.225783,13.9243794
2023-03-01T00:00:00Z,TRUE,4,75,100,910,154,7884,8.74682902,210452775,49084631.8,455531971,5.05576608,21.6768459,2.33573068
2023-03-01T00:00:00Z,TRUE,5,100,Inf,104,8,7884,8.74682902,210452775,49084631.8,455531971,0.532185903,2.28177325,0.245866387
2023-04-01T00:00:00Z,FALSE,1,0,25,536,2909,7895,7.52590247,181869909,49357446.2,392788564,18.942111,69.7969661,8.77062195
2023-04-01T00:00:00Z,FALSE,2,25,50,3104,3365,7895,7.52590247,181869909,49357446.2,392788564,35.5693806,131.064317,16.4694204
2023-04-01T00:00:00Z,FALSE,3,50,75,8662,4200,7895,7.52590247,181869909,49357446.2,392788564,70.7208801,260.588847,32.7453526
2023-04-01T00:00:00Z,FALSE,4,75,100,10552,3481,7895,7.52590247,181869909,49357446.2,392788564,77.1595483,284.313737,35.7266002
2023-04-01T00:00:00Z,FALSE,5,100,125,7403,1890,7895,7.52590247,181869909,49357446.2,392788564,51.0969631,188.279595,23.6590391
2023-04-01T00:00:00Z,FALSE,6,125,150,7395,1525,7895,7.52590247,181869909,49357446.2,392788564,49.0460465,180.722478,22.7094188
2023-04-01T00:00:00Z,FALSE,7,150,175,8546,1431,7895,7.52590247,181869909,49357446.2,392788564,54.8578931,202.137687,25.400434
2023-04-01T00:00:00Z,FALSE,8,175,200,8665,1337,7895,7.52590247,181869909,49357446.2,392788564,54.995354,202.644196,25.4640815
2023-04-01T00:00:00Z,FALSE,9,200,225,5344,791,7895,7.52590247,181869909,49357446.2,392788564,33.7329031,124.297355,15.6190902
2023-04-01T00:00:00Z,FALSE,10,225,Inf,11427,1992,7895,7.52590247,181869909,49357446.2,392788564,73.7835088,271.873872,34.1634183
2023-04-01T00:00:00Z,TRUE,1,0,25,26468,52862,7895,7.52590247,181869909,49357446.2,392788564,436.190905,1607.25495,201.966165
2023-04-01T00:00:00Z,TRUE,2,25,50,18076,14398,7895,7.52590247,181869909,49357446.2,392788564,178.556201,657.935174,82.6755232
2023-04-01T00:00:00Z,TRUE,3,50,75,4096,1286,7895,7.52590247,181869909,49357446.2,392788564,29.592581,109.041298,13.7020283
2023-04-01T00:00:00Z,TRUE,4,75,100,916,142,7895,7.52590247,181869909,49357446.2,392788564,5.81734498,21.4354688,2.69356111
2023-04-01T00:00:00Z,TRUE,5,100,Inf,117,16,7895,7.52590247,181869909,49357446.2,392788564,0.731291949,2.69462888,0.338604563
2023-05-01T00:00:00Z,FALSE,1,0,25,583,2944,7811,8.12943285,195294435,48579133.8,422416182,18.0599104,72.6031884,8.34958543
2023-05-01T00:00:00Z,FALSE,2,25,50,3356,3674,7811,8.12943285,195294435,48579133.8,422416182,35.9969295,144.712337,16.6423549
2023-05-01T00:00:00Z,FALSE,3,50,75,9549,4765,7811,8.12943285,195294435,48579133.8,422416182,73.2944592,294.653257,33.8860124
2023-05-01T00:00:00Z,FALSE,4,75,100,11503,3681,7811,8.12943285,195294435,48579133.8,422416182,77.7492713,312.562181,35.9455926
2023-05-01T00:00:00Z,FALSE,5,100,125,8439,2146,7811,8.12943285,195294435,48579133.8,422416182,54.2002132,217.891905,25.0582256
2023-05-01T00:00:00Z,FALSE,6,125,150,8121,1664,7811,8.12943285,195294435,48579133.8,422416182,50.1038343,201.423929,23.1643588
2023-05-01T00:00:00Z,FALSE,7,150,175,9571,1546,7811,8.12943285,195294435,48579133.8,422416182,56.9243051,228.843109,26.3176471
2023-05-01T00:00:00Z,FALSE,8,175,200,9929,1487,7811,8.12943285,195294435,48579133.8,422416182,58.4553267,234.998015,27.0254798
2023-05-01T00:00:00Z,FALSE,9,200,225,6029,810,7811,8.12943285,195294435,48579133.8,422416182,35.018919,140.780608,16.1901942
2023-05-01T00:00:00Z,FALSE,10,225,Inf,12701,2331,7811,8.12943285,195294435,48579133.8,422416182,76.9709593,309.433265,35.5857579
2023-05-01T00:00:00Z,TRUE,1,0,25,21060,53163,7811,8.12943285,195294435,48579133.8,422416182,380.056913,1527.87821,175.710598
2023-05-01T00:00:00Z,TRUE,2,25,50,14910,12158,7811,8.12943285,195294435,48579133.8,422416182,138.60098,557.193962,64.0789845
2023-05-01T00:00:00Z,TRUE,3,50,75,4334,1301,7811,8.12943285,195294435,48579133.8,422416182,28.8538688,115.996305,13.3399246
2023-05-01T00:00:00Z,TRUE,4,75,100,950,158,7811,8.12943285,195294435,48579133.8,422416182,5.67348476,22.8081465,2.62300557
2023-05-01T00:00:00Z,TRUE,5,100,Inf,95,25,7811,8.12943285,195294435,48579133.8,422416182,0.614456833,2.47019637,0.284080026
2023-06-01T00:00:00Z,FALSE,1,0,25,529,2917,7862,7.29178326,175871601,48858692.7,378975768,19.59384,70.5299263,9.09292965
2023-06-01T00:00:00Z,FALSE,2,25,50,3240,3685,7862,7.29178326,175871601,48858692.7,378975768,39.3753169,141.73527,18.2729361
2023-06-01T00:00:00Z,FALSE,3,50,75,8547,4433,7862,7.29178326,175871601,48858692.7,378975768,73.803843,265.664087,34.2502109
2023-06-01T00:00:00Z,FALSE,4,75,100,10333,3499,7862,7.29178326,175871601,48858692.7,378975768,78.6482863,283.10213,36.4983758
2023-06-01T00:00:00Z,FALSE,5,100,125,7396,1993,7862,7.29178326,175871601,48858692.7,378975768,53.3855379,192.166419,24.7746711
2023-06-01T00:00:00Z,FALSE,6,125,150,7421,1506,7862,7.29178326,175871601,48858692.7,378975768,50.7586215,182.710578,23.5555957
2023-06-01T00:00:00Z,FALSE,7,150,175,8398,1400,7862,7.29178326,175871601,48858692.7,378975768,55.7110981,200.537498,25.8538957
2023-06-01T00:00:00Z,FALSE,8,175,200,8815,1319,7862,7.29178326,175871601,48858692.7,378975768,57.6215828,207.414473,26.7404959
2023-06-01T00:00:00Z,FALSE,9,200,225,5013,727,7862,7.29178326,175871601,48858692.7,378975768,32.6374467,117.481653,15.1460871
2023-06-01T00:00:00Z,FALSE,10,225,Inf,11217,1998,7862,7.29178326,175871601,48858692.7,378975768,75.1400451,270.473876,34.8703033
2023-06-01T00:00:00Z,TRUE,1,0,25,20529,44607,7862,7.29178326,175871601,48858692.7,378975768,370.361103,1333.15069,171.873786
2023-06-01T00:00:00Z,TRUE,2,25,50,13371,10284,7862,7.29178326,175871601,48858692.7,378975768,134.501534,484.151308,62.4182388
2023-06-01T00:00:00Z,TRUE,3,50,75,3742,1144,7862,7.29178326,175871601,48858692.7,378975768,27.7816315,100.002676,12.8926449
2023-06-01T00:00:00Z,TRUE,4,75,100,766,154,7862,7.29178326,175871601,48858692.7,378975768,5.23108903,18.829812,2.42759584
2023-06-01T00:00:00Z,TRUE,5,100,Inf,98,19,7862,7.29178326,175871601,48858692.7,378975768,0.665258061,2.39466088,0.308726863
2023-07-01T00:00:00Z,FALSE,1,0,25,656,3080,7842,7.81968885,188261453,48672501.7,406266449,19.8447422,76.7579201,9.19593535
2023-07-01T00:00:00Z,FALSE,2,25,50,3523,3657,7842,7.81968885,188261453,48672501.7,406266449,38.1384499,147.51656,17.6731306
2023-07-01T00:00:00Z,FALSE,3,50,75,9082,4349,7842,7.81968885,188261453,48672501.7,406266449,71.3422731,275.946367,33.0595845
2023-07-01T00:00:00Z,FALSE,4,75,100,10767,3644,7842,7.81968885,188261453,48672501.7,406266449,76.5477997,296.080939,35.4717945
2023-07-01T00:00:00Z,FALSE,5,100,125,7926,2141,7842,7.81968885,188261453,48672501.7,406266449,53.4735063,206.831366,24.7793044
2023-07-01T00:00:00Z,FALSE,6,125,150,7690,1635,7842,7.81968885,188261453,48672501.7,406266449,49.5321791,191.586618,22.9529168
2023-07-01T00:00:00Z,FALSE,7,150,175,9072,1495,7842,7.81968885,188261453,48672501.7,406266449,56.1293873,217.104107,26.0100238
2023-07-01T00:00:00Z,FALSE,8,175,200,9190,1475,7842,7.81968885,188261453,48672501.7,406266449,56.6499399,219.117564,26.2512448
2023-07-01T00:00:00Z,FALSE,9,200,225,5558,782,7842,7.81968885,188261453,48672501.7,406266449,33.67657,130.258355,15.605522
2023-07-01T00:00:00Z,FALSE,10,225,Inf,12189,2198,7842,7.81968885,188261453,48672501.7,406266449,76.4203174,295.587847,35.41272
2023-07-01T00:00:00Z,TRUE,1,0,25,21457,47363,7842,7.81968885,188261453,48672501.7,406266449,365.555449,1413.94006,169.396218
2023-07-01T00:00:00Z,TRUE,2,25,50,13933,10814,7842,7.81968885,188261453,48672501.7,406266449,131.45017000000001,508.439039,60.9132259
2023-07-01T00:00:00Z,TRUE,3,50,75,3825,1297,7842,7.81968885,188261453,48672501.7,406266449,27.2068441,105.233958,12.6074895
2023-07-01T00:00:00Z,TRUE,4,75,100,826,175,7842,7.81968885,188261453,48672501.7,406266449,5.31707359,20.5660273,2.46390024
2023-07-01T00:00:00Z,TRUE,5,100,Inf,162,17,7842,7.81968885,188261453,48672501.7,406266449,0.950805367,3.67764125,0.440597545
2023-08-01T00:00:00Z,FALSE,1,0,25,550,2541,7904,8.34969636,202488327,49516493.6,438412231,15.2650774,62.4236447,7.05044198
2023-08-01T00:00:00Z,FALSE,2,25,50,3557,3869,7904,8.34969636,202488327,49516493.6,438412231,36.6737189,149.970231,16.938396
2023-08-01T00:00:00Z,FALSE,3,50,75,8699,4295,7904,8.34969636,202488327,49516493.6,438412231,64.1716002,262.417612,29.6387716
2023-08-01T00:00:00Z,FALSE,4,75,100,11931,4048,7904,8.34969636,202488327,49516493.6,438412231,78.9131907,322.700556,36.447432
2023-08-01T00:00:00Z,FALSE,5,100,125,10105,2718,7904,8.34969636,202488327,49516493.6,438412231,63.3271071,258.964217,29.2487278
2023-08-01T00:00:00Z,FALSE,6,125,150,9517,2138,7904,8.34969636,202488327,49516493.6,438412231,57.5588734,235.376117,26.5845685
2023-08-01T00:00:00Z,FALSE,7,150,175,9338,1663,7904,8.34969636,202488327,49516493.6,438412231,54.3290576,222.168397,25.0928218
2023-08-01T00:00:00Z,FALSE,8,175,200,10687,1563,7904,8.34969636,202488327,49516493.6,438412231,60.4973144,247.392316,27.9417387
2023-08-01T00:00:00Z,FALSE,9,200,225,6502,984,7904,8.34969636,202488327,49516493.6,438412231,36.9700323,151.181949,17.0752535
2023-08-01T00:00:00Z,FALSE,10,225,Inf,12329,2245,7904,8.34969636,202488327,49516493.6,438412231,71.9745191,294.326172,33.2426857
2023-08-01T00:00:00Z,TRUE,1,0,25,27750,47011,7904,8.34969636,202488327,49516493.6,438412231,369.211406,1509.82016,170.52672
2023-08-01T00:00:00Z,TRUE,2,25,50,19285,14853,7904,8.34969636,202488327,49516493.6,438412231,168.592434,689.426846,77.8673531
2023-08-01T00:00:00Z,TRUE,3,50,75,4051,1321,7904,8.34969636,202488327,49516493.6,438412231,26.5299243,108.489104,12.2533078
2023-08-01T00:00:00Z,TRUE,4,75,100,1140,172,7904,8.34969636,202488327,49516493.6,438412231,6.47938583,26.4962219,2.99261724
2023-08-01T00:00:00Z,TRUE,5,100,Inf,202,22,7904,8.34969636,202488327,49516493.6,438412231,1.10623661,4.5237452,0.51093465
2023-09-01T00:00:00Z,FALSE,1,0,25,600,2720,7965,8.75580665,213437225,49782511.8,462610212,15.5549249,66.6900861,7.17666821
2023-09-01T00:00:00Z,FALSE,2,25,50,3602,3571,7965,8.75580665,213437225,49782511.8,462610212,33.6070711,144.086743,15.5054943
2023-09-01T00:00:00Z,FALSE,3,50,75,8622,4416,7965,8.75580665,213437225,49782511.8,462610212,61.0858766,261.8992,28.1835543
2023-09-01T00:00:00Z,FALSE,4,75,100,12035,4060,7965,8.75580665,213437225,49782511.8,462610212,75.408589,323.306306,34.7917093
2023-09-01T00:00:00Z,FALSE,5,100,125,10447,2779,7965,8.75580665,213437225,49782511.8,462610212,61.9666976,265.675626,28.5899439
2023-09-01T00:00:00Z,FALSE,6,125,150,9892,2122,7965,8.75580665,213437225,49782511.8,462610212,56.288213,241.329727,25.9700277
2023-09-01T00:00:00Z,FALSE,7,150,175,9366,1613,7965,8.75580665,213437225,49782511.8,462610212,51.439012,220.539294,23.732723
2023-09-01T00:00:00Z,FALSE,8,175,200,10816,1649,7965,8.75580665,213437225,49782511.8,462610212,58.4012465,250.389133,26.9449305
2023-09-01T00:00:00Z,FALSE,9,200,225,6923,983,7965,8.75580665,213437225,49782511.8,462610212,37.0413361,158.810789,17.0899816
2023-09-01T00:00:00Z,FALSE,10,225,Inf,12855,2272,7965,8.75580665,213437225,49782511.8,462610212,70.8732977,303.861727,32.6992349
2023-09-01T00:00:00Z,TRUE,1,0,25,31699,51121,7965,8.75580665,213437225,49782511.8,462610212,388.029782,1663.63642,179.027609
2023-09-01T00:00:00Z,TRUE,2,25,50,21394,15729,7965,8.75580665,213437225,49782511.8,462610212,173.92936,745.703634,80.2468235
2023-09-01T00:00:00Z,TRUE,3,50,75,4447,1312,7965,8.75580665,213437225,49782511.8,462610212,26.9821724,115.683195,12.4489254
2023-09-01T00:00:00Z,TRUE,4,75,100,1220,182,7965,8.75580665,213437225,49782511.8,462610212,6.5686761,28.1625002,3.03062917
2023-09-01T00:00:00Z,TRUE,5,100,Inf,193,28,7965,8.75580665,213437225,49782511.8,462610212,1.03543325,4.43930995,0.477723998
2023-10-01T00:00:00Z,FALSE,1,0,25,1993,4054,7878,5.77380046,139124653,48960152.4,300431704,43.4646188,123.508603,20.1277026
2023-10-01T00:00:00Z,FALSE,2,25,50,3707,3508,7878,5.77380046,139124653,48960152.4,300431704,51.8599676,147.364737,24.0154415
2023-10-01T00:00:00Z,FALSE,3,50,75,6225,3163,7878,5.77380046,139124653,48960152.4,300431704,67.4790542,191.747769,31.2483665
2023-10-01T00:00:00Z,FALSE,4,75,100,8314,3003,7878,5.77380046,139124653,48960152.4,300431704,81.3443179,231.147156,37.669127
2023-10-01T00:00:00Z,FALSE,5,100,125,7320,1978,7878,5.77380046,139124653,48960152.4,300431704,66.8321523,189.90954,30.9487976
2023-10-01T00:00:00Z,FALSE,6,125,150,6979,1624,7878,5.77380046,139124653,48960152.4,300431704,61.8366322,175.714322,28.6354599
2023-10-01T00:00:00Z,FALSE,7,150,175,6467,1174,7878,5.77380046,139124653,48960152.4,300431704,54.9219699,156.065691,25.433401
2023-10-01T00:00:00Z,FALSE,8,175,200,7371,1110,7878,5.77380046,139124653,48960152.4,300431704,60.9597208,173.2225,28.2293776
2023-10-01T00:00:00Z,FALSE,9,200,225,4534,676,7878,5.77380046,139124653,48960152.4,300431704,37.4484312,106.413067,17.3417117
2023-10-01T00:00:00Z,FALSE,10,225,Inf,8350,1446,7878,5.77380046,139124653,48960152.4,300431704,70.4116761,200.081077,32.6064123
2023-10-01T00:00:00Z,TRUE,1,0,25,22032,36045,7878,5.77380046,139124653,48960152.4,300431704,417.445785,1186.20954,193.311822
2023-10-01T00:00:00Z,TRUE,2,25,50,15712,11815,7878,5.77380046,139124653,48960152.4,300431704,197.858535,562.232727,91.6248174
2023-10-01T00:00:00Z,TRUE,3,50,75,2689,895,7878,5.77380046,139124653,48960152.4,300431704,25.7610706,73.2023865,11.9295
2023-10-01T00:00:00Z,TRUE,4,75,100,669,107,7878,5.77380046,139124653,48960152.4,300431704,5.57773179,15.8496239,2.58294977
2023-10-01T00:00:00Z,TRUE,5,100,Inf,94,14,7878,5.77380046,139124653,48960152.4,300431704,0.77628226,2.20587549,0.3594827
2023-11-01T00:00:00Z,FALSE,1,0,25,3004,9146,7942,8.04482498,195644260,49724877.5,423935778,62.1025119,244.344493,28.6600014
2023-11-01T00:00:00Z,FALSE,2,25,50,5212,5272,7942,8.04482498,195644260,49724877.5,423935778,53.5870563,210.840137,24.7301609
2023-11-01T00:00:00Z,FALSE,3,50,75,8373,4309,7942,8.04482498,195644260,49724877.5,423935778,64.821733,255.043363,29.9149085
2023-11-01T00:00:00Z,FALSE,4,75,100,11348,3987,7942,8.04482498,195644260,49724877.5,423935778,78.3820592,308.396939,36.1729318
2023-11-01T00:00:00Z,FALSE,5,100,125,9688,2681,7942,8.04482498,195644260,49724877.5,423935778,63.2218905,248.748727,29.1765891
2023-11-01T00:00:00Z,FALSE,6,125,150,9117,2072,7942,8.04482498,195644260,49724877.5,423935778,57.1905354,225.018151,26.3931486
2023-11-01T00:00:00Z,FALSE,7,150,175,9064,1617,7942,8.04482498,195644260,49724877.5,423935778,54.593986,214.801937,25.1948539
2023-11-01T00:00:00Z,FALSE,8,175,200,10433,1625,7942,8.04482498,195644260,49724877.5,423935778,61.6322706,242.494313,28.4429874
2023-11-01T00:00:00Z,FALSE,9,200,225,6567,1002,7942,8.04482498,195644260,49724877.5,423935778,38.6875648,152.21757,17.8541194
2023-11-01T00:00:00Z,FALSE,10,225,Inf,11728,1980,7942,8.04482498,195644260,49724877.5,423935778,70.0659451,275.676898,32.3350864
2023-11-01T00:00:00Z,TRUE,1,0,25,19576,39049,7942,8.04482498,195644260,49724877.5,423935778,299.651009,1178.98732,138.287455
2023-11-01T00:00:00Z,TRUE,2,25,50,15695,12587,7942,8.04482498,195644260,49724877.5,423935778,144.558291,568.769626,66.712935
2023-11-01T00:00:00Z,TRUE,3,50,75,3394,1126,7942,8.04482498,195644260,49724877.5,423935778,23.1031567,90.9001736,10.6619923
2023-11-01T00:00:00Z,TRUE,4,75,100,768,121,7942,8.04482498,195644260,49724877.5,423935778,4.54396157,17.8783749,2.09701574
2023-11-01T00:00:00Z,TRUE,5,100,Inf,127,15,7942,8.04482498,195644260,49724877.5,423935778,0.725807135,2.85571342,0.334956395
2023-12-01T00:00:00Z,FALSE,1,0,25,695,3412,7901,8.98126819,216653568,49480590.3,468461444,18.9565306,83.0022434,8.76699685
2023-12-01T00:00:00Z,FALSE,2,25,50,3320,3494,7901,8.98126819,216653568,49480590.3,468461444,31.4511321,137.710564,14.5454873
2023-12-01T00:00:00Z,FALSE,3,50,75,8224,3941,7901,8.98126819,216653568,49480590.3,468461444,56.1495484,245.853979,25.9679855
2023-12-01T00:00:00Z,FALSE,4,75,100,11465,3747,7901,8.98126819,216653568,49480590.3,468461444,70.2134755,307.433681,32.4722562
2023-12-01T00:00:00Z,FALSE,5,100,125,10123,2553,7901,8.98126819,216653568,49480590.3,468461444,58.5081525,256.181261,27.0587904
2023-12-01T00:00:00Z,FALSE,6,125,150,9509,2164,7901,8.98126819,216653568,49480590.3,468461444,53.8786419,235.910686,24.917739
2023-12-01T00:00:00Z,FALSE,7,150,175,9632,1733,7901,8.98126819,216653568,49480590.3,468461444,52.4570174,229.686023,24.2602676
2023-12-01T00:00:00Z,FALSE,8,175,200,11023,1684,7901,8.98126819,216653568,49480590.3,468461444,58.6512381,256.807769,27.1249644
2023-12-01T00:00:00Z,FALSE,9,200,225,6828,1031,7901,8.98126819,216653568,49480590.3,468461444,36.2745007,158.829956,16.7761939
2023-12-01T00:00:00Z,FALSE,10,225,Inf,12440,2145,7901,8.98126819,216653568,49480590.3,468461444,67.3194544,294.762045,31.1338322
2023-12-01T00:00:00Z,TRUE,1,0,25,21466,41490,7901,8.98126819,216653568,49480590.3,468461444,290.583721,1272.33729,134.388861
2023-12-01T00:00:00Z,TRUE,2,25,50,16975,13298,7901,8.98126819,216653568,49480590.3,468461444,139.729986,611.815659,64.6221806
2023-12-01T00:00:00Z,TRUE,3,50,75,3708,1154,7901,8.98126819,216653568,49480590.3,468461444,22.4413567,98.2607517,10.3786556
2023-12-01T00:00:00Z,TRUE,4,75,100,739,155,7901,8.98126819,216653568,49480590.3,468461444,4.12640331,18.0676907,1.90837477
2023-12-01T00:00:00Z,TRUE,5,100,Inf,93,21,7901,8.98126819,216653568,49480590.3,468461444,0.526185657,2.30393371,0.243349803
2024-01-01T00:00:00Z,FALSE,1,0,25,600,2822,7934,8.73279556,211095743,49450455.6,455884842,16.2106538,69.2005757,7.5062816
2024-01-01T00:00:00Z,FALSE,2,25,50,3318,3435,7934,8.73279556,211095743,49450455.6,455884842,31.9902235,136.560926,14.8129514
2024-01-01T00:00:00Z,FALSE,3,50,75,8245,3829,7934,8.73279556,211095743,49450455.6,455884842,57.1967953,244.163574,26.4847586
2024-01-01T00:00:00Z,FALSE,4,75,100,11122,3499,7934,8.73279556,211095743,49450455.6,455884842,69.2624104,295.669672,32.0716959
2024-01-01T00:00:00Z,FALSE,5,100,125,10023,2567,7934,8.73279556,211095743,49450455.6,455884842,59.6411837,254.598261,27.6166234
2024-01-01T00:00:00Z,FALSE,6,125,150,9329,2036,7934,8.73279556,211095743,49450455.6,455884842,53.8381297,229.825992,24.9295413
2024-01-01T00:00:00Z,FALSE,7,150,175,9422,1616,7934,8.73279556,211095743,49450455.6,455884842,52.2890696,223.213312,24.2122549
2024-01-01T00:00:00Z,FALSE,8,175,200,10852,1584,7934,8.73279556,211095743,49450455.6,455884842,58.911657,251.484033,27.2788188
2024-01-01T00:00:00Z,FALSE,9,200,225,6713,998,7934,8.73279556,211095743,49450455.6,455884842,36.5284486,155.933851,16.9143593
2024-01-01T00:00:00Z,FALSE,10,225,Inf,11983,2042,7934,8.73279556,211095743,49450455.6,455884842,66.439047,283.617205,30.7643482
2024-01-01T00:00:00Z,TRUE,1,0,25,17173,38507,7934,8.73279556,211095743,49450455.6,455884842,263.76657,1125.97547,122.136107
2024-01-01T00:00:00Z,TRUE,2,25,50,14036,11095,7934,8.73279556,211095743,49450455.6,455884842,119.050245,508.205631,55.1257636
2024-01-01T00:00:00Z,TRUE,3,50,75,3856,1054,7934,8.73279556,211095743,49450455.6,455884842,23.2595879,99.2912995,10.7702638
2024-01-01T00:00:00Z,TRUE,4,75,100,950,148,7934,8.73279556,211095743,49450455.6,455884842,5.20143127,22.2040421,2.40850298
2024-01-01T00:00:00Z,TRUE,5,100,Inf,107,18,7934,8.73279556,211095743,49450455.6,455884842,0.592148369,2.52778257,0.274192051
2024-02-01T00:00:00Z,FALSE,1,0,25,510,2737,7901,7.75699279,186522084,49507814.3,403513317,17.4081263,65.5856059,8.04682241
2024-02-01T00:00:00Z,FALSE,2,25,50,2868,2999,7901,7.75699279,186522084,49507814.3,403513317,31.4547204,118.506545,14.5397928
2024-02-01T00:00:00Z,FALSE,3,50,75,7186,3383,7901,7.75699279,186522084,49507814.3,403513317,56.6635316,213.48145,26.1924441
2024-02-01T00:00:00Z,FALSE,4,75,100,9845,3174,7901,7.75699279,186522084,49507814.3,403513317,69.7987055,262.968588,32.2641149
2024-02-01T00:00:00Z,FALSE,5,100,125,8661,2270,7901,7.75699279,186522084,49507814.3,403513317,58.6043206,220.793427,27.0895644
2024-02-01T00:00:00Z,FALSE,6,125,150,8455,1802,7901,7.75699279,186522084,49507814.3,403513317,54.9908074,207.179415,25.4192354
2024-02-01T00:00:00Z,FALSE,7,150,175,8343,1427,7901,7.75699279,186522084,49507814.3,403513317,52.3798566,197.342584,24.212336
2024-02-01T00:00:00Z,FALSE,8,175,200,9488,1416,7901,7.75699279,186522084,49507814.3,403513317,58.4595656,220.248059,27.0226522
2024-02-01T00:00:00Z,FALSE,9,200,225,5774,836,7901,7.75699279,186522084,49507814.3,403513317,35.4381629,133.514276,16.3811198
2024-02-01T00:00:00Z,FALSE,10,225,Inf,10518,1791,7901,7.75699279,186522084,49507814.3,403513317,65.9921857,248.627417,30.5045695
2024-02-01T00:00:00Z,TRUE,1,0,25,14875,34986,7901,7.75699279,186522084,49507814.3,403513317,267.319552,1007.13394,123.567173
2024-02-01T00:00:00Z,TRUE,2,25,50,12942,9835,7901,7.75699279,186522084,49507814.3,403513317,122.114226,460.068785,56.446712
2024-02-01T00:00:00Z,TRUE,3,50,75,3782,1038,7901,7.75699279,186522084,49507814.3,403513317,25.8414441,97.3583679,11.9450828
2024-02-01T00:00:00Z,TRUE,4,75,100,950,125,7901,7.75699279,186522084,49507814.3,403513317,5.76339261,21.7137439,2.66410043
2024-02-01T00:00:00Z,TRUE,5,100,Inf,135,10,7901,7.75699279,186522084,49507814.3,403513317,0.77738784,2.92883057,0.359343779
2024-03-01T00:00:00Z,FALSE,1,0,25,667,2985,8037,8.84969516,217499095,50161182.5,471915250,16.7908745,72.8053011,7.73867766
2024-03-01T00:00:00Z,FALSE,2,25,50,3607,3817,8037,8.84969516,217499095,50161182.5,471915250,34.1334754,148.00289,15.7316383
2024-03-01T00:00:00Z,FALSE,3,50,75,8914,4078,8037,8.84969516,217499095,50161182.5,471915250,59.7335819,259.005058,27.530367
2024-03-01T00:00:00Z,FALSE,4,75,100,11730,3819,8037,8.84969516,217499095,50161182.5,471915250,71.4899527,309.98073,32.9487127
2024-03-01T00:00:00Z,FALSE,5,100,125,10592,2789,8037,8.84969516,217499095,50161182.5,471915250,61.5220951,266.760059,28.3546675
2024-03-01T00:00:00Z,FALSE,6,125,150,10048,2317,8037,8.84969516,217499095,50161182.5,471915250,56.8508113,246.505353,26.2017386
2024-03-01T00:00:00Z,FALSE,7,150,175,9826,1746,8037,8.84969516,217499095,50161182.5,471915250,53.2048191,230.696316,24.5213521
2024-03-01T00:00:00Z,FALSE,8,175,200,10991,1739,8037,8.84969516,217499095,50161182.5,471915250,58.5289792,253.781896,26.9751825
2024-03-01T00:00:00Z,FALSE,9,200,225,6844,1037,8037,8.84969516,217499095,50161182.5,471915250,36.2346335,157.113521,16.7000325
2024-03-01T00:00:00Z,FALSE,10,225,Inf,12272,2120,8037,8.84969516,217499095,50161182.5,471915250,66.1703903,286.915086,30.4970013
2024-03-01T00:00:00Z,TRUE,1,0,25,24015,45167,8037,8.84969516,217499095,50161182.5,471915250,318.079485,1379.19396,146.598356
2024-03-01T00:00:00Z,TRUE,2,25,50,18061,13220,8037,8.84969516,217499095,50161182.5,471915250,143.821288,623.6097,66.285207
2024-03-01T00:00:00Z,TRUE,3,50,75,4374,1237,8037,8.84969516,217499095,50161182.5,471915250,25.7978085,111.859404,11.8898468
2024-03-01T00:00:00Z,TRUE,4,75,100,1132,168,8037,8.84969516,217499095,50161182.5,471915250,5.97703637,25.9164544,2.75473192
2024-03-01T00:00:00Z,TRUE,5,100,Inf,152,26,8037,8.84969516,217499095,50161182.5,471915250,0.81839421,3.54856068,0.37718637
2024-04-01T00:00:00Z,FALSE,1,0,25,583,2067,8177,8.32224532,205867433,50021913.8,445360794,12.8723614,52.9767815,5.95023189
2024-04-01T00:00:00Z,FALSE,2,25,50,3504,2964,8177,8.32224532,205867433,50021913.8,445360794,31.4182768,129.303329,14.5230566
2024-04-01T00:00:00Z,FALSE,3,50,75,8163,3616,8177,8.32224532,205867433,50021913.8,445360794,57.2164321,235.476796,26.4482194
2024-04-01T00:00:00Z,FALSE,4,75,100,11129,3468,8177,8.32224532,205867433,50021913.8,445360794,70.9048527,291.81210600000003,32.7756736
2024-04-01T00:00:00Z,FALSE,5,100,125,10225,2610,8177,8.32224532,205867433,50021913.8,445360794,62.3459467,256.587544,28.8193307
2024-04-01T00:00:00Z,FALSE,6,125,150,9553,2061,8177,8.32224532,205867433,50021913.8,445360794,56.4149455,232.178242,26.0777333
2024-04-01T00:00:00Z,FALSE,7,150,175,9132,1610,8177,8.32224532,205867433,50021913.8,445360794,52.1792099,214.745882,24.1197702
2024-04-01T00:00:00Z,FALSE,8,175,200,10314,1561,8177,8.32224532,205867433,50021913.8,445360794,57.6827516,237.395955,26.663775
2024-04-01T00:00:00Z,FALSE,9,200,225,6588,988,8177,8.32224532,205867433,50021913.8,445360794,36.8003812,151.453621,17.0109271
2024-04-01T00:00:00Z,FALSE,10,225,Inf,12088,2114,8177,8.32224532,205867433,50021913.8,445360794,68.9861422,283.915566,31.8887522
2024-04-01T00:00:00Z,TRUE,1,0,25,25609,42474,8177,8.32224532,205867433,50021913.8,445360794,330.712824,1361.06348,152.871561
2024-04-01T00:00:00Z,TRUE,2,25,50,18366,13793,8177,8.32224532,205867433,50021913.8,445360794,156.212178,642.898233,72.2088707
2024-04-01T00:00:00Z,TRUE,3,50,75,3951,1136,8177,8.32224532,205867433,50021913.8,445360794,24.7100764,101.695429,11.4221999
2024-04-01T00:00:00Z,TRUE,4,75,100,992,134,8177,8.32224532,205867433,50021913.8,445360794,5.46953923,22.5101343,2.52828721
2024-04-01T00:00:00Z,TRUE,5,100,Inf,126,15,8177,8.32224532,205867433,50021913.8,445360794,0.684906777,2.8187646,0.316597244
2024-05-01T00:00:00Z,FALSE,1,0,25,580,2073,8001,8.60567429,209447204,49748363.6,452188055,12.6666766,53.3283873,5.86702804
2024-05-01T00:00:00Z,FALSE,2,25,50,3650,3156,8001,8.60567429,209447204,49748363.6,452188055,32.4950625,136.80852,15.05126
2024-05-01T00:00:00Z,FALSE,3,50,75,8368,3708,8001,8.60567429,209447204,49748363.6,452188055,57.6565347,242.741653,26.7057032
2024-05-01T00:00:00Z,FALSE,4,75,100,11381,3657,8001,8.60567429,209447204,49748363.6,452188055,71.7985234,302.2813,33.2560753
2024-05-01T00:00:00Z,FALSE,5,100,125,10151,2764,8001,8.60567429,209447204,49748363.6,452188055,61.6623174,259.606529,28.561126
2024-05-01T00:00:00Z,FALSE,6,125,150,9275,2326,8001,8.60567429,209447204,49748363.6,452188055,55.3886601,233.1936,25.6552553
2024-05-01T00:00:00Z,FALSE,7,150,175,9122,1683,8001,8.60567429,209447204,49748363.6,452188055,51.5881796,217.193074,23.8949257
2024-05-01T00:00:00Z,FALSE,8,175,200,10433,1726,8001,8.60567429,209447204,49748363.6,452188055,58.0528159,244.410049,26.8892552
2024-05-01T00:00:00Z,FALSE,9,200,225,6618,1101,8001,8.60567429,209447204,49748363.6,452188055,36.8541563,155.160883,17.0703315
2024-05-01T00:00:00Z,FALSE,10,225,Inf,11982,2214,8001,8.60567429,209447204,49748363.6,452188055,67.7784172,285.35612,31.3940181
2024-05-01T00:00:00Z,TRUE,1,0,25,20136,38891,8001,8.60567429,209447204,49748363.6,452188055,281.822812,1186.51139,130.536398
2024-05-01T00:00:00Z,TRUE,2,25,50,14530,10451,8001,8.60567429,209447204,49748363.6,452188055,119.271107,502.14717,55.2447145
2024-05-01T00:00:00Z,TRUE,3,50,75,3837,1051,8001,8.60567429,209447204,49748363.6,452188055,23.3376235,98.2544881,10.8096619
2024-05-01T00:00:00Z,TRUE,4,75,100,1029,157,8001,8.60567429,209447204,49748363.6,452188055,5.66252485,23.8399801,2.62280258
2024-05-01T00:00:00Z,TRUE,5,100,Inf,149,18,8001,8.60567429,209447204,49748363.6,452188055,0.797336974,3.35689434,0.369315372
2024-06-01T00:00:00Z,FALSE,1,0,25,547,1925,7951,8.1140737,196415455,49620294.1,423945604,12.5855676,49.8183262,5.83093675
2024-06-01T00:00:00Z,FALSE,2,25,50,3577,3077,7951,8.1140737,196415455,49620294.1,423945604,33.8771711,134.098359,15.6954098
2024-06-01T00:00:00Z,FALSE,3,50,75,8006,3619,7951,8.1140737,196415455,49620294.1,423945604,59.1857701,234.279143,27.4209708
2024-06-01T00:00:00Z,FALSE,4,75,100,11157,3597,7951,8.1140737,196415455,49620294.1,423945604,75.1162884,297.33802,34.8016346
2024-06-01T00:00:00Z,FALSE,5,100,125,9830,2724,7951,8.1140737,196415455,49620294.1,423945604,63.9155405,253.001322,29.6122896
2024-06-01T00:00:00Z,FALSE,6,125,150,9103,2192,7951,8.1140737,196415455,49620294.1,423945604,57.505658,227.628639,26.642569
2024-06-01T00:00:00Z,FALSE,7,150,175,8939,1645,7951,8.1140737,196415455,49620294.1,423945604,53.8857799,213.299824,24.9654671
2024-06-01T00:00:00Z,FALSE,8,175,200,9987,1723,7951,8.1140737,196415455,49620294.1,423945604,59.6185263,235.992152,27.6214682
2024-06-01T00:00:00Z,FALSE,9,200,225,6484,1019,7951,8.1140737,196415455,49620294.1,423945604,38.1996416,151.208294,17.6980253
2024-06-01T00:00:00Z,FALSE,10,225,Inf,11402,2068,7951,8.1140737,196415455,49620294.1,423945604,68.5791246,271.461511,31.7729442
2024-06-01T00:00:00Z,TRUE,1,0,25,20505,32221,7951,8.1140737,196415455,49620294.1,423945604,268.441197,1062.58943,124.369729
2024-06-01T00:00:00Z,TRUE,2,25,50,14618,9501,7951,8.1140737,196415455,49620294.1,423945604,122.795836,486.071282,56.8917328
2024-06-01T00:00:00Z,TRUE,3,50,75,3697,1082,7951,8.1140737,196415455,49620294.1,423945604,24.3310792,96.3114001,11.2726726
2024-06-01T00:00:00Z,TRUE,4,75,100,1142,158,7951,8.1140737,196415455,49620294.1,423945604,6.61862376,26.198958,3.06643114
2024-06-01T00:00:00Z,TRUE,5,100,Inf,177,33,7951,8.1140737,196415455,49620294.1,423945604,1.0691623,4.23213936,0.495346569
2024-07-01T00:00:00Z,FALSE,1,0,25,656,2691,7917,8.64241506,209581211,49294873.9,452684849,15.9699431,67.8975264,7.39366473
2024-07-01T00:00:00Z,FALSE,2,25,50,3761,3533,7917,8.64241506,209581211,49294873.9,452684849,34.8027382,147.966704,16.1127549
2024-07-01T00:00:00Z,FALSE,3,50,75,8237,3934,7917,8.64241506,209581211,49294873.9,452684849,58.072954,246.90194,26.8862544
2024-07-01T00:00:00Z,FALSE,4,75,100,11475,3967,7917,8.64241506,209581211,49294873.9,452684849,73.6802691,313.257724,34.1120319
2024-07-01T00:00:00Z,FALSE,5,100,125,10216,2982,7917,8.64241506,209581211,49294873.9,452684849,62.9732024,267.735749,29.1549409
2024-07-01T00:00:00Z,FALSE,6,125,150,9490,2264,7917,8.64241506,209581211,49294873.9,452684849,56.0832718,238.442643,25.9650837
2024-07-01T00:00:00Z,FALSE,7,150,175,9110,1715,7917,8.64241506,209581211,49294873.9,452684849,51.6506225,219.59687,23.9128834
2024-07-01T00:00:00Z,FALSE,8,175,200,10463,1654,7917,8.64241506,209581211,49294873.9,452684849,57.8152973,245.806491,26.7669661
2024-07-01T00:00:00Z,FALSE,9,200,225,6472,1029,7917,8.64241506,209581211,49294873.9,452684849,35.7904221,152.165923,16.5700266
2024-07-01T00:00:00Z,FALSE,10,225,Inf,11787,2207,7917,8.64241506,209581211,49294873.9,452684849,66.7712528,283.883473,30.9133386
2024-07-01T00:00:00Z,TRUE,1,0,25,22292,35434,7917,8.64241506,209581211,49294873.9,452684849,275.434996,1171.03454,127.519178
2024-07-01T00:00:00Z,TRUE,2,25,50,14866,9806,7917,8.64241506,209581211,49294873.9,452684849,117.720477,500.498288,54.5014927
2024-07-01T00:00:00Z,TRUE,3,50,75,3645,1072,7917,8.64241506,209581211,49294873.9,452684849,22.5067886,95.6894628,10.4200527
2024-07-01T00:00:00Z,TRUE,4,75,100,1060,175,7917,8.64241506,209581211,49294873.9,452684849,5.89270382,25.0533149,2.7281673
2024-07-01T00:00:00Z,TRUE,5,100,Inf,157,33,7917,8.64241506,209581211,49294873.9,452684849,0.906569818,3.85435614,0.419718046
2024-08-01T00:00:00Z,FALSE,1,0,25,674,3096,7962,8.77882442,213434902,49759418.2,462903898,17.6634654,75.7645515,8.14423905
2024-08-01T00:00:00Z,FALSE,2,25,50,4101,3622,7962,8.77882442,213434902,49759418.2,462903898,36.184335,155.206799,16.6838085
2024-08-01T00:00:00Z,FALSE,3,50,75,9184,4184,7962,8.77882442,213434902,49759418.2,462903898,62.6326804,268.65265900000003,28.8785643
2024-08-01T00:00:00Z,FALSE,4,75,100,12397,4158,7962,8.77882442,213434902,49759418.2,462903898,77.5646337,332.700836,35.7633627
2024-08-01T00:00:00Z,FALSE,5,100,125,11103,3010,7962,8.77882442,213434902,49759418.2,462903898,66.123206,283.624699,30.4879697
2024-08-01T00:00:00Z,FALSE,6,125,150,10456,2382,7962,8.77882442,213434902,49759418.2,462903898,60.1494876,258.001409,27.7336183
2024-08-01T00:00:00Z,FALSE,7,150,175,9573,1751,7962,8.77882442,213434902,49759418.2,462903898,53.0559899,227.575008,24.462961
2024-08-01T00:00:00Z,FALSE,8,175,200,11123,1748,7962,8.77882442,213434902,49759418.2,462903898,60.3041015,258.6646,27.8049074
2024-08-01T00:00:00Z,FALSE,9,200,225,6908,1075,7962,8.77882442,213434902,49759418.2,462903898,37.402505,160.43194,17.2454802
2024-08-01T00:00:00Z,FALSE,10,225,Inf,12720,2239,7962,8.77882442,213434902,49759418.2,462903898,70.0869439,300.626506,32.3155628
2024-08-01T00:00:00Z,TRUE,1,0,25,30516,46380,7962,8.77882442,213434902,49759418.2,462903898,360.27847,1545.35569,166.116553
2024-08-01T00:00:00Z,TRUE,2,25,50,21346,14685,7962,8.77882442,213434902,49759418.2,462903898,168.814939,724.104126,77.8368905
2024-08-01T00:00:00Z,TRUE,3,50,75,4345,1312,7962,8.77882442,213434902,49759418.2,462903898,26.5045686,113.687021,12.2206791
2024-08-01T00:00:00Z,TRUE,4,75,100,1328,206,7962,8.77882442,213434902,49759418.2,462903898,7.18720315,30.8283347,3.31386278
2024-08-01T00:00:00Z,TRUE,5,100,Inf,249,27,7962,8.77882442,213434902,49759418.2,462903898,1.29313433,5.54668865,0.596236068
2024-09-01T00:00:00Z,FALSE,1,0,25,620,2928,8020,8.68067332,212649024,49934330.7,460022073,16.6847697,71.0533204,7.71267338
2024-09-01T00:00:00Z,FALSE,2,25,50,3846,3599,8020,8.68067332,212649024,49934330.7,460022073,35.0107414,149.09582,16.184006
2024-09-01T00:00:00Z,FALSE,3,50,75,8945,4149,8020,8.68067332,212649024,49934330.7,460022073,61.5756411,262.224402,28.4638515
2024-09-01T00:00:00Z,FALSE,4,75,100,12222,4077,8020,8.68067332,212649024,49934330.7,460022073,76.6474243,326.4087,35.4309085
2024-09-01T00:00:00Z,FALSE,5,100,125,10979,3096,8020,8.68067332,212649024,49934330.7,460022073,66.1888765,281.870204,30.5963579
2024-09-01T00:00:00Z,FALSE,6,125,150,10203,2436,8020,8.68067332,212649024,49934330.7,460022073,59.4359652,253.112434,27.4747686
2024-09-01T00:00:00Z,FALSE,7,150,175,9854,1844,8020,8.68067332,212649024,49934330.7,460022073,55.0108332,234.267684,25.4292146
2024-09-01T00:00:00Z,FALSE,8,175,200,10987,1737,8020,8.68067332,212649024,49934330.7,460022073,59.8356848,254.81467,27.6595423
2024-09-01T00:00:00Z,FALSE,9,200,225,6955,960,8020,8.68067332,212649024,49934330.7,460022073,37.2209561,158.508182,17.2056961
2024-09-01T00:00:00Z,FALSE,10,225,Inf,12469,2194,8020,8.68067332,212649024,49934330.7,460022073,68.9539961,293.64567,31.8745574
2024-09-01T00:00:00Z,TRUE,1,0,25,32818,48313,8020,8.68067332,212649024,49934330.7,460022073,381.525381,1624.75393,176.363276
2024-09-01T00:00:00Z,TRUE,2,25,50,22083,15348,8020,8.68067332,212649024,49934330.7,460022073,176.022439,749.60452,81.3678347
2024-09-01T00:00:00Z,TRUE,3,50,75,4251,1288,8020,8.68067332,212649024,49934330.7,460022073,26.0476154,110.925688,12.0407266
2024-09-01T00:00:00Z,TRUE,4,75,100,1132,170,8020,8.68067332,212649024,49934330.7,460022073,6.12276498,26.0742455,2.83029897
2024-09-01T00:00:00Z,TRUE,5,100,Inf,228,26,8020,8.68067332,212649024,49934330.7,460022073,1.19445646,5.08668077,0.552147418
2024-10-01T00:00:00Z,FALSE,1,0,25,746,3930,8026,8.91365562,218211320,49965038.9,472861897,21.4287691,93.5854369,9.88872233
2024-10-01T00:00:00Z,FALSE,2,25,50,4349,4272,8026,8.91365562,218211320,49965038.9,472861897,39.5075745,172.540644,18.2315388
2024-10-01T00:00:00Z,FALSE,3,50,75,9528,4706,8026,8.91365562,218211320,49965038.9,472861897,65.2303464,284.879194,30.1018122
2024-10-01T00:00:00Z,FALSE,4,75,100,12753,4330,8026,8.91365562,218211320,49965038.9,472861897,78.2864976,341.899063,36.1268271
2024-10-01T00:00:00Z,FALSE,5,100,125,11402,3138,8026,8.91365562,218211320,49965038.9,472861897,66.6326567,291.003476,30.7489356
2024-10-01T00:00:00Z,FALSE,6,125,150,10313,2511,8026,8.91365562,218211320,49965038.9,472861897,58.7687201,256.659462,27.119969
2024-10-01T00:00:00Z,FALSE,7,150,175,10067,1843,8026,8.91365562,218211320,49965038.9,472861897,54.5801198,238.366671,25.1870579
2024-10-01T00:00:00Z,FALSE,8,175,200,11348,1748,8026,8.91365562,218211320,49965038.9,472861897,60.0152182,262.103268,27.6951898
2024-10-01T00:00:00Z,FALSE,9,200,225,7333,1112,8026,8.91365562,218211320,49965038.9,472861897,38.7010169,169.018181,17.8593371
2024-10-01T00:00:00Z,FALSE,10,225,Inf,12950,2289,8026,8.91365562,218211320,49965038.9,472861897,69.8359736,304.993258,32.2271684
2024-10-01T00:00:00Z,TRUE,1,0,25,32106,55211,8026,8.91365562,218211320,49965038.9,472861897,400.14880900000003,1747.56193,184.656452
2024-10-01T00:00:00Z,TRUE,2,25,50,21621,15958,8026,8.91365562,218211320,49965038.9,472861897,172.213797,752.105888,79.4714064
2024-10-01T00:00:00Z,TRUE,3,50,75,4402,1380,8026,8.91365562,218211320,49965038.9,472861897,26.4972504,115.720915,12.2276716
2024-10-01T00:00:00Z,TRUE,4,75,100,1073,187,8026,8.91365562,218211320,49965038.9,472861897,5.77421922,25.2176327,2.66462578
2024-10-01T00:00:00Z,TRUE,5,100,Inf,180,34,8026,8.91365562,218211320,49965038.9,472861897,0.980700725,4.28299476,0.452563426
2024-11-01T00:00:00Z,FALSE,1,0,25,592,3407,8018,8.2232476900000009,200022496,49913713.1,432952156,19.9927512,80.1182631,9.23658641
2024-11-01T00:00:00Z,FALSE,2,25,50,3710,3532,8018,8.2232476900000009,200022496,49913713.1,432952156,36.2059276,145.090388,16.7270214
2024-11-01T00:00:00Z,FALSE,3,50,75,8656,4046,8018,8.2232476900000009,200022496,49913713.1,432952156,63.5028572,254.479164,29.3381147
2024-11-01T00:00:00Z,FALSE,4,75,100,11850,3874,8018,8.2232476900000009,200022496,49913713.1,432952156,78.6111578,315.023648,36.3181007
2024-11-01T00:00:00Z,FALSE,5,100,125,10256,2888,8018,8.2232476900000009,200022496,49913713.1,432952156,65.7126087,263.334446,30.3590127
2024-11-01T00:00:00Z,FALSE,6,125,150,9473,2218,8018,8.2232476900000009,200022496,49913713.1,432952156,58.4484257,234.22421,27.0029837
2024-11-01T00:00:00Z,FALSE,7,150,175,9419,1610,8018,8.2232476900000009,200022496,49913713.1,432952156,55.138798,220.961321,25.4739464
2024-11-01T00:00:00Z,FALSE,8,175,200,10729,1652,8018,8.2232476900000009,200022496,49913713.1,432952156,61.8980377,248.048066,28.5966932
2024-11-01T00:00:00Z,FALSE,9,200,225,6560,997,8018,8.2232476900000009,200022496,49913713.1,432952156,37.7807504,151.401279,17.4545845
2024-11-01T00:00:00Z,FALSE,10,225,Inf,11873,1998,8018,8.2232476900000009,200022496,49913713.1,432952156,69.3471998,277.899582,32.0381821
2024-11-01T00:00:00Z,TRUE,1,0,25,26015,48852,8018,8.2232476900000009,200022496,49913713.1,432952156,374.2929,1499.92848,172.922109
2024-11-01T00:00:00Z,TRUE,2,25,50,19981,14396,8018,8.2232476900000009,200022496,49913713.1,432952156,171.865669,688.728565,79.4013831
2024-11-01T00:00:00Z,TRUE,3,50,75,3908,1295,8018,8.2232476900000009,200022496,49913713.1,432952156,26.0120742,104.239891,12.0174941
2024-11-01T00:00:00Z,TRUE,4,75,100,891,122,8018,8.2232476900000009,200022496,49913713.1,432952156,5.06443035,20.2950239,2.33975044
2024-11-01T00:00:00Z,TRUE,5,100,Inf,123,10,8018,8.2232476900000009,200022496,49913713.1,432952156,0.664925209,2.6645984,0.307193296
2024-12-01T00:00:00Z,FALSE,1,0,25,654,3324,8012,8.58075387,209233740,49809466.6,452553206,19.0122301,79.8643365,8.79012666
2024-12-01T00:00:00Z,FALSE,2,25,50,3920,3651,8012,8.58075387,209233740,49809466.6,452553206,36.1844128,151.999219,16.7295246
2024-12-01T00:00:00Z,FALSE,3,50,75,9047,4237,8012,8.58075387,209233740,49809466.6,452553206,63.4888045,266.696291,29.3534546
2024-12-01T00:00:00Z,FALSE,4,75,100,11917,4132,8012,8.58075387,209233740,49809466.6,452553206,76.7036905,322.207827,35.4632335
2024-12-01T00:00:00Z,FALSE,5,100,125,10364,2879,8012,8.58075387,209233740,49809466.6,452553206,63.292851400000004,265.873154,29.2628576
2024-12-01T00:00:00Z,FALSE,6,125,150,9666,2262,8012,8.58075387,209233740,49809466.6,452553206,57.0080142,239.47255,26.3571219
2024-12-01T00:00:00Z,FALSE,7,150,175,9667,1774,8012,8.58075387,209233740,49809466.6,452553206,54.6804737,229.695293,25.2810053
2024-12-01T00:00:00Z,FALSE,8,175,200,11096,1751,8012,8.58075387,209233740,49809466.6,452553206,61.4002312,257.922859,28.3878223
2024-12-01T00:00:00Z,FALSE,9,200,225,6637,977,8012,8.58075387,209233740,49809466.6,452553206,36.3899245,152.862508,16.8245411
2024-12-01T00:00:00Z,FALSE,10,225,Inf,12280,2138,8012,8.58075387,209233740,49809466.6,452553206,68.9085805,289.463048,31.8592374
2024-12-01T00:00:00Z,TRUE,1,0,25,20701,42252,8012,8.58075387,209233740,49809466.6,452553206,300.874037,1263.87621,139.106296
2024-12-01T00:00:00Z,TRUE,2,25,50,16945,12825,8012,8.58075387,209233740,49809466.6,452553206,142.281068,597.677551,65.7823204
2024-12-01T00:00:00Z,TRUE,3,50,75,3819,1242,8012,8.58075387,209233740,49809466.6,452553206,24.1882595,101.607191,11.1832154
2024-12-01T00:00:00Z,TRUE,4,75,100,792,137,8012,8.58075387,209233740,49809466.6,452553206,4.44001049,18.6510731,2.0527973
2024-12-01T00:00:00Z,TRUE,5,100,Inf,93,19,8012,8.58075387,209233740,49809466.6,452553206,0.535286518,2.24856855,0.247484712
2025-01-01T00:00:00Z,FALSE,1,0,25,726,3055,8076,8.92000991,219425584,50097287.8,475345001,17.2313544,75.4731477,7.95422271
2025-01-01T00:00:00Z,FALSE,2,25,50,3706,3366,8076,8.92000991,219425584,50097287.8,475345001,32.2296054,141.165327,14.8776152
2025-01-01T00:00:00Z,FALSE,3,50,75,8581,3844,8076,8.92000991,219425584,50097287.8,475345001,56.6251198,248.017419,26.1389096
2025-01-01T00:00:00Z,FALSE,4,75,100,11600,3811,8076,8.92000991,219425584,50097287.8,475345001,70.2333779,307.621444,32.4206628
2025-01-01T00:00:00Z,FALSE,5,100,125,10285,2778,8076,8.92000991,219425584,50097287.8,475345001,59.5327114,260.752639,27.4810926
2025-01-01T00:00:00Z,FALSE,6,125,150,9747,2139,8076,8.92000991,219425584,50097287.8,475345001,54.1687061,237.258353,25.0049963
2025-01-01T00:00:00Z,FALSE,7,150,175,9887,1713,8076,8.92000991,219425584,50097287.8,475345001,52.865303,231.549461,24.4033281
2025-01-01T00:00:00Z,FALSE,8,175,200,11464,1721,8076,8.92000991,219425584,50097287.8,475345001,60.0887086,263.187901,27.7377483
2025-01-01T00:00:00Z,FALSE,9,200,225,7046,1074,8076,8.92000991,219425584,50097287.8,475345001,37.0057121,162.084623,17.0823296
2025-01-01T00:00:00Z,FALSE,10,225,Inf,12896,2168,8076,8.92000991,219425584,50097287.8,475345001,68.651976199999993,300.694921,31.6906667
2025-01-01T00:00:00Z,TRUE,1,0,25,19925,41063,8076,8.92000991,219425584,50097287.8,475345001,277.943888,1217.39125,128.302601
2025-01-01T00:00:00Z,TRUE,2,25,50,15654,11568,8076,8.92000991,219425584,50097287.8,475345001,124.060282,543.38271,57.267879
2025-01-01T00:00:00Z,TRUE,3,50,75,3963,1123,8076,8.92000991,219425584,50097287.8,475345001,23.1787009,101.522462,10.6995971
2025-01-01T00:00:00Z,TRUE,4,75,100,1001,128,8076,8.92000991,219425584,50097287.8,475345001,5.14525233,22.5361502,2.37511702
2025-01-01T00:00:00Z,TRUE,5,100,Inf,103,8,8076,8.92000991,219425584,50097287.8,475345001,0.505866261,2.21568881,0.233514605
2025-02-01T00:00:00Z,FALSE,1,0,25,629,2986,8147,7.85233828,195784002,50709776.3,421896486,18.4642257,71.2880289,8.5684525
2025-02-01T00:00:00Z,FALSE,2,25,50,3308,3196,8147,7.85233828,195784002,50709776.3,421896486,33.2202833,128.259292,15.4161038
2025-02-01T00:00:00Z,FALSE,3,50,75,7680,3492,8147,7.85233828,195784002,50709776.3,421896486,57.0628851,220.312547,26.4804291
2025-02-01T00:00:00Z,FALSE,4,75,100,10221,3351,8147,7.85233828,195784002,50709776.3,421896486,69.3212923,267.640699,32.1690283
2025-02-01T00:00:00Z,FALSE,5,100,125,8817,2390,8147,7.85233828,195784002,50709776.3,421896486,57.2416536,221.00275,26.5633879
2025-02-01T00:00:00Z,FALSE,6,125,150,8376,1815,8147,7.85233828,195784002,50709776.3,421896486,52.0522612,200.967165,24.1552142
2025-02-01T00:00:00Z,FALSE,7,150,175,8544,1481,8147,7.85233828,195784002,50709776.3,421896486,51.2043881,197.693635,23.7617528
2025-02-01T00:00:00Z,FALSE,8,175,200,9990,1557,8147,7.85233828,195784002,50709776.3,421896486,58.9782612,227.707571,27.3692728
2025-02-01T00:00:00Z,FALSE,9,200,225,6152,938,8147,7.85233828,195784002,50709776.3,421896486,36.2133777,139.815249,16.8050701
2025-02-01T00:00:00Z,FALSE,10,225,Inf,11266,1949,8147,7.85233828,195784002,50709776.3,421896486,67.4978542,260.600637,31.3228492
2025-02-01T00:00:00Z,TRUE,1,0,25,17837,39258,8147,7.85233828,195784002,50709776.3,421896486,291.622398,1125.91701,135.329404
2025-02-01T00:00:00Z,TRUE,2,25,50,14353,11019,8147,7.85233828,195784002,50709776.3,421896486,129.591794,500.337446,60.1379743
2025-02-01T00:00:00Z,TRUE,3,50,75,3719,1057,8147,7.85233828,195784002,50709776.3,421896486,24.3942302,94.1830224,11.3203124
2025-02-01T00:00:00Z,TRUE,4,75,100,904,115,8147,7.85233828,195784002,50709776.3,421896486,5.20471536,20.0947445,2.4152844
2025-02-01T00:00:00Z,TRUE,5,100,Inf,124,15,8147,7.85233828,195784002,50709776.3,421896486,0.709966079,2.7410888,0.329464702
2025-03-01T00:00:00Z,FALSE,1,0,25,616,3311,8122,8.54814085,212810019,50327593.4,460568658,18.4530786,78.0287659,8.52641606
2025-03-01T00:00:00Z,FALSE,2,25,50,3795,3711,8122,8.54814085,212810019,50327593.4,460568658,35.2708958,149.142836,16.2972444
2025-03-01T00:00:00Z,FALSE,3,50,75,8527,3998,8122,8.54814085,212810019,50327593.4,460568658,58.8553117,248.86944,27.1946425
2025-03-01T00:00:00Z,FALSE,4,75,100,11576,3938,8122,8.54814085,212810019,50327593.4,460568658,72.900703,308.260319,33.6844458
2025-03-01T00:00:00Z,FALSE,5,100,125,10311,2775,8122,8.54814085,212810019,50327593.4,460568658,61.4914658,260.016407,28.412702
2025-03-01T00:00:00Z,FALSE,6,125,150,9790,2172,8122,8.54814085,212810019,50327593.4,460568658,56.2097596,237.682734,25.9722406
2025-03-01T00:00:00Z,FALSE,7,150,175,9451,1666,8122,8.54814085,212810019,50327593.4,460568658,52.2390818,220.89274,24.1375522
2025-03-01T00:00:00Z,FALSE,8,175,200,11000,1687,8122,8.54814085,212810019,50327593.4,460568658,59.616554,252.088351,27.5463816
2025-03-01T00:00:00Z,FALSE,9,200,225,6900,1063,8122,8.54814085,212810019,50327593.4,460568658,37.4183511,158.223342,17.2894961
2025-03-01T00:00:00Z,FALSE,10,225,Inf,12839,2262,8122,8.54814085,212810019,50327593.4,460568658,70.9600049,300.054085,32.7877283
2025-03-01T00:00:00Z,TRUE,1,0,25,23347,45307,8122,8.54814085,212810019,50327593.4,460568658,322.606991,1364.14232,149.063552
2025-03-01T00:00:00Z,TRUE,2,25,50,17045,13349,8122,8.54814085,212810019,50327593.4,460568658,142.822223,603.923176,65.9923325
2025-03-01T00:00:00Z,TRUE,3,50,75,4008,1140,8122,8.54814085,212810019,50327593.4,460568658,24.1905904,102.289811,11.1774866
2025-03-01T00:00:00Z,TRUE,4,75,100,960,123,8122,8.54814085,212810019,50327593.4,460568658,5.08904611,21.5190103,2.35144095
2025-03-01T00:00:00Z,TRUE,5,100,Inf,120,17,8122,8.54814085,212810019,50327593.4,460568658,0.643766683,2.72216474,0.297458365
2025-04-01T00:00:00Z,FALSE,1,0,25,618,2936,8089,8.56372852,211355630,50349942.8,457002834,16.8152606,70.5859788,7.77675702
2025-04-01T00:00:00Z,FALSE,2,25,50,3840,3487,8089,8.56372852,211355630,50349942.8,457002834,34.6666896,145.521516,16.0327233
2025-04-01T00:00:00Z,FALSE,3,50,75,8682,4020,8089,8.56372852,211355630,50349942.8,457002834,60.0977605,252.274368,27.7941384
2025-04-01T00:00:00Z,FALSE,4,75,100,11744,3793,8089,8.56372852,211355630,50349942.8,457002834,73.5111718,308.580291,33.997601
2025-04-01T00:00:00Z,FALSE,5,100,125,10713,2765,8089,8.56372852,211355630,50349942.8,457002834,63.7692974,267.6865,29.4921585
2025-04-01T00:00:00Z,FALSE,6,125,150,9801,2135,8089,8.56372852,211355630,50349942.8,457002834,56.4735372,237.060845,26.118
2025-04-01T00:00:00Z,FALSE,7,150,175,9297,1626,8089,8.56372852,211355630,50349942.8,457002834,51.6806674,216.941656,23.9013835
2025-04-01T00:00:00Z,FALSE,8,175,200,10738,1728,8089,8.56372852,211355630,50349942.8,457002834,58.981159,247.587173,27.2777302
2025-04-01T00:00:00Z,FALSE,9,200,225,6926,1067,8089,8.56372852,211355630,50349942.8,457002834,37.8177767,158.748939,17.4900447
2025-04-01T00:00:00Z,FALSE,10,225,Inf,12592,2314,8089,8.56372852,211355630,50349942.8,457002834,70.5256824,296.048002,32.6168656
2025-04-01T00:00:00Z,TRUE,1,0,25,26707,48087,8089,8.56372852,211355630,50349942.8,457002834,353.877491,1485.48331,163.662005
2025-04-01T00:00:00Z,TRUE,2,25,50,19033,14573,8089,8.56372852,211355630,50349942.8,457002834,159.002152,667.448623,73.535649
2025-04-01T00:00:00Z,TRUE,3,50,75,3963,1204,8089,8.56372852,211355630,50349942.8,457002834,24.4469476,102.621765,11.3062756
2025-04-01T00:00:00Z,TRUE,4,75,100,980,167,8089,8.56372852,211355630,50349942.8,457002834,5.42687225,22.7805621,2.50983126
2025-04-01T00:00:00Z,TRUE,5,100,Inf,129,16,8089,8.56372852,211355630,50349942.8,457002834,0.686047494,2.87984438,0.317284684
2025-05-01T00:00:00Z,FALSE,1,0,25,575,2408,7957,8.59909514,207928630,49345216.1,450619276,14.3462687,60.4516554,6.61977895
2025-05-01T00:00:00Z,FALSE,2,25,50,3642,3331,7957,8.59909514,207928630,49345216.1,450619276,33.5355453,141.310557,15.4742604
2025-05-01T00:00:00Z,FALSE,3,50,75,8544,3740,7957,8.59909514,207928630,49345216.1,450619276,59.0779634,248.940038,27.260263
2025-05-01T00:00:00Z,FALSE,4,75,100,12013,3787,7957,8.59909514,207928630,49345216.1,450619276,75.9876116,320.193146,35.0628587
2025-05-01T00:00:00Z,FALSE,5,100,125,10832,2782,7957,8.59909514,207928630,49345216.1,450619276,65.4743889,275.893006,30.2117568
2025-05-01T00:00:00Z,FALSE,6,125,150,10187,2250,7957,8.59909514,207928630,49345216.1,450619276,59.8137928,252.040643,27.5997958
2025-05-01T00:00:00Z,FALSE,7,150,175,9605,1745,7957,8.59909514,207928630,49345216.1,450619276,54.5860375,230.012165,25.1875599
2025-05-01T00:00:00Z,FALSE,8,175,200,11043,1825,7957,8.59909514,207928630,49345216.1,450619276,61.8866194,260.775026,28.5562573
2025-05-01T00:00:00Z,FALSE,9,200,225,7043,1087,7957,8.59909514,207928630,49345216.1,450619276,39.0999546,164.757613,18.041838
2025-05-01T00:00:00Z,FALSE,10,225,Inf,12623,2306,7957,8.59909514,207928630,49345216.1,450619276,71.7986743,302.541992,33.1299631
2025-05-01T00:00:00Z,TRUE,1,0,25,20865,40413,7957,8.59909514,207928630,49345216.1,450619276,294.70689,1241.82251,135.986193
2025-05-01T00:00:00Z,TRUE,2,25,50,15068,11032,7957,8.59909514,207928630,49345216.1,450619276,125.523839,528.926653,57.9202919
2025-05-01T00:00:00Z,TRUE,3,50,75,4109,1194,7957,8.59909514,207928630,49345216.1,450619276,25.5039433,107.467358,11.7682493
2025-05-01T00:00:00Z,TRUE,4,75,100,1122,210,7957,8.59909514,207928630,49345216.1,450619276,6.40604422,26.9934981,2.95593214
2025-05-01T00:00:00Z,TRUE,5,100,Inf,189,26,7957,8.59909514,207928630,49345216.1,450619276,1.03400864,4.35705863,0.477121178
2025-06-01T00:00:00Z,FALSE,1,0,25,555,2170,7870,8.31715375,200374045,49122836.2,433330440,13.5995657,55.4731813,6.28850352
2025-06-01T00:00:00Z,FALSE,2,25,50,3688,3287,7870,8.31715375,200374045,49122836.2,433330440,34.8098976,141.990987,16.0962613
2025-06-01T00:00:00Z,FALSE,3,50,75,8315,4006,7870,8.31715375,200374045,49122836.2,433330440,61.4899997,250.820208,28.4332667
2025-06-01T00:00:00Z,FALSE,4,75,100,11541,3999,7870,8.31715375,200374045,49122836.2,433330440,77.5549546,316.349812,35.8617779
2025-06-01T00:00:00Z,FALSE,5,100,125,10353,2880,7870,8.31715375,200374045,49122836.2,433330440,66.0414874,269.385911,30.5378962
2025-06-01T00:00:00Z,FALSE,6,125,150,9601,2266,7870,8.31715375,200374045,49122836.2,433330440,59.2242372,241.578071,27.3855674
2025-06-01T00:00:00Z,FALSE,7,150,175,9088,1658,7870,8.31715375,200374045,49122836.2,433330440,53.6297003,218.757727,24.7986271
2025-06-01T00:00:00Z,FALSE,8,175,200,10345,1875,7870,8.31715375,200374045,49122836.2,433330440,60.9859424,248.764138,28.2001883
2025-06-01T00:00:00Z,FALSE,9,200,225,6493,1173,7870,8.31715375,200374045,49122836.2,433330440,38.258448,156.057764,17.6908873
2025-06-01T00:00:00Z,FALSE,10,225,Inf,11715,2396,7870,8.31715375,200374045,49122836.2,433330440,70.4232925,287.259472,32.5640635
2025-06-01T00:00:00Z,TRUE,1,0,25,20749,36887,7870,8.31715375,200374045,49122836.2,433330440,287.642044,1173.30359,133.007042
2025-06-01T00:00:00Z,TRUE,2,25,50,15113,10756,7870,8.31715375,200374045,49122836.2,433330440,129.103547,526.618616,59.6980908
2025-06-01T00:00:00Z,TRUE,3,50,75,3704,1138,7870,8.31715375,200374045,49122836.2,433330440,24.1648063,98.5692272,11.1739207
2025-06-01T00:00:00Z,TRUE,4,75,100,1052,171,7870,8.31715375,200374045,49122836.2,433330440,6.10358491,24.8967709,2.8223265300000002
2025-06-01T00:00:00Z,TRUE,5,100,Inf,166,34,7870,8.31715375,200374045,49122836.2,433330440,0.998133264,4.07142615,0.461541543
2025-07-01T00:00:00Z,FALSE,1,0,25,530,2399,7794,8.67500642,205885742,48330047.9,444409671,14.2263372,60.6041196,6.59076567
2025-07-01T00:00:00Z,FALSE,2,25,50,3722,3267,7794,8.67500642,205885742,48330047.9,444409671,33.9460126,144.60983,15.7264805
2025-07-01T00:00:00Z,FALSE,3,50,75,8574,3724,7794,8.67500642,205885742,48330047.9,444409671,59.7321595,254.458676,27.6726651
2025-07-01T00:00:00Z,FALSE,4,75,100,11843,3834,7794,8.67500642,205885742,48330047.9,444409671,76.1441751,324.37377300000003,35.27601
2025-07-01T00:00:00Z,FALSE,5,100,125,10649,2860,7794,8.67500642,205885742,48330047.9,444409671,65.6140627,279.515552,30.3976283
2025-07-01T00:00:00Z,FALSE,6,125,150,9821,2294,7794,8.67500642,205885742,48330047.9,444409671,58.843317,250.672212,27.2608829
2025-07-01T00:00:00Z,FALSE,7,150,175,9560,1854,7794,8.67500642,205885742,48330047.9,444409671,55.4385159,236.167778,25.6835095
2025-07-01T00:00:00Z,FALSE,8,175,200,10835,1990,7794,8.67500642,205885742,48330047.9,444409671,62.2918317,265.362866,28.8585079
2025-07-01T00:00:00Z,FALSE,9,200,225,6726,1116,7794,8.67500642,205885742,48330047.9,444409671,38.0890873,162.259305,17.6458806
2025-07-01T00:00:00Z,FALSE,10,225,Inf,12218,2231,7794,8.67500642,205885742,48330047.9,444409671,70.1797018,298.96515,32.5127938
2025-07-01T00:00:00Z,TRUE,1,0,25,21608,35479,7794,8.67500642,205885742,48330047.9,444409671,277.27515,1181.19064,128.455801
2025-07-01T00:00:00Z,TRUE,2,25,50,15263,10958,7794,8.67500642,205885742,48330047.9,444409671,127.357046,542.540327,59.0018664
2025-07-01T00:00:00Z,TRUE,3,50,75,3810,1179,7794,8.67500642,205885742,48330047.9,444409671,24.2318868,103.227707,11.2261283
2025-07-01T00:00:00Z,TRUE,4,75,100,1094,175,7794,8.67500642,205885742,48330047.9,444409671,6.16361282,26.2569572,2.85547342
2025-07-01T00:00:00Z,TRUE,5,100,Inf,204,32,7794,8.67500642,205885742,48330047.9,444409671,1.14626684,4.88309055,0.531041549
2025-08-01T00:00:00Z,FALSE,1,0,25,590,3400,7881,8.69001396,208391480,49188584.7,452440561,19.1466561,81.1163814,8.81883797
2025-08-01T00:00:00Z,FALSE,2,25,50,4067,3888,7881,8.69001396,208391480,49188584.7,452440561,38.1733457,161.724515,17.5824201
2025-08-01T00:00:00Z,FALSE,3,50,75,9115,4266,7881,8.69001396,208391480,49188584.7,452440561,64.2108785,272.034662,29.5751556
2025-08-01T00:00:00Z,FALSE,4,75,100,12406,4303,7881,8.69001396,208391480,49188584.7,452440561,80.1808212,339.692636,36.9308179
2025-08-01T00:00:00Z,FALSE,5,100,125,11014,3009,7881,8.69001396,208391480,49188584.7,452440561,67.2916186,285.08647,30.9941265
2025-08-01T00:00:00Z,FALSE,6,125,150,10324,2395,7881,8.69001396,208391480,49188584.7,452440561,61.0341651,258.576254,28.11198
2025-08-01T00:00:00Z,FALSE,7,150,175,9558,1881,7881,8.69001396,208391480,49188584.7,452440561,54.8918795,232.553957,25.2828791
2025-08-01T00:00:00Z,FALSE,8,175,200,11232,1806,7881,8.69001396,208391480,49188584.7,452440561,62.5649379,265.061499,28.817045
2025-08-01T00:00:00Z,FALSE,9,200,225,6933,1115,7881,8.69001396,208391480,49188584.7,452440561,38.6196211,163.615197,17.7879719
2025-08-01T00:00:00Z,FALSE,10,225,Inf,12400,2345,7881,8.69001396,208391480,49188584.7,452440561,70.756251700000007,299.764673,32.5899163
2025-08-01T00:00:00Z,TRUE,1,0,25,26993,45749,7881,8.69001396,208391480,49188584.7,452440561,349.064175,1478.83905,160.77692
2025-08-01T00:00:00Z,TRUE,2,25,50,19194,14032,7881,8.69001396,208391480,49188584.7,452440561,159.4403,675.481927,73.4372708
2025-08-01T00:00:00Z,TRUE,3,50,75,4138,1308,7881,8.69001396,208391480,49188584.7,452440561,26.133506,110.716745,12.0369402
2025-08-01T00:00:00Z,TRUE,4,75,100,1143,206,7881,8.69001396,208391480,49188584.7,452440561,6.47339325,27.4250623,2.98160712
2025-08-01T00:00:00Z,TRUE,5,100,Inf,201,34,7881,8.69001396,208391480,49188584.7,452440561,1.12768526,4.77753124,0.519405244
2025-09-01T00:00:00Z,FALSE,1,0,25,649,3328,7734,8.66214119,204480888,48185468.4,444212629,19.4492504,82.5352566,8.9529197
2025-09-01T00:00:00Z,FALSE,2,25,50,4238,4031,7734,8.66214119,204480888,48185468.4,444212629,40.4389871,171.607754,18.6149593
2025-09-01T00:00:00Z,FALSE,3,50,75,9337,4587,7734,8.66214119,204480888,48185468.4,444212629,68.0943834,288.966787,31.3453492
2025-09-01T00:00:00Z,FALSE,4,75,100,12770,4431,7734,8.66214119,204480888,48185468.4,444212629,84.120331,356.974843,38.722447
2025-09-01T00:00:00Z,FALSE,5,100,125,11017,3164,7734,8.66214119,204480888,48185468.4,444212629,69.3512245,294.300346,31.923901
2025-09-01T00:00:00Z,FALSE,6,125,150,10374,2503,7734,8.66214119,204480888,48185468.4,444212629,62.9741004,267.238245,28.9883699
2025-09-01T00:00:00Z,FALSE,7,150,175,9853,1806,7734,8.66214119,204480888,48185468.4,444212629,57.0175535,241.960915,26.2464397
2025-09-01T00:00:00Z,FALSE,8,175,200,11339,1951,7734,8.66214119,204480888,48185468.4,444212629,64.9938491,275.809294,29.9181048
2025-09-01T00:00:00Z,FALSE,9,200,225,7111,1195,7734,8.66214119,204480888,48185468.4,444212629,40.6199331,172.37562,18.6982527
2025-09-01T00:00:00Z,FALSE,10,225,Inf,12663,2396,7734,8.66214119,204480888,48185468.4,444212629,73.6450243,312.521607,33.9004319
2025-09-01T00:00:00Z,TRUE,1,0,25,34438,57501,7734,8.66214119,204480888,48185468.4,444212629,449.621482,1908.0233700000001,206.970703
2025-09-01T00:00:00Z,TRUE,2,25,50,23671,18660,7734,8.66214119,204480888,48185468.4,444212629,207.016902,878.50137,95.294454
2025-09-01T00:00:00Z,TRUE,3,50,75,4242,1428,7734,8.66214119,204480888,48185468.4,444212629,27.7287528,117.670331,12.7641576
2025-09-01T00:00:00Z,TRUE,4,75,100,1012,190,7734,8.66214119,204480888,48185468.4,444212629,5.87829997,24.94528,2.70591136
2025-09-01T00:00:00Z,TRUE,5,100,Inf,164,26,7734,8.66214119,204480888,48185468.4,444212629,0.929182192,3.9430975,0.427723093
2025-10-01T00:00:00Z,FALSE,1,0,25,666,4055,7563,8.87174402,202988130,46537897.7,440440189,23.2575176,101.444204,10.718822
2025-10-01T00:00:00Z,FALSE,2,25,50,4112,4352,7563,8.87174402,202988130,46537897.7,440440189,41.6970194,181.873278,19.2171383
2025-10-01T00:00:00Z,FALSE,3,50,75,9199,5034,7563,8.87174402,202988130,46537897.7,440440189,70.1174004,305.836763,32.315398
2025-10-01T00:00:00Z,FALSE,4,75,100,12499,4829,7563,8.87174402,202988130,46537897.7,440440189,85.3645974,372.341701,39.3424589
2025-10-01T00:00:00Z,FALSE,5,100,125,10877,3413,7563,8.87174402,202988130,46537897.7,440440189,70.398205,307.061572,32.444814
2025-10-01T00:00:00Z,FALSE,6,125,150,10005,2779,7563,8.87174402,202988130,46537897.7,440440189,62.979052,274.700849,29.0255075
2025-10-01T00:00:00Z,FALSE,7,150,175,9618,2222,7563,8.87174402,202988130,46537897.7,440440189,58.3285338,254.416306,26.8821972
2025-10-01T00:00:00Z,FALSE,8,175,200,11058,2191,7563,8.87174402,202988130,46537897.7,440440189,65.2698263,284.692705,30.0812695
2025-10-01T00:00:00Z,FALSE,9,200,225,6920,1342,7563,8.87174402,202988130,46537897.7,440440189,40.7018873,177.532729,18.7585062
2025-10-01T00:00:00Z,FALSE,10,225,Inf,12720,2697,7563,8.87174402,202988130,46537897.7,440440189,75.9502538,331.278394,35.0036177
2025-10-01T00:00:00Z,TRUE,1,0,25,29540,56376,7563,8.87174402,202988130,46537897.7,440440189,423.256276,1846.15129,195.068484
2025-10-01T00:00:00Z,TRUE,2,25,50,20730,16968,7563,8.87174402,202988130,46537897.7,440440189,185.715293,810.049484,85.5916444
2025-10-01T00:00:00Z,TRUE,3,50,75,4020,1618,7563,8.87174402,202988130,46537897.7,440440189,27.7750231,121.148575,12.80083
2025-10-01T00:00:00Z,TRUE,4,75,100,945,223,7563,8.87174402,202988130,46537897.7,440440189,5.75403103,25.0978247,2.65189242
2025-10-01T00:00:00Z,TRUE,5,100,Inf,161,30,7563,8.87174402,202988130,46537897.7,440440189,0.940941719,4.10418196,0.433657066
2025-11-01T00:00:00Z,FALSE,1,0,25,605,3472,7506,8.35225153,188675980,45812827.5,408648726,21.608474,88.9925426,9.97678382
2025-11-01T00:00:00Z,FALSE,2,25,50,3810,3700,7506,8.35225153,188675980,45812827.5,408648726,39.8036889,163.927887,18.377642
2025-11-01T00:00:00Z,FALSE,3,50,75,8890,4341,7506,8.35225153,188675980,45812827.5,408648726,70.1255137,288.805576,32.3774409
2025-11-01T00:00:00Z,FALSE,4,75,100,11828,4223,7506,8.35225153,188675980,45812827.5,408648726,85.0717724,350.360388,39.2782333
2025-11-01T00:00:00Z,FALSE,5,100,125,10464,3053,7506,8.35225153,188675980,45812827.5,408648726,71.6413399,295.048369,33.0773085
2025-11-01T00:00:00Z,FALSE,6,125,150,9525,2512,7506,8.35225153,188675980,45812827.5,408648726,63.7972042,262.743006,29.4556161
2025-11-01T00:00:00Z,FALSE,7,150,175,9147,2000,7506,8.35225153,188675980,45812827.5,408648726,59.0801225,243.316133,27.2777065
2025-11-01T00:00:00Z,FALSE,8,175,200,10374,1933,7506,8.35225153,188675980,45812827.5,408648726,65.2282289,268.636552,30.1163303
2025-11-01T00:00:00Z,FALSE,9,200,225,6481,1219,7506,8.35225153,188675980,45812827.5,408648726,40.8107063,168.075197,18.842589
2025-11-01T00:00:00Z,FALSE,10,225,Inf,11584,2478,7506,8.35225153,188675980,45812827.5,408648726,74.5298899,306.9446,34.4109723
2025-11-01T00:00:00Z,TRUE,1,0,25,23570,47934,7506,8.35225153,188675980,45812827.5,408648726,378.977759,1560.78557,174.976686
2025-11-01T00:00:00Z,TRUE,2,25,50,18532,14610,7506,8.35225153,188675980,45812827.5,408648726,175.65564,723.421841,81.1014396
2025-11-01T00:00:00Z,TRUE,3,50,75,3955,1398,7506,8.35225153,188675980,45812827.5,408648726,28.371391,116.845004,13.09927
2025-11-01T00:00:00Z,TRUE,4,75,100,852,151,7506,8.35225153,188675980,45812827.5,408648726,5.31599201,21.8934315,2.45443075
2025-11-01T00:00:00Z,TRUE,5,100,Inf,101,15,7506,8.35225153,188675980,45812827.5,408648726,0.614810641,2.53204193,0.28386238
2025-12-01T00:00:00Z,FALSE,1,0,25,721,3693,7505,8.92738175,202484885,45917991,439170359,21.799158,96.127899,10.0507694
2025-12-01T00:00:00Z,FALSE,2,25,50,4059,4048,7505,8.92738175,202484885,45917991,439170359,40.0375565,176.553891,18.4598069
2025-12-01T00:00:00Z,FALSE,3,50,75,9143,4661,7505,8.92738175,202484885,45917991,439170359,68.17299,300.622908,31.4319938
2025-12-01T00:00:00Z,FALSE,4,75,100,12338,4430,7505,8.92738175,202484885,45917991,439170359,82.8111197,365.172771,38.1810832
2025-12-01T00:00:00Z,FALSE,5,100,125,10676,3177,7505,8.92738175,202484885,45917991,439170359,68.4149833,301.690028,31.5435678
2025-12-01T00:00:00Z,FALSE,6,125,150,9850,2496,7505,8.92738175,202484885,45917991,439170359,60.9724525,268.870648,28.1120976
2025-12-01T00:00:00Z,FALSE,7,150,175,9753,1926,7505,8.92738175,202484885,45917991,439170359,57.6783794,254.344751,26.5933248
2025-12-01T00:00:00Z,FALSE,8,175,200,10905,1967,7505,8.92738175,202484885,45917991,439170359,63.5701773,280.325853,29.3098105
2025-12-01T00:00:00Z,FALSE,9,200,225,6818,1261,7505,8.92738175,202484885,45917991,439170359,39.8992746,175.944109,18.3960503
2025-12-01T00:00:00Z,FALSE,10,225,Inf,12274,2547,7505,8.92738175,202484885,45917991,439170359,73.1955871,322.77109,33.7477239
2025-12-01T00:00:00Z,TRUE,1,0,25,22097,47154,7505,8.92738175,202484885,45917991,439170359,342.005776,1508.14525,157.685961
2025-12-01T00:00:00Z,TRUE,2,25,50,17180,14286,7505,8.92738175,202484885,45917991,439170359,155.399254,685.265172,71.6487335
2025-12-01T00:00:00Z,TRUE,3,50,75,3574,1363,7505,8.92738175,202484885,45917991,439170359,24.3820669,107.51777,11.2416512
2025-12-01T00:00:00Z,TRUE,4,75,100,756,137,7505,8.92738175,202484885,45917991,439170359,4.41020574,19.4477149,2.03337949
2025-12-01T00:00:00Z,TRUE,5,100,Inf,92,10,7505,8.92738175,202484885,45917991,439170359,0.503741305,2.22135154,0.232256112
