fishing,length_decile,month,n_s1_detections,n_s1_detections_unmatched,decile_min_m,decile_max_m
false,1,2017-01-01 00:00:00,5733,4158,5.009999999999937,49.8269653
false,2,2017-01-01 00:00:00,8618,3163,49.82698059082031,70.19505
false,3,2017-01-01 00:00:00,10359,2913,70.1950684,85.2781372
false,4,2017-01-01 00:00:00,11537,2767,85.2781372,102.73096
false,5,2017-01-01 00:00:00,11963,2915,102.730965,124.4505844116211
false,6,2017-01-01 00:00:00,11881,2652,124.4506,148.219666
false,7,2017-01-01 00:00:00,10892,2196,148.219666,173.04274
false,8,2017-01-01 00:00:00,9953,1902,173.04277,196.13412
false,9,2017-01-01 00:00:00,8789,1595,196.1341552734375,239.60664
false,10,2017-01-01 00:00:00,7344,1482,239.60664,453.10022
true,1,2017-01-01 00:00:00,6393,5227,5.009999999999937,7.759999999999878
true,2,2017-01-01 00:00:00,7358,5728,7.759999999999878,10.819999999999814
true,3,2017-01-01 00:00:00,8394,6382,10.819999999999814,14.75999999999973
true,4,2017-01-01 00:00:00,9960,7379,14.75999999999973,18.280000000000058
true,5,2017-01-01 00:00:00,11059,7888,18.280000000000058,21.410000000000547
true,6,2017-01-01 00:00:00,12246,8308,21.410000000000547,23.4741764
true,7,2017-01-01 00:00:00,13107,8468,23.474182,26.025414
true,8,2017-01-01 00:00:00,13789,8417,26.025414,30.572640000000003
true,9,2017-01-01 00:00:00,14013,7867,30.572645,41.5105934
true,10,2017-01-01 00:00:00,14728,5063,41.5106,453.8493
false,1,2017-02-01 00:00:00,8832,6904,5.009999999999937,49.8269653
false,2,2017-02-01 00:00:00,9853,3968,49.82698059082031,70.19505
false,3,2017-02-01 00:00:00,11266,3421,70.1950684,85.2781372
false,4,2017-02-01 00:00:00,11929,3256,85.2781372,102.73096
false,5,2017-02-01 00:00:00,12266,3120,102.730965,124.4505844116211
false,6,2017-02-01 00:00:00,12137,2878,124.4506,148.219666
false,7,2017-02-01 00:00:00,11190,2196,148.219666,173.04274
false,8,2017-02-01 00:00:00,10897,1997,173.04277,196.13412
false,9,2017-02-01 00:00:00,10003,1832,196.1341552734375,239.60664
false,10,2017-02-01 00:00:00,8503,1607,239.60664,453.10022
true,1,2017-02-01 00:00:00,7915,6890,5.009999999999937,7.759999999999878
true,2,2017-02-01 00:00:00,8915,7424,7.759999999999878,10.819999999999814
true,3,2017-02-01 00:00:00,10319,8414,10.819999999999814,14.75999999999973
true,4,2017-02-01 00:00:00,11880,9235,14.75999999999973,18.280000000000058
true,5,2017-02-01 00:00:00,13388,10104,18.280000000000058,21.410000000000547
true,6,2017-02-01 00:00:00,14461,10431,21.410000000000547,23.4741764
true,7,2017-02-01 00:00:00,15460,10652,23.474182,26.025414
true,8,2017-02-01 00:00:00,15888,10288,26.025414,30.572640000000003
true,9,2017-02-01 00:00:00,16291,9471,30.572645,41.5105934
true,10,2017-02-01 00:00:00,16726,6168,41.5106,453.8493
false,1,2017-03-01 00:00:00,13855,11074,5.009999999999937,49.8269653
false,2,2017-03-01 00:00:00,13072,5602,49.82698059082031,70.19505
false,3,2017-03-01 00:00:00,13919,4547,70.1950684,85.2781372
false,4,2017-03-01 00:00:00,14990,4269,85.2781372,102.73096
false,5,2017-03-01 00:00:00,15456,4005,102.730965,124.4505844116211
false,6,2017-03-01 00:00:00,15727,3749,124.4506,148.219666
false,7,2017-03-01 00:00:00,14149,2784,148.219666,173.04274
false,8,2017-03-01 00:00:00,13491,2473,173.04277,196.13412
false,9,2017-03-01 00:00:00,12251,2222,196.1341552734375,239.60664
false,10,2017-03-01 00:00:00,10592,1983,239.60664,453.10022
true,1,2017-03-01 00:00:00,13435,11567,5.009999999999937,7.759999999999878
true,2,2017-03-01 00:00:00,14337,11774,7.759999999999878,10.819999999999814
true,3,2017-03-01 00:00:00,16182,12895,10.819999999999814,14.75999999999973
true,4,2017-03-01 00:00:00,18034,13939,14.75999999999973,18.280000000000058
true,5,2017-03-01 00:00:00,19821,14641,18.280000000000058,21.410000000000547
true,6,2017-03-01 00:00:00,20894,14830,21.410000000000547,23.4741764
true,7,2017-03-01 00:00:00,21282,14437,23.474182,26.025414
true,8,2017-03-01 00:00:00,20399,12924,26.025414,30.572640000000003
true,9,2017-03-01 00:00:00,19446,11037,30.572645,41.5105934
true,10,2017-03-01 00:00:00,18997,6741,41.5106,453.8493
false,1,2017-04-01 00:00:00,14241,11368,5.009999999999937,49.8269653
false,2,2017-04-01 00:00:00,13138,5657,49.82698059082031,70.19505
false,3,2017-04-01 00:00:00,13879,4424,70.1950684,85.2781372
false,4,2017-04-01 00:00:00,15319,4193,85.2781372,102.73096
false,5,2017-04-01 00:00:00,15790,3976,102.730965,124.4505844116211
false,6,2017-04-01 00:00:00,16186,3688,124.4506,148.219666
false,7,2017-04-01 00:00:00,13979,2776,148.219666,173.04274
false,8,2017-04-01 00:00:00,13228,2303,173.04277,196.13412
false,9,2017-04-01 00:00:00,12058,2133,196.1341552734375,239.60664
false,10,2017-04-01 00:00:00,10811,2003,239.60664,453.10022
true,1,2017-04-01 00:00:00,15738,13488,5.009999999999937,7.759999999999878
true,2,2017-04-01 00:00:00,16960,13968,7.759999999999878,10.819999999999814
true,3,2017-04-01 00:00:00,18901,14914,10.819999999999814,14.75999999999973
true,4,2017-04-01 00:00:00,20586,15841,14.75999999999973,18.280000000000058
true,5,2017-04-01 00:00:00,22202,16427,18.280000000000058,21.410000000000547
true,6,2017-04-01 00:00:00,22927,16156,21.410000000000547,23.4741764
true,7,2017-04-01 00:00:00,22142,14567,23.474182,26.025414
true,8,2017-04-01 00:00:00,20079,12170,26.025414,30.572640000000003
true,9,2017-04-01 00:00:00,18503,9978,30.572645,41.5105934
true,10,2017-04-01 00:00:00,18342,6336,41.5106,453.8493
false,1,2017-05-01 00:00:00,14433,11271,5.009999999999937,49.8269653
false,2,2017-05-01 00:00:00,13937,5802,49.82698059082031,70.19505
false,3,2017-05-01 00:00:00,14915,4738,70.1950684,85.2781372
false,4,2017-05-01 00:00:00,16467,4463,85.2781372,102.73096
false,5,2017-05-01 00:00:00,17754,4404,102.730965,124.4505844116211
false,6,2017-05-01 00:00:00,17736,3887,124.4506,148.219666
false,7,2017-05-01 00:00:00,15535,2858,148.219666,173.04274
false,8,2017-05-01 00:00:00,14513,2368,173.04277,196.13412
false,9,2017-05-01 00:00:00,13580,2248,196.1341552734375,239.60664
false,10,2017-05-01 00:00:00,11502,2015,239.60664,453.10022
true,1,2017-05-01 00:00:00,16018,13879,5.009999999999937,7.759999999999878
true,2,2017-05-01 00:00:00,16694,13869,7.759999999999878,10.819999999999814
true,3,2017-05-01 00:00:00,18187,14554,10.819999999999814,14.75999999999973
true,4,2017-05-01 00:00:00,20037,15590,14.75999999999973,18.280000000000058
true,5,2017-05-01 00:00:00,21117,15610,18.280000000000058,21.410000000000547
true,6,2017-05-01 00:00:00,21465,15109,21.410000000000547,23.4741764
true,7,2017-05-01 00:00:00,20355,13290,23.474182,26.025414
true,8,2017-05-01 00:00:00,18685,10875,26.025414,30.572640000000003
true,9,2017-05-01 00:00:00,17549,8788,30.572645,41.5105934
true,10,2017-05-01 00:00:00,18354,6129,41.5106,453.8493
false,1,2017-06-01 00:00:00,12461,9291,5.009999999999937,49.8269653
false,2,2017-06-01 00:00:00,14099,5741,49.82698059082031,70.19505
false,3,2017-06-01 00:00:00,15065,4612,70.1950684,85.2781372
false,4,2017-06-01 00:00:00,16567,4232,85.2781372,102.73096
false,5,2017-06-01 00:00:00,17331,4183,102.730965,124.4505844116211
false,6,2017-06-01 00:00:00,17467,3793,124.4506,148.219666
false,7,2017-06-01 00:00:00,14890,2765,148.219666,173.04274
false,8,2017-06-01 00:00:00,14516,2398,173.04277,196.13412
false,9,2017-06-01 00:00:00,13704,2207,196.1341552734375,239.60664
false,10,2017-06-01 00:00:00,11704,2009,239.60664,453.10022
true,1,2017-06-01 00:00:00,13992,11890,5.009999999999937,7.759999999999878
true,2,2017-06-01 00:00:00,15309,12476,7.759999999999878,10.819999999999814
true,3,2017-06-01 00:00:00,16631,13156,10.819999999999814,14.75999999999973
true,4,2017-06-01 00:00:00,18171,13931,14.75999999999973,18.280000000000058
true,5,2017-06-01 00:00:00,19744,14510,18.280000000000058,21.410000000000547
true,6,2017-06-01 00:00:00,20700,14532,21.410000000000547,23.4741764
true,7,2017-06-01 00:00:00,19874,12909,23.474182,26.025414
true,8,2017-06-01 00:00:00,18862,11091,26.025414,30.572640000000003
true,9,2017-06-01 00:00:00,18155,9120,30.572645,41.5105934
true,10,2017-06-01 00:00:00,19732,6488,41.5106,453.8493
false,1,2017-07-01 00:00:00,13062,9553,5.009999999999937,49.8269653
false,2,2017-07-01 00:00:00,13722,5341,49.82698059082031,70.19505
false,3,2017-07-01 00:00:00,14888,4488,70.1950684,85.2781372
false,4,2017-07-01 00:00:00,16472,4178,85.2781372,102.73096
false,5,2017-07-01 00:00:00,17650,4217,102.730965,124.4505844116211
false,6,2017-07-01 00:00:00,17972,3956,124.4506,148.219666
false,7,2017-07-01 00:00:00,15116,2751,148.219666,173.04274
false,8,2017-07-01 00:00:00,14741,2510,173.04277,196.13412
false,9,2017-07-01 00:00:00,13447,2087,196.1341552734375,239.60664
false,10,2017-07-01 00:00:00,11857,2064,239.60664,453.10022
true,1,2017-07-01 00:00:00,14191,11818,5.009999999999937,7.759999999999878
true,2,2017-07-01 00:00:00,15218,12019,7.759999999999878,10.819999999999814
true,3,2017-07-01 00:00:00,17321,13227,10.819999999999814,14.75999999999973
true,4,2017-07-01 00:00:00,19245,14271,14.75999999999973,18.280000000000058
true,5,2017-07-01 00:00:00,20723,14675,18.280000000000058,21.410000000000547
true,6,2017-07-01 00:00:00,21844,14973,21.410000000000547,23.4741764
true,7,2017-07-01 00:00:00,21349,13793,23.474182,26.025414
true,8,2017-07-01 00:00:00,20237,11842,26.025414,30.572640000000003
true,9,2017-07-01 00:00:00,18232,9143,30.572645,41.5105934
true,10,2017-07-01 00:00:00,19251,6328,41.5106,453.8493
false,1,2017-08-01 00:00:00,15053,11350,5.009999999999937,49.8269653
false,2,2017-08-01 00:00:00,14894,6133,49.82698059082031,70.19505
false,3,2017-08-01 00:00:00,15485,4950,70.1950684,85.2781372
false,4,2017-08-01 00:00:00,17119,4486,85.2781372,102.73096
false,5,2017-08-01 00:00:00,17939,4451,102.730965,124.4505844116211
false,6,2017-08-01 00:00:00,18111,3992,124.4506,148.219666
false,7,2017-08-01 00:00:00,15649,2909,148.219666,173.04274
false,8,2017-08-01 00:00:00,15149,2498,173.04277,196.13412
false,9,2017-08-01 00:00:00,14080,2315,196.1341552734375,239.60664
false,10,2017-08-01 00:00:00,12131,2183,239.60664,453.10022
true,1,2017-08-01 00:00:00,16654,13952,5.009999999999937,7.759999999999878
true,2,2017-08-01 00:00:00,18015,14297,7.759999999999878,10.819999999999814
true,3,2017-08-01 00:00:00,20434,15617,10.819999999999814,14.75999999999973
true,4,2017-08-01 00:00:00,22821,16896,14.75999999999973,18.280000000000058
true,5,2017-08-01 00:00:00,24929,17679,18.280000000000058,21.410000000000547
true,6,2017-08-01 00:00:00,26151,17726,21.410000000000547,23.4741764
true,7,2017-08-01 00:00:00,25943,16600,23.474182,26.025414
true,8,2017-08-01 00:00:00,24430,14465,26.025414,30.572640000000003
true,9,2017-08-01 00:00:00,21895,11324,30.572645,41.5105934
true,10,2017-08-01 00:00:00,20346,6979,41.5106,453.8493
false,1,2017-09-01 00:00:00,15453,11980,5.009999999999937,49.8269653
false,2,2017-09-01 00:00:00,14720,6001,49.82698059082031,70.19505
false,3,2017-09-01 00:00:00,15680,4925,70.1950684,85.2781372
false,4,2017-09-01 00:00:00,16689,4537,85.2781372,102.73096
false,5,2017-09-01 00:00:00,17732,4353,102.730965,124.4505844116211
false,6,2017-09-01 00:00:00,17359,3798,124.4506,148.219666
false,7,2017-09-01 00:00:00,15246,2764,148.219666,173.04274
false,8,2017-09-01 00:00:00,14754,2518,173.04277,196.13412
false,9,2017-09-01 00:00:00,13594,2188,196.1341552734375,239.60664
false,10,2017-09-01 00:00:00,11590,1996,239.60664,453.10022
true,1,2017-09-01 00:00:00,17014,14321,5.009999999999937,7.759999999999878
true,2,2017-09-01 00:00:00,18605,14777,7.759999999999878,10.819999999999814
true,3,2017-09-01 00:00:00,21405,16415,10.819999999999814,14.75999999999973
true,4,2017-09-01 00:00:00,24309,17996,14.75999999999973,18.280000000000058
true,5,2017-09-01 00:00:00,27419,19341,18.280000000000058,21.410000000000547
true,6,2017-09-01 00:00:00,29183,19826,21.410000000000547,23.4741764
true,7,2017-09-01 00:00:00,29606,18777,23.474182,26.025414
true,8,2017-09-01 00:00:00,27633,16421,26.025414,30.572640000000003
true,9,2017-09-01 00:00:00,23277,12227,30.572645,41.5105934
true,10,2017-09-01 00:00:00,21475,7401,41.5106,453.8493
false,1,2017-10-01 00:00:00,15553,12147,5.009999999999937,49.8269653
false,2,2017-10-01 00:00:00,15454,6222,49.82698059082031,70.19505
false,3,2017-10-01 00:00:00,16022,5062,70.1950684,85.2781372
false,4,2017-10-01 00:00:00,16907,4554,85.2781372,102.73096
false,5,2017-10-01 00:00:00,17256,4425,102.730965,124.4505844116211
false,6,2017-10-01 00:00:00,17299,3871,124.4506,148.219666
false,7,2017-10-01 00:00:00,15357,2868,148.219666,173.04274
false,8,2017-10-01 00:00:00,14890,2519,173.04277,196.13412
false,9,2017-10-01 00:00:00,14042,2400,196.1341552734375,239.60664
false,10,2017-10-01 00:00:00,12094,2172,239.60664,453.10022
true,1,2017-10-01 00:00:00,15998,13797,5.009999999999937,7.759999999999878
true,2,2017-10-01 00:00:00,17707,14534,7.759999999999878,10.819999999999814
true,3,2017-10-01 00:00:00,20206,15942,10.819999999999814,14.75999999999973
true,4,2017-10-01 00:00:00,22573,17188,14.75999999999973,18.280000000000058
true,5,2017-10-01 00:00:00,24575,17908,18.280000000000058,21.410000000000547
true,6,2017-10-01 00:00:00,26018,17989,21.410000000000547,23.4741764
true,7,2017-10-01 00:00:00,26288,16983,23.474182,26.025414
true,8,2017-10-01 00:00:00,24649,14740,26.025414,30.572640000000003
true,9,2017-10-01 00:00:00,21969,11525,30.572645,41.5105934
true,10,2017-10-01 00:00:00,21893,7261,41.5106,453.8493
false,1,2017-11-01 00:00:00,15822,12484,5.009999999999937,49.8269653
false,2,2017-11-01 00:00:00,15384,6610,49.82698059082031,70.19505
false,3,2017-11-01 00:00:00,16067,5223,70.1950684,85.2781372
false,4,2017-11-01 00:00:00,17006,4883,85.2781372,102.73096
false,5,2017-11-01 00:00:00,17280,4681,102.730965,124.4505844116211
false,6,2017-11-01 00:00:00,17245,4073,124.4506,148.219666
false,7,2017-11-01 00:00:00,15723,3087,148.219666,173.04274
false,8,2017-11-01 00:00:00,14968,2694,173.04277,196.13412
false,9,2017-11-01 00:00:00,13943,2328,196.1341552734375,239.60664
false,10,2017-11-01 00:00:00,11778,2231,239.60664,453.10022
true,1,2017-11-01 00:00:00,15010,13184,5.009999999999937,7.759999999999878
true,2,2017-11-01 00:00:00,16031,13277,7.759999999999878,10.819999999999814
true,3,2017-11-01 00:00:00,18396,14800,10.819999999999814,14.75999999999973
true,4,2017-11-01 00:00:00,20469,15794,14.75999999999973,18.280000000000058
true,5,2017-11-01 00:00:00,22721,16738,18.280000000000058,21.410000000000547
true,6,2017-11-01 00:00:00,24406,17303,21.410000000000547,23.4741764
true,7,2017-11-01 00:00:00,25513,17049,23.474182,26.025414
true,8,2017-11-01 00:00:00,24730,15437,26.025414,30.572640000000003
true,9,2017-11-01 00:00:00,22823,12547,30.572645,41.5105934
true,10,2017-11-01 00:00:00,21253,7496,41.5106,453.8493
false,1,2017-12-01 00:00:00,14852,11781,5.009999999999937,49.8269653
false,2,2017-12-01 00:00:00,14888,6352,49.82698059082031,70.19505
false,3,2017-12-01 00:00:00,15484,5082,70.1950684,85.2781372
false,4,2017-12-01 00:00:00,16052,4605,85.2781372,102.73096
false,5,2017-12-01 00:00:00,16362,4397,102.730965,124.4505844116211
false,6,2017-12-01 00:00:00,16150,3767,124.4506,148.219666
false,7,2017-12-01 00:00:00,14814,2909,148.219666,173.04274
false,8,2017-12-01 00:00:00,14510,2681,173.04277,196.13412
false,9,2017-12-01 00:00:00,13524,2507,196.1341552734375,239.60664
false,10,2017-12-01 00:00:00,11623,2154,239.60664,453.10022
true,1,2017-12-01 00:00:00,11599,10390,5.009999999999937,7.759999999999878
true,2,2017-12-01 00:00:00,12534,10730,7.759999999999878,10.819999999999814
true,3,2017-12-01 00:00:00,14123,11817,10.819999999999814,14.75999999999973
true,4,2017-12-01 00:00:00,15512,12433,14.75999999999973,18.280000000000058
true,5,2017-12-01 00:00:00,17376,13439,18.280000000000058,21.410000000000547
true,6,2017-12-01 00:00:00,18420,13622,21.410000000000547,23.4741764
true,7,2017-12-01 00:00:00,19605,13658,23.474182,26.025414
true,8,2017-12-01 00:00:00,19763,12722,26.025414,30.572640000000003
true,9,2017-12-01 00:00:00,19224,11065,30.572645,41.5105934
true,10,2017-12-01 00:00:00,19089,6897,41.5106,453.8493
false,1,2018-01-01 00:00:00,13683,10649,5.009999999999937,49.8269653
false,2,2018-01-01 00:00:00,14054,5754,49.82698059082031,70.19505
false,3,2018-01-01 00:00:00,14422,4624,70.1950684,85.2781372
false,4,2018-01-01 00:00:00,15121,4294,85.2781372,102.73096
false,5,2018-01-01 00:00:00,15434,3891,102.730965,124.4505844116211
false,6,2018-01-01 00:00:00,15527,3613,124.4506,148.219666
false,7,2018-01-01 00:00:00,14568,2675,148.219666,173.04274
false,8,2018-01-01 00:00:00,14362,2559,173.04277,196.13412
false,9,2018-01-01 00:00:00,13427,2326,196.1341552734375,239.60664
false,10,2018-01-01 00:00:00,11321,1960,239.60664,453.10022
true,1,2018-01-01 00:00:00,11239,10120,5.009999999999937,7.759999999999878
true,2,2018-01-01 00:00:00,12234,10495,7.759999999999878,10.819999999999814
true,3,2018-01-01 00:00:00,13562,11358,10.819999999999814,14.75999999999973
true,4,2018-01-01 00:00:00,14874,12081,14.75999999999973,18.280000000000058
true,5,2018-01-01 00:00:00,16227,12600,18.280000000000058,21.410000000000547
true,6,2018-01-01 00:00:00,17156,12752,21.410000000000547,23.4741764
true,7,2018-01-01 00:00:00,18021,12634,23.474182,26.025414
true,8,2018-01-01 00:00:00,18219,11700,26.025414,30.572640000000003
true,9,2018-01-01 00:00:00,18799,10426,30.572645,41.5105934
true,10,2018-01-01 00:00:00,20359,6932,41.5106,453.8493
false,1,2018-02-01 00:00:00,12047,9267,5.009999999999937,49.8269653
false,2,2018-02-01 00:00:00,12339,4933,49.82698059082031,70.19505
false,3,2018-02-01 00:00:00,12805,4025,70.1950684,85.2781372
false,4,2018-02-01 00:00:00,13397,3581,85.2781372,102.73096
false,5,2018-02-01 00:00:00,13790,3430,102.730965,124.4505844116211
false,6,2018-02-01 00:00:00,13968,3100,124.4506,148.219666
false,7,2018-02-01 00:00:00,13081,2434,148.219666,173.04274
false,8,2018-02-01 00:00:00,12687,2171,173.04277,196.13412
false,9,2018-02-01 00:00:00,11956,1920,196.1341552734375,239.60664
false,10,2018-02-01 00:00:00,10436,1762,239.60664,453.10022
true,1,2018-02-01 00:00:00,9526,8424,5.009999999999937,7.759999999999878
true,2,2018-02-01 00:00:00,10277,8650,7.759999999999878,10.819999999999814
true,3,2018-02-01 00:00:00,11740,9546,10.819999999999814,14.75999999999973
true,4,2018-02-01 00:00:00,13206,10307,14.75999999999973,18.280000000000058
true,5,2018-02-01 00:00:00,14439,10879,18.280000000000058,21.410000000000547
true,6,2018-02-01 00:00:00,15650,11160,21.410000000000547,23.4741764
true,7,2018-02-01 00:00:00,16123,10658,23.474182,26.025414
true,8,2018-02-01 00:00:00,16208,9656,26.025414,30.572640000000003
true,9,2018-02-01 00:00:00,16171,8353,30.572645,41.5105934
true,10,2018-02-01 00:00:00,18722,5675,41.5106,453.8493
false,1,2018-03-01 00:00:00,14171,10825,5.009999999999937,49.8269653
false,2,2018-03-01 00:00:00,14461,5799,49.82698059082031,70.19505
false,3,2018-03-01 00:00:00,14673,4475,70.1950684,85.2781372
false,4,2018-03-01 00:00:00,15344,4217,85.2781372,102.73096
false,5,2018-03-01 00:00:00,15903,3882,102.730965,124.4505844116211
false,6,2018-03-01 00:00:00,15563,3406,124.4506,148.219666
false,7,2018-03-01 00:00:00,14574,2689,148.219666,173.04274
false,8,2018-03-01 00:00:00,14520,2354,173.04277,196.13412
false,9,2018-03-01 00:00:00,14168,2192,196.1341552734375,239.60664
false,10,2018-03-01 00:00:00,12545,2197,239.60664,453.10022
true,1,2018-03-01 00:00:00,21151,17988,5.009999999999937,7.759999999999878
true,2,2018-03-01 00:00:00,18605,14974,7.759999999999878,10.819999999999814
true,3,2018-03-01 00:00:00,18579,14356,10.819999999999814,14.75999999999973
true,4,2018-03-01 00:00:00,18833,13974,14.75999999999973,18.280000000000058
true,5,2018-03-01 00:00:00,19308,13733,18.280000000000058,21.410000000000547
true,6,2018-03-01 00:00:00,19578,13264,21.410000000000547,23.4741764
true,7,2018-03-01 00:00:00,19293,12322,23.474182,26.025414
true,8,2018-03-01 00:00:00,18708,11054,26.025414,30.572640000000003
true,9,2018-03-01 00:00:00,18804,9796,30.572645,41.5105934
true,10,2018-03-01 00:00:00,20052,6389,41.5106,453.8493
false,1,2018-04-01 00:00:00,15266,11686,5.009999999999937,49.8269653
false,2,2018-04-01 00:00:00,14295,5783,49.82698059082031,70.19505
false,3,2018-04-01 00:00:00,14564,4406,70.1950684,85.2781372
false,4,2018-04-01 00:00:00,15259,4042,85.2781372,102.73096
false,5,2018-04-01 00:00:00,16136,3858,102.730965,124.4505844116211
false,6,2018-04-01 00:00:00,14832,3094,124.4506,148.219666
false,7,2018-04-01 00:00:00,13995,2503,148.219666,173.04274
false,8,2018-04-01 00:00:00,13999,2244,173.04277,196.13412
false,9,2018-04-01 00:00:00,14721,2298,196.1341552734375,239.60664
false,10,2018-04-01 00:00:00,13707,2426,239.60664,453.10022
true,1,2018-04-01 00:00:00,28428,23752,5.009999999999937,7.759999999999878
true,2,2018-04-01 00:00:00,23647,18778,7.759999999999878,10.819999999999814
true,3,2018-04-01 00:00:00,22275,16865,10.819999999999814,14.75999999999973
true,4,2018-04-01 00:00:00,21675,15843,14.75999999999973,18.280000000000058
true,5,2018-04-01 00:00:00,21450,14948,18.280000000000058,21.410000000000547
true,6,2018-04-01 00:00:00,20800,13798,21.410000000000547,23.4741764
true,7,2018-04-01 00:00:00,19689,12324,23.474182,26.025414
true,8,2018-04-01 00:00:00,18794,10973,26.025414,30.572640000000003
true,9,2018-04-01 00:00:00,18320,9508,30.572645,41.5105934
true,10,2018-04-01 00:00:00,17969,5793,41.5106,453.8493
false,1,2018-05-01 00:00:00,14486,10722,5.009999999999937,49.8269653
false,2,2018-05-01 00:00:00,14569,5721,49.82698059082031,70.19505
false,3,2018-05-01 00:00:00,14924,4357,70.1950684,85.2781372
false,4,2018-05-01 00:00:00,15703,3982,85.2781372,102.73096
false,5,2018-05-01 00:00:00,16258,3806,102.730965,124.4505844116211
false,6,2018-05-01 00:00:00,15346,3198,124.4506,148.219666
false,7,2018-05-01 00:00:00,14080,2406,148.219666,173.04274
false,8,2018-05-01 00:00:00,14254,2235,173.04277,196.13412
false,9,2018-05-01 00:00:00,14870,2278,196.1341552734375,239.60664
false,10,2018-05-01 00:00:00,14135,2252,239.60664,453.10022
true,1,2018-05-01 00:00:00,29468,24954,5.009999999999937,7.759999999999878
true,2,2018-05-01 00:00:00,23886,19408,7.759999999999878,10.819999999999814
true,3,2018-05-01 00:00:00,21997,17282,10.819999999999814,14.75999999999973
true,4,2018-05-01 00:00:00,21054,15881,14.75999999999973,18.280000000000058
true,5,2018-05-01 00:00:00,20045,14367,18.280000000000058,21.410000000000547
true,6,2018-05-01 00:00:00,18651,12672,21.410000000000547,23.4741764
true,7,2018-05-01 00:00:00,17506,11045,23.474182,26.025414
true,8,2018-05-01 00:00:00,16411,9281,26.025414,30.572640000000003
true,9,2018-05-01 00:00:00,16683,8033,30.572645,41.5105934
true,10,2018-05-01 00:00:00,17777,5176,41.5106,453.8493
false,1,2018-06-01 00:00:00,12871,9340,5.009999999999937,49.8269653
false,2,2018-06-01 00:00:00,13280,5287,49.82698059082031,70.19505
false,3,2018-06-01 00:00:00,13718,4177,70.1950684,85.2781372
false,4,2018-06-01 00:00:00,14705,3850,85.2781372,102.73096
false,5,2018-06-01 00:00:00,15095,3575,102.730965,124.4505844116211
false,6,2018-06-01 00:00:00,14290,3040,124.4506,148.219666
false,7,2018-06-01 00:00:00,13064,2281,148.219666,173.04274
false,8,2018-06-01 00:00:00,13493,2030,173.04277,196.13412
false,9,2018-06-01 00:00:00,13624,1991,196.1341552734375,239.60664
false,10,2018-06-01 00:00:00,12435,2043,239.60664,453.10022
true,1,2018-06-01 00:00:00,24383,19891,5.009999999999937,7.759999999999878
true,2,2018-06-01 00:00:00,19237,15151,7.759999999999878,10.819999999999814
true,3,2018-06-01 00:00:00,18465,14109,10.819999999999814,14.75999999999973
true,4,2018-06-01 00:00:00,17884,13253,14.75999999999973,18.280000000000058
true,5,2018-06-01 00:00:00,17237,12166,18.280000000000058,21.410000000000547
true,6,2018-06-01 00:00:00,16046,10924,21.410000000000547,23.4741764
true,7,2018-06-01 00:00:00,15408,9598,23.474182,26.025414
true,8,2018-06-01 00:00:00,14475,8199,26.025414,30.572640000000003
true,9,2018-06-01 00:00:00,14976,7354,30.572645,41.5105934
true,10,2018-06-01 00:00:00,15749,4962,41.5106,453.8493
false,1,2018-07-01 00:00:00,13348,9393,5.009999999999937,49.8269653
false,2,2018-07-01 00:00:00,14139,5459,49.82698059082031,70.19505
false,3,2018-07-01 00:00:00,14653,4357,70.1950684,85.2781372
false,4,2018-07-01 00:00:00,15915,4006,85.2781372,102.73096
false,5,2018-07-01 00:00:00,16477,3955,102.730965,124.4505844116211
false,6,2018-07-01 00:00:00,15451,3311,124.4506,148.219666
false,7,2018-07-01 00:00:00,14374,2464,148.219666,173.04274
false,8,2018-07-01 00:00:00,14576,2287,173.04277,196.13412
false,9,2018-07-01 00:00:00,15073,2321,196.1341552734375,239.60664
false,10,2018-07-01 00:00:00,13959,2210,239.60664,453.10022
true,1,2018-07-01 00:00:00,24167,18627,5.009999999999937,7.759999999999878
true,2,2018-07-01 00:00:00,21296,15826,7.759999999999878,10.819999999999814
true,3,2018-07-01 00:00:00,20540,14976,10.819999999999814,14.75999999999973
true,4,2018-07-01 00:00:00,20083,14188,14.75999999999973,18.280000000000058
true,5,2018-07-01 00:00:00,19530,13201,18.280000000000058,21.410000000000547
true,6,2018-07-01 00:00:00,18718,11909,21.410000000000547,23.4741764
true,7,2018-07-01 00:00:00,17480,10519,23.474182,26.025414
true,8,2018-07-01 00:00:00,16312,9023,26.025414,30.572640000000003
true,9,2018-07-01 00:00:00,16220,7795,30.572645,41.5105934
true,10,2018-07-01 00:00:00,15647,5101,41.5106,453.8493
false,1,2018-08-01 00:00:00,14418,10584,5.009999999999937,49.8269653
false,2,2018-08-01 00:00:00,14304,5737,49.82698059082031,70.19505
false,3,2018-08-01 00:00:00,14841,4412,70.1950684,85.2781372
false,4,2018-08-01 00:00:00,16254,4298,85.2781372,102.73096
false,5,2018-08-01 00:00:00,16592,4024,102.730965,124.4505844116211
false,6,2018-08-01 00:00:00,15764,3389,124.4506,148.219666
false,7,2018-08-01 00:00:00,14397,2586,148.219666,173.04274
false,8,2018-08-01 00:00:00,14918,2338,173.04277,196.13412
false,9,2018-08-01 00:00:00,14950,2222,196.1341552734375,239.60664
false,10,2018-08-01 00:00:00,13677,2275,239.60664,453.10022
true,1,2018-08-01 00:00:00,26786,21133,5.009999999999937,7.759999999999878
true,2,2018-08-01 00:00:00,23660,17864,7.759999999999878,10.819999999999814
true,3,2018-08-01 00:00:00,22883,16803,10.819999999999814,14.75999999999973
true,4,2018-08-01 00:00:00,22748,16374,14.75999999999973,18.280000000000058
true,5,2018-08-01 00:00:00,22605,15590,18.280000000000058,21.410000000000547
true,6,2018-08-01 00:00:00,21625,14391,21.410000000000547,23.4741764
true,7,2018-08-01 00:00:00,20919,13179,23.474182,26.025414
true,8,2018-08-01 00:00:00,20186,12086,26.025414,30.572640000000003
true,9,2018-08-01 00:00:00,19017,10155,30.572645,41.5105934
true,10,2018-08-01 00:00:00,17160,6275,41.5106,453.8493
false,1,2018-09-01 00:00:00,18263,14328,5.009999999999937,49.8269653
false,2,2018-09-01 00:00:00,15162,6125,49.82698059082031,70.19505
false,3,2018-09-01 00:00:00,15712,4840,70.1950684,85.2781372
false,4,2018-09-01 00:00:00,16605,4362,85.2781372,102.73096
false,5,2018-09-01 00:00:00,16997,4109,102.730965,124.4505844116211
false,6,2018-09-01 00:00:00,16067,3458,124.4506,148.219666
false,7,2018-09-01 00:00:00,14840,2724,148.219666,173.04274
false,8,2018-09-01 00:00:00,15099,2432,173.04277,196.13412
false,9,2018-09-01 00:00:00,14942,2344,196.1341552734375,239.60664
false,10,2018-09-01 00:00:00,13648,2275,239.60664,453.10022
true,1,2018-09-01 00:00:00,30075,24311,5.009999999999937,7.759999999999878
true,2,2018-09-01 00:00:00,26721,20803,7.759999999999878,10.819999999999814
true,3,2018-09-01 00:00:00,26760,20185,10.819999999999814,14.75999999999973
true,4,2018-09-01 00:00:00,26819,19447,14.75999999999973,18.280000000000058
true,5,2018-09-01 00:00:00,26534,18613,18.280000000000058,21.410000000000547
true,6,2018-09-01 00:00:00,25824,17269,21.410000000000547,23.4741764
true,7,2018-09-01 00:00:00,24578,15594,23.474182,26.025414
true,8,2018-09-01 00:00:00,22992,13683,26.025414,30.572640000000003
true,9,2018-09-01 00:00:00,20765,11097,30.572645,41.5105934
true,10,2018-09-01 00:00:00,19227,6382,41.5106,453.8493
false,1,2018-10-01 00:00:00,17306,13431,5.009999999999937,49.8269653
false,2,2018-10-01 00:00:00,15426,6389,49.82698059082031,70.19505
false,3,2018-10-01 00:00:00,15932,4934,70.1950684,85.2781372
false,4,2018-10-01 00:00:00,17046,4618,85.2781372,102.73096
false,5,2018-10-01 00:00:00,18015,4400,102.730965,124.4505844116211
false,6,2018-10-01 00:00:00,17116,3786,124.4506,148.219666
false,7,2018-10-01 00:00:00,15365,2892,148.219666,173.04274
false,8,2018-10-01 00:00:00,15556,2605,173.04277,196.13412
false,9,2018-10-01 00:00:00,15436,2514,196.1341552734375,239.60664
false,10,2018-10-01 00:00:00,14350,2419,239.60664,453.10022
true,1,2018-10-01 00:00:00,30231,25101,5.009999999999937,7.759999999999878
true,2,2018-10-01 00:00:00,26535,21047,7.759999999999878,10.819999999999814
true,3,2018-10-01 00:00:00,26019,19895,10.819999999999814,14.75999999999973
true,4,2018-10-01 00:00:00,26352,19561,14.75999999999973,18.280000000000058
true,5,2018-10-01 00:00:00,26089,18484,18.280000000000058,21.410000000000547
true,6,2018-10-01 00:00:00,25719,17352,21.410000000000547,23.4741764
true,7,2018-10-01 00:00:00,24816,15906,23.474182,26.025414
true,8,2018-10-01 00:00:00,23282,13965,26.025414,30.572640000000003
true,9,2018-10-01 00:00:00,22386,11729,30.572645,41.5105934
true,10,2018-10-01 00:00:00,21562,6883,41.5106,453.8493
false,1,2018-11-01 00:00:00,17217,13367,5.009999999999937,49.8269653
false,2,2018-11-01 00:00:00,15584,6491,49.82698059082031,70.19505
false,3,2018-11-01 00:00:00,15829,4992,70.1950684,85.2781372
false,4,2018-11-01 00:00:00,16595,4498,85.2781372,102.73096
false,5,2018-11-01 00:00:00,16716,4126,102.730965,124.4505844116211
false,6,2018-11-01 00:00:00,16311,3596,124.4506,148.219666
false,7,2018-11-01 00:00:00,14982,2769,148.219666,173.04274
false,8,2018-11-01 00:00:00,15025,2572,173.04277,196.13412
false,9,2018-11-01 00:00:00,15207,2531,196.1341552734375,239.60664
false,10,2018-11-01 00:00:00,13206,2295,239.60664,453.10022
true,1,2018-11-01 00:00:00,26819,22830,5.009999999999937,7.759999999999878
true,2,2018-11-01 00:00:00,24267,19896,7.759999999999878,10.819999999999814
true,3,2018-11-01 00:00:00,23820,18997,10.819999999999814,14.75999999999973
true,4,2018-11-01 00:00:00,24082,18468,14.75999999999973,18.280000000000058
true,5,2018-11-01 00:00:00,24226,17930,18.280000000000058,21.410000000000547
true,6,2018-11-01 00:00:00,23766,16692,21.410000000000547,23.4741764
true,7,2018-11-01 00:00:00,23140,15091,23.474182,26.025414
true,8,2018-11-01 00:00:00,22465,13678,26.025414,30.572640000000003
true,9,2018-11-01 00:00:00,21541,11634,30.572645,41.5105934
true,10,2018-11-01 00:00:00,20684,7041,41.5106,453.8493
false,1,2018-12-01 00:00:00,15968,12532,5.009999999999937,49.8269653
false,2,2018-12-01 00:00:00,14564,6190,49.82698059082031,70.19505
false,3,2018-12-01 00:00:00,14455,4626,70.1950684,85.2781372
false,4,2018-12-01 00:00:00,15720,4441,85.2781372,102.73096
false,5,2018-12-01 00:00:00,15517,3881,102.730965,124.4505844116211
false,6,2018-12-01 00:00:00,15494,3554,124.4506,148.219666
false,7,2018-12-01 00:00:00,14617,2831,148.219666,173.04274
false,8,2018-12-01 00:00:00,14871,2537,173.04277,196.13412
false,9,2018-12-01 00:00:00,14819,2508,196.1341552734375,239.60664
false,10,2018-12-01 00:00:00,13068,2279,239.60664,453.10022
true,1,2018-12-01 00:00:00,21430,18508,5.009999999999937,7.759999999999878
true,2,2018-12-01 00:00:00,19196,15976,7.759999999999878,10.819999999999814
true,3,2018-12-01 00:00:00,18617,15052,10.819999999999814,14.75999999999973
true,4,2018-12-01 00:00:00,18747,14693,14.75999999999973,18.280000000000058
true,5,2018-12-01 00:00:00,18133,13491,18.280000000000058,21.410000000000547
true,6,2018-12-01 00:00:00,17926,12717,21.410000000000547,23.4741764
true,7,2018-12-01 00:00:00,17818,11950,23.474182,26.025414
true,8,2018-12-01 00:00:00,17399,10672,26.025414,30.572640000000003
true,9,2018-12-01 00:00:00,17490,9748,30.572645,41.5105934
true,10,2018-12-01 00:00:00,17292,5933,41.5106,453.8493
false,1,2019-01-01 00:00:00,15186,11683,5.009999999999937,49.8269653
false,2,2019-01-01 00:00:00,13976,6095,49.82698059082031,70.19505
false,3,2019-01-01 00:00:00,13915,4672,70.1950684,85.2781372
false,4,2019-01-01 00:00:00,14877,4236,85.2781372,102.73096
false,5,2019-01-01 00:00:00,15275,3984,102.730965,124.4505844116211
false,6,2019-01-01 00:00:00,14969,3435,124.4506,148.219666
false,7,2019-01-01 00:00:00,14613,2941,148.219666,173.04274
false,8,2019-01-01 00:00:00,15337,2731,173.04277,196.13412
false,9,2019-01-01 00:00:00,15197,2678,196.1341552734375,239.60664
false,10,2019-01-01 00:00:00,13413,2360,239.60664,453.10022
true,1,2019-01-01 00:00:00,19770,16967,5.009999999999937,7.759999999999878
true,2,2019-01-01 00:00:00,17543,14498,7.759999999999878,10.819999999999814
true,3,2019-01-01 00:00:00,17173,13676,10.819999999999814,14.75999999999973
true,4,2019-01-01 00:00:00,17256,13382,14.75999999999973,18.280000000000058
true,5,2019-01-01 00:00:00,17222,12817,18.280000000000058,21.410000000000547
true,6,2019-01-01 00:00:00,17057,11856,21.410000000000547,23.4741764
true,7,2019-01-01 00:00:00,16705,11008,23.474182,26.025414
true,8,2019-01-01 00:00:00,16363,9941,26.025414,30.572640000000003
true,9,2019-01-01 00:00:00,17008,9031,30.572645,41.5105934
true,10,2019-01-01 00:00:00,18492,5819,41.5106,453.8493
false,1,2019-02-01 00:00:00,13156,10240,5.009999999999937,49.8269653
false,2,2019-02-01 00:00:00,11740,4889,49.82698059082031,70.19505
false,3,2019-02-01 00:00:00,12142,3759,70.1950684,85.2781372
false,4,2019-02-01 00:00:00,13084,3519,85.2781372,102.73096
false,5,2019-02-01 00:00:00,13550,3193,102.730965,124.4505844116211
false,6,2019-02-01 00:00:00,13173,2837,124.4506,148.219666
false,7,2019-02-01 00:00:00,12872,2381,148.219666,173.04274
false,8,2019-02-01 00:00:00,13081,2185,173.04277,196.13412
false,9,2019-02-01 00:00:00,13401,2133,196.1341552734375,239.60664
false,10,2019-02-01 00:00:00,12182,2089,239.60664,453.10022
true,1,2019-02-01 00:00:00,18879,16148,5.009999999999937,7.759999999999878
true,2,2019-02-01 00:00:00,16370,13301,7.759999999999878,10.819999999999814
true,3,2019-02-01 00:00:00,15991,12515,10.819999999999814,14.75999999999973
true,4,2019-02-01 00:00:00,15751,11866,14.75999999999973,18.280000000000058
true,5,2019-02-01 00:00:00,15683,11233,18.280000000000058,21.410000000000547
true,6,2019-02-01 00:00:00,15409,10538,21.410000000000547,23.4741764
true,7,2019-02-01 00:00:00,14972,9413,23.474182,26.025414
true,8,2019-02-01 00:00:00,14593,8481,26.025414,30.572640000000003
true,9,2019-02-01 00:00:00,15088,7703,30.572645,41.5105934
true,10,2019-02-01 00:00:00,16306,4770,41.5106,453.8493
false,1,2019-03-01 00:00:00,16170,12630,5.009999999999937,49.8269653
false,2,2019-03-01 00:00:00,15924,6766,49.82698059082031,70.19505
false,3,2019-03-01 00:00:00,16598,5157,70.1950684,85.2781372
false,4,2019-03-01 00:00:00,17258,4737,85.2781372,102.73096
false,5,2019-03-01 00:00:00,17754,4520,102.730965,124.4505844116211
false,6,2019-03-01 00:00:00,16891,3863,124.4506,148.219666
false,7,2019-03-01 00:00:00,15987,2985,148.219666,173.04274
false,8,2019-03-01 00:00:00,16070,2802,173.04277,196.13412
false,9,2019-03-01 00:00:00,16198,2648,196.1341552734375,239.60664
false,10,2019-03-01 00:00:00,14798,2438,239.60664,453.10022
true,1,2019-03-01 00:00:00,27340,22821,5.009999999999937,7.759999999999878
true,2,2019-03-01 00:00:00,23356,18603,7.759999999999878,10.819999999999814
true,3,2019-03-01 00:00:00,22487,17266,10.819999999999814,14.75999999999973
true,4,2019-03-01 00:00:00,22191,16390,14.75999999999973,18.280000000000058
true,5,2019-03-01 00:00:00,22048,15545,18.280000000000058,21.410000000000547
true,6,2019-03-01 00:00:00,21819,14726,21.410000000000547,23.4741764
true,7,2019-03-01 00:00:00,21362,13521,23.474182,26.025414
true,8,2019-03-01 00:00:00,21123,12722,26.025414,30.572640000000003
true,9,2019-03-01 00:00:00,21281,11358,30.572645,41.5105934
true,10,2019-03-01 00:00:00,20967,6626,41.5106,453.8493
false,1,2019-04-01 00:00:00,15598,11785,5.009999999999937,49.8269653
false,2,2019-04-01 00:00:00,14966,5968,49.82698059082031,70.19505
false,3,2019-04-01 00:00:00,15510,4829,70.1950684,85.2781372
false,4,2019-04-01 00:00:00,16407,4312,85.2781372,102.73096
false,5,2019-04-01 00:00:00,17077,4022,102.730965,124.4505844116211
false,6,2019-04-01 00:00:00,16405,3601,124.4506,148.219666
false,7,2019-04-01 00:00:00,14934,2683,148.219666,173.04274
false,8,2019-04-01 00:00:00,15151,2376,173.04277,196.13412
false,9,2019-04-01 00:00:00,15613,2409,196.1341552734375,239.60664
false,10,2019-04-01 00:00:00,14428,2473,239.60664,453.10022
true,1,2019-04-01 00:00:00,28614,23266,5.009999999999937,7.759999999999878
true,2,2019-04-01 00:00:00,24100,18490,7.759999999999878,10.819999999999814
true,3,2019-04-01 00:00:00,23253,17077,10.819999999999814,14.75999999999973
true,4,2019-04-01 00:00:00,23227,16382,14.75999999999973,18.280000000000058
true,5,2019-04-01 00:00:00,22917,15449,18.280000000000058,21.410000000000547
true,6,2019-04-01 00:00:00,22314,14334,21.410000000000547,23.4741764
true,7,2019-04-01 00:00:00,21525,13002,23.474182,26.025414
true,8,2019-04-01 00:00:00,20998,11955,26.025414,30.572640000000003
true,9,2019-04-01 00:00:00,20070,10086,30.572645,41.5105934
true,10,2019-04-01 00:00:00,19805,6163,41.5106,453.8493
false,1,2019-05-01 00:00:00,15458,11209,5.009999999999937,49.8269653
false,2,2019-05-01 00:00:00,15586,6030,49.82698059082031,70.19505
false,3,2019-05-01 00:00:00,16027,4775,70.1950684,85.2781372
false,4,2019-05-01 00:00:00,17571,4506,85.2781372,102.73096
false,5,2019-05-01 00:00:00,18252,4234,102.730965,124.4505844116211
false,6,2019-05-01 00:00:00,17188,3703,124.4506,148.219666
false,7,2019-05-01 00:00:00,15596,2825,148.219666,173.04274
false,8,2019-05-01 00:00:00,15954,2617,173.04277,196.13412
false,9,2019-05-01 00:00:00,16355,2537,196.1341552734375,239.60664
false,10,2019-05-01 00:00:00,15161,2601,239.60664,453.10022
true,1,2019-05-01 00:00:00,26729,22099,5.009999999999937,7.759999999999878
true,2,2019-05-01 00:00:00,22291,17577,7.759999999999878,10.819999999999814
true,3,2019-05-01 00:00:00,20964,16068,10.819999999999814,14.75999999999973
true,4,2019-05-01 00:00:00,20263,14881,14.75999999999973,18.280000000000058
true,5,2019-05-01 00:00:00,19557,13716,18.280000000000058,21.410000000000547
true,6,2019-05-01 00:00:00,18783,12394,21.410000000000547,23.4741764
true,7,2019-05-01 00:00:00,17693,10870,23.474182,26.025414
true,8,2019-05-01 00:00:00,17040,9385,26.025414,30.572640000000003
true,9,2019-05-01 00:00:00,18061,8487,30.572645,41.5105934
true,10,2019-05-01 00:00:00,19737,5730,41.5106,453.8493
false,1,2019-06-01 00:00:00,12792,8780,5.009999999999937,49.8269653
false,2,2019-06-01 00:00:00,15058,5933,49.82698059082031,70.19505
false,3,2019-06-01 00:00:00,15637,4639,70.1950684,85.2781372
false,4,2019-06-01 00:00:00,17489,4463,85.2781372,102.73096
false,5,2019-06-01 00:00:00,18021,4268,102.730965,124.4505844116211
false,6,2019-06-01 00:00:00,17141,3627,124.4506,148.219666
false,7,2019-06-01 00:00:00,15428,2798,148.219666,173.04274
false,8,2019-06-01 00:00:00,15705,2456,173.04277,196.13412
false,9,2019-06-01 00:00:00,15838,2534,196.1341552734375,239.60664
false,10,2019-06-01 00:00:00,14519,2505,239.60664,453.10022
true,1,2019-06-01 00:00:00,25151,19778,5.009999999999937,7.759999999999878
true,2,2019-06-01 00:00:00,21125,15988,7.759999999999878,10.819999999999814
true,3,2019-06-01 00:00:00,20259,14743,10.819999999999814,14.75999999999973
true,4,2019-06-01 00:00:00,20052,14025,14.75999999999973,18.280000000000058
true,5,2019-06-01 00:00:00,19291,12878,18.280000000000058,21.410000000000547
true,6,2019-06-01 00:00:00,19155,12375,21.410000000000547,23.4741764
true,7,2019-06-01 00:00:00,18088,10995,23.474182,26.025414
true,8,2019-06-01 00:00:00,17468,9585,26.025414,30.572640000000003
true,9,2019-06-01 00:00:00,18086,8603,30.572645,41.5105934
true,10,2019-06-01 00:00:00,18937,5671,41.5106,453.8493
false,1,2019-07-01 00:00:00,14115,9406,5.009999999999937,49.8269653
false,2,2019-07-01 00:00:00,15976,6113,49.82698059082031,70.19505
false,3,2019-07-01 00:00:00,17070,5108,70.1950684,85.2781372
false,4,2019-07-01 00:00:00,18686,4851,85.2781372,102.73096
false,5,2019-07-01 00:00:00,19388,4487,102.730965,124.4505844116211
false,6,2019-07-01 00:00:00,18563,4062,124.4506,148.219666
false,7,2019-07-01 00:00:00,16268,3040,148.219666,173.04274
false,8,2019-07-01 00:00:00,16537,2657,173.04277,196.13412
false,9,2019-07-01 00:00:00,16253,2661,196.1341552734375,239.60664
false,10,2019-07-01 00:00:00,15144,2710,239.60664,453.10022
true,1,2019-07-01 00:00:00,26240,20234,5.009999999999937,7.759999999999878
true,2,2019-07-01 00:00:00,22139,16361,7.759999999999878,10.819999999999814
true,3,2019-07-01 00:00:00,20964,15067,10.819999999999814,14.75999999999973
true,4,2019-07-01 00:00:00,20521,14287,14.75999999999973,18.280000000000058
true,5,2019-07-01 00:00:00,20198,13458,18.280000000000058,21.410000000000547
true,6,2019-07-01 00:00:00,19202,12161,21.410000000000547,23.4741764
true,7,2019-07-01 00:00:00,18249,10890,23.474182,26.025414
true,8,2019-07-01 00:00:00,17543,9617,26.025414,30.572640000000003
true,9,2019-07-01 00:00:00,18347,8614,30.572645,41.5105934
true,10,2019-07-01 00:00:00,20013,5876,41.5106,453.8493
false,1,2019-08-01 00:00:00,15053,10399,5.009999999999937,49.8269653
false,2,2019-08-01 00:00:00,16446,6239,49.82698059082031,70.19505
false,3,2019-08-01 00:00:00,17350,5197,70.1950684,85.2781372
false,4,2019-08-01 00:00:00,18751,4797,85.2781372,102.73096
false,5,2019-08-01 00:00:00,19442,4502,102.730965,124.4505844116211
false,6,2019-08-01 00:00:00,18618,3980,124.4506,148.219666
false,7,2019-08-01 00:00:00,16947,3020,148.219666,173.04274
false,8,2019-08-01 00:00:00,16599,2586,173.04277,196.13412
false,9,2019-08-01 00:00:00,16887,2575,196.1341552734375,239.60664
false,10,2019-08-01 00:00:00,15282,2637,239.60664,453.10022
true,1,2019-08-01 00:00:00,28988,22147,5.009999999999937,7.759999999999878
true,2,2019-08-01 00:00:00,24864,18082,7.759999999999878,10.819999999999814
true,3,2019-08-01 00:00:00,24427,17204,10.819999999999814,14.75999999999973
true,4,2019-08-01 00:00:00,24401,16693,14.75999999999973,18.280000000000058
true,5,2019-08-01 00:00:00,24592,16280,18.280000000000058,21.410000000000547
true,6,2019-08-01 00:00:00,24528,15618,21.410000000000547,23.4741764
true,7,2019-08-01 00:00:00,24171,14706,23.474182,26.025414
true,8,2019-08-01 00:00:00,23281,13315,26.025414,30.572640000000003
true,9,2019-08-01 00:00:00,22136,11187,30.572645,41.5105934
true,10,2019-08-01 00:00:00,21087,6916,41.5106,453.8493
false,1,2019-09-01 00:00:00,16922,12407,5.009999999999937,49.8269653
false,2,2019-09-01 00:00:00,16290,6512,49.82698059082031,70.19505
false,3,2019-09-01 00:00:00,17042,5159,70.1950684,85.2781372
false,4,2019-09-01 00:00:00,18630,4908,85.2781372,102.73096
false,5,2019-09-01 00:00:00,18642,4430,102.730965,124.4505844116211
false,6,2019-09-01 00:00:00,17535,3824,124.4506,148.219666
false,7,2019-09-01 00:00:00,16036,2944,148.219666,173.04274
false,8,2019-09-01 00:00:00,16319,2723,173.04277,196.13412
false,9,2019-09-01 00:00:00,16531,2626,196.1341552734375,239.60664
false,10,2019-09-01 00:00:00,14738,2582,239.60664,453.10022
true,1,2019-09-01 00:00:00,32901,25934,5.009999999999937,7.759999999999878
true,2,2019-09-01 00:00:00,28874,21657,7.759999999999878,10.819999999999814
true,3,2019-09-01 00:00:00,28199,20587,10.819999999999814,14.75999999999973
true,4,2019-09-01 00:00:00,28541,20184,14.75999999999973,18.280000000000058
true,5,2019-09-01 00:00:00,28639,19575,18.280000000000058,21.410000000000547
true,6,2019-09-01 00:00:00,28260,18557,21.410000000000547,23.4741764
true,7,2019-09-01 00:00:00,27414,17177,23.474182,26.025414
true,8,2019-09-01 00:00:00,26135,15499,26.025414,30.572640000000003
true,9,2019-09-01 00:00:00,23893,12659,30.572645,41.5105934
true,10,2019-09-01 00:00:00,21634,7020,41.5106,453.8493
false,1,2019-10-01 00:00:00,17766,13123,5.009999999999937,49.8269653
false,2,2019-10-01 00:00:00,16965,6641,49.82698059082031,70.19505
false,3,2019-10-01 00:00:00,17525,5271,70.1950684,85.2781372
false,4,2019-10-01 00:00:00,18670,4848,85.2781372,102.73096
false,5,2019-10-01 00:00:00,19040,4556,102.730965,124.4505844116211
false,6,2019-10-01 00:00:00,18364,3959,124.4506,148.219666
false,7,2019-10-01 00:00:00,16937,3140,148.219666,173.04274
false,8,2019-10-01 00:00:00,16905,2818,173.04277,196.13412
false,9,2019-10-01 00:00:00,17117,2679,196.1341552734375,239.60664
false,10,2019-10-01 00:00:00,15517,2721,239.60664,453.10022
true,1,2019-10-01 00:00:00,33937,28093,5.009999999999937,7.759999999999878
true,2,2019-10-01 00:00:00,29176,23007,7.759999999999878,10.819999999999814
true,3,2019-10-01 00:00:00,28244,21609,10.819999999999814,14.75999999999973
true,4,2019-10-01 00:00:00,28280,20829,14.75999999999973,18.280000000000058
true,5,2019-10-01 00:00:00,28482,20168,18.280000000000058,21.410000000000547
true,6,2019-10-01 00:00:00,28079,19137,21.410000000000547,23.4741764
true,7,2019-10-01 00:00:00,27262,17528,23.474182,26.025414
true,8,2019-10-01 00:00:00,25474,15205,26.025414,30.572640000000003
true,9,2019-10-01 00:00:00,24171,12681,30.572645,41.5105934
true,10,2019-10-01 00:00:00,22457,7035,41.5106,453.8493
false,1,2019-11-01 00:00:00,16965,12779,5.009999999999937,49.8269653
false,2,2019-11-01 00:00:00,16881,7000,49.82698059082031,70.19505
false,3,2019-11-01 00:00:00,16919,5360,70.1950684,85.2781372
false,4,2019-11-01 00:00:00,17789,5073,85.2781372,102.73096
false,5,2019-11-01 00:00:00,17847,4509,102.730965,124.4505844116211
false,6,2019-11-01 00:00:00,17022,3995,124.4506,148.219666
false,7,2019-11-01 00:00:00,15914,3228,148.219666,173.04274
false,8,2019-11-01 00:00:00,16271,2975,173.04277,196.13412
false,9,2019-11-01 00:00:00,16500,2932,196.1341552734375,239.60664
false,10,2019-11-01 00:00:00,14721,2931,239.60664,453.10022
true,1,2019-11-01 00:00:00,30587,25905,5.009999999999937,7.759999999999878
true,2,2019-11-01 00:00:00,26211,21126,7.759999999999878,10.819999999999814
true,3,2019-11-01 00:00:00,25298,19758,10.819999999999814,14.75999999999973
true,4,2019-11-01 00:00:00,25652,19412,14.75999999999973,18.280000000000058
true,5,2019-11-01 00:00:00,25129,18228,18.280000000000058,21.410000000000547
true,6,2019-11-01 00:00:00,25398,17495,21.410000000000547,23.4741764
true,7,2019-11-01 00:00:00,25211,16438,23.474182,26.025414
true,8,2019-11-01 00:00:00,24745,15079,26.025414,30.572640000000003
true,9,2019-11-01 00:00:00,23921,12997,30.572645,41.5105934
true,10,2019-11-01 00:00:00,21173,7409,41.5106,453.8493
false,1,2019-12-01 00:00:00,17066,12808,5.009999999999937,49.8269653
false,2,2019-12-01 00:00:00,16601,6806,49.82698059082031,70.19505
false,3,2019-12-01 00:00:00,16685,5328,70.1950684,85.2781372
false,4,2019-12-01 00:00:00,17710,4960,85.2781372,102.73096
false,5,2019-12-01 00:00:00,17871,4595,102.730965,124.4505844116211
false,6,2019-12-01 00:00:00,17147,4061,124.4506,148.219666
false,7,2019-12-01 00:00:00,16431,3317,148.219666,173.04274
false,8,2019-12-01 00:00:00,16447,2908,173.04277,196.13412
false,9,2019-12-01 00:00:00,16707,2837,196.1341552734375,239.60664
false,10,2019-12-01 00:00:00,14867,2802,239.60664,453.10022
true,1,2019-12-01 00:00:00,24993,21663,5.009999999999937,7.759999999999878
true,2,2019-12-01 00:00:00,21704,18226,7.759999999999878,10.819999999999814
true,3,2019-12-01 00:00:00,20936,16959,10.819999999999814,14.75999999999973
true,4,2019-12-01 00:00:00,21115,16520,14.75999999999973,18.280000000000058
true,5,2019-12-01 00:00:00,21264,15927,18.280000000000058,21.410000000000547
true,6,2019-12-01 00:00:00,20986,14997,21.410000000000547,23.4741764
true,7,2019-12-01 00:00:00,20898,14334,23.474182,26.025414
true,8,2019-12-01 00:00:00,20608,13392,26.025414,30.572640000000003
true,9,2019-12-01 00:00:00,20828,11982,30.572645,41.5105934
true,10,2019-12-01 00:00:00,18868,6840,41.5106,453.8493
false,1,2020-01-01 00:00:00,14968,10909,5.009999999999937,49.8269653
false,2,2020-01-01 00:00:00,16367,6179,49.82698059082031,70.19505
false,3,2020-01-01 00:00:00,16201,4883,70.1950684,85.2781372
false,4,2020-01-01 00:00:00,15187,3995,85.2781372,102.73096
false,5,2020-01-01 00:00:00,14524,3531,102.730965,124.4505844116211
false,6,2020-01-01 00:00:00,15015,3426,124.4506,148.219666
false,7,2020-01-01 00:00:00,16155,3114,148.219666,173.04274
false,8,2020-01-01 00:00:00,15698,2716,173.04277,196.13412
false,9,2020-01-01 00:00:00,15549,2562,196.1341552734375,239.60664
false,10,2020-01-01 00:00:00,16118,3009,239.60664,453.10022
true,1,2020-01-01 00:00:00,19686,16804,5.009999999999937,7.759999999999878
true,2,2020-01-01 00:00:00,19426,16104,7.759999999999878,10.819999999999814
true,3,2020-01-01 00:00:00,18877,15172,10.819999999999814,14.75999999999973
true,4,2020-01-01 00:00:00,18156,14019,14.75999999999973,18.280000000000058
true,5,2020-01-01 00:00:00,17782,13178,18.280000000000058,21.410000000000547
true,6,2020-01-01 00:00:00,17193,12018,21.410000000000547,23.4741764
true,7,2020-01-01 00:00:00,17264,11213,23.474182,26.025414
true,8,2020-01-01 00:00:00,17672,10483,26.025414,30.572640000000003
true,9,2020-01-01 00:00:00,18181,9261,30.572645,41.5105934
true,10,2020-01-01 00:00:00,19625,5794,41.5106,453.8493
false,1,2020-02-01 00:00:00,14050,10170,5.009999999999937,49.8269653
false,2,2020-02-01 00:00:00,15836,6044,49.82698059082031,70.19505
false,3,2020-02-01 00:00:00,15289,4453,70.1950684,85.2781372
false,4,2020-02-01 00:00:00,13325,3391,85.2781372,102.73096
false,5,2020-02-01 00:00:00,11935,2798,102.730965,124.4505844116211
false,6,2020-02-01 00:00:00,12742,2729,124.4506,148.219666
false,7,2020-02-01 00:00:00,14520,2710,148.219666,173.04274
false,8,2020-02-01 00:00:00,14295,2522,173.04277,196.13412
false,9,2020-02-01 00:00:00,13990,2347,196.1341552734375,239.60664
false,10,2020-02-01 00:00:00,15742,2941,239.60664,453.10022
true,1,2020-02-01 00:00:00,15078,12951,5.009999999999937,7.759999999999878
true,2,2020-02-01 00:00:00,16547,13829,7.759999999999878,10.819999999999814
true,3,2020-02-01 00:00:00,15636,12727,10.819999999999814,14.75999999999973
true,4,2020-02-01 00:00:00,14446,11223,14.75999999999973,18.280000000000058
true,5,2020-02-01 00:00:00,13796,10179,18.280000000000058,21.410000000000547
true,6,2020-02-01 00:00:00,13245,9091,21.410000000000547,23.4741764
true,7,2020-02-01 00:00:00,13298,8400,23.474182,26.025414
true,8,2020-02-01 00:00:00,13723,7691,26.025414,30.572640000000003
true,9,2020-02-01 00:00:00,15697,7298,30.572645,41.5105934
true,10,2020-02-01 00:00:00,19448,5094,41.5106,453.8493
false,1,2020-03-01 00:00:00,15920,11659,5.009999999999937,49.8269653
false,2,2020-03-01 00:00:00,18224,6889,49.82698059082031,70.19505
false,3,2020-03-01 00:00:00,18051,5340,70.1950684,85.2781372
false,4,2020-03-01 00:00:00,15541,4016,85.2781372,102.73096
false,5,2020-03-01 00:00:00,14481,3485,102.730965,124.4505844116211
false,6,2020-03-01 00:00:00,14868,3284,124.4506,148.219666
false,7,2020-03-01 00:00:00,16596,3103,148.219666,173.04274
false,8,2020-03-01 00:00:00,15622,2711,173.04277,196.13412
false,9,2020-03-01 00:00:00,15347,2488,196.1341552734375,239.60664
false,10,2020-03-01 00:00:00,17093,3004,239.60664,453.10022
true,1,2020-03-01 00:00:00,18784,15802,5.009999999999937,7.759999999999878
true,2,2020-03-01 00:00:00,21159,17282,7.759999999999878,10.819999999999814
true,3,2020-03-01 00:00:00,20527,16100,10.819999999999814,14.75999999999973
true,4,2020-03-01 00:00:00,19623,14805,14.75999999999973,18.280000000000058
true,5,2020-03-01 00:00:00,18806,13339,18.280000000000058,21.410000000000547
true,6,2020-03-01 00:00:00,18725,12438,21.410000000000547,23.4741764
true,7,2020-03-01 00:00:00,18874,11738,23.474182,26.025414
true,8,2020-03-01 00:00:00,20046,11308,26.025414,30.572640000000003
true,9,2020-03-01 00:00:00,21692,10878,30.572645,41.5105934
true,10,2020-03-01 00:00:00,22658,6869,41.5106,453.8493
false,1,2020-04-01 00:00:00,14599,10395,5.009999999999937,49.8269653
false,2,2020-04-01 00:00:00,17047,6349,49.82698059082031,70.19505
false,3,2020-04-01 00:00:00,16802,4768,70.1950684,85.2781372
false,4,2020-04-01 00:00:00,15166,3702,85.2781372,102.73096
false,5,2020-04-01 00:00:00,14321,3306,102.730965,124.4505844116211
false,6,2020-04-01 00:00:00,14488,3036,124.4506,148.219666
false,7,2020-04-01 00:00:00,16410,2835,148.219666,173.04274
false,8,2020-04-01 00:00:00,15757,2551,173.04277,196.13412
false,9,2020-04-01 00:00:00,15100,2271,196.1341552734375,239.60664
false,10,2020-04-01 00:00:00,16939,2965,239.60664,453.10022
true,1,2020-04-01 00:00:00,18171,14787,5.009999999999937,7.759999999999878
true,2,2020-04-01 00:00:00,20912,16402,7.759999999999878,10.819999999999814
true,3,2020-04-01 00:00:00,20756,15576,10.819999999999814,14.75999999999973
true,4,2020-04-01 00:00:00,20002,14394,14.75999999999973,18.280000000000058
true,5,2020-04-01 00:00:00,19308,13109,18.280000000000058,21.410000000000547
true,6,2020-04-01 00:00:00,18827,11918,21.410000000000547,23.4741764
true,7,2020-04-01 00:00:00,19588,11518,23.474182,26.025414
true,8,2020-04-01 00:00:00,20384,11193,26.025414,30.572640000000003
true,9,2020-04-01 00:00:00,21075,10240,30.572645,41.5105934
true,10,2020-04-01 00:00:00,20971,5901,41.5106,453.8493
false,1,2020-05-01 00:00:00,13613,9551,5.009999999999937,49.8269653
false,2,2020-05-01 00:00:00,16772,6133,49.82698059082031,70.19505
false,3,2020-05-01 00:00:00,17432,4956,70.1950684,85.2781372
false,4,2020-05-01 00:00:00,16027,4007,85.2781372,102.73096
false,5,2020-05-01 00:00:00,15118,3368,102.730965,124.4505844116211
false,6,2020-05-01 00:00:00,15355,3226,124.4506,148.219666
false,7,2020-05-01 00:00:00,17216,3028,148.219666,173.04274
false,8,2020-05-01 00:00:00,16550,2612,173.04277,196.13412
false,9,2020-05-01 00:00:00,15800,2472,196.1341552734375,239.60664
false,10,2020-05-01 00:00:00,17335,3043,239.60664,453.10022
true,1,2020-05-01 00:00:00,16432,13671,5.009999999999937,7.759999999999878
true,2,2020-05-01 00:00:00,18647,15076,7.759999999999878,10.819999999999814
true,3,2020-05-01 00:00:00,18272,14446,10.819999999999814,14.75999999999973
true,4,2020-05-01 00:00:00,16570,12573,14.75999999999973,18.280000000000058
true,5,2020-05-01 00:00:00,15572,11179,18.280000000000058,21.410000000000547
true,6,2020-05-01 00:00:00,14940,9913,21.410000000000547,23.4741764
true,7,2020-05-01 00:00:00,14788,8924,23.474182,26.025414
true,8,2020-05-01 00:00:00,15711,8390,26.025414,30.572640000000003
true,9,2020-05-01 00:00:00,17377,7803,30.572645,41.5105934
true,10,2020-05-01 00:00:00,21390,5700,41.5106,453.8493
false,1,2020-06-01 00:00:00,12852,8630,5.009999999999937,49.8269653
false,2,2020-06-01 00:00:00,16583,6095,49.82698059082031,70.19505
false,3,2020-06-01 00:00:00,16740,4739,70.1950684,85.2781372
false,4,2020-06-01 00:00:00,15473,3795,85.2781372,102.73096
false,5,2020-06-01 00:00:00,14594,3247,102.730965,124.4505844116211
false,6,2020-06-01 00:00:00,14684,3012,124.4506,148.219666
false,7,2020-06-01 00:00:00,16136,2864,148.219666,173.04274
false,8,2020-06-01 00:00:00,15359,2427,173.04277,196.13412
false,9,2020-06-01 00:00:00,15348,2355,196.1341552734375,239.60664
false,10,2020-06-01 00:00:00,16778,2964,239.60664,453.10022
true,1,2020-06-01 00:00:00,16609,13305,5.009999999999937,7.759999999999878
true,2,2020-06-01 00:00:00,18853,14365,7.759999999999878,10.819999999999814
true,3,2020-06-01 00:00:00,18395,13582,10.819999999999814,14.75999999999973
true,4,2020-06-01 00:00:00,17145,12139,14.75999999999973,18.280000000000058
true,5,2020-06-01 00:00:00,15988,10709,18.280000000000058,21.410000000000547
true,6,2020-06-01 00:00:00,15578,9881,21.410000000000547,23.4741764
true,7,2020-06-01 00:00:00,15570,8882,23.474182,26.025414
true,8,2020-06-01 00:00:00,16086,8485,26.025414,30.572640000000003
true,9,2020-06-01 00:00:00,17556,7901,30.572645,41.5105934
true,10,2020-06-01 00:00:00,20234,5765,41.5106,453.8493
false,1,2020-07-01 00:00:00,12488,8157,5.009999999999937,49.8269653
false,2,2020-07-01 00:00:00,16967,6040,49.82698059082031,70.19505
false,3,2020-07-01 00:00:00,17393,4803,70.1950684,85.2781372
false,4,2020-07-01 00:00:00,16058,3956,85.2781372,102.73096
false,5,2020-07-01 00:00:00,14903,3386,102.730965,124.4505844116211
false,6,2020-07-01 00:00:00,15477,3212,124.4506,148.219666
false,7,2020-07-01 00:00:00,16976,3001,148.219666,173.04274
false,8,2020-07-01 00:00:00,15732,2551,173.04277,196.13412
false,9,2020-07-01 00:00:00,15074,2351,196.1341552734375,239.60664
false,10,2020-07-01 00:00:00,17141,3088,239.60664,453.10022
true,1,2020-07-01 00:00:00,18738,14347,5.009999999999937,7.759999999999878
true,2,2020-07-01 00:00:00,21298,15722,7.759999999999878,10.819999999999814
true,3,2020-07-01 00:00:00,20470,14635,10.819999999999814,14.75999999999973
true,4,2020-07-01 00:00:00,18737,12879,14.75999999999973,18.280000000000058
true,5,2020-07-01 00:00:00,17671,11581,18.280000000000058,21.410000000000547
true,6,2020-07-01 00:00:00,16879,10530,21.410000000000547,23.4741764
true,7,2020-07-01 00:00:00,16859,9679,23.474182,26.025414
true,8,2020-07-01 00:00:00,17140,9118,26.025414,30.572640000000003
true,9,2020-07-01 00:00:00,18496,8611,30.572645,41.5105934
true,10,2020-07-01 00:00:00,21181,6063,41.5106,453.8493
false,1,2020-08-01 00:00:00,14599,9682,5.009999999999937,49.8269653
false,2,2020-08-01 00:00:00,18502,6977,49.82698059082031,70.19505
false,3,2020-08-01 00:00:00,18782,5447,70.1950684,85.2781372
false,4,2020-08-01 00:00:00,16865,4313,85.2781372,102.73096
false,5,2020-08-01 00:00:00,15785,3564,102.730965,124.4505844116211
false,6,2020-08-01 00:00:00,15876,3255,124.4506,148.219666
false,7,2020-08-01 00:00:00,17418,3132,148.219666,173.04274
false,8,2020-08-01 00:00:00,16278,2668,173.04277,196.13412
false,9,2020-08-01 00:00:00,16015,2594,196.1341552734375,239.60664
false,10,2020-08-01 00:00:00,18132,3225,239.60664,453.10022
true,1,2020-08-01 00:00:00,21212,16153,5.009999999999937,7.759999999999878
true,2,2020-08-01 00:00:00,24118,17608,7.759999999999878,10.819999999999814
true,3,2020-08-01 00:00:00,23673,16689,10.819999999999814,14.75999999999973
true,4,2020-08-01 00:00:00,22671,15334,14.75999999999973,18.280000000000058
true,5,2020-08-01 00:00:00,22096,14438,18.280000000000058,21.410000000000547
true,6,2020-08-01 00:00:00,22151,13830,21.410000000000547,23.4741764
true,7,2020-08-01 00:00:00,22474,13341,23.474182,26.025414
true,8,2020-08-01 00:00:00,22961,12796,26.025414,30.572640000000003
true,9,2020-08-01 00:00:00,22842,11355,30.572645,41.5105934
true,10,2020-08-01 00:00:00,22983,7044,41.5106,453.8493
false,1,2020-09-01 00:00:00,16129,11295,5.009999999999937,49.8269653
false,2,2020-09-01 00:00:00,18861,7238,49.82698059082031,70.19505
false,3,2020-09-01 00:00:00,18827,5600,70.1950684,85.2781372
false,4,2020-09-01 00:00:00,16680,4239,85.2781372,102.73096
false,5,2020-09-01 00:00:00,15175,3656,102.730965,124.4505844116211
false,6,2020-09-01 00:00:00,15460,3243,124.4506,148.219666
false,7,2020-09-01 00:00:00,16934,2920,148.219666,173.04274
false,8,2020-09-01 00:00:00,16194,2610,173.04277,196.13412
false,9,2020-09-01 00:00:00,15348,2447,196.1341552734375,239.60664
false,10,2020-09-01 00:00:00,17919,3071,239.60664,453.10022
true,1,2020-09-01 00:00:00,24089,18606,5.009999999999937,7.759999999999878
true,2,2020-09-01 00:00:00,27016,19988,7.759999999999878,10.819999999999814
true,3,2020-09-01 00:00:00,26879,19306,10.819999999999814,14.75999999999973
true,4,2020-09-01 00:00:00,26767,18327,14.75999999999973,18.280000000000058
true,5,2020-09-01 00:00:00,26419,17268,18.280000000000058,21.410000000000547
true,6,2020-09-01 00:00:00,26609,16538,21.410000000000547,23.4741764
true,7,2020-09-01 00:00:00,27363,16120,23.474182,26.025414
true,8,2020-09-01 00:00:00,27998,15542,26.025414,30.572640000000003
true,9,2020-09-01 00:00:00,27098,13852,30.572645,41.5105934
true,10,2020-09-01 00:00:00,24160,7695,41.5106,453.8493
false,1,2020-10-01 00:00:00,17093,12159,5.009999999999937,49.8269653
false,2,2020-10-01 00:00:00,20374,7685,49.82698059082031,70.19505
false,3,2020-10-01 00:00:00,19681,5828,70.1950684,85.2781372
false,4,2020-10-01 00:00:00,17325,4518,85.2781372,102.73096
false,5,2020-10-01 00:00:00,15624,3696,102.730965,124.4505844116211
false,6,2020-10-01 00:00:00,15841,3356,124.4506,148.219666
false,7,2020-10-01 00:00:00,17774,3228,148.219666,173.04274
false,8,2020-10-01 00:00:00,16785,2781,173.04277,196.13412
false,9,2020-10-01 00:00:00,16460,2741,196.1341552734375,239.60664
false,10,2020-10-01 00:00:00,18150,3353,239.60664,453.10022
true,1,2020-10-01 00:00:00,22377,17802,5.009999999999937,7.759999999999878
true,2,2020-10-01 00:00:00,25422,19563,7.759999999999878,10.819999999999814
true,3,2020-10-01 00:00:00,25456,18924,10.819999999999814,14.75999999999973
true,4,2020-10-01 00:00:00,24951,17891,14.75999999999973,18.280000000000058
true,5,2020-10-01 00:00:00,24332,16450,18.280000000000058,21.410000000000547
true,6,2020-10-01 00:00:00,24858,16053,21.410000000000547,23.4741764
true,7,2020-10-01 00:00:00,25365,15354,23.474182,26.025414
true,8,2020-10-01 00:00:00,26193,14736,26.025414,30.572640000000003
true,9,2020-10-01 00:00:00,26182,13074,30.572645,41.5105934
true,10,2020-10-01 00:00:00,25564,7779,41.5106,453.8493
false,1,2020-11-01 00:00:00,17414,12646,5.009999999999937,49.8269653
false,2,2020-11-01 00:00:00,19072,7187,49.82698059082031,70.19505
false,3,2020-11-01 00:00:00,18082,5358,70.1950684,85.2781372
false,4,2020-11-01 00:00:00,16082,4154,85.2781372,102.73096
false,5,2020-11-01 00:00:00,14264,3283,102.730965,124.4505844116211
false,6,2020-11-01 00:00:00,14922,3136,124.4506,148.219666
false,7,2020-11-01 00:00:00,16223,2945,148.219666,173.04274
false,8,2020-11-01 00:00:00,15679,2573,173.04277,196.13412
false,9,2020-11-01 00:00:00,15911,2590,196.1341552734375,239.60664
false,10,2020-11-01 00:00:00,17107,3245,239.60664,453.10022
true,1,2020-11-01 00:00:00,21175,17464,5.009999999999937,7.759999999999878
true,2,2020-11-01 00:00:00,24224,19193,7.759999999999878,10.819999999999814
true,3,2020-11-01 00:00:00,24205,18556,10.819999999999814,14.75999999999973
true,4,2020-11-01 00:00:00,23313,17375,14.75999999999973,18.280000000000058
true,5,2020-11-01 00:00:00,22912,16206,18.280000000000058,21.410000000000547
true,6,2020-11-01 00:00:00,22650,15125,21.410000000000547,23.4741764
true,7,2020-11-01 00:00:00,23286,14512,23.474182,26.025414
true,8,2020-11-01 00:00:00,23957,13970,26.025414,30.572640000000003
true,9,2020-11-01 00:00:00,24070,12485,30.572645,41.5105934
true,10,2020-11-01 00:00:00,22977,7123,41.5106,453.8493
false,1,2020-12-01 00:00:00,16548,11936,5.009999999999937,49.8269653
false,2,2020-12-01 00:00:00,17995,6823,49.82698059082031,70.19505
false,3,2020-12-01 00:00:00,17408,5195,70.1950684,85.2781372
false,4,2020-12-01 00:00:00,15217,4052,85.2781372,102.73096
false,5,2020-12-01 00:00:00,13968,3340,102.730965,124.4505844116211
false,6,2020-12-01 00:00:00,14311,2984,124.4506,148.219666
false,7,2020-12-01 00:00:00,16102,2835,148.219666,173.04274
false,8,2020-12-01 00:00:00,15221,2566,173.04277,196.13412
false,9,2020-12-01 00:00:00,15161,2422,196.1341552734375,239.60664
false,10,2020-12-01 00:00:00,17069,3308,239.60664,453.10022
true,1,2020-12-01 00:00:00,18414,15506,5.009999999999937,7.759999999999878
true,2,2020-12-01 00:00:00,20633,16769,7.759999999999878,10.819999999999814
true,3,2020-12-01 00:00:00,20077,15902,10.819999999999814,14.75999999999973
true,4,2020-12-01 00:00:00,19448,14932,14.75999999999973,18.280000000000058
true,5,2020-12-01 00:00:00,18587,13673,18.280000000000058,21.410000000000547
true,6,2020-12-01 00:00:00,18866,13107,21.410000000000547,23.4741764
true,7,2020-12-01 00:00:00,19262,12673,23.474182,26.025414
true,8,2020-12-01 00:00:00,20251,12348,26.025414,30.572640000000003
true,9,2020-12-01 00:00:00,21101,11415,30.572645,41.5105934
true,10,2020-12-01 00:00:00,20744,6738,41.5106,453.8493
false,1,2021-01-01 00:00:00,14965,10445,5.009999999999937,49.8269653
false,2,2021-01-01 00:00:00,16736,6144,49.82698059082031,70.19505
false,3,2021-01-01 00:00:00,16311,4474,70.1950684,85.2781372
false,4,2021-01-01 00:00:00,14490,3638,85.2781372,102.73096
false,5,2021-01-01 00:00:00,13082,2950,102.730965,124.4505844116211
false,6,2021-01-01 00:00:00,13295,2668,124.4506,148.219666
false,7,2021-01-01 00:00:00,15394,2662,148.219666,173.04274
false,8,2021-01-01 00:00:00,14872,2382,173.04277,196.13412
false,9,2021-01-01 00:00:00,14907,2450,196.1341552734375,239.60664
false,10,2021-01-01 00:00:00,16789,3181,239.60664,453.10022
true,1,2021-01-01 00:00:00,15713,13265,5.009999999999937,7.759999999999878
true,2,2021-01-01 00:00:00,17835,14574,7.759999999999878,10.819999999999814
true,3,2021-01-01 00:00:00,17366,13736,10.819999999999814,14.75999999999973
true,4,2021-01-01 00:00:00,17062,12996,14.75999999999973,18.280000000000058
true,5,2021-01-01 00:00:00,16743,12131,18.280000000000058,21.410000000000547
true,6,2021-01-01 00:00:00,16870,11461,21.410000000000547,23.4741764
true,7,2021-01-01 00:00:00,17302,10894,23.474182,26.025414
true,8,2021-01-01 00:00:00,18542,10853,26.025414,30.572640000000003
true,9,2021-01-01 00:00:00,19830,9891,30.572645,41.5105934
true,10,2021-01-01 00:00:00,20830,5860,41.5106,453.8493
false,1,2021-02-01 00:00:00,13113,8962,5.009999999999937,49.8269653
false,2,2021-02-01 00:00:00,15131,5414,49.82698059082031,70.19505
false,3,2021-02-01 00:00:00,14468,4089,70.1950684,85.2781372
false,4,2021-02-01 00:00:00,12903,3236,85.2781372,102.73096
false,5,2021-02-01 00:00:00,12104,2670,102.730965,124.4505844116211
false,6,2021-02-01 00:00:00,12351,2327,124.4506,148.219666
false,7,2021-02-01 00:00:00,13953,2347,148.219666,173.04274
false,8,2021-02-01 00:00:00,13329,2093,173.04277,196.13412
false,9,2021-02-01 00:00:00,13183,2118,196.1341552734375,239.60664
false,10,2021-02-01 00:00:00,15153,2834,239.60664,453.10022
true,1,2021-02-01 00:00:00,14295,12010,5.009999999999937,7.759999999999878
true,2,2021-02-01 00:00:00,16301,13327,7.759999999999878,10.819999999999814
true,3,2021-02-01 00:00:00,15850,12398,10.819999999999814,14.75999999999973
true,4,2021-02-01 00:00:00,15118,11293,14.75999999999973,18.280000000000058
true,5,2021-02-01 00:00:00,14603,10408,18.280000000000058,21.410000000000547
true,6,2021-02-01 00:00:00,14323,9447,21.410000000000547,23.4741764
true,7,2021-02-01 00:00:00,13969,8402,23.474182,26.025414
true,8,2021-02-01 00:00:00,14802,8010,26.025414,30.572640000000003
true,9,2021-02-01 00:00:00,15468,6990,30.572645,41.5105934
true,10,2021-02-01 00:00:00,18050,4623,41.5106,453.8493
false,1,2021-03-01 00:00:00,15724,10900,5.009999999999937,49.8269653
false,2,2021-03-01 00:00:00,18706,6771,49.82698059082031,70.19505
false,3,2021-03-01 00:00:00,18196,5140,70.1950684,85.2781372
false,4,2021-03-01 00:00:00,16070,4027,85.2781372,102.73096
false,5,2021-03-01 00:00:00,14769,3319,102.730965,124.4505844116211
false,6,2021-03-01 00:00:00,15008,2988,124.4506,148.219666
false,7,2021-03-01 00:00:00,16617,2898,148.219666,173.04274
false,8,2021-03-01 00:00:00,15783,2460,173.04277,196.13412
false,9,2021-03-01 00:00:00,15646,2373,196.1341552734375,239.60664
false,10,2021-03-01 00:00:00,17859,3167,239.60664,453.10022
true,1,2021-03-01 00:00:00,19894,15937,5.009999999999937,7.759999999999878
true,2,2021-03-01 00:00:00,22987,17750,7.759999999999878,10.819999999999814
true,3,2021-03-01 00:00:00,22479,16745,10.819999999999814,14.75999999999973
true,4,2021-03-01 00:00:00,21429,15300,14.75999999999973,18.280000000000058
true,5,2021-03-01 00:00:00,20546,13994,18.280000000000058,21.410000000000547
true,6,2021-03-01 00:00:00,20323,12962,21.410000000000547,23.4741764
true,7,2021-03-01 00:00:00,20541,12110,23.474182,26.025414
true,8,2021-03-01 00:00:00,20823,11501,26.025414,30.572640000000003
true,9,2021-03-01 00:00:00,21456,10058,30.572645,41.5105934
true,10,2021-03-01 00:00:00,22419,6142,41.5106,453.8493
false,1,2021-04-01 00:00:00,15371,10681,5.009999999999937,49.8269653
false,2,2021-04-01 00:00:00,17901,6423,49.82698059082031,70.19505
false,3,2021-04-01 00:00:00,17905,5030,70.1950684,85.2781372
false,4,2021-04-01 00:00:00,16061,4000,85.2781372,102.73096
false,5,2021-04-01 00:00:00,14784,3238,102.730965,124.4505844116211
false,6,2021-04-01 00:00:00,15024,2928,124.4506,148.219666
false,7,2021-04-01 00:00:00,17004,2770,148.219666,173.04274
false,8,2021-04-01 00:00:00,15965,2507,173.04277,196.13412
false,9,2021-04-01 00:00:00,15440,2426,196.1341552734375,239.60664
false,10,2021-04-01 00:00:00,17780,3175,239.60664,453.10022
true,1,2021-04-01 00:00:00,20694,16423,5.009999999999937,7.759999999999878
true,2,2021-04-01 00:00:00,24095,18323,7.759999999999878,10.819999999999814
true,3,2021-04-01 00:00:00,23904,17549,10.819999999999814,14.75999999999973
true,4,2021-04-01 00:00:00,23062,16131,14.75999999999973,18.280000000000058
true,5,2021-04-01 00:00:00,22259,14856,18.280000000000058,21.410000000000547
true,6,2021-04-01 00:00:00,21785,13779,21.410000000000547,23.4741764
true,7,2021-04-01 00:00:00,21685,12609,23.474182,26.025414
true,8,2021-04-01 00:00:00,22385,12184,26.025414,30.572640000000003
true,9,2021-04-01 00:00:00,22632,10740,30.572645,41.5105934
true,10,2021-04-01 00:00:00,22116,6287,41.5106,453.8493
false,1,2021-05-01 00:00:00,13232,8613,5.009999999999937,49.8269653
false,2,2021-05-01 00:00:00,18326,6078,49.82698059082031,70.19505
false,3,2021-05-01 00:00:00,18738,4929,70.1950684,85.2781372
false,4,2021-05-01 00:00:00,16930,4028,85.2781372,102.73096
false,5,2021-05-01 00:00:00,15602,3375,102.730965,124.4505844116211
false,6,2021-05-01 00:00:00,16150,3132,124.4506,148.219666
false,7,2021-05-01 00:00:00,17756,2910,148.219666,173.04274
false,8,2021-05-01 00:00:00,16426,2442,173.04277,196.13412
false,9,2021-05-01 00:00:00,15926,2416,196.1341552734375,239.60664
false,10,2021-05-01 00:00:00,18298,3259,239.60664,453.10022
true,1,2021-05-01 00:00:00,16550,12891,5.009999999999937,7.759999999999878
true,2,2021-05-01 00:00:00,18317,13911,7.759999999999878,10.819999999999814
true,3,2021-05-01 00:00:00,17822,13053,10.819999999999814,14.75999999999973
true,4,2021-05-01 00:00:00,16852,11801,14.75999999999973,18.280000000000058
true,5,2021-05-01 00:00:00,15773,10316,18.280000000000058,21.410000000000547
true,6,2021-05-01 00:00:00,14894,9040,21.410000000000547,23.4741764
true,7,2021-05-01 00:00:00,15076,8237,23.474182,26.025414
true,8,2021-05-01 00:00:00,16222,7820,26.025414,30.572640000000003
true,9,2021-05-01 00:00:00,18332,7732,30.572645,41.5105934
true,10,2021-05-01 00:00:00,22482,6055,41.5106,453.8493
false,1,2021-06-01 00:00:00,13326,8598,5.009999999999937,49.8269653
false,2,2021-06-01 00:00:00,17225,5725,49.82698059082031,70.19505
false,3,2021-06-01 00:00:00,17979,4538,70.1950684,85.2781372
false,4,2021-06-01 00:00:00,16206,3565,85.2781372,102.73096
false,5,2021-06-01 00:00:00,14910,3059,102.730965,124.4505844116211
false,6,2021-06-01 00:00:00,15318,2762,124.4506,148.219666
false,7,2021-06-01 00:00:00,16790,2756,148.219666,173.04274
false,8,2021-06-01 00:00:00,15528,2193,173.04277,196.13412
false,9,2021-06-01 00:00:00,14787,2165,196.1341552734375,239.60664
false,10,2021-06-01 00:00:00,17010,3012,239.60664,453.10022
true,1,2021-06-01 00:00:00,17160,12823,5.009999999999937,7.759999999999878
true,2,2021-06-01 00:00:00,19134,13816,7.759999999999878,10.819999999999814
true,3,2021-06-01 00:00:00,18834,13071,10.819999999999814,14.75999999999973
true,4,2021-06-01 00:00:00,17304,11370,14.75999999999973,18.280000000000058
true,5,2021-06-01 00:00:00,16406,10016,18.280000000000058,21.410000000000547
true,6,2021-06-01 00:00:00,15792,8964,21.410000000000547,23.4741764
true,7,2021-06-01 00:00:00,15702,8235,23.474182,26.025414
true,8,2021-06-01 00:00:00,16370,7497,26.025414,30.572640000000003
true,9,2021-06-01 00:00:00,17795,7138,30.572645,41.5105934
true,10,2021-06-01 00:00:00,20734,5255,41.5106,453.8493
false,1,2021-07-01 00:00:00,13841,8871,5.009999999999937,49.8269653
false,2,2021-07-01 00:00:00,18063,6257,49.82698059082031,70.19505
false,3,2021-07-01 00:00:00,18769,4844,70.1950684,85.2781372
false,4,2021-07-01 00:00:00,17025,3844,85.2781372,102.73096
false,5,2021-07-01 00:00:00,15664,3252,102.730965,124.4505844116211
false,6,2021-07-01 00:00:00,16052,3121,124.4506,148.219666
false,7,2021-07-01 00:00:00,17416,2945,148.219666,173.04274
false,8,2021-07-01 00:00:00,16368,2599,173.04277,196.13412
false,9,2021-07-01 00:00:00,15851,2515,196.1341552734375,239.60664
false,10,2021-07-01 00:00:00,18625,3498,239.60664,453.10022
true,1,2021-07-01 00:00:00,17361,12611,5.009999999999937,7.759999999999878
true,2,2021-07-01 00:00:00,19503,13529,7.759999999999878,10.819999999999814
true,3,2021-07-01 00:00:00,18708,12514,10.819999999999814,14.75999999999973
true,4,2021-07-01 00:00:00,17465,11405,14.75999999999973,18.280000000000058
true,5,2021-07-01 00:00:00,16848,10324,18.280000000000058,21.410000000000547
true,6,2021-07-01 00:00:00,16197,9260,21.410000000000547,23.4741764
true,7,2021-07-01 00:00:00,16164,8472,23.474182,26.025414
true,8,2021-07-01 00:00:00,16872,8036,26.025414,30.572640000000003
true,9,2021-07-01 00:00:00,17767,7301,30.572645,41.5105934
true,10,2021-07-01 00:00:00,21091,5557,41.5106,453.8493
false,1,2021-08-01 00:00:00,16219,11200,5.009999999999937,49.8269653
false,2,2021-08-01 00:00:00,19215,6922,49.82698059082031,70.19505
false,3,2021-08-01 00:00:00,19359,5353,70.1950684,85.2781372
false,4,2021-08-01 00:00:00,17245,4216,85.2781372,102.73096
false,5,2021-08-01 00:00:00,15511,3391,102.730965,124.4505844116211
false,6,2021-08-01 00:00:00,16184,3218,124.4506,148.219666
false,7,2021-08-01 00:00:00,17754,2932,148.219666,173.04274
false,8,2021-08-01 00:00:00,16870,2589,173.04277,196.13412
false,9,2021-08-01 00:00:00,16207,2446,196.1341552734375,239.60664
false,10,2021-08-01 00:00:00,18686,3462,239.60664,453.10022
true,1,2021-08-01 00:00:00,21285,16333,5.009999999999937,7.759999999999878
true,2,2021-08-01 00:00:00,24327,18038,7.759999999999878,10.819999999999814
true,3,2021-08-01 00:00:00,23448,16733,10.819999999999814,14.75999999999973
true,4,2021-08-01 00:00:00,22649,15691,14.75999999999973,18.280000000000058
true,5,2021-08-01 00:00:00,21607,14336,18.280000000000058,21.410000000000547
true,6,2021-08-01 00:00:00,21451,13723,21.410000000000547,23.4741764
true,7,2021-08-01 00:00:00,21648,13054,23.474182,26.025414
true,8,2021-08-01 00:00:00,22443,12588,26.025414,30.572640000000003
true,9,2021-08-01 00:00:00,23081,11113,30.572645,41.5105934
true,10,2021-08-01 00:00:00,23841,6913,41.5106,453.8493
false,1,2021-09-01 00:00:00,17164,11973,5.009999999999937,49.8269653
false,2,2021-09-01 00:00:00,19207,7077,49.82698059082031,70.19505
false,3,2021-09-01 00:00:00,19282,5442,70.1950684,85.2781372
false,4,2021-09-01 00:00:00,16927,4203,85.2781372,102.73096
false,5,2021-09-01 00:00:00,15491,3386,102.730965,124.4505844116211
false,6,2021-09-01 00:00:00,15886,3169,124.4506,148.219666
false,7,2021-09-01 00:00:00,17662,2955,148.219666,173.04274
false,8,2021-09-01 00:00:00,16316,2474,173.04277,196.13412
false,9,2021-09-01 00:00:00,15837,2545,196.1341552734375,239.60664
false,10,2021-09-01 00:00:00,18578,3604,239.60664,453.10022
true,1,2021-09-01 00:00:00,24316,18490,5.009999999999937,7.759999999999878
true,2,2021-09-01 00:00:00,27832,20410,7.759999999999878,10.819999999999814
true,3,2021-09-01 00:00:00,28238,20136,10.819999999999814,14.75999999999973
true,4,2021-09-01 00:00:00,27881,18973,14.75999999999973,18.280000000000058
true,5,2021-09-01 00:00:00,27244,17769,18.280000000000058,21.410000000000547
true,6,2021-09-01 00:00:00,27843,17221,21.410000000000547,23.4741764
true,7,2021-09-01 00:00:00,28294,16295,23.474182,26.025414
true,8,2021-09-01 00:00:00,28888,15877,26.025414,30.572640000000003
true,9,2021-09-01 00:00:00,26889,13105,30.572645,41.5105934
true,10,2021-09-01 00:00:00,24531,7340,41.5106,453.8493
false,1,2021-10-01 00:00:00,18470,13004,5.009999999999937,49.8269653
false,2,2021-10-01 00:00:00,20443,7478,49.82698059082031,70.19505
false,3,2021-10-01 00:00:00,20110,5732,70.1950684,85.2781372
false,4,2021-10-01 00:00:00,18063,4582,85.2781372,102.73096
false,5,2021-10-01 00:00:00,16174,3562,102.730965,124.4505844116211
false,6,2021-10-01 00:00:00,16628,3332,124.4506,148.219666
false,7,2021-10-01 00:00:00,18268,3097,148.219666,173.04274
false,8,2021-10-01 00:00:00,17268,2802,173.04277,196.13412
false,9,2021-10-01 00:00:00,17622,2814,196.1341552734375,239.60664
false,10,2021-10-01 00:00:00,20293,3832,239.60664,453.10022
true,1,2021-10-01 00:00:00,22505,17850,5.009999999999937,7.759999999999878
true,2,2021-10-01 00:00:00,26389,20079,7.759999999999878,10.819999999999814
true,3,2021-10-01 00:00:00,26408,19555,10.819999999999814,14.75999999999973
true,4,2021-10-01 00:00:00,25660,18210,14.75999999999973,18.280000000000058
true,5,2021-10-01 00:00:00,25111,16892,18.280000000000058,21.410000000000547
true,6,2021-10-01 00:00:00,25173,16006,21.410000000000547,23.4741764
true,7,2021-10-01 00:00:00,25429,15046,23.474182,26.025414
true,8,2021-10-01 00:00:00,26074,14126,26.025414,30.572640000000003
true,9,2021-10-01 00:00:00,26398,12601,30.572645,41.5105934
true,10,2021-10-01 00:00:00,26568,7734,41.5106,453.8493
false,1,2021-11-01 00:00:00,17006,12217,5.009999999999937,49.8269653
false,2,2021-11-01 00:00:00,18414,7389,49.82698059082031,70.19505
false,3,2021-11-01 00:00:00,18456,6094,70.1950684,85.2781372
false,4,2021-11-01 00:00:00,16277,4913,85.2781372,102.73096
false,5,2021-11-01 00:00:00,14585,3893,102.730965,124.4505844116211
false,6,2021-11-01 00:00:00,15201,3850,124.4506,148.219666
false,7,2021-11-01 00:00:00,16753,3587,148.219666,173.04274
false,8,2021-11-01 00:00:00,15716,3077,173.04277,196.13412
false,9,2021-11-01 00:00:00,15732,3073,196.1341552734375,239.60664
false,10,2021-11-01 00:00:00,18345,4236,239.60664,453.10022
true,1,2021-11-01 00:00:00,19646,16738,5.009999999999937,7.759999999999878
true,2,2021-11-01 00:00:00,22814,19092,7.759999999999878,10.819999999999814
true,3,2021-11-01 00:00:00,22666,18469,10.819999999999814,14.75999999999973
true,4,2021-11-01 00:00:00,22269,17887,14.75999999999973,18.280000000000058
true,5,2021-11-01 00:00:00,21986,17050,18.280000000000058,21.410000000000547
true,6,2021-11-01 00:00:00,21853,16372,21.410000000000547,23.4741764
true,7,2021-11-01 00:00:00,22613,16065,23.474182,26.025414
true,8,2021-11-01 00:00:00,23160,15206,26.025414,30.572640000000003
true,9,2021-11-01 00:00:00,23647,13699,30.572645,41.5105934
true,10,2021-11-01 00:00:00,23023,7860,41.5106,453.8493
false,1,2021-12-01 00:00:00,15172,9831,5.009999999999937,49.8269653
false,2,2021-12-01 00:00:00,17453,5916,49.82698059082031,70.19505
false,3,2021-12-01 00:00:00,16528,4400,70.1950684,85.2781372
false,4,2021-12-01 00:00:00,14552,3428,85.2781372,102.73096
false,5,2021-12-01 00:00:00,13141,2572,102.730965,124.4505844116211
false,6,2021-12-01 00:00:00,13560,2393,124.4506,148.219666
false,7,2021-12-01 00:00:00,14920,2272,148.219666,173.04274
false,8,2021-12-01 00:00:00,14749,2088,173.04277,196.13412
false,9,2021-12-01 00:00:00,14766,2097,196.1341552734375,239.60664
false,10,2021-12-01 00:00:00,17254,2911,239.60664,453.10022
true,1,2021-12-01 00:00:00,16751,13535,5.009999999999937,7.759999999999878
true,2,2021-12-01 00:00:00,18544,14099,7.759999999999878,10.819999999999814
true,3,2021-12-01 00:00:00,18589,13453,10.819999999999814,14.75999999999973
true,4,2021-12-01 00:00:00,18070,12455,14.75999999999973,18.280000000000058
true,5,2021-12-01 00:00:00,17833,11333,18.280000000000058,21.410000000000547
true,6,2021-12-01 00:00:00,18128,10718,21.410000000000547,23.4741764
true,7,2021-12-01 00:00:00,19266,10310,23.474182,26.025414
true,8,2021-12-01 00:00:00,20478,9812,26.025414,30.572640000000003
true,9,2021-12-01 00:00:00,20944,8892,30.572645,41.5105934
true,10,2021-12-01 00:00:00,19645,5308,41.5106,453.8493
false,1,2022-01-01 00:00:00,12628,8641,5.009999999999937,49.8269653
false,2,2022-01-01 00:00:00,11151,4200,49.82698059082031,70.19505
false,3,2022-01-01 00:00:00,10287,3056,70.1950684,85.2781372
false,4,2022-01-01 00:00:00,8672,2275,85.2781372,102.73096
false,5,2022-01-01 00:00:00,8107,1777,102.730965,124.4505844116211
false,6,2022-01-01 00:00:00,8220,1562,124.4506,148.219666
false,7,2022-01-01 00:00:00,9822,1573,148.219666,173.04274
false,8,2022-01-01 00:00:00,9923,1355,173.04277,196.13412
false,9,2022-01-01 00:00:00,9899,1382,196.1341552734375,239.60664
false,10,2022-01-01 00:00:00,11610,1959,239.60664,453.10022
true,1,2022-01-01 00:00:00,11130,9515,5.009999999999937,7.759999999999878
true,2,2022-01-01 00:00:00,12721,10540,7.759999999999878,10.819999999999814
true,3,2022-01-01 00:00:00,12340,9911,10.819999999999814,14.75999999999973
true,4,2022-01-01 00:00:00,11708,8956,14.75999999999973,18.280000000000058
true,5,2022-01-01 00:00:00,11171,8058,18.280000000000058,21.410000000000547
true,6,2022-01-01 00:00:00,10543,6968,21.410000000000547,23.4741764
true,7,2022-01-01 00:00:00,10383,6177,23.474182,26.025414
true,8,2022-01-01 00:00:00,10635,5523,26.025414,30.572640000000003
true,9,2022-01-01 00:00:00,11025,4863,30.572645,41.5105934
true,10,2022-01-01 00:00:00,10957,2844,41.5106,453.8493
false,1,2022-02-01 00:00:00,11827,7990,5.009999999999937,49.8269653
false,2,2022-02-01 00:00:00,10434,4078,49.82698059082031,70.19505
false,3,2022-02-01 00:00:00,9582,2934,70.1950684,85.2781372
false,4,2022-02-01 00:00:00,8136,2184,85.2781372,102.73096
false,5,2022-02-01 00:00:00,7410,1561,102.730965,124.4505844116211
false,6,2022-02-01 00:00:00,7555,1380,124.4506,148.219666
false,7,2022-02-01 00:00:00,9260,1425,148.219666,173.04274
false,8,2022-02-01 00:00:00,8948,1228,173.04277,196.13412
false,9,2022-02-01 00:00:00,9333,1246,196.1341552734375,239.60664
false,10,2022-02-01 00:00:00,11151,1874,239.60664,453.10022
true,1,2022-02-01 00:00:00,10353,9013,5.009999999999937,7.759999999999878
true,2,2022-02-01 00:00:00,11541,9680,7.759999999999878,10.819999999999814
true,3,2022-02-01 00:00:00,11164,8973,10.819999999999814,14.75999999999973
true,4,2022-02-01 00:00:00,10400,8063,14.75999999999973,18.280000000000058
true,5,2022-02-01 00:00:00,9738,6963,18.280000000000058,21.410000000000547
true,6,2022-02-01 00:00:00,9465,6231,21.410000000000547,23.4741764
true,7,2022-02-01 00:00:00,9271,5494,23.474182,26.025414
true,8,2022-02-01 00:00:00,9424,4797,26.025414,30.572640000000003
true,9,2022-02-01 00:00:00,10168,4229,30.572645,41.5105934
true,10,2022-02-01 00:00:00,10714,2676,41.5106,453.8493
false,1,2022-03-01 00:00:00,13844,9596,5.009999999999937,49.8269653
false,2,2022-03-01 00:00:00,11920,4574,49.82698059082031,70.19505
false,3,2022-03-01 00:00:00,10992,3339,70.1950684,85.2781372
false,4,2022-03-01 00:00:00,9840,2472,85.2781372,102.73096
false,5,2022-03-01 00:00:00,8931,2010,102.730965,124.4505844116211
false,6,2022-03-01 00:00:00,8842,1662,124.4506,148.219666
false,7,2022-03-01 00:00:00,10082,1450,148.219666,173.04274
false,8,2022-03-01 00:00:00,10347,1425,173.04277,196.13412
false,9,2022-03-01 00:00:00,10477,1374,196.1341552734375,239.60664
false,10,2022-03-01 00:00:00,12328,2029,239.60664,453.10022
true,1,2022-03-01 00:00:00,12956,11091,5.009999999999937,7.759999999999878
true,2,2022-03-01 00:00:00,14898,12205,7.759999999999878,10.819999999999814
true,3,2022-03-01 00:00:00,14482,11442,10.819999999999814,14.75999999999973
true,4,2022-03-01 00:00:00,13530,10180,14.75999999999973,18.280000000000058
true,5,2022-03-01 00:00:00,12462,8818,18.280000000000058,21.410000000000547
true,6,2022-03-01 00:00:00,11946,7690,21.410000000000547,23.4741764
true,7,2022-03-01 00:00:00,11536,6622,23.474182,26.025414
true,8,2022-03-01 00:00:00,11453,5954,26.025414,30.572640000000003
true,9,2022-03-01 00:00:00,11779,5190,30.572645,41.5105934
true,10,2022-03-01 00:00:00,12613,3408,41.5106,453.8493
false,1,2022-04-01 00:00:00,12166,8029,5.009999999999937,49.8269653
false,2,2022-04-01 00:00:00,11635,4235,49.82698059082031,70.19505
false,3,2022-04-01 00:00:00,10998,3151,70.1950684,85.2781372
false,4,2022-04-01 00:00:00,9733,2502,85.2781372,102.73096
false,5,2022-04-01 00:00:00,9023,1919,102.730965,124.4505844116211
false,6,2022-04-01 00:00:00,9249,1703,124.4506,148.219666
false,7,2022-04-01 00:00:00,10231,1422,148.219666,173.04274
false,8,2022-04-01 00:00:00,10269,1396,173.04277,196.13412
false,9,2022-04-01 00:00:00,10618,1429,196.1341552734375,239.60664
false,10,2022-04-01 00:00:00,12328,2019,239.60664,453.10022
true,1,2022-04-01 00:00:00,12001,9715,5.009999999999937,7.759999999999878
true,2,2022-04-01 00:00:00,14055,10885,7.759999999999878,10.819999999999814
true,3,2022-04-01 00:00:00,13950,10364,10.819999999999814,14.75999999999973
true,4,2022-04-01 00:00:00,12947,9201,14.75999999999973,18.280000000000058
true,5,2022-04-01 00:00:00,12305,8103,18.280000000000058,21.410000000000547
true,6,2022-04-01 00:00:00,11806,7298,21.410000000000547,23.4741764
true,7,2022-04-01 00:00:00,11964,6596,23.474182,26.025414
true,8,2022-04-01 00:00:00,11983,5978,26.025414,30.572640000000003
true,9,2022-04-01 00:00:00,12314,5312,30.572645,41.5105934
true,10,2022-04-01 00:00:00,12029,3376,41.5106,453.8493
false,1,2022-05-01 00:00:00,10191,6503,5.009999999999937,49.8269653
false,2,2022-05-01 00:00:00,10536,3704,49.82698059082031,70.19505
false,3,2022-05-01 00:00:00,10459,2884,70.1950684,85.2781372
false,4,2022-05-01 00:00:00,9495,2198,85.2781372,102.73096
false,5,2022-05-01 00:00:00,8909,1890,102.730965,124.4505844116211
false,6,2022-05-01 00:00:00,9056,1661,124.4506,148.219666
false,7,2022-05-01 00:00:00,9940,1563,148.219666,173.04274
false,8,2022-05-01 00:00:00,10014,1415,173.04277,196.13412
false,9,2022-05-01 00:00:00,10157,1343,196.1341552734375,239.60664
false,10,2022-05-01 00:00:00,11934,2099,239.60664,453.10022
true,1,2022-05-01 00:00:00,10458,8319,5.009999999999937,7.759999999999878
true,2,2022-05-01 00:00:00,12177,9324,7.759999999999878,10.819999999999814
true,3,2022-05-01 00:00:00,11989,8910,10.819999999999814,14.75999999999973
true,4,2022-05-01 00:00:00,10924,7847,14.75999999999973,18.280000000000058
true,5,2022-05-01 00:00:00,10401,6917,18.280000000000058,21.410000000000547
true,6,2022-05-01 00:00:00,9738,6167,21.410000000000547,23.4741764
true,7,2022-05-01 00:00:00,9699,5504,23.474182,26.025414
true,8,2022-05-01 00:00:00,9849,4890,26.025414,30.572640000000003
true,9,2022-05-01 00:00:00,10192,4231,30.572645,41.5105934
true,10,2022-05-01 00:00:00,11549,3151,41.5106,453.8493
false,1,2022-06-01 00:00:00,11489,7621,5.009999999999937,49.8269653
false,2,2022-06-01 00:00:00,10493,3610,49.82698059082031,70.19505
false,3,2022-06-01 00:00:00,10137,2659,70.1950684,85.2781372
false,4,2022-06-01 00:00:00,9354,2146,85.2781372,102.73096
false,5,2022-06-01 00:00:00,8768,1784,102.730965,124.4505844116211
false,6,2022-06-01 00:00:00,9285,1653,124.4506,148.219666
false,7,2022-06-01 00:00:00,10123,1490,148.219666,173.04274
false,8,2022-06-01 00:00:00,9988,1327,173.04277,196.13412
false,9,2022-06-01 00:00:00,10077,1342,196.1341552734375,239.60664
false,10,2022-06-01 00:00:00,12155,1955,239.60664,453.10022
true,1,2022-06-01 00:00:00,10903,8549,5.009999999999937,7.759999999999878
true,2,2022-06-01 00:00:00,12913,9754,7.759999999999878,10.819999999999814
true,3,2022-06-01 00:00:00,12671,9279,10.819999999999814,14.75999999999973
true,4,2022-06-01 00:00:00,11691,8114,14.75999999999973,18.280000000000058
true,5,2022-06-01 00:00:00,10592,6891,18.280000000000058,21.410000000000547
true,6,2022-06-01 00:00:00,9819,6054,21.410000000000547,23.4741764
true,7,2022-06-01 00:00:00,9525,5153,23.474182,26.025414
true,8,2022-06-01 00:00:00,9478,4473,26.025414,30.572640000000003
true,9,2022-06-01 00:00:00,10126,4022,30.572645,41.5105934
true,10,2022-06-01 00:00:00,11632,3039,41.5106,453.8493
false,1,2022-07-01 00:00:00,9651,6169,5.009999999999937,49.8269653
false,2,2022-07-01 00:00:00,9619,3201,49.82698059082031,70.19505
false,3,2022-07-01 00:00:00,9559,2537,70.1950684,85.2781372
false,4,2022-07-01 00:00:00,8625,1932,85.2781372,102.73096
false,5,2022-07-01 00:00:00,8425,1672,102.730965,124.4505844116211
false,6,2022-07-01 00:00:00,8781,1571,124.4506,148.219666
false,7,2022-07-01 00:00:00,9708,1510,148.219666,173.04274
false,8,2022-07-01 00:00:00,9287,1238,173.04277,196.13412
false,9,2022-07-01 00:00:00,9461,1284,196.1341552734375,239.60664
false,10,2022-07-01 00:00:00,11222,1867,239.60664,453.10022
true,1,2022-07-01 00:00:00,10487,8048,5.009999999999937,7.759999999999878
true,2,2022-07-01 00:00:00,11875,8629,7.759999999999878,10.819999999999814
true,3,2022-07-01 00:00:00,11215,7817,10.819999999999814,14.75999999999973
true,4,2022-07-01 00:00:00,10393,6959,14.75999999999973,18.280000000000058
true,5,2022-07-01 00:00:00,9504,5910,18.280000000000058,21.410000000000547
true,6,2022-07-01 00:00:00,8930,5198,21.410000000000547,23.4741764
true,7,2022-07-01 00:00:00,8470,4516,23.474182,26.025414
true,8,2022-07-01 00:00:00,8776,4100,26.025414,30.572640000000003
true,9,2022-07-01 00:00:00,9346,3680,30.572645,41.5105934
true,10,2022-07-01 00:00:00,10577,2718,41.5106,453.8493
false,1,2022-08-01 00:00:00,12689,8371,5.009999999999937,49.8269653
false,2,2022-08-01 00:00:00,11523,4077,49.82698059082031,70.19505
false,3,2022-08-01 00:00:00,10744,3029,70.1950684,85.2781372
false,4,2022-08-01 00:00:00,9686,2320,85.2781372,102.73096
false,5,2022-08-01 00:00:00,9153,1903,102.730965,124.4505844116211
false,6,2022-08-01 00:00:00,9354,1646,124.4506,148.219666
false,7,2022-08-01 00:00:00,10649,1566,148.219666,173.04274
false,8,2022-08-01 00:00:00,10478,1471,173.04277,196.13412
false,9,2022-08-01 00:00:00,10540,1428,196.1341552734375,239.60664
false,10,2022-08-01 00:00:00,12474,1969,239.60664,453.10022
true,1,2022-08-01 00:00:00,13362,10437,5.009999999999937,7.759999999999878
true,2,2022-08-01 00:00:00,15181,11331,7.759999999999878,10.819999999999814
true,3,2022-08-01 00:00:00,15027,10722,10.819999999999814,14.75999999999973
true,4,2022-08-01 00:00:00,14284,9690,14.75999999999973,18.280000000000058
true,5,2022-08-01 00:00:00,13621,8766,18.280000000000058,21.410000000000547
true,6,2022-08-01 00:00:00,12980,7568,21.410000000000547,23.4741764
true,7,2022-08-01 00:00:00,12913,6976,23.474182,26.025414
true,8,2022-08-01 00:00:00,13114,6332,26.025414,30.572640000000003
true,9,2022-08-01 00:00:00,13040,5609,30.572645,41.5105934
true,10,2022-08-01 00:00:00,12780,3341,41.5106,453.8493
false,1,2022-09-01 00:00:00,12666,8496,5.009999999999937,49.8269653
false,2,2022-09-01 00:00:00,12079,4396,49.82698059082031,70.19505
false,3,2022-09-01 00:00:00,11418,3305,70.1950684,85.2781372
false,4,2022-09-01 00:00:00,9832,2421,85.2781372,102.73096
false,5,2022-09-01 00:00:00,9013,1847,102.730965,124.4505844116211
false,6,2022-09-01 00:00:00,9520,1699,124.4506,148.219666
false,7,2022-09-01 00:00:00,10815,1623,148.219666,173.04274
false,8,2022-09-01 00:00:00,10717,1464,173.04277,196.13412
false,9,2022-09-01 00:00:00,10550,1365,196.1341552734375,239.60664
false,10,2022-09-01 00:00:00,12502,2018,239.60664,453.10022
true,1,2022-09-01 00:00:00,13815,11050,5.009999999999937,7.759999999999878
true,2,2022-09-01 00:00:00,15362,11686,7.759999999999878,10.819999999999814
true,3,2022-09-01 00:00:00,15010,10841,10.819999999999814,14.75999999999973
true,4,2022-09-01 00:00:00,14479,9923,14.75999999999973,18.280000000000058
true,5,2022-09-01 00:00:00,13694,8681,18.280000000000058,21.410000000000547
true,6,2022-09-01 00:00:00,13370,7770,21.410000000000547,23.4741764
true,7,2022-09-01 00:00:00,13813,7343,23.474182,26.025414
true,8,2022-09-01 00:00:00,14354,6889,26.025414,30.572640000000003
true,9,2022-09-01 00:00:00,13816,5825,30.572645,41.5105934
true,10,2022-09-01 00:00:00,13211,3566,41.5106,453.8493
false,1,2022-10-01 00:00:00,13886,9530,5.009999999999937,49.8269653
false,2,2022-10-01 00:00:00,11812,4183,49.82698059082031,70.19505
false,3,2022-10-01 00:00:00,11160,3207,70.1950684,85.2781372
false,4,2022-10-01 00:00:00,9923,2390,85.2781372,102.73096
false,5,2022-10-01 00:00:00,9237,1919,102.730965,124.4505844116211
false,6,2022-10-01 00:00:00,9218,1626,124.4506,148.219666
false,7,2022-10-01 00:00:00,10903,1599,148.219666,173.04274
false,8,2022-10-01 00:00:00,10506,1466,173.04277,196.13412
false,9,2022-10-01 00:00:00,10760,1372,196.1341552734375,239.60664
false,10,2022-10-01 00:00:00,12493,2061,239.60664,453.10022
true,1,2022-10-01 00:00:00,13798,11211,5.009999999999937,7.759999999999878
true,2,2022-10-01 00:00:00,16136,12529,7.759999999999878,10.819999999999814
true,3,2022-10-01 00:00:00,16044,11994,10.819999999999814,14.75999999999973
true,4,2022-10-01 00:00:00,15377,10875,14.75999999999973,18.280000000000058
true,5,2022-10-01 00:00:00,14866,9846,18.280000000000058,21.410000000000547
true,6,2022-10-01 00:00:00,14415,8919,21.410000000000547,23.4741764
true,7,2022-10-01 00:00:00,14775,8220,23.474182,26.025414
true,8,2022-10-01 00:00:00,14957,7381,26.025414,30.572640000000003
true,9,2022-10-01 00:00:00,14454,6169,30.572645,41.5105934
true,10,2022-10-01 00:00:00,13169,3523,41.5106,453.8493
false,1,2022-11-01 00:00:00,14459,10093,5.009999999999937,49.8269653
false,2,2022-11-01 00:00:00,12368,4383,49.82698059082031,70.19505
false,3,2022-11-01 00:00:00,11801,3301,70.1950684,85.2781372
false,4,2022-11-01 00:00:00,10198,2496,85.2781372,102.73096
false,5,2022-11-01 00:00:00,9478,1928,102.730965,124.4505844116211
false,6,2022-11-01 00:00:00,9550,1773,124.4506,148.219666
false,7,2022-11-01 00:00:00,11366,1645,148.219666,173.04274
false,8,2022-11-01 00:00:00,10938,1499,173.04277,196.13412
false,9,2022-11-01 00:00:00,10989,1405,196.1341552734375,239.60664
false,10,2022-11-01 00:00:00,12879,2069,239.60664,453.10022
true,1,2022-11-01 00:00:00,13807,11377,5.009999999999937,7.759999999999878
true,2,2022-11-01 00:00:00,16068,12706,7.759999999999878,10.819999999999814
true,3,2022-11-01 00:00:00,16121,12104,10.819999999999814,14.75999999999973
true,4,2022-11-01 00:00:00,15121,10777,14.75999999999973,18.280000000000058
true,5,2022-11-01 00:00:00,14643,9830,18.280000000000058,21.410000000000547
true,6,2022-11-01 00:00:00,14140,8617,21.410000000000547,23.4741764
true,7,2022-11-01 00:00:00,14683,8091,23.474182,26.025414
true,8,2022-11-01 00:00:00,15024,7344,26.025414,30.572640000000003
true,9,2022-11-01 00:00:00,15026,6403,30.572645,41.5105934
true,10,2022-11-01 00:00:00,13372,3774,41.5106,453.8493
false,1,2022-12-01 00:00:00,13070,8700,5.009999999999937,49.8269653
false,2,2022-12-01 00:00:00,11707,4192,49.82698059082031,70.19505
false,3,2022-12-01 00:00:00,10994,3095,70.1950684,85.2781372
false,4,2022-12-01 00:00:00,9752,2412,85.2781372,102.73096
false,5,2022-12-01 00:00:00,8911,1806,102.730965,124.4505844116211
false,6,2022-12-01 00:00:00,9589,1673,124.4506,148.219666
false,7,2022-12-01 00:00:00,11220,1698,148.219666,173.04274
false,8,2022-12-01 00:00:00,11266,1490,173.04277,196.13412
false,9,2022-12-01 00:00:00,11265,1409,196.1341552734375,239.60664
false,10,2022-12-01 00:00:00,12740,1962,239.60664,453.10022
true,1,2022-12-01 00:00:00,11520,9738,5.009999999999937,7.759999999999878
true,2,2022-12-01 00:00:00,13067,10659,7.759999999999878,10.819999999999814
true,3,2022-12-01 00:00:00,12778,10029,10.819999999999814,14.75999999999973
true,4,2022-12-01 00:00:00,11643,8766,14.75999999999973,18.280000000000058
true,5,2022-12-01 00:00:00,10716,7545,18.280000000000058,21.410000000000547
true,6,2022-12-01 00:00:00,10426,6743,21.410000000000547,23.4741764
true,7,2022-12-01 00:00:00,10213,5998,23.474182,26.025414
true,8,2022-12-01 00:00:00,10678,5515,26.025414,30.572640000000003
true,9,2022-12-01 00:00:00,10930,4759,30.572645,41.5105934
true,10,2022-12-01 00:00:00,11709,3123,41.5106,453.8493
false,1,2023-01-01 00:00:00,12073,7813,5.009999999999937,49.8269653
false,2,2023-01-01 00:00:00,11209,3890,49.82698059082031,70.19505
false,3,2023-01-01 00:00:00,10405,2843,70.1950684,85.2781372
false,4,2023-01-01 00:00:00,8941,2171,85.2781372,102.73096
false,5,2023-01-01 00:00:00,8359,1739,102.730965,124.4505844116211
false,6,2023-01-01 00:00:00,9068,1519,124.4506,148.219666
false,7,2023-01-01 00:00:00,10856,1549,148.219666,173.04274
false,8,2023-01-01 00:00:00,11141,1471,173.04277,196.13412
false,9,2023-01-01 00:00:00,11493,1505,196.1341552734375,239.60664
false,10,2023-01-01 00:00:00,13038,2034,239.60664,453.10022
true,1,2023-01-01 00:00:00,10269,8715,5.009999999999937,7.759999999999878
true,2,2023-01-01 00:00:00,11505,9403,7.759999999999878,10.819999999999814
true,3,2023-01-01 00:00:00,11097,8727,10.819999999999814,14.75999999999973
true,4,2023-01-01 00:00:00,10288,7718,14.75999999999973,18.280000000000058
true,5,2023-01-01 00:00:00,9677,6815,18.280000000000058,21.410000000000547
true,6,2023-01-01 00:00:00,9316,6089,21.410000000000547,23.4741764
true,7,2023-01-01 00:00:00,9147,5379,23.474182,26.025414
true,8,2023-01-01 00:00:00,9468,4821,26.025414,30.572640000000003
true,9,2023-01-01 00:00:00,10302,4319,30.572645,41.5105934
true,10,2023-01-01 00:00:00,11243,2800,41.5106,453.8493
false,1,2023-02-01 00:00:00,9991,6465,5.009999999999937,49.8269653
false,2,2023-02-01 00:00:00,9402,3303,49.82698059082031,70.19505
false,3,2023-02-01 00:00:00,8844,2412,70.1950684,85.2781372
false,4,2023-02-01 00:00:00,7793,1812,85.2781372,102.73096
false,5,2023-02-01 00:00:00,7149,1478,102.730965,124.4505844116211
false,6,2023-02-01 00:00:00,7727,1384,124.4506,148.219666
false,7,2023-02-01 00:00:00,9268,1345,148.219666,173.04274
false,8,2023-02-01 00:00:00,9302,1194,173.04277,196.13412
false,9,2023-02-01 00:00:00,9428,1205,196.1341552734375,239.60664
false,10,2023-02-01 00:00:00,10904,1692,239.60664,453.10022
true,1,2023-02-01 00:00:00,10017,8431,5.009999999999937,7.759999999999878
true,2,2023-02-01 00:00:00,11144,8947,7.759999999999878,10.819999999999814
true,3,2023-02-01 00:00:00,10788,8252,10.819999999999814,14.75999999999973
true,4,2023-02-01 00:00:00,9954,7187,14.75999999999973,18.280000000000058
true,5,2023-02-01 00:00:00,9206,6285,18.280000000000058,21.410000000000547
true,6,2023-02-01 00:00:00,8717,5438,21.410000000000547,23.4741764
true,7,2023-02-01 00:00:00,8648,4804,23.474182,26.025414
true,8,2023-02-01 00:00:00,8921,4344,26.025414,30.572640000000003
true,9,2023-02-01 00:00:00,9394,3894,30.572645,41.5105934
true,10,2023-02-01 00:00:00,9842,2446,41.5106,453.8493
false,1,2023-03-01 00:00:00,12814,8519,5.009999999999937,49.8269653
false,2,2023-03-01 00:00:00,11696,4090,49.82698059082031,70.19505
false,3,2023-03-01 00:00:00,10874,2893,70.1950684,85.2781372
false,4,2023-03-01 00:00:00,9637,2298,85.2781372,102.73096
false,5,2023-03-01 00:00:00,9128,1825,102.730965,124.4505844116211
false,6,2023-03-01 00:00:00,9534,1638,124.4506,148.219666
false,7,2023-03-01 00:00:00,11167,1601,148.219666,173.04274
false,8,2023-03-01 00:00:00,11021,1427,173.04277,196.13412
false,9,2023-03-01 00:00:00,11327,1466,196.1341552734375,239.60664
false,10,2023-03-01 00:00:00,12950,2010,239.60664,453.10022
true,1,2023-03-01 00:00:00,13064,10696,5.009999999999937,7.759999999999878
true,2,2023-03-01 00:00:00,14987,11614,7.759999999999878,10.819999999999814
true,3,2023-03-01 00:00:00,14563,10744,10.819999999999814,14.75999999999973
true,4,2023-03-01 00:00:00,13798,9576,14.75999999999973,18.280000000000058
true,5,2023-03-01 00:00:00,12917,8343,18.280000000000058,21.410000000000547
true,6,2023-03-01 00:00:00,12448,7395,21.410000000000547,23.4741764
true,7,2023-03-01 00:00:00,12626,6753,23.474182,26.025414
true,8,2023-03-01 00:00:00,12531,5969,26.025414,30.572640000000003
true,9,2023-03-01 00:00:00,12983,5277,30.572645,41.5105934
true,10,2023-03-01 00:00:00,12454,3152,41.5106,453.8493
false,1,2023-04-01 00:00:00,9858,6253,5.009999999999937,49.8269653
false,2,2023-04-01 00:00:00,9851,3314,49.82698059082031,70.19505
false,3,2023-04-01 00:00:00,9556,2610,70.1950684,85.2781372
false,4,2023-04-01 00:00:00,8658,2027,85.2781372,102.73096
false,5,2023-04-01 00:00:00,7981,1611,102.730965,124.4505844116211
false,6,2023-04-01 00:00:00,8468,1455,124.4506,148.219666
false,7,2023-04-01 00:00:00,9701,1404,148.219666,173.04274
false,8,2023-04-01 00:00:00,9680,1305,173.04277,196.13412
false,9,2023-04-01 00:00:00,9715,1257,196.1341552734375,239.60664
false,10,2023-04-01 00:00:00,11087,1685,239.60664,453.10022
true,1,2023-04-01 00:00:00,10717,8409,5.009999999999937,7.759999999999878
true,2,2023-04-01 00:00:00,12603,9353,7.759999999999878,10.819999999999814
true,3,2023-04-01 00:00:00,12590,8826,10.819999999999814,14.75999999999973
true,4,2023-04-01 00:00:00,12335,8202,14.75999999999973,18.280000000000058
true,5,2023-04-01 00:00:00,11806,7390,18.280000000000058,21.410000000000547
true,6,2023-04-01 00:00:00,11627,6624,21.410000000000547,23.4741764
true,7,2023-04-01 00:00:00,11918,6209,23.474182,26.025414
true,8,2023-04-01 00:00:00,11824,5677,26.025414,30.572640000000003
true,9,2023-04-01 00:00:00,11985,5009,30.572645,41.5105934
true,10,2023-04-01 00:00:00,10972,3005,41.5106,453.8493
false,1,2023-05-01 00:00:00,10500,6598,5.009999999999937,49.8269653
false,2,2023-05-01 00:00:00,11132,3856,49.82698059082031,70.19505
false,3,2023-05-01 00:00:00,10264,2695,70.1950684,85.2781372
false,4,2023-05-01 00:00:00,9440,2201,85.2781372,102.73096
false,5,2023-05-01 00:00:00,9091,1819,102.730965,124.4505844116211
false,6,2023-05-01 00:00:00,9286,1593,124.4506,148.219666
false,7,2023-05-01 00:00:00,10840,1521,148.219666,173.04274
false,8,2023-05-01 00:00:00,10971,1448,173.04277,196.13412
false,9,2023-05-01 00:00:00,10985,1334,196.1341552734375,239.60664
false,10,2023-05-01 00:00:00,12320,1983,239.60664,453.10022
true,1,2023-05-01 00:00:00,11296,9011,5.009999999999937,7.759999999999878
true,2,2023-05-01 00:00:00,12780,9807,7.759999999999878,10.819999999999814
true,3,2023-05-01 00:00:00,12360,9214,10.819999999999814,14.75999999999973
true,4,2023-05-01 00:00:00,11410,8183,14.75999999999973,18.280000000000058
true,5,2023-05-01 00:00:00,10593,7185,18.280000000000058,21.410000000000547
true,6,2023-05-01 00:00:00,9681,6196,21.410000000000547,23.4741764
true,7,2023-05-01 00:00:00,9410,5413,23.474182,26.025414
true,8,2023-05-01 00:00:00,9713,4941,26.025414,30.572640000000003
true,9,2023-05-01 00:00:00,10039,4114,30.572645,41.5105934
true,10,2023-05-01 00:00:00,10872,2741,41.5106,453.8493
false,1,2023-06-01 00:00:00,10312,6569,5.009999999999937,49.8269653
false,2,2023-06-01 00:00:00,10059,3595,49.82698059082031,70.19505
false,3,2023-06-01 00:00:00,9432,2574,70.1950684,85.2781372
false,4,2023-06-01 00:00:00,8502,2059,85.2781372,102.73096
false,5,2023-06-01 00:00:00,8069,1694,102.730965,124.4505844116211
false,6,2023-06-01 00:00:00,8472,1430,124.4506,148.219666
false,7,2023-06-01 00:00:00,9575,1390,148.219666,173.04274
false,8,2023-06-01 00:00:00,9702,1254,173.04277,196.13412
false,9,2023-06-01 00:00:00,9403,1227,196.1341552734375,239.60664
false,10,2023-06-01 00:00:00,10860,1685,239.60664,453.10022
true,1,2023-06-01 00:00:00,10026,7767,5.009999999999937,7.759999999999878
true,2,2023-06-01 00:00:00,11469,8389,7.759999999999878,10.819999999999814
true,3,2023-06-01 00:00:00,10789,7659,10.819999999999814,14.75999999999973
true,4,2023-06-01 00:00:00,9871,6800,14.75999999999973,18.280000000000058
true,5,2023-06-01 00:00:00,9007,5790,18.280000000000058,21.410000000000547
true,6,2023-06-01 00:00:00,8520,5130,21.410000000000547,23.4741764
true,7,2023-06-01 00:00:00,8293,4555,23.474182,26.025414
true,8,2023-06-01 00:00:00,8381,4062,26.025414,30.572640000000003
true,9,2023-06-01 00:00:00,8872,3600,30.572645,41.5105934
true,10,2023-06-01 00:00:00,9486,2456,41.5106,453.8493
false,1,2023-07-01 00:00:00,10838,6700,5.009999999999937,49.8269653
false,2,2023-07-01 00:00:00,10345,3536,49.82698059082031,70.19505
false,3,2023-07-01 00:00:00,9842,2665,70.1950684,85.2781372
false,4,2023-07-01 00:00:00,8963,2107,85.2781372,102.73096
false,5,2023-07-01 00:00:00,8625,1830,102.730965,124.4505844116211
false,6,2023-07-01 00:00:00,8863,1547,124.4506,148.219666
false,7,2023-07-01 00:00:00,10331,1490,148.219666,173.04274
false,8,2023-07-01 00:00:00,10252,1409,173.04277,196.13412
false,9,2023-07-01 00:00:00,10132,1285,196.1341552734375,239.60664
false,10,2023-07-01 00:00:00,11918,1887,239.60664,453.10022
true,1,2023-07-01 00:00:00,10661,8278,5.009999999999937,7.759999999999878
true,2,2023-07-01 00:00:00,12030,8846,7.759999999999878,10.819999999999814
true,3,2023-07-01 00:00:00,11303,8100,10.819999999999814,14.75999999999973
true,4,2023-07-01 00:00:00,10435,7137,14.75999999999973,18.280000000000058
true,5,2023-07-01 00:00:00,9633,6289,18.280000000000058,21.410000000000547
true,6,2023-07-01 00:00:00,9057,5510,21.410000000000547,23.4741764
true,7,2023-07-01 00:00:00,8634,4772,23.474182,26.025414
true,8,2023-07-01 00:00:00,8818,4205,26.025414,30.572640000000003
true,9,2023-07-01 00:00:00,9192,3748,30.572645,41.5105934
true,10,2023-07-01 00:00:00,10106,2781,41.5106,453.8493
false,1,2023-08-01 00:00:00,10461,6390,5.009999999999937,49.8269653
false,2,2023-08-01 00:00:00,10039,3409,49.82698059082031,70.19505
false,3,2023-08-01 00:00:00,9954,2725,70.1950684,85.2781372
false,4,2023-08-01 00:00:00,10570,2563,85.2781372,102.73096
false,5,2023-08-01 00:00:00,11029,2342,102.730965,124.4505844116211
false,6,2023-08-01 00:00:00,11158,2059,124.4506,148.219666
false,7,2023-08-01 00:00:00,10808,1655,148.219666,173.04274
false,8,2023-08-01 00:00:00,11612,1471,173.04277,196.13412
false,9,2023-08-01 00:00:00,11980,1569,196.1341552734375,239.60664
false,10,2023-08-01 00:00:00,11668,1881,239.60664,453.10022
true,1,2023-08-01 00:00:00,10918,8072,5.009999999999937,7.759999999999878
true,2,2023-08-01 00:00:00,10532,7331,7.759999999999878,10.819999999999814
true,3,2023-08-01 00:00:00,10712,7023,10.819999999999814,14.75999999999973
true,4,2023-08-01 00:00:00,11232,7072,14.75999999999973,18.280000000000058
true,5,2023-08-01 00:00:00,11547,6870,18.280000000000058,21.410000000000547
true,6,2023-08-01 00:00:00,11745,6471,21.410000000000547,23.4741764
true,7,2023-08-01 00:00:00,12441,6331,23.474182,26.025414
true,8,2023-08-01 00:00:00,12593,5906,26.025414,30.572640000000003
true,9,2023-08-01 00:00:00,12678,5302,30.572645,41.5105934
true,10,2023-08-01 00:00:00,11409,3001,41.5106,453.8493
false,1,2023-09-01 00:00:00,10434,6267,5.009999999999937,49.8269653
false,2,2023-09-01 00:00:00,10077,3561,49.82698059082031,70.19505
false,3,2023-09-01 00:00:00,9831,2668,70.1950684,85.2781372
false,4,2023-09-01 00:00:00,10873,2645,85.2781372,102.73096
false,5,2023-09-01 00:00:00,11379,2358,102.730965,124.4505844116211
false,6,2023-09-01 00:00:00,11487,2031,124.4506,148.219666
false,7,2023-09-01 00:00:00,10779,1607,148.219666,173.04274
false,8,2023-09-01 00:00:00,11841,1562,173.04277,196.13412
false,9,2023-09-01 00:00:00,12525,1590,196.1341552734375,239.60664
false,10,2023-09-01 00:00:00,12117,1896,239.60664,453.10022
true,1,2023-09-01 00:00:00,11608,8681,5.009999999999937,7.759999999999878
true,2,2023-09-01 00:00:00,11182,7795,7.759999999999878,10.819999999999814
true,3,2023-09-01 00:00:00,11686,7548,10.819999999999814,14.75999999999973
true,4,2023-09-01 00:00:00,12599,7652,14.75999999999973,18.280000000000058
true,5,2023-09-01 00:00:00,13208,7625,18.280000000000058,21.410000000000547
true,6,2023-09-01 00:00:00,13333,7158,21.410000000000547,23.4741764
true,7,2023-09-01 00:00:00,14144,7033,23.474182,26.025414
true,8,2023-09-01 00:00:00,14190,6462,26.025414,30.572640000000003
true,9,2023-09-01 00:00:00,13371,5357,30.572645,41.5105934
true,10,2023-09-01 00:00:00,12004,3061,41.5106,453.8493
false,1,2023-10-01 00:00:00,13220,7546,5.009999999999937,49.8269653
false,2,2023-10-01 00:00:00,7331,2546,49.82698059082031,70.19505
false,3,2023-10-01 00:00:00,6887,1978,70.1950684,85.2781372
false,4,2023-10-01 00:00:00,7646,1923,85.2781372,102.73096
false,5,2023-10-01 00:00:00,7996,1670,102.730965,124.4505844116211
false,6,2023-10-01 00:00:00,8232,1561,124.4506,148.219666
false,7,2023-10-01 00:00:00,7507,1168,148.219666,173.04274
false,8,2023-10-01 00:00:00,8085,1095,173.04277,196.13412
false,9,2023-10-01 00:00:00,8218,1061,196.1341552734375,239.60664
false,10,2023-10-01 00:00:00,7874,1188,239.60664,453.10022
true,1,2023-10-01 00:00:00,7619,5818,5.009999999999937,7.759999999999878
true,2,2023-10-01 00:00:00,7527,5300,7.759999999999878,10.819999999999814
true,3,2023-10-01 00:00:00,8106,5276,10.819999999999814,14.75999999999973
true,4,2023-10-01 00:00:00,8707,5418,14.75999999999973,18.280000000000058
true,5,2023-10-01 00:00:00,9400,5471,18.280000000000058,21.410000000000547
true,6,2023-10-01 00:00:00,10036,5412,21.410000000000547,23.4741764
true,7,2023-10-01 00:00:00,10430,5172,23.474182,26.025414
true,8,2023-10-01 00:00:00,10536,4736,26.025414,30.572640000000003
true,9,2023-10-01 00:00:00,9871,4080,30.572645,41.5105934
true,10,2023-10-01 00:00:00,7840,2193,41.5106,453.8493
false,1,2023-11-01 00:00:00,22561,14396,5.009999999999937,49.8269653
false,2,2023-11-01 00:00:00,9943,3487,49.82698059082031,70.19505
false,3,2023-11-01 00:00:00,9322,2638,70.1950684,85.2781372
false,4,2023-11-01 00:00:00,10257,2525,85.2781372,102.73096
false,5,2023-11-01 00:00:00,10692,2295,102.730965,124.4505844116211
false,6,2023-11-01 00:00:00,10681,2002,124.4506,148.219666
false,7,2023-11-01 00:00:00,10540,1618,148.219666,173.04274
false,8,2023-11-01 00:00:00,11400,1536,173.04277,196.13412
false,9,2023-11-01 00:00:00,11891,1570,196.1341552734375,239.60664
false,10,2023-11-01 00:00:00,10938,1624,239.60664,453.10022
true,1,2023-11-01 00:00:00,8500,6761,5.009999999999937,7.759999999999878
true,2,2023-11-01 00:00:00,7980,5901,7.759999999999878,10.819999999999814
true,3,2023-11-01 00:00:00,8059,5707,10.819999999999814,14.75999999999973
true,4,2023-11-01 00:00:00,8731,5885,14.75999999999973,18.280000000000058
true,5,2023-11-01 00:00:00,9079,5643,18.280000000000058,21.410000000000547
true,6,2023-11-01 00:00:00,9644,5626,21.410000000000547,23.4741764
true,7,2023-11-01 00:00:00,10166,5357,23.474182,26.025414
true,8,2023-11-01 00:00:00,10342,4916,26.025414,30.572640000000003
true,9,2023-11-01 00:00:00,10550,4448,30.572645,41.5105934
true,10,2023-11-01 00:00:00,9407,2654,41.5106,453.8493
false,1,2023-12-01 00:00:00,10880,6894,5.009999999999937,49.8269653
false,2,2023-12-01 00:00:00,9415,3167,49.82698059082031,70.19505
false,3,2023-12-01 00:00:00,9382,2517,70.1950684,85.2781372
false,4,2023-12-01 00:00:00,10131,2363,85.2781372,102.73096
false,5,2023-12-01 00:00:00,10885,2162,102.730965,124.4505844116211
false,6,2023-12-01 00:00:00,11176,2068,124.4506,148.219666
false,7,2023-12-01 00:00:00,11131,1721,148.219666,173.04274
false,8,2023-12-01 00:00:00,11997,1615,173.04277,196.13412
false,9,2023-12-01 00:00:00,12650,1642,196.1341552734375,239.60664
false,10,2023-12-01 00:00:00,11516,1755,239.60664,453.10022
true,1,2023-12-01 00:00:00,9186,7278,5.009999999999937,7.759999999999878
true,2,2023-12-01 00:00:00,8493,6298,7.759999999999878,10.819999999999814
true,3,2023-12-01 00:00:00,8991,6228,10.819999999999814,14.75999999999973
true,4,2023-12-01 00:00:00,9250,6095,14.75999999999973,18.280000000000058
true,5,2023-12-01 00:00:00,9972,6136,18.280000000000058,21.410000000000547
true,6,2023-12-01 00:00:00,10203,5859,21.410000000000547,23.4741764
true,7,2023-12-01 00:00:00,10643,5492,23.474182,26.025414
true,8,2023-12-01 00:00:00,10931,5205,26.025414,30.572640000000003
true,9,2023-12-01 00:00:00,11328,4673,30.572645,41.5105934
true,10,2023-12-01 00:00:00,10102,2854,41.5106,453.8493
false,1,2024-01-01 00:00:00,10124,6234,5.009999999999937,49.8269653
false,2,2024-01-01 00:00:00,9376,3093,49.82698059082031,70.19505
false,3,2024-01-01 00:00:00,8911,2306,70.1950684,85.2781372
false,4,2024-01-01 00:00:00,9900,2248,85.2781372,102.73096
false,5,2024-01-01 00:00:00,10887,2217,102.730965,124.4505844116211
false,6,2024-01-01 00:00:00,10875,1976,124.4506,148.219666
false,7,2024-01-01 00:00:00,10894,1611,148.219666,173.04274
false,8,2024-01-01 00:00:00,11640,1489,173.04277,196.13412
false,9,2024-01-01 00:00:00,12319,1593,196.1341552734375,239.60664
false,10,2024-01-01 00:00:00,11109,1661,239.60664,453.10022
true,1,2024-01-01 00:00:00,8700,7084,5.009999999999937,7.759999999999878
true,2,2024-01-01 00:00:00,8030,6107,7.759999999999878,10.819999999999814
true,3,2024-01-01 00:00:00,8126,5853,10.819999999999814,14.75999999999973
true,4,2024-01-01 00:00:00,8239,5739,14.75999999999973,18.280000000000058
true,5,2024-01-01 00:00:00,8426,5487,18.280000000000058,21.410000000000547
true,6,2024-01-01 00:00:00,8605,5151,21.410000000000547,23.4741764
true,7,2024-01-01 00:00:00,8583,4702,23.474182,26.025414
true,8,2024-01-01 00:00:00,8769,4361,26.025414,30.572640000000003
true,9,2024-01-01 00:00:00,9499,3854,30.572645,41.5105934
true,10,2024-01-01 00:00:00,9967,2484,41.5106,453.8493
false,1,2024-02-01 00:00:00,9068,5719,5.009999999999937,49.8269653
false,2,2024-02-01 00:00:00,8078,2645,49.82698059082031,70.19505
false,3,2024-02-01 00:00:00,8088,2217,70.1950684,85.2781372
false,4,2024-02-01 00:00:00,8745,1971,85.2781372,102.73096
false,5,2024-02-01 00:00:00,9421,1963,102.730965,124.4505844116211
false,6,2024-02-01 00:00:00,9817,1729,124.4506,148.219666
false,7,2024-02-01 00:00:00,9570,1438,148.219666,173.04274
false,8,2024-02-01 00:00:00,10332,1355,173.04277,196.13412
false,9,2024-02-01 00:00:00,10621,1355,196.1341552734375,239.60664
false,10,2024-02-01 00:00:00,9743,1443,239.60664,453.10022
true,1,2024-02-01 00:00:00,7818,6521,5.009999999999937,7.759999999999878
true,2,2024-02-01 00:00:00,7256,5610,7.759999999999878,10.819999999999814
true,3,2024-02-01 00:00:00,7185,5321,10.819999999999814,14.75999999999973
true,4,2024-02-01 00:00:00,7373,5163,14.75999999999973,18.280000000000058
true,5,2024-02-01 00:00:00,7586,4911,18.280000000000058,21.410000000000547
true,6,2024-02-01 00:00:00,7737,4703,21.410000000000547,23.4741764
true,7,2024-02-01 00:00:00,7628,4242,23.474182,26.025414
true,8,2024-02-01 00:00:00,8058,3877,26.025414,30.572640000000003
true,9,2024-02-01 00:00:00,8563,3407,30.572645,41.5105934
true,10,2024-02-01 00:00:00,9474,2239,41.5106,453.8493
false,1,2024-03-01 00:00:00,11010,6781,5.009999999999937,49.8269653
false,2,2024-03-01 00:00:00,10058,3282,49.82698059082031,70.19505
false,3,2024-03-01 00:00:00,9623,2528,70.1950684,85.2781372
false,4,2024-03-01 00:00:00,10533,2473,85.2781372,102.73096
false,5,2024-03-01 00:00:00,11486,2363,102.730965,124.4505844116211
false,6,2024-03-01 00:00:00,11783,2232,124.4506,148.219666
false,7,2024-03-01 00:00:00,11444,1742,148.219666,173.04274
false,8,2024-03-01 00:00:00,12029,1657,173.04277,196.13412
false,9,2024-03-01 00:00:00,12453,1649,196.1341552734375,239.60664
false,10,2024-03-01 00:00:00,11519,1740,239.60664,453.10022
true,1,2024-03-01 00:00:00,10261,8033,5.009999999999937,7.759999999999878
true,2,2024-03-01 00:00:00,9445,6782,7.759999999999878,10.819999999999814
true,3,2024-03-01 00:00:00,9646,6701,10.819999999999814,14.75999999999973
true,4,2024-03-01 00:00:00,10390,6720,14.75999999999973,18.280000000000058
true,5,2024-03-01 00:00:00,10935,6738,18.280000000000058,21.410000000000547
true,6,2024-03-01 00:00:00,11263,6343,21.410000000000547,23.4741764
true,7,2024-03-01 00:00:00,11218,5789,23.474182,26.025414
true,8,2024-03-01 00:00:00,11519,5245,26.025414,30.572640000000003
true,9,2024-03-01 00:00:00,11550,4680,30.572645,41.5105934
true,10,2024-03-01 00:00:00,11325,2787,41.5106,453.8493
false,1,2024-04-01 00:00:00,9055,5003,5.009999999999937,49.8269653
false,2,2024-04-01 00:00:00,9147,2905,49.82698059082031,70.19505
false,3,2024-04-01 00:00:00,8864,2324,70.1950684,85.2781372
false,4,2024-04-01 00:00:00,9939,2226,85.2781372,102.73096
false,5,2024-04-01 00:00:00,11046,2217,102.730965,124.4505844116211
false,6,2024-04-01 00:00:00,11129,1972,124.4506,148.219666
false,7,2024-04-01 00:00:00,10534,1605,148.219666,173.04274
false,8,2024-04-01 00:00:00,11260,1507,173.04277,196.13412
false,9,2024-04-01 00:00:00,12032,1570,196.1341552734375,239.60664
false,10,2024-04-01 00:00:00,11332,1730,239.60664,453.10022
true,1,2024-04-01 00:00:00,9903,7444,5.009999999999937,7.759999999999878
true,2,2024-04-01 00:00:00,9018,6221,7.759999999999878,10.819999999999814
true,3,2024-04-01 00:00:00,9525,6250,10.819999999999814,14.75999999999973
true,4,2024-04-01 00:00:00,10203,6341,14.75999999999973,18.280000000000058
true,5,2024-04-01 00:00:00,10684,6217,18.280000000000058,21.410000000000547
true,6,2024-04-01 00:00:00,11153,6138,21.410000000000547,23.4741764
true,7,2024-04-01 00:00:00,11654,5831,23.474182,26.025414
true,8,2024-04-01 00:00:00,11872,5457,26.025414,30.572640000000003
true,9,2024-04-01 00:00:00,12062,4986,30.572645,41.5105934
true,10,2024-04-01 00:00:00,10522,2667,41.5106,453.8493
false,1,2024-05-01 00:00:00,9399,5209,5.009999999999937,49.8269653
false,2,2024-05-01 00:00:00,9342,3009,49.82698059082031,70.19505
false,3,2024-05-01 00:00:00,9097,2313,70.1950684,85.2781372
false,4,2024-05-01 00:00:00,10135,2389,85.2781372,102.73096
false,5,2024-05-01 00:00:00,11263,2378,102.730965,124.4505844116211
false,6,2024-05-01 00:00:00,11070,2257,124.4506,148.219666
false,7,2024-05-01 00:00:00,10683,1693,148.219666,173.04274
false,8,2024-05-01 00:00:00,11431,1609,173.04277,196.13412
false,9,2024-05-01 00:00:00,12303,1754,196.1341552734375,239.60664
false,10,2024-05-01 00:00:00,11245,1797,239.60664,453.10022
true,1,2024-05-01 00:00:00,9844,7516,5.009999999999937,7.759999999999878
true,2,2024-05-01 00:00:00,8574,6197,7.759999999999878,10.819999999999814
true,3,2024-05-01 00:00:00,8589,5817,10.819999999999814,14.75999999999973
true,4,2024-05-01 00:00:00,8649,5675,14.75999999999973,18.280000000000058
true,5,2024-05-01 00:00:00,8779,5467,18.280000000000058,21.410000000000547
true,6,2024-05-01 00:00:00,8831,5073,21.410000000000547,23.4741764
true,7,2024-05-01 00:00:00,8753,4630,23.474182,26.025414
true,8,2024-05-01 00:00:00,8839,4112,26.025414,30.572640000000003
true,9,2024-05-01 00:00:00,9347,3663,30.572645,41.5105934
true,10,2024-05-01 00:00:00,10044,2418,41.5106,453.8493
false,1,2024-06-01 00:00:00,9076,4983,5.009999999999937,49.8269653
false,2,2024-06-01 00:00:00,8977,2889,49.82698059082031,70.19505
false,3,2024-06-01 00:00:00,8892,2347,70.1950684,85.2781372
false,4,2024-06-01 00:00:00,9971,2312,85.2781372,102.73096
false,5,2024-06-01 00:00:00,10877,2353,102.730965,124.4505844116211
false,6,2024-06-01 00:00:00,10785,2123,124.4506,148.219666
false,7,2024-06-01 00:00:00,10436,1654,148.219666,173.04274
false,8,2024-06-01 00:00:00,11084,1602,173.04277,196.13412
false,9,2024-06-01 00:00:00,11873,1643,196.1341552734375,239.60664
false,10,2024-06-01 00:00:00,10650,1683,239.60664,453.10022
true,1,2024-06-01 00:00:00,8472,6151,5.009999999999937,7.759999999999878
true,2,2024-06-01 00:00:00,7433,4980,7.759999999999878,10.819999999999814
true,3,2024-06-01 00:00:00,7665,4841,10.819999999999814,14.75999999999973
true,4,2024-06-01 00:00:00,7832,4766,14.75999999999973,18.280000000000058
true,5,2024-06-01 00:00:00,7997,4579,18.280000000000058,21.410000000000547
true,6,2024-06-01 00:00:00,8104,4328,21.410000000000547,23.4741764
true,7,2024-06-01 00:00:00,8050,3886,23.474182,26.025414
true,8,2024-06-01 00:00:00,8533,3704,26.025414,30.572640000000003
true,9,2024-06-01 00:00:00,9110,3381,30.572645,41.5105934
true,10,2024-06-01 00:00:00,9938,2379,41.5106,453.8493
false,1,2024-07-01 00:00:00,10584,6200,5.009999999999937,49.8269653
false,2,2024-07-01 00:00:00,9468,3191,49.82698059082031,70.19505
false,3,2024-07-01 00:00:00,9297,2501,70.1950684,85.2781372
false,4,2024-07-01 00:00:00,10423,2597,85.2781372,102.73096
false,5,2024-07-01 00:00:00,11409,2569,102.730965,124.4505844116211
false,6,2024-07-01 00:00:00,11254,2193,124.4506,148.219666
false,7,2024-07-01 00:00:00,10666,1701,148.219666,173.04274
false,8,2024-07-01 00:00:00,11429,1564,173.04277,196.13412
false,9,2024-07-01 00:00:00,11935,1684,196.1341552734375,239.60664
false,10,2024-07-01 00:00:00,11178,1776,239.60664,453.10022
true,1,2024-07-01 00:00:00,9148,6458,5.009999999999937,7.759999999999878
true,2,2024-07-01 00:00:00,8437,5673,7.759999999999878,10.819999999999814
true,3,2024-07-01 00:00:00,8369,5351,10.819999999999814,14.75999999999973
true,4,2024-07-01 00:00:00,8753,5347,14.75999999999973,18.280000000000058
true,5,2024-07-01 00:00:00,8725,5108,18.280000000000058,21.410000000000547
true,6,2024-07-01 00:00:00,8812,4711,21.410000000000547,23.4741764
true,7,2024-07-01 00:00:00,8531,4270,23.474182,26.025414
true,8,2024-07-01 00:00:00,8947,3846,26.025414,30.572640000000003
true,9,2024-07-01 00:00:00,9189,3365,30.572645,41.5105934
true,10,2024-07-01 00:00:00,9629,2391,41.5106,453.8493
false,1,2024-08-01 00:00:00,11430,6687,5.009999999999937,49.8269653
false,2,2024-08-01 00:00:00,10431,3369,49.82698059082031,70.19505
false,3,2024-08-01 00:00:00,10063,2720,70.1950684,85.2781372
false,4,2024-08-01 00:00:00,11139,2666,85.2781372,102.73096
false,5,2024-08-01 00:00:00,12178,2569,102.730965,124.4505844116211
false,6,2024-08-01 00:00:00,12317,2313,124.4506,148.219666
false,7,2024-08-01 00:00:00,11123,1738,148.219666,173.04274
false,8,2024-08-01 00:00:00,12147,1647,173.04277,196.13412
false,9,2024-08-01 00:00:00,12858,1736,196.1341552734375,239.60664
false,10,2024-08-01 00:00:00,11818,1820,239.60664,453.10022
true,1,2024-08-01 00:00:00,11594,8307,5.009999999999937,7.759999999999878
true,2,2024-08-01 00:00:00,10508,7011,7.759999999999878,10.819999999999814
true,3,2024-08-01 00:00:00,10605,6686,10.819999999999814,14.75999999999973
true,4,2024-08-01 00:00:00,11359,6906,14.75999999999973,18.280000000000058
true,5,2024-08-01 00:00:00,11885,6753,18.280000000000058,21.410000000000547
true,6,2024-08-01 00:00:00,12594,6612,21.410000000000547,23.4741764
true,7,2024-08-01 00:00:00,12925,6284,23.474182,26.025414
true,8,2024-08-01 00:00:00,13445,5837,26.025414,30.572640000000003
true,9,2024-08-01 00:00:00,13326,5196,30.572645,41.5105934
true,10,2024-08-01 00:00:00,12153,3018,41.5106,453.8493
false,1,2024-09-01 00:00:00,10933,6503,5.009999999999937,49.8269653
false,2,2024-09-01 00:00:00,10143,3342,49.82698059082031,70.19505
false,3,2024-09-01 00:00:00,9900,2616,70.1950684,85.2781372
false,4,2024-09-01 00:00:00,11020,2643,85.2781372,102.73096
false,5,2024-09-01 00:00:00,12168,2675,102.730965,124.4505844116211
false,6,2024-09-01 00:00:00,12091,2377,124.4506,148.219666
false,7,2024-09-01 00:00:00,11545,1826,148.219666,173.04274
false,8,2024-09-01 00:00:00,12017,1655,173.04277,196.13412
false,9,2024-09-01 00:00:00,12687,1602,196.1341552734375,239.60664
false,10,2024-09-01 00:00:00,11596,1781,239.60664,453.10022
true,1,2024-09-01 00:00:00,11798,8584,5.009999999999937,7.759999999999878
true,2,2024-09-01 00:00:00,10780,7191,7.759999999999878,10.819999999999814
true,3,2024-09-01 00:00:00,11255,6997,10.819999999999814,14.75999999999973
true,4,2024-09-01 00:00:00,12010,7165,14.75999999999973,18.280000000000058
true,5,2024-09-01 00:00:00,12833,7134,18.280000000000058,21.410000000000547
true,6,2024-09-01 00:00:00,13569,6972,21.410000000000547,23.4741764
true,7,2024-09-01 00:00:00,13795,6528,23.474182,26.025414
true,8,2024-09-01 00:00:00,14064,6106,26.025414,30.572640000000003
true,9,2024-09-01 00:00:00,13721,5366,30.572645,41.5105934
true,10,2024-09-01 00:00:00,11832,3102,41.5106,453.8493
false,1,2024-10-01 00:00:00,13222,8172,5.009999999999937,49.8269653
false,2,2024-10-01 00:00:00,11025,3732,49.82698059082031,70.19505
false,3,2024-10-01 00:00:00,10521,2923,70.1950684,85.2781372
false,4,2024-10-01 00:00:00,11501,2786,85.2781372,102.73096
false,5,2024-10-01 00:00:00,12579,2705,102.730965,124.4505844116211
false,6,2024-10-01 00:00:00,12294,2419,124.4506,148.219666
false,7,2024-10-01 00:00:00,11727,1845,148.219666,173.04274
false,8,2024-10-01 00:00:00,12419,1680,173.04277,196.13412
false,9,2024-10-01 00:00:00,13256,1765,196.1341552734375,239.60664
false,10,2024-10-01 00:00:00,12124,1852,239.60664,453.10022
true,1,2024-10-01 00:00:00,12914,9856,5.009999999999937,7.759999999999878
true,2,2024-10-01 00:00:00,12217,8713,7.759999999999878,10.819999999999814
true,3,2024-10-01 00:00:00,12345,8169,10.819999999999814,14.75999999999973
true,4,2024-10-01 00:00:00,12919,8092,14.75999999999973,18.280000000000058
true,5,2024-10-01 00:00:00,13478,7865,18.280000000000058,21.410000000000547
true,6,2024-10-01 00:00:00,14081,7811,21.410000000000547,23.4741764
true,7,2024-10-01 00:00:00,14378,7097,23.474182,26.025414
true,8,2024-10-01 00:00:00,14142,6345,26.025414,30.572640000000003
true,9,2024-10-01 00:00:00,13614,5574,30.572645,41.5105934
true,10,2024-10-01 00:00:00,12064,3248,41.5106,453.8493
false,1,2024-11-01 00:00:00,11178,6916,5.009999999999937,49.8269653
false,2,2024-11-01 00:00:00,9784,3260,49.82698059082031,70.19505
false,3,2024-11-01 00:00:00,9671,2566,70.1950684,85.2781372
false,4,2024-11-01 00:00:00,10611,2475,85.2781372,102.73096
false,5,2024-11-01 00:00:00,11301,2486,102.730965,124.4505844116211
false,6,2024-11-01 00:00:00,11186,2110,124.4506,148.219666
false,7,2024-11-01 00:00:00,10866,1640,148.219666,173.04274
false,8,2024-11-01 00:00:00,11719,1558,173.04277,196.13412
false,9,2024-11-01 00:00:00,12006,1568,196.1341552734375,239.60664
false,10,2024-11-01 00:00:00,11018,1643,239.60664,453.10022
true,1,2024-11-01 00:00:00,11113,8674,5.009999999999937,7.759999999999878
true,2,2024-11-01 00:00:00,10333,7530,7.759999999999878,10.819999999999814
true,3,2024-11-01 00:00:00,10475,7215,10.819999999999814,14.75999999999973
true,4,2024-11-01 00:00:00,11038,7168,14.75999999999973,18.280000000000058
true,5,2024-11-01 00:00:00,11683,7139,18.280000000000058,21.410000000000547
true,6,2024-11-01 00:00:00,12020,6811,21.410000000000547,23.4741764
true,7,2024-11-01 00:00:00,12501,6396,23.474182,26.025414
true,8,2024-11-01 00:00:00,12792,5757,26.025414,30.572640000000003
true,9,2024-11-01 00:00:00,12737,5035,30.572645,41.5105934
true,10,2024-11-01 00:00:00,10901,2950,41.5106,453.8493
false,1,2024-12-01 00:00:00,11490,6953,5.009999999999937,49.8269653
false,2,2024-12-01 00:00:00,10245,3329,49.82698059082031,70.19505
false,3,2024-12-01 00:00:00,10059,2814,70.1950684,85.2781372
false,4,2024-12-01 00:00:00,10616,2623,85.2781372,102.73096
false,5,2024-12-01 00:00:00,11428,2444,102.730965,124.4505844116211
false,6,2024-12-01 00:00:00,11427,2205,124.4506,148.219666
false,7,2024-12-01 00:00:00,11231,1769,148.219666,173.04274
false,8,2024-12-01 00:00:00,12147,1650,173.04277,196.13412
false,9,2024-12-01 00:00:00,12257,1570,196.1341552734375,239.60664
false,10,2024-12-01 00:00:00,11473,1768,239.60664,453.10022
true,1,2024-12-01 00:00:00,10022,8037,5.009999999999937,7.759999999999878
true,2,2024-12-01 00:00:00,8904,6632,7.759999999999878,10.819999999999814
true,3,2024-12-01 00:00:00,8944,6316,10.819999999999814,14.75999999999973
true,4,2024-12-01 00:00:00,9197,6164,14.75999999999973,18.280000000000058
true,5,2024-12-01 00:00:00,9469,5858,18.280000000000058,21.410000000000547
true,6,2024-12-01 00:00:00,9875,5727,21.410000000000547,23.4741764
true,7,2024-12-01 00:00:00,10054,5269,23.474182,26.025414
true,8,2024-12-01 00:00:00,10935,5033,26.025414,30.572640000000003
true,9,2024-12-01 00:00:00,11143,4608,30.572645,41.5105934
true,10,2024-12-01 00:00:00,10282,2831,41.5106,453.8493
false,1,2025-01-01 00:00:00,10808,6406,5.009999999999937,49.8269653
false,2,2025-01-01 00:00:00,9631,3101,49.82698059082031,70.19505
false,3,2025-01-01 00:00:00,9274,2432,70.1950684,85.2781372
false,4,2025-01-01 00:00:00,10494,2483,85.2781372,102.73096
false,5,2025-01-01 00:00:00,11280,2379,102.730965,124.4505844116211
false,6,2025-01-01 00:00:00,11349,2059,124.4506,148.219666
false,7,2025-01-01 00:00:00,11340,1693,148.219666,173.04274
false,8,2025-01-01 00:00:00,12502,1634,173.04277,196.13412
false,9,2025-01-01 00:00:00,12788,1686,196.1341552734375,239.60664
false,10,2025-01-01 00:00:00,12141,1796,239.60664,453.10022
true,1,2025-01-01 00:00:00,9796,7770,5.009999999999937,7.759999999999878
true,2,2025-01-01 00:00:00,8790,6506,7.759999999999878,10.819999999999814
true,3,2025-01-01 00:00:00,8658,6108,10.819999999999814,14.75999999999973
true,4,2025-01-01 00:00:00,8914,5948,14.75999999999973,18.280000000000058
true,5,2025-01-01 00:00:00,9159,5842,18.280000000000058,21.410000000000547
true,6,2025-01-01 00:00:00,9496,5598,21.410000000000547,23.4741764
true,7,2025-01-01 00:00:00,9550,5025,23.474182,26.025414
true,8,2025-01-01 00:00:00,9808,4544,26.025414,30.572640000000003
true,9,2025-01-01 00:00:00,10163,4045,30.572645,41.5105934
true,10,2025-01-01 00:00:00,10202,2504,41.5106,453.8493
false,1,2025-02-01 00:00:00,10073,6168,5.009999999999937,49.8269653
false,2,2025-02-01 00:00:00,8665,2771,49.82698059082031,70.19505
false,3,2025-02-01 00:00:00,8323,2232,70.1950684,85.2781372
false,4,2025-02-01 00:00:00,9131,2164,85.2781372,102.73096
false,5,2025-02-01 00:00:00,9626,2026,102.730965,124.4505844116211
false,6,2025-02-01 00:00:00,9748,1748,124.4506,148.219666
false,7,2025-02-01 00:00:00,9801,1475,148.219666,173.04274
false,8,2025-02-01 00:00:00,11017,1486,173.04277,196.13412
false,9,2025-02-01 00:00:00,11181,1460,196.1341552734375,239.60664
false,10,2025-02-01 00:00:00,10573,1625,239.60664,453.10022
true,1,2025-02-01 00:00:00,9055,7379,5.009999999999937,7.759999999999878
true,2,2025-02-01 00:00:00,8157,6168,7.759999999999878,10.819999999999814
true,3,2025-02-01 00:00:00,8223,5984,10.819999999999814,14.75999999999973
true,4,2025-02-01 00:00:00,8470,5802,14.75999999999973,18.280000000000058
true,5,2025-02-01 00:00:00,8558,5485,18.280000000000058,21.410000000000547
true,6,2025-02-01 00:00:00,8976,5322,21.410000000000547,23.4741764
true,7,2025-02-01 00:00:00,8730,4725,23.474182,26.025414
true,8,2025-02-01 00:00:00,9059,4344,26.025414,30.572640000000003
true,9,2025-02-01 00:00:00,9603,3938,30.572645,41.5105934
true,10,2025-02-01 00:00:00,9570,2317,41.5106,453.8493
false,1,2025-03-01 00:00:00,11356,6994,5.009999999999937,49.8269653
false,2,2025-03-01 00:00:00,9741,3198,49.82698059082031,70.19505
false,3,2025-03-01 00:00:00,9402,2574,70.1950684,85.2781372
false,4,2025-03-01 00:00:00,10494,2542,85.2781372,102.73096
false,5,2025-03-01 00:00:00,11291,2367,102.730965,124.4505844116211
false,6,2025-03-01 00:00:00,11471,2088,124.4506,148.219666
false,7,2025-03-01 00:00:00,10929,1689,148.219666,173.04274
false,8,2025-03-01 00:00:00,11965,1548,173.04277,196.13412
false,9,2025-03-01 00:00:00,12597,1741,196.1341552734375,239.60664
false,10,2025-03-01 00:00:00,12142,1842,239.60664,453.10022
true,1,2025-03-01 00:00:00,10882,8438,5.009999999999937,7.759999999999878
true,2,2025-03-01 00:00:00,9676,7015,7.759999999999878,10.819999999999814
true,3,2025-03-01 00:00:00,9809,6713,10.819999999999814,14.75999999999973
true,4,2025-03-01 00:00:00,10110,6646,14.75999999999973,18.280000000000058
true,5,2025-03-01 00:00:00,10443,6589,18.280000000000058,21.410000000000547
true,6,2025-03-01 00:00:00,10671,6076,21.410000000000547,23.4741764
true,7,2025-03-01 00:00:00,10855,5698,23.474182,26.025414
true,8,2025-03-01 00:00:00,11353,5414,26.025414,30.572640000000003
true,9,2025-03-01 00:00:00,11132,4710,30.572645,41.5105934
true,10,2025-03-01 00:00:00,10485,2637,41.5106,453.8493
false,1,2025-04-01 00:00:00,10817,6401,5.009999999999937,49.8269653
false,2,2025-04-01 00:00:00,9795,3210,49.82698059082031,70.19505
false,3,2025-04-01 00:00:00,9603,2540,70.1950684,85.2781372
false,4,2025-04-01 00:00:00,10391,2408,85.2781372,102.73096
false,5,2025-04-01 00:00:00,11709,2390,102.730965,124.4505844116211
false,6,2025-04-01 00:00:00,11461,2073,124.4506,148.219666
false,7,2025-04-01 00:00:00,10716,1590,148.219666,173.04274
false,8,2025-04-01 00:00:00,11825,1680,173.04277,196.13412
false,9,2025-04-01 00:00:00,12581,1657,196.1341552734375,239.60664
false,10,2025-04-01 00:00:00,11924,1922,239.60664,453.10022
true,1,2025-04-01 00:00:00,11190,8586,5.009999999999937,7.759999999999878
true,2,2025-04-01 00:00:00,10161,7264,7.759999999999878,10.819999999999814
true,3,2025-04-01 00:00:00,10550,7136,10.819999999999814,14.75999999999973
true,4,2025-04-01 00:00:00,11181,7188,14.75999999999973,18.280000000000058
true,5,2025-04-01 00:00:00,11783,7126,18.280000000000058,21.410000000000547
true,6,2025-04-01 00:00:00,11953,6691,21.410000000000547,23.4741764
true,7,2025-04-01 00:00:00,12367,6279,23.474182,26.025414
true,8,2025-04-01 00:00:00,12520,5866,26.025414,30.572640000000003
true,9,2025-04-01 00:00:00,12352,5091,30.572645,41.5105934
true,10,2025-04-01 00:00:00,10802,2820,41.5106,453.8493
false,1,2025-05-01 00:00:00,9887,5711,5.009999999999937,49.8269653
false,2,2025-05-01 00:00:00,9490,2987,49.82698059082031,70.19505
false,3,2025-05-01 00:00:00,9597,2521,70.1950684,85.2781372
false,4,2025-05-01 00:00:00,10630,2389,85.2781372,102.73096
false,5,2025-05-01 00:00:00,11751,2378,102.730965,124.4505844116211
false,6,2025-05-01 00:00:00,11946,2177,124.4506,148.219666
false,7,2025-05-01 00:00:00,11148,1735,148.219666,173.04274
false,8,2025-05-01 00:00:00,12100,1740,173.04277,196.13412
false,9,2025-05-01 00:00:00,12987,1729,196.1341552734375,239.60664
false,10,2025-05-01 00:00:00,11832,1894,239.60664,453.10022
true,1,2025-05-01 00:00:00,10054,7737,5.009999999999937,7.759999999999878
true,2,2025-05-01 00:00:00,9014,6479,7.759999999999878,10.819999999999814
true,3,2025-05-01 00:00:00,8890,6135,10.819999999999814,14.75999999999973
true,4,2025-05-01 00:00:00,9029,5848,14.75999999999973,18.280000000000058
true,5,2025-05-01 00:00:00,9125,5660,18.280000000000058,21.410000000000547
true,6,2025-05-01 00:00:00,9195,5304,21.410000000000547,23.4741764
true,7,2025-05-01 00:00:00,9062,4822,23.474182,26.025414
true,8,2025-05-01 00:00:00,9146,4345,26.025414,30.572640000000003
true,9,2025-05-01 00:00:00,9870,3816,30.572645,41.5105934
true,10,2025-05-01 00:00:00,10843,2729,41.5106,453.8493
false,1,2025-06-01 00:00:00,9628,5437,5.009999999999937,49.8269653
false,2,2025-06-01 00:00:00,9599,3269,49.82698059082031,70.19505
false,3,2025-06-01 00:00:00,9469,2594,70.1950684,85.2781372
false,4,2025-06-01 00:00:00,10448,2521,85.2781372,102.73096
false,5,2025-06-01 00:00:00,11378,2467,102.730965,124.4505844116211
false,6,2025-06-01 00:00:00,11375,2181,124.4506,148.219666
false,7,2025-06-01 00:00:00,10571,1669,148.219666,173.04274
false,8,2025-06-01 00:00:00,11449,1747,173.04277,196.13412
false,9,2025-06-01 00:00:00,12185,1867,196.1341552734375,239.60664
false,10,2025-06-01 00:00:00,11302,1958,239.60664,453.10022
true,1,2025-06-01 00:00:00,9203,6837,5.009999999999937,7.759999999999878
true,2,2025-06-01 00:00:00,8300,5813,7.759999999999878,10.819999999999814
true,3,2025-06-01 00:00:00,8340,5572,10.819999999999814,14.75999999999973
true,4,2025-06-01 00:00:00,8487,5407,14.75999999999973,18.280000000000058
true,5,2025-06-01 00:00:00,8837,5366,18.280000000000058,21.410000000000547
true,6,2025-06-01 00:00:00,8822,4963,21.410000000000547,23.4741764
true,7,2025-06-01 00:00:00,8707,4411,23.474182,26.025414
true,8,2025-06-01 00:00:00,9044,4058,26.025414,30.572640000000003
true,9,2025-06-01 00:00:00,9831,3897,30.572645,41.5105934
true,10,2025-06-01 00:00:00,10199,2662,41.5106,453.8493
false,1,2025-07-01 00:00:00,9853,5643,5.009999999999937,49.8269653
false,2,2025-07-01 00:00:00,9514,2973,49.82698059082031,70.19505
false,3,2025-07-01 00:00:00,9400,2433,70.1950684,85.2781372
false,4,2025-07-01 00:00:00,10702,2517,85.2781372,102.73096
false,5,2025-07-01 00:00:00,11640,2466,102.730965,124.4505844116211
false,6,2025-07-01 00:00:00,11590,2208,124.4506,148.219666
false,7,2025-07-01 00:00:00,11243,1836,148.219666,173.04274
false,8,2025-07-01 00:00:00,12118,1889,173.04277,196.13412
false,9,2025-07-01 00:00:00,12442,1782,196.1341552734375,239.60664
false,10,2025-07-01 00:00:00,11545,1822,239.60664,453.10022
true,1,2025-07-01 00:00:00,8602,6186,5.009999999999937,7.759999999999878
true,2,2025-07-01 00:00:00,7954,5364,7.759999999999878,10.819999999999814
true,3,2025-07-01 00:00:00,8233,5324,10.819999999999814,14.75999999999973
true,4,2025-07-01 00:00:00,8598,5394,14.75999999999973,18.280000000000058
true,5,2025-07-01 00:00:00,8757,5196,18.280000000000058,21.410000000000547
true,6,2025-07-01 00:00:00,9012,4916,21.410000000000547,23.4741764
true,7,2025-07-01 00:00:00,9146,4678,23.474182,26.025414
true,8,2025-07-01 00:00:00,9401,4275,26.025414,30.572640000000003
true,9,2025-07-01 00:00:00,9872,3867,30.572645,41.5105934
true,10,2025-07-01 00:00:00,10227,2623,41.5106,453.8493
false,1,2025-08-01 00:00:00,11880,7260,5.009999999999937,49.8269653
false,2,2025-08-01 00:00:00,10257,3377,49.82698059082031,70.19505
false,3,2025-08-01 00:00:00,10347,2848,70.1950684,85.2781372
false,4,2025-08-01 00:00:00,11212,2765,85.2781372,102.73096
false,5,2025-08-01 00:00:00,12095,2563,102.730965,124.4505844116211
false,6,2025-08-01 00:00:00,12167,2313,124.4506,148.219666
false,7,2025-08-01 00:00:00,11317,1870,148.219666,173.04274
false,8,2025-08-01 00:00:00,12313,1725,173.04277,196.13412
false,9,2025-08-01 00:00:00,12664,1746,196.1341552734375,239.60664
false,10,2025-08-01 00:00:00,11795,1941,239.60664,453.10022
true,1,2025-08-01 00:00:00,11224,8360,5.009999999999937,7.759999999999878
true,2,2025-08-01 00:00:00,10042,6996,7.759999999999878,10.819999999999814
true,3,2025-08-01 00:00:00,10358,6763,10.819999999999814,14.75999999999973
true,4,2025-08-01 00:00:00,10842,6830,14.75999999999973,18.280000000000058
true,5,2025-08-01 00:00:00,11252,6646,18.280000000000058,21.410000000000547
true,6,2025-08-01 00:00:00,11340,6211,21.410000000000547,23.4741764
true,7,2025-08-01 00:00:00,11847,5978,23.474182,26.025414
true,8,2025-08-01 00:00:00,12176,5482,26.025414,30.572640000000003
true,9,2025-08-01 00:00:00,12520,5083,30.572645,41.5105934
true,10,2025-08-01 00:00:00,11397,2980,41.5106,453.8493
false,1,2025-09-01 00:00:00,12171,7358,5.009999999999937,49.8269653
false,2,2025-09-01 00:00:00,10795,3682,49.82698059082031,70.19505
false,3,2025-09-01 00:00:00,10520,3027,70.1950684,85.2781372
false,4,2025-09-01 00:00:00,11508,2820,85.2781372,102.73096
false,5,2025-09-01 00:00:00,12253,2792,102.730965,124.4505844116211
false,6,2025-09-01 00:00:00,12341,2443,124.4506,148.219666
false,7,2025-09-01 00:00:00,11463,1876,148.219666,173.04274
false,8,2025-09-01 00:00:00,12557,1861,173.04277,196.13412
false,9,2025-09-01 00:00:00,13222,1977,196.1341552734375,239.60664
false,10,2025-09-01 00:00:00,11913,2007,239.60664,453.10022
true,1,2025-09-01 00:00:00,12909,9604,5.009999999999937,7.759999999999878
true,2,2025-09-01 00:00:00,12228,8411,7.759999999999878,10.819999999999814
true,3,2025-09-01 00:00:00,12877,8438,10.819999999999814,14.75999999999973
true,4,2025-09-01 00:00:00,13733,8675,14.75999999999973,18.280000000000058
true,5,2025-09-01 00:00:00,14661,8646,18.280000000000058,21.410000000000547
true,6,2025-09-01 00:00:00,15250,8409,21.410000000000547,23.4741764
true,7,2025-09-01 00:00:00,15847,8130,23.474182,26.025414
true,8,2025-09-01 00:00:00,16317,7510,26.025414,30.572640000000003
true,9,2025-09-01 00:00:00,15379,6554,30.572645,41.5105934
true,10,2025-09-01 00:00:00,12131,3552,41.5106,453.8493
false,1,2025-10-01 00:00:00,13116,8580,5.009999999999937,49.8269653
false,2,2025-10-01 00:00:00,11053,4305,49.82698059082031,70.19505
false,3,2025-10-01 00:00:00,10681,3555,70.1950684,85.2781372
false,4,2025-10-01 00:00:00,11493,3333,85.2781372,102.73096
false,5,2025-10-01 00:00:00,12409,3387,102.730965,124.4505844116211
false,6,2025-10-01 00:00:00,12244,3121,124.4506,148.219666
false,7,2025-10-01 00:00:00,11675,2646,148.219666,173.04274
false,8,2025-10-01 00:00:00,12483,2625,173.04277,196.13412
false,9,2025-10-01 00:00:00,13078,2740,196.1341552734375,239.60664
false,10,2025-10-01 00:00:00,12356,2793,239.60664,453.10022
true,1,2025-10-01 00:00:00,12920,10197,5.009999999999937,7.759999999999878
true,2,2025-10-01 00:00:00,11810,8799,7.759999999999878,10.819999999999814
true,3,2025-10-01 00:00:00,12114,8489,10.819999999999814,14.75999999999973
true,4,2025-10-01 00:00:00,12789,8553,14.75999999999973,18.280000000000058
true,5,2025-10-01 00:00:00,13255,8394,18.280000000000058,21.410000000000547
true,6,2025-10-01 00:00:00,13933,8215,21.410000000000547,23.4741764
true,7,2025-10-01 00:00:00,14119,7573,23.474182,26.025414
true,8,2025-10-01 00:00:00,14233,6959,26.025414,30.572640000000003
true,9,2025-10-01 00:00:00,13732,6095,30.572645,41.5105934
true,10,2025-10-01 00:00:00,11706,3916,41.5106,453.8493
false,1,2025-11-01 00:00:00,11520,7323,5.009999999999937,49.8269653
false,2,2025-11-01 00:00:00,10235,3770,49.82698059082031,70.19505
false,3,2025-11-01 00:00:00,9868,3161,70.1950684,85.2781372
false,4,2025-11-01 00:00:00,10863,3103,85.2781372,102.73096
false,5,2025-11-01 00:00:00,11628,2995,102.730965,124.4505844116211
false,6,2025-11-01 00:00:00,11541,2882,124.4506,148.219666
false,7,2025-11-01 00:00:00,10954,2425,148.219666,173.04274
false,8,2025-11-01 00:00:00,11593,2355,173.04277,196.13412
false,9,2025-11-01 00:00:00,12367,2538,196.1341552734375,239.60664
false,10,2025-11-01 00:00:00,11070,2448,239.60664,453.10022
true,1,2025-11-01 00:00:00,10698,8681,5.009999999999937,7.759999999999878
true,2,2025-11-01 00:00:00,9930,7559,7.759999999999878,10.819999999999814
true,3,2025-11-01 00:00:00,10085,7312,10.819999999999814,14.75999999999973
true,4,2025-11-01 00:00:00,10511,7139,14.75999999999973,18.280000000000058
true,5,2025-11-01 00:00:00,11070,7154,18.280000000000058,21.410000000000547
true,6,2025-11-01 00:00:00,11540,6865,21.410000000000547,23.4741764
true,7,2025-11-01 00:00:00,11904,6432,23.474182,26.025414
true,8,2025-11-01 00:00:00,12252,5980,26.025414,30.572640000000003
true,9,2025-11-01 00:00:00,12210,5294,30.572645,41.5105934
true,10,2025-11-01 00:00:00,10918,3512,41.5106,453.8493
false,1,2025-12-01 00:00:00,12466,7965,5.009999999999937,49.8269653
false,2,2025-12-01 00:00:00,10759,4010,49.82698059082031,70.19505
false,3,2025-12-01 00:00:00,10209,3204,70.1950684,85.2781372
false,4,2025-12-01 00:00:00,11278,3195,85.2781372,102.73096
false,5,2025-12-01 00:00:00,11941,3151,102.730965,124.4505844116211
false,6,2025-12-01 00:00:00,11826,2876,124.4506,148.219666
false,7,2025-12-01 00:00:00,11484,2436,148.219666,173.04274
false,8,2025-12-01 00:00:00,12202,2414,173.04277,196.13412
false,9,2025-12-01 00:00:00,12792,2534,196.1341552734375,239.60664
false,10,2025-12-01 00:00:00,11786,2617,239.60664,453.10022
true,1,2025-12-01 00:00:00,10646,8747,5.009999999999937,7.759999999999878
true,2,2025-12-01 00:00:00,9408,7308,7.759999999999878,10.819999999999814
true,3,2025-12-01 00:00:00,9774,7156,10.819999999999814,14.75999999999973
true,4,2025-12-01 00:00:00,10374,7219,14.75999999999973,18.280000000000058
true,5,2025-12-01 00:00:00,10676,7059,18.280000000000058,21.410000000000547
true,6,2025-12-01 00:00:00,10907,6590,21.410000000000547,23.4741764
true,7,2025-12-01 00:00:00,11466,6351,23.474182,26.025414
true,8,2025-12-01 00:00:00,11616,5806,26.025414,30.572640000000003
true,9,2025-12-01 00:00:00,11609,5342,30.572645,41.5105934
true,10,2025-12-01 00:00:00,10173,3395,41.5106,453.8493
