lon_bin,lat_bin,inside_footprint,s1_imaged,emissions_co2_dark_mt
-180,-21,TRUE,TRUE,101.107965
-180,-20,TRUE,TRUE,19.7067673
-180,-19,TRUE,TRUE,185.182083
-180,-18,TRUE,FALSE,289.963965
-180,-18,TRUE,TRUE,9112.03906
-180,-17,TRUE,FALSE,488.138385
-180,-17,TRUE,TRUE,12474.8658
-180,50,TRUE,TRUE,473.373439
-180,51,TRUE,TRUE,1007.66804
-180,52,TRUE,TRUE,1039.74615
-179,-22,TRUE,TRUE,99.1500812
-179,-20,TRUE,FALSE,3514.00869
-179,-20,TRUE,TRUE,313.731933
-179,-19,TRUE,FALSE,42602.0579
-179,-19,TRUE,TRUE,1459.02289
-179,-18,TRUE,TRUE,358.197994
-179,-17,TRUE,TRUE,505.896476
-179,50,TRUE,TRUE,54.821359
-179,51,TRUE,FALSE,548.016993
-179,51,TRUE,TRUE,2984.15523
-179,52,TRUE,FALSE,226.119461
-179,52,TRUE,TRUE,890.75959
-179,64,TRUE,TRUE,936.413085
-179,65,TRUE,TRUE,746.43243
-178,-20,TRUE,TRUE,23.051282
-178,-18,TRUE,TRUE,19.305305100000002
-178,50,TRUE,TRUE,70.1219045
-178,51,TRUE,TRUE,3392.15622
-178,52,TRUE,FALSE,98.516239
-178,52,TRUE,TRUE,1413.47238
-178,64,TRUE,TRUE,653.904226
-177,-23,TRUE,TRUE,76.1569306
-177,-22,TRUE,FALSE,31.6888541
-177,-22,TRUE,TRUE,678.363248
-177,-21,TRUE,TRUE,753.7647
-177,-20,TRUE,TRUE,781.95371
-177,-17,TRUE,TRUE,26.7612225
-177,-15,TRUE,TRUE,89.3040307
-177,51,TRUE,TRUE,8880.41492
-177,52,TRUE,TRUE,1707.92442
-177,53,TRUE,TRUE,1176.29489
-177,64,TRUE,TRUE,1039.70456
-177,65,TRUE,TRUE,474.697477
-176,-24,TRUE,TRUE,17.1904911
-176,-23,TRUE,TRUE,21.8257342
-176,-22,TRUE,FALSE,419.255744
-176,-22,TRUE,TRUE,25608.7941
-176,-21,TRUE,FALSE,30.4735098
-176,-21,TRUE,TRUE,10093.2051
-176,-20,TRUE,TRUE,1315.14298
-176,-19,TRUE,TRUE,845.288655
-176,-18,TRUE,FALSE,20.5411787
-176,-18,TRUE,TRUE,429.518212
-176,-17,TRUE,TRUE,282.653702
-176,-16,TRUE,TRUE,729.114707
-176,51,TRUE,TRUE,1855.25835
-176,52,TRUE,TRUE,2341.07602
-176,64,TRUE,TRUE,3517.74173
-176,65,TRUE,TRUE,65.9623
-175,-23,TRUE,TRUE,92.7915355
-175,-22,TRUE,FALSE,146.431527
-175,-22,TRUE,TRUE,2670.68933
-175,-21,TRUE,FALSE,42.3929259
-175,-21,TRUE,TRUE,9133.92868
-175,-20,TRUE,FALSE,5.17015986
-175,-20,TRUE,TRUE,29578.6501
-175,-19,TRUE,FALSE,3.978686
-175,-19,TRUE,TRUE,33188.5678
-175,-18,TRUE,FALSE,10.2357302
-175,-18,TRUE,TRUE,502.340518
-175,-17,TRUE,TRUE,820.331946
-175,-16,TRUE,TRUE,1079.81136
-175,-15,TRUE,TRUE,503.169916
-175,-14,TRUE,FALSE,26.8356955
-175,-14,TRUE,TRUE,552.176139
-175,51,TRUE,TRUE,1315.96963
-175,52,TRUE,TRUE,12023.6176
-175,53,TRUE,TRUE,140.959685
-175,59,TRUE,TRUE,369.669645
-175,60,TRUE,TRUE,874.354825
-175,61,TRUE,TRUE,471.096317
-175,64,TRUE,FALSE,552.618086
-175,64,TRUE,TRUE,1969.64909
-174,-22,TRUE,TRUE,107.988242
-174,-21,TRUE,TRUE,701.563917
-174,-20,TRUE,FALSE,27.4178448
-174,-20,TRUE,TRUE,710.798979
-174,-19,TRUE,TRUE,8828.83766
-174,-18,TRUE,TRUE,1180.77596
-174,-17,TRUE,FALSE,11.5778494
-174,-17,TRUE,TRUE,1338.93039
-174,-16,TRUE,TRUE,2230.76171
-174,-15,TRUE,FALSE,57.9275368
-174,-15,TRUE,TRUE,2909.73928
-174,-14,TRUE,FALSE,45.9813485
-174,-14,TRUE,TRUE,2918.42347
-174,51,TRUE,TRUE,2018.55368
-174,52,TRUE,TRUE,9417.39739
-174,53,TRUE,TRUE,58.3549473
-174,58,TRUE,TRUE,1445.96734
-174,59,TRUE,TRUE,6815.20047
-174,60,TRUE,FALSE,27.0762094
-174,60,TRUE,TRUE,1260.88074
-174,61,TRUE,TRUE,754.6878
-174,62,TRUE,TRUE,734.322891
-174,63,TRUE,TRUE,1596.66734
-174,64,TRUE,TRUE,1737.93245
-173,-21,TRUE,TRUE,107.347287
-173,-20,TRUE,TRUE,86.3458423
-173,-19,TRUE,TRUE,53.1500367
-173,-18,TRUE,TRUE,199.568856
-173,-17,TRUE,TRUE,170.073494
-173,-16,TRUE,FALSE,22.5873309
-173,-16,TRUE,TRUE,1131.31393
-173,-15,TRUE,FALSE,81.3407042
-173,-15,TRUE,TRUE,4527.87715
-173,-14,TRUE,FALSE,343.291529
-173,-14,TRUE,TRUE,39921.9522
-173,51,TRUE,TRUE,813.628582
-173,52,TRUE,TRUE,10581.5779
-173,53,TRUE,TRUE,128.810898
-173,56,TRUE,FALSE,66.5630479
-173,56,TRUE,TRUE,4235.12966
-173,57,TRUE,FALSE,616.933655
-173,57,TRUE,TRUE,7937.66364
-173,58,TRUE,TRUE,3472.8561
-173,59,TRUE,TRUE,1448.10055
-173,60,TRUE,TRUE,2759.9814
-173,61,TRUE,TRUE,813.592121
-173,62,TRUE,TRUE,106.301886
-173,63,TRUE,TRUE,1110.99855
-173,64,TRUE,TRUE,3298.6619
-173,65,TRUE,TRUE,65.8183303
-172,-17,TRUE,TRUE,30.8352792
-172,-16,TRUE,FALSE,21.6978236
-172,-16,TRUE,TRUE,581.341503
-172,-15,TRUE,FALSE,39.9126665
-172,-15,TRUE,TRUE,3021.68133
-172,-14,TRUE,FALSE,155.135302
-172,-14,TRUE,TRUE,76823.0602
-172,-13,TRUE,TRUE,263.48218
-172,51,TRUE,TRUE,2965.22809
-172,52,TRUE,TRUE,8608.3003
-172,53,TRUE,TRUE,952.049612
-172,55,TRUE,TRUE,40.8760216
-172,56,TRUE,FALSE,476.782036
-172,56,TRUE,TRUE,8118.02343
-172,57,TRUE,FALSE,533.795186
-172,57,TRUE,TRUE,5069.09444
-172,58,TRUE,FALSE,420.779752
-172,58,TRUE,TRUE,3180.80673
-172,59,TRUE,TRUE,675.873256
-172,60,TRUE,TRUE,1079.32611
-172,61,TRUE,TRUE,1791.33792
-172,62,TRUE,TRUE,452.663587
-172,63,TRUE,TRUE,226.193211
-172,64,TRUE,TRUE,5871.07838
-172,65,TRUE,TRUE,1641.74814
-172,67,TRUE,TRUE,444.299301
-172,68,TRUE,TRUE,260.093298
-171,-15,TRUE,FALSE,1246.93062
-171,-15,TRUE,TRUE,73475.0598
-171,-14,TRUE,FALSE,46.858706
-171,-14,TRUE,TRUE,3074.55354
-171,-13,TRUE,TRUE,399.516504
-171,51,TRUE,TRUE,145.584055
-171,52,TRUE,TRUE,8563.37515
-171,53,TRUE,TRUE,1333.70295
-171,54,TRUE,TRUE,1410.97423
-171,55,TRUE,TRUE,49.8992732
-171,56,TRUE,FALSE,3175.72476
-171,56,TRUE,TRUE,12139.877
-171,57,TRUE,FALSE,497.74881
-171,57,TRUE,TRUE,4608.47721
-171,58,TRUE,TRUE,1512.44964
-171,59,TRUE,TRUE,1157.40011
-171,60,TRUE,TRUE,915.24796
-171,61,TRUE,TRUE,1067.47013
-171,62,TRUE,TRUE,407.110918
-171,63,TRUE,TRUE,175.054047
-171,64,TRUE,TRUE,2214.9308
-171,65,TRUE,TRUE,7333.47697
-171,66,TRUE,TRUE,2325.31495
-171,67,TRUE,TRUE,884.157596
-171,68,TRUE,TRUE,160.499557
-170,-15,TRUE,TRUE,97.1694084
-170,-14,TRUE,TRUE,119.15389
-170,51,TRUE,TRUE,795.900047
-170,52,TRUE,TRUE,4937.98408
-170,53,TRUE,TRUE,2916.84489
-170,54,TRUE,TRUE,3686.98157
-170,55,TRUE,TRUE,488.708099
-170,56,TRUE,FALSE,4752.46154
-170,56,TRUE,TRUE,9779.58707
-170,57,TRUE,FALSE,79.2832954
-170,57,TRUE,TRUE,866.765042
-170,58,TRUE,TRUE,1564.18308
-170,59,TRUE,TRUE,572.833788
-170,60,TRUE,TRUE,250.481071
-170,61,TRUE,TRUE,261.367964
-170,62,TRUE,TRUE,340.889329
-170,63,TRUE,TRUE,561.356721
-170,64,TRUE,TRUE,2476.54165
-170,65,TRUE,TRUE,9534.78195
-170,66,TRUE,TRUE,8614.29113
-170,67,TRUE,TRUE,603.744542
-170,68,TRUE,TRUE,356.867379
-170,69,TRUE,TRUE,24.5457401
-169,52,TRUE,TRUE,831.527781
-169,53,TRUE,TRUE,5518.2138
-169,54,TRUE,TRUE,43269.741
-169,56,TRUE,FALSE,386.827224
-169,56,TRUE,TRUE,3614.70433
-169,57,TRUE,TRUE,437.486117
-169,58,TRUE,TRUE,158.870816
-169,59,TRUE,TRUE,638.11584
-169,60,TRUE,TRUE,1060.90675
-169,61,TRUE,TRUE,613.824349
-169,62,TRUE,TRUE,272.228605
-169,63,TRUE,TRUE,513.071316
-169,64,TRUE,TRUE,2206.21498
-169,65,TRUE,TRUE,5611.79644
-169,66,TRUE,TRUE,2134.74401
-169,67,TRUE,TRUE,610.0642
-169,68,TRUE,TRUE,254.374588
-169,69,TRUE,TRUE,156.975302
-169,70,TRUE,TRUE,185.195555
-168,52,TRUE,TRUE,627.170946
-168,53,TRUE,TRUE,9846.16039
-168,54,TRUE,TRUE,73723.9015
-168,55,TRUE,FALSE,116.027716
-168,55,TRUE,TRUE,9255.44711
-168,58,TRUE,TRUE,60.3267578
-168,59,TRUE,TRUE,252.929158
-168,60,TRUE,TRUE,850.33711
-168,61,TRUE,TRUE,1602.95668
-168,62,TRUE,TRUE,1396.60744
-168,63,TRUE,TRUE,1303.3776
-168,64,TRUE,TRUE,1648.23095
-168,65,TRUE,TRUE,1818.73692
-168,66,TRUE,TRUE,1465.5595
-168,67,TRUE,TRUE,760.541993
-168,68,TRUE,TRUE,594.889226
-168,69,TRUE,TRUE,541.497069
-167,52,TRUE,TRUE,1611.90773
-167,53,TRUE,TRUE,143161.627
-167,54,TRUE,FALSE,337.310384
-167,54,TRUE,TRUE,147409.182
-167,55,TRUE,TRUE,5030.14508
-167,59,TRUE,TRUE,260.010955
-167,60,TRUE,TRUE,1344.0518
-167,61,TRUE,TRUE,2157.66437
-167,62,TRUE,TRUE,1537.50401
-167,63,TRUE,TRUE,505.569733
-167,64,TRUE,TRUE,2130.51187
-167,65,TRUE,TRUE,2933.38294
-167,66,TRUE,TRUE,864.352379
-167,67,TRUE,TRUE,379.835908
-167,68,TRUE,TRUE,1844.91294
-167,69,TRUE,TRUE,265.178426
-167,70,TRUE,TRUE,172.340382
-166,52,TRUE,TRUE,19.0528072
-166,53,TRUE,TRUE,6909.67805
-166,54,TRUE,FALSE,468.252422
-166,54,TRUE,TRUE,148754.019
-166,55,TRUE,TRUE,8090.64507
-166,59,TRUE,TRUE,880.200815
-166,60,TRUE,TRUE,4667.99411
-166,61,TRUE,TRUE,1570.61202
-166,62,TRUE,TRUE,1422.3248
-166,63,TRUE,TRUE,1014.02196
-166,64,TRUE,TRUE,18840.2317
-166,66,TRUE,TRUE,607.231939
-166,67,TRUE,TRUE,2062.36049
-166,68,TRUE,TRUE,46.0384417
-166,69,TRUE,TRUE,506.402732
-165,53,TRUE,FALSE,108.138036
-165,53,TRUE,TRUE,2132.24361
-165,54,TRUE,TRUE,134629.23
-165,55,TRUE,TRUE,28660.4074
-165,59,TRUE,TRUE,1228.87025
-165,60,TRUE,TRUE,719.678043
-165,62,TRUE,TRUE,1117.1453
-165,63,TRUE,TRUE,153.331722
-165,64,TRUE,TRUE,571.21067
-165,66,TRUE,TRUE,60.7796629
-165,67,TRUE,TRUE,25389.6863
-165,69,TRUE,TRUE,98.0844518
-164,20,TRUE,TRUE,51.0518626
-164,21,TRUE,TRUE,242.657179
-164,23,TRUE,TRUE,13.5331477
-164,24,TRUE,TRUE,32.2723545
-164,25,TRUE,TRUE,10.3505531
-164,53,TRUE,TRUE,2192.14391
-164,54,TRUE,FALSE,4487.88134
-164,54,TRUE,TRUE,172688.478
-164,55,TRUE,TRUE,21886.8704
-164,56,TRUE,FALSE,282.092624
-164,56,TRUE,TRUE,5344.62635
-164,57,TRUE,TRUE,593.254398
-164,58,TRUE,TRUE,179.48379
-164,59,TRUE,TRUE,236.358974
-164,63,TRUE,TRUE,38.2006937
-164,64,TRUE,TRUE,964.134127
-164,66,TRUE,TRUE,2636.65447
-164,67,TRUE,TRUE,50.8095347
-164,69,TRUE,TRUE,454.978102
-163,17,TRUE,TRUE,31.6409925
-163,18,TRUE,TRUE,32.7364765
-163,19,TRUE,TRUE,49.7434501
-163,20,TRUE,TRUE,245.419142
-163,21,TRUE,TRUE,223.409325
-163,22,TRUE,TRUE,15.6148475
-163,24,TRUE,TRUE,170.272696
-163,25,TRUE,TRUE,55.9682693
-163,53,TRUE,TRUE,136.333163
-163,54,TRUE,FALSE,2828.26668
-163,54,TRUE,TRUE,148012.307
-163,55,TRUE,FALSE,609.23496
-163,55,TRUE,TRUE,28927.2272
-163,56,TRUE,TRUE,4029.23601
-163,57,TRUE,TRUE,1433.16437
-163,58,TRUE,TRUE,1385.30296
-163,59,TRUE,FALSE,564.749014
-163,59,TRUE,TRUE,6013.41431
-163,60,TRUE,TRUE,307.80285
-163,63,TRUE,TRUE,252.228041
-163,64,TRUE,TRUE,894.134164
-163,66,TRUE,TRUE,3816.77502
-163,67,TRUE,TRUE,12.1289168
-163,71,TRUE,TRUE,43.5236981
-162,17,TRUE,TRUE,78.8328529
-162,18,TRUE,TRUE,220.32521
-162,19,TRUE,TRUE,84.1060237
-162,20,TRUE,TRUE,355.675504
-162,21,TRUE,TRUE,765.104878
-162,22,TRUE,TRUE,556.13655
-162,23,TRUE,TRUE,19.1485444
-162,24,TRUE,TRUE,121.894307
-162,25,TRUE,TRUE,69.0391667
-162,53,TRUE,TRUE,11962.4152
-162,54,TRUE,FALSE,171.961122
-162,54,TRUE,TRUE,52848.4443
-162,55,TRUE,FALSE,265.791635
-162,55,TRUE,TRUE,16399.51
-162,56,TRUE,FALSE,198.791307
-162,56,TRUE,TRUE,7491.76251
-162,57,TRUE,TRUE,1490.59549
-162,58,TRUE,TRUE,298.526114
-162,59,TRUE,TRUE,275.523844
-162,63,TRUE,TRUE,221.856916
-162,64,TRUE,TRUE,901.3112
-162,66,TRUE,TRUE,55.5011337
-162,70,TRUE,TRUE,90.535988
-162,71,TRUE,TRUE,53.8125924
-161,17,TRUE,TRUE,853.277559
-161,18,TRUE,FALSE,556.590821
-161,18,TRUE,TRUE,1029.8548
-161,19,TRUE,FALSE,207.155125
-161,19,TRUE,TRUE,1303.60402
-161,20,TRUE,TRUE,2290.2039
-161,21,TRUE,TRUE,9715.41044
-161,22,TRUE,TRUE,5172.76768
-161,23,TRUE,TRUE,1801.90254
-161,24,TRUE,TRUE,163.780722
-161,25,TRUE,FALSE,37.2070249
-161,25,TRUE,TRUE,120.460055
-161,53,TRUE,TRUE,17716.472
-161,54,TRUE,TRUE,23063.6
-161,55,TRUE,FALSE,910.440907
-161,55,TRUE,TRUE,49064.3069
-161,56,TRUE,FALSE,245.678307
-161,56,TRUE,TRUE,4552.38858
-161,57,TRUE,TRUE,1043.52931
-161,58,TRUE,FALSE,354.567903
-161,58,TRUE,TRUE,6044.67707
-161,59,TRUE,FALSE,134.403379
-161,59,TRUE,TRUE,1599.04021
-161,63,TRUE,TRUE,561.297163
-161,64,TRUE,TRUE,33.6110633
-161,70,TRUE,TRUE,208.314761
-161,71,TRUE,TRUE,55.6935044
-160,17,TRUE,TRUE,278.113897
-160,18,TRUE,FALSE,414.876186
-160,18,TRUE,TRUE,3479.13225
-160,19,TRUE,FALSE,619.470186
-160,19,TRUE,TRUE,2762.42054
-160,20,TRUE,TRUE,6143.9184
-160,21,TRUE,TRUE,120488.48
-160,22,TRUE,TRUE,29431.9837
-160,23,TRUE,TRUE,2179.36002
-160,24,TRUE,TRUE,737.505397
-160,25,TRUE,TRUE,68.2885234
-160,54,TRUE,TRUE,6166.24637
-160,55,TRUE,FALSE,154.902198
-160,55,TRUE,TRUE,6379.92526
-160,56,TRUE,FALSE,359.937233
-160,56,TRUE,TRUE,5514.82179
-160,57,TRUE,TRUE,738.92954
-160,58,TRUE,FALSE,463.742097
-160,58,TRUE,TRUE,3696.10276
-160,70,TRUE,TRUE,33.0471531
-160,71,TRUE,TRUE,138.484289
-159,17,TRUE,TRUE,344.170175
-159,18,TRUE,FALSE,152.860551
-159,18,TRUE,TRUE,2059.06401
-159,19,TRUE,TRUE,5874.81328
-159,20,TRUE,TRUE,28396.6464
-159,21,TRUE,TRUE,399873.165
-159,22,TRUE,TRUE,4911.82119
-159,23,TRUE,TRUE,2312.60603
-159,24,TRUE,TRUE,514.283601
-159,54,TRUE,TRUE,2764.10586
-159,55,TRUE,FALSE,175.055728
-159,55,TRUE,TRUE,7526.69674
-159,56,TRUE,FALSE,356.956237
-159,56,TRUE,TRUE,6397.26158
-159,57,TRUE,FALSE,259.742535
-159,57,TRUE,TRUE,2500.96833
-159,58,TRUE,FALSE,7017.88818
-159,58,TRUE,TRUE,32739.2682
-159,59,TRUE,TRUE,203.412725
-159,71,TRUE,TRUE,117.461858
-158,16,TRUE,TRUE,172.302413
-158,17,TRUE,FALSE,37.8456795
-158,17,TRUE,TRUE,859.271678
-158,18,TRUE,TRUE,1608.23388
-158,19,TRUE,TRUE,6877.58627
-158,20,TRUE,TRUE,101208.929
-158,21,TRUE,TRUE,774908.991
-158,22,TRUE,TRUE,7982.93502
-158,23,TRUE,TRUE,2169.60174
-158,24,TRUE,TRUE,786.416363
-158,54,TRUE,TRUE,654.146704
-158,55,TRUE,TRUE,557.919193
-158,56,TRUE,FALSE,443.044414
-158,56,TRUE,TRUE,14801.0612
-158,57,TRUE,FALSE,2711.39129
-158,57,TRUE,TRUE,9231.92961
-158,58,TRUE,FALSE,18178.8603
-158,58,TRUE,TRUE,56164.8772
-158,71,TRUE,TRUE,71.1814282
-157,16,TRUE,TRUE,155.949911
-157,17,TRUE,TRUE,763.531336
-157,18,TRUE,TRUE,2858.419
-157,19,TRUE,TRUE,43434.3325
-157,20,TRUE,TRUE,304443.445
-157,21,TRUE,TRUE,145430.679
-157,22,TRUE,TRUE,18145.8416
-157,23,TRUE,FALSE,259.703674
-157,23,TRUE,TRUE,1909.03549
-157,24,TRUE,TRUE,573.701901
-157,54,TRUE,TRUE,2476.0067
-157,55,TRUE,TRUE,1842.0489
-157,56,TRUE,FALSE,264.344806
-157,56,TRUE,TRUE,10471.12
-157,57,TRUE,FALSE,98.5146553
-157,57,TRUE,TRUE,2137.18318
-157,71,TRUE,TRUE,667.508363
-156,16,TRUE,TRUE,76.2256972
-156,17,TRUE,FALSE,26.8220346
-156,17,TRUE,TRUE,617.900276
-156,18,TRUE,TRUE,2217.88377
-156,19,TRUE,TRUE,88557.2537
-156,20,TRUE,TRUE,96508.9401
-156,21,TRUE,TRUE,7504.40603
-156,22,TRUE,TRUE,40400.3598
-156,23,TRUE,FALSE,161.599907
-156,23,TRUE,TRUE,6177.58137
-156,24,TRUE,TRUE,1700.47083
-156,55,TRUE,FALSE,30.5375144
-156,55,TRUE,TRUE,5280.05383
-156,56,TRUE,FALSE,33.8214111
-156,56,TRUE,TRUE,2807.01878
-156,57,TRUE,FALSE,435.027652
-156,57,TRUE,TRUE,15776.0294
-156,70,TRUE,TRUE,199.192387
-156,71,TRUE,TRUE,220.831871
-155,16,TRUE,TRUE,66.2136628
-155,17,TRUE,TRUE,570.032978
-155,18,TRUE,TRUE,1005.82145
-155,19,TRUE,TRUE,3751.80632
-155,20,TRUE,TRUE,1210.1354
-155,21,TRUE,TRUE,3049.23207
-155,22,TRUE,TRUE,13585.826
-155,23,TRUE,TRUE,9867.48149
-155,24,TRUE,TRUE,2134.57671
-155,55,TRUE,FALSE,37.1924086
-155,55,TRUE,TRUE,1033.29165
-155,56,TRUE,FALSE,1069.58415
-155,56,TRUE,TRUE,18346.7475
-155,57,TRUE,FALSE,801.500905
-155,57,TRUE,TRUE,16003.0488
-155,58,TRUE,FALSE,91.2054145
-155,58,TRUE,TRUE,3477.2245
-155,59,TRUE,TRUE,4728.42201
-155,71,TRUE,TRUE,62.1152818
-154,16,TRUE,TRUE,192.030626
-154,17,TRUE,TRUE,1129.37307
-154,18,TRUE,TRUE,794.83362
-154,19,TRUE,TRUE,1384.22834
-154,20,TRUE,TRUE,894.2061
-154,21,TRUE,TRUE,1955.39363
-154,22,TRUE,TRUE,3878.98368
-154,23,TRUE,TRUE,12380.7252
-154,24,TRUE,TRUE,2541.58825
-154,55,TRUE,TRUE,147.942911
-154,56,TRUE,FALSE,470.674982
-154,56,TRUE,TRUE,8496.00053
-154,57,TRUE,FALSE,1022.74926
-154,57,TRUE,TRUE,17914.588
-154,58,TRUE,FALSE,596.29606
-154,58,TRUE,TRUE,14868.9397
-154,59,TRUE,FALSE,371.47238
-154,59,TRUE,TRUE,8041.14726
-154,71,TRUE,TRUE,60.2873181
-153,-18,TRUE,TRUE,24.4998259
-153,-17,TRUE,TRUE,91.8208795
-153,16,TRUE,TRUE,288.239648
-153,17,TRUE,TRUE,155.40694
-153,18,TRUE,TRUE,485.910397
-153,19,TRUE,TRUE,834.71979
-153,20,TRUE,TRUE,695.517458
-153,21,TRUE,TRUE,296.796513
-153,22,TRUE,TRUE,1469.62044
-153,23,TRUE,TRUE,67.4151763
-153,53,TRUE,TRUE,795.818759
-153,56,TRUE,FALSE,104.388571
-153,56,TRUE,TRUE,2898.67922
-153,57,TRUE,FALSE,10616.3992
-153,57,TRUE,TRUE,240193.406
-153,58,TRUE,FALSE,1616.68822
-153,58,TRUE,TRUE,32883.4999
-153,59,TRUE,FALSE,363.523789
-153,59,TRUE,TRUE,20728.5915
-153,60,TRUE,FALSE,55.8663478
-153,60,TRUE,TRUE,2302.26219
-153,71,TRUE,TRUE,84.0817206
-152,-18,TRUE,FALSE,265.776652
-152,-18,TRUE,TRUE,274.826606
-152,-17,TRUE,FALSE,27.9713736
-152,-17,TRUE,TRUE,74463.8932
-152,16,TRUE,TRUE,137.643273
-152,17,TRUE,TRUE,151.807158
-152,18,TRUE,TRUE,59.5489104
-152,19,TRUE,TRUE,313.42496
-152,22,TRUE,TRUE,1379.32093
-152,53,TRUE,TRUE,672.019027
-152,55,TRUE,TRUE,309.355959
-152,56,TRUE,FALSE,97.1613686
-152,56,TRUE,TRUE,1169.03239
-152,57,TRUE,FALSE,204.498649
-152,57,TRUE,TRUE,6419.45934
-152,58,TRUE,FALSE,227.02653
-152,58,TRUE,TRUE,14608.2158
-152,59,TRUE,FALSE,1421.15419
-152,59,TRUE,TRUE,166486.684
-152,60,TRUE,FALSE,153.955763
-152,60,TRUE,TRUE,46140.6662
-152,61,TRUE,TRUE,2468.20494
-151,-19,TRUE,TRUE,15.3923525
-151,-18,TRUE,FALSE,13.2765045
-151,-18,TRUE,TRUE,19978.27
-151,-17,TRUE,TRUE,2250.25767
-151,17,TRUE,TRUE,10.5032344
-151,18,TRUE,TRUE,11.2751477
-151,56,TRUE,TRUE,11.0015274
-151,57,TRUE,FALSE,37.2095973
-151,57,TRUE,TRUE,1267.01063
-151,58,TRUE,TRUE,4133.79348
-151,59,TRUE,FALSE,35.8931074
-151,59,TRUE,TRUE,5439.39001
-151,60,TRUE,TRUE,229.450005
-151,61,TRUE,FALSE,493.247421
-151,61,TRUE,TRUE,21366.3317
-150,-19,TRUE,TRUE,206.338524
-150,-18,TRUE,FALSE,272836.517
-150,-18,TRUE,TRUE,997973.023
-150,-17,TRUE,FALSE,12.5685215
-150,-17,TRUE,TRUE,2451.71809
-150,-15,TRUE,TRUE,27.8142343
-150,51,TRUE,TRUE,543.640594
-150,58,TRUE,TRUE,826.913668
-150,59,TRUE,FALSE,1245.96441
-150,59,TRUE,TRUE,42104.8906
-150,60,TRUE,TRUE,94384.2636
-150,61,TRUE,TRUE,22497.9123
-149,-19,TRUE,TRUE,151.720214
-149,-18,TRUE,FALSE,137.450263
-149,-18,TRUE,TRUE,6196.89726
-149,-17,TRUE,TRUE,2248.91943
-149,-16,TRUE,TRUE,14.1003032
-149,-15,TRUE,TRUE,13.1429304
-149,58,TRUE,FALSE,642.120339
-149,58,TRUE,TRUE,2678.98463
-149,59,TRUE,FALSE,319.609831
-149,59,TRUE,TRUE,11120.5995
-149,60,TRUE,FALSE,734.910785
-149,60,TRUE,TRUE,67352.0372
-149,61,TRUE,TRUE,2278.43331
-148,58,TRUE,FALSE,16.6950009
-148,58,TRUE,TRUE,1034.49811
-148,59,TRUE,FALSE,142.007916
-148,59,TRUE,TRUE,10597.6605
-148,60,TRUE,FALSE,924.943746
-148,60,TRUE,TRUE,101570.165
-148,61,TRUE,TRUE,6116.22654
-148,71,TRUE,TRUE,120.904254
-147,-16,TRUE,FALSE,8267.85243
-147,-16,TRUE,TRUE,1916.33208
-147,58,TRUE,TRUE,40.624362
-147,59,TRUE,TRUE,5914.34764
-147,60,TRUE,FALSE,797.903832
-147,60,TRUE,TRUE,92254.2586
-147,61,TRUE,FALSE,115.639766
-147,61,TRUE,TRUE,55735.4052
-147,70,TRUE,TRUE,294.659207
-147,71,TRUE,TRUE,29.1479491
-146,-17,TRUE,FALSE,15494.7853
-146,-17,TRUE,TRUE,6338.03234
-146,59,TRUE,TRUE,23369.3479
-146,60,TRUE,TRUE,51447.6233
-145,-17,TRUE,FALSE,3175.74885
-145,-17,TRUE,TRUE,62.5809825
-145,57,TRUE,TRUE,12.7087882
-145,59,TRUE,TRUE,33975.2441
-145,60,TRUE,TRUE,2473.76462
-144,-17,FALSE,FALSE,2189.3501
-144,58,TRUE,FALSE,16.3985341
-144,58,TRUE,TRUE,15.2500282
-144,59,TRUE,TRUE,9464.78664
-144,60,TRUE,TRUE,13.2836446
-143,55,TRUE,TRUE,10.3966351
-143,58,TRUE,TRUE,126.164557
-143,59,TRUE,TRUE,11149.2409
-143,60,TRUE,TRUE,127.079903
-143,69,TRUE,TRUE,40.4116988
-142,53,TRUE,TRUE,855.981348
-142,54,TRUE,TRUE,821.799378
-142,58,TRUE,TRUE,698.579461
-142,59,TRUE,TRUE,12844.7872
-142,60,TRUE,TRUE,4174.07282
-142,69,TRUE,TRUE,186.057206
-141,53,TRUE,TRUE,833.216967
-141,54,TRUE,TRUE,3112.95734
-141,55,TRUE,TRUE,42.8085455
-141,56,TRUE,TRUE,544.384558
-141,57,TRUE,TRUE,32.6551374
-141,58,TRUE,TRUE,3290.70751
-141,59,TRUE,TRUE,3551.60085
-141,69,TRUE,TRUE,49.2009277
-140,53,TRUE,TRUE,3837.88129
-140,54,TRUE,TRUE,31.8923515
-140,55,TRUE,TRUE,96.7294804
-140,56,TRUE,TRUE,138.797657
-140,57,TRUE,TRUE,212.624617
-140,58,TRUE,FALSE,55.2525366
-140,58,TRUE,TRUE,5787.10378
-140,59,TRUE,TRUE,66309.0735
-140,60,TRUE,TRUE,2700.32718
-140,69,TRUE,TRUE,68.7634288
-139,50,TRUE,TRUE,2826.40353
-139,53,TRUE,TRUE,1911.04388
-139,54,TRUE,TRUE,1612.95022
-139,55,TRUE,TRUE,36.338206
-139,56,TRUE,TRUE,244.684387
-139,57,TRUE,TRUE,380.782298
-139,58,TRUE,FALSE,171.819026
-139,58,TRUE,TRUE,18298.7298
-139,59,TRUE,TRUE,823.442947
-139,69,TRUE,TRUE,87.3951559
-138,50,TRUE,TRUE,3852.78785
-138,51,TRUE,TRUE,3820.23036
-138,52,TRUE,TRUE,1265.4834
-138,54,TRUE,TRUE,4824.73849
-138,55,TRUE,TRUE,246.71048
-138,56,TRUE,TRUE,444.787161
-138,57,TRUE,FALSE,127.240197
-138,57,TRUE,TRUE,1623.39278
-138,58,TRUE,FALSE,194.580967
-138,58,TRUE,TRUE,19153.3757
-138,59,TRUE,TRUE,368.271361
-138,68,TRUE,TRUE,57.1198001
-138,69,TRUE,TRUE,184.28117
-137,50,TRUE,TRUE,829.275317
-137,51,TRUE,TRUE,1475.50667
-137,52,TRUE,TRUE,1622.68404
-137,53,TRUE,TRUE,417.87474
-137,54,TRUE,FALSE,13.6578718
-137,54,TRUE,TRUE,1794.25806
-137,55,TRUE,TRUE,167.767112
-137,56,TRUE,FALSE,50.9954315
-137,56,TRUE,TRUE,2463.82121
-137,57,TRUE,FALSE,1093.07445
-137,57,TRUE,TRUE,47595.6646
-137,58,TRUE,TRUE,200792.388
-137,59,TRUE,TRUE,469.598114
-137,68,TRUE,TRUE,74.7960956
-137,69,TRUE,TRUE,205.072006
-136,50,TRUE,TRUE,2411.0716
-136,51,TRUE,TRUE,2110.24695
-136,52,TRUE,TRUE,1044.46917
-136,53,TRUE,TRUE,845.554005
-136,54,TRUE,TRUE,3397.85088
-136,55,TRUE,TRUE,463.485693
-136,56,TRUE,FALSE,682.458968
-136,56,TRUE,TRUE,62346.163
-136,57,TRUE,TRUE,218339.566
-136,58,TRUE,TRUE,282720.356
-136,59,TRUE,TRUE,22070.5501
-136,68,TRUE,TRUE,193.173484
-136,69,TRUE,TRUE,49.489228
-135,48,TRUE,TRUE,7614.34462
-135,49,TRUE,TRUE,2398.60791
-135,50,TRUE,TRUE,2265.19436
-135,51,TRUE,TRUE,4945.62148
-135,52,TRUE,TRUE,1374.17492
-135,53,TRUE,TRUE,2168.99615
-135,54,TRUE,TRUE,10845.4167
-135,55,TRUE,FALSE,89.6662796
-135,55,TRUE,TRUE,12364.3575
-135,56,TRUE,FALSE,6573.02634
-135,56,TRUE,TRUE,130067.355
-135,57,TRUE,TRUE,228422.968
-135,58,TRUE,TRUE,390687.781
-135,69,TRUE,TRUE,173.961189
-135,70,TRUE,TRUE,45.4555685
-134,48,TRUE,TRUE,27481.2048
-134,49,TRUE,TRUE,2200.18041
-134,50,TRUE,TRUE,4647.22552
-134,51,TRUE,TRUE,8014.30861
-134,52,TRUE,TRUE,2819.95417
-134,53,TRUE,FALSE,156.907052
-134,53,TRUE,TRUE,28480.9971
-134,54,TRUE,FALSE,273.917172
-134,54,TRUE,TRUE,35115.9957
-134,55,TRUE,TRUE,72162.3212
-134,56,TRUE,TRUE,115001.873
-134,57,TRUE,TRUE,163389.51
-134,58,TRUE,TRUE,557.57115
-134,69,TRUE,TRUE,836.352304
-134,70,TRUE,TRUE,187.067197
-133,46,TRUE,TRUE,1389.68878
-133,47,TRUE,TRUE,17535.1651
-133,48,TRUE,TRUE,23175.8828
-133,49,TRUE,TRUE,835.233176
-133,50,TRUE,TRUE,5884.32833
-133,51,TRUE,TRUE,6333.15691
-133,52,TRUE,FALSE,87.4411259
-133,52,TRUE,TRUE,14652.9089
-133,53,TRUE,FALSE,112.790739
-133,53,TRUE,TRUE,20862.3813
-133,54,TRUE,FALSE,544.175846
-133,54,TRUE,TRUE,227937.529
-133,55,TRUE,TRUE,243908.513
-133,56,TRUE,TRUE,531923.677
-133,57,TRUE,TRUE,4615.60632
-133,69,TRUE,TRUE,301.436289
-133,70,TRUE,TRUE,1450.25361
-132,46,TRUE,TRUE,4470.35387
-132,47,TRUE,TRUE,11536.068
-132,48,TRUE,TRUE,31936.287
-132,49,TRUE,TRUE,3500.2799
-132,50,TRUE,TRUE,5693.79734
-132,51,TRUE,TRUE,19451.9601
-132,52,TRUE,FALSE,145.629521
-132,52,TRUE,TRUE,16969.4091
-132,53,TRUE,FALSE,247.032338
-132,53,TRUE,TRUE,72250.6482
-132,54,TRUE,FALSE,912.875066
-132,54,TRUE,TRUE,174366.123
-132,55,TRUE,TRUE,584843.264
-132,56,TRUE,TRUE,44.8530542
-132,70,TRUE,TRUE,1320.03405
-131,40,TRUE,TRUE,846.13314
-131,46,TRUE,TRUE,13798.7076
-131,47,TRUE,TRUE,6768.36651
-131,48,TRUE,FALSE,14.5067651
-131,48,TRUE,TRUE,32591.028
-131,49,TRUE,TRUE,2712.50479
-131,50,TRUE,FALSE,580.220637
-131,50,TRUE,TRUE,10411.7901
-131,51,TRUE,FALSE,130.462304
-131,51,TRUE,TRUE,18093.2003
-131,52,TRUE,FALSE,216.767211
-131,52,TRUE,TRUE,59661.0094
-131,53,TRUE,FALSE,4659.27182
-131,53,TRUE,TRUE,144417.336
-131,54,TRUE,FALSE,3900.96392
-131,54,TRUE,TRUE,723209.755
-131,55,TRUE,TRUE,7944.4785
-131,70,TRUE,TRUE,1451.1911
-130,40,TRUE,TRUE,4341.90687
-130,41,TRUE,TRUE,8571.52441
-130,42,TRUE,TRUE,5143.62275
-130,43,TRUE,TRUE,5389.39609
-130,44,TRUE,TRUE,8415.77907
-130,45,TRUE,TRUE,1002.86753
-130,46,TRUE,TRUE,12723.782
-130,47,TRUE,TRUE,1318.53398
-130,48,TRUE,TRUE,31340.9473
-130,49,TRUE,TRUE,25046.1925
-130,50,TRUE,FALSE,159.913552
-130,50,TRUE,TRUE,33978.6097
-130,51,TRUE,FALSE,691.559407
-130,51,TRUE,TRUE,25501.961
-130,52,TRUE,FALSE,609.66622
-130,52,TRUE,TRUE,37469.2897
-130,53,TRUE,TRUE,80498.5513
-130,54,TRUE,TRUE,65.2868359
-130,69,TRUE,TRUE,11.6869713
-130,70,TRUE,TRUE,2145.46522
-129,38,TRUE,TRUE,16472.4001
-129,39,TRUE,TRUE,1034.17711
-129,40,TRUE,TRUE,2479.05171
-129,41,TRUE,TRUE,12.5717192
-129,42,TRUE,TRUE,434.92624
-129,43,TRUE,TRUE,2368.23188
-129,44,TRUE,TRUE,1726.58692
-129,45,TRUE,TRUE,4060.17301
-129,46,TRUE,TRUE,24030.86
-129,47,TRUE,TRUE,12564.4381
-129,48,TRUE,FALSE,42.4721179
-129,48,TRUE,TRUE,54267.6134
-129,49,TRUE,FALSE,53.2358065
-129,49,TRUE,TRUE,53919.2068
-129,50,TRUE,FALSE,1423.95208
-129,50,TRUE,TRUE,78381.7407
-129,51,TRUE,FALSE,1492.12653
-129,51,TRUE,TRUE,110902.655
-129,52,TRUE,FALSE,678.722874
-129,52,TRUE,TRUE,259344.282
-129,53,TRUE,TRUE,78688.1846
-129,70,TRUE,TRUE,591.493021
-128,37,TRUE,TRUE,27.1731021
-128,38,TRUE,TRUE,8275.68274
-128,39,TRUE,TRUE,3608.78734
-128,40,TRUE,TRUE,1380.61377
-128,41,TRUE,TRUE,1115.43815
-128,42,TRUE,TRUE,1575.00468
-128,43,TRUE,TRUE,5233.03207
-128,44,TRUE,FALSE,24.6876641
-128,44,TRUE,TRUE,7984.81677
-128,45,TRUE,TRUE,7401.4042
-128,46,TRUE,FALSE,17.0446995
-128,46,TRUE,TRUE,43595.4033
-128,47,TRUE,FALSE,90.7713136
-128,47,TRUE,TRUE,37864.504
-128,48,TRUE,FALSE,2310.07012
-128,48,TRUE,TRUE,99293.2694
-128,49,TRUE,FALSE,2451.27449
-128,49,TRUE,TRUE,106538.697
-128,50,TRUE,FALSE,15793.5789
-128,50,TRUE,TRUE,436447.39
-128,51,TRUE,FALSE,8437.20149
-128,51,TRUE,TRUE,290444.577
-128,52,TRUE,TRUE,14508.5842
-128,70,TRUE,TRUE,396.948171
-127,35,TRUE,TRUE,7035.00947
-127,36,TRUE,TRUE,10850.1414
-127,37,TRUE,TRUE,11314.0741
-127,38,TRUE,TRUE,11193.6808
-127,39,TRUE,TRUE,7986.34295
-127,40,TRUE,TRUE,9107.94951
-127,41,TRUE,TRUE,3036.89947
-127,42,TRUE,TRUE,16638.8318
-127,43,TRUE,TRUE,18602.0093
-127,44,TRUE,FALSE,85.4268124
-127,44,TRUE,TRUE,24224.7356
-127,45,TRUE,FALSE,183.81112
-127,45,TRUE,TRUE,27354.7594
-127,46,TRUE,FALSE,122.958423
-127,46,TRUE,TRUE,62333.6888
-127,47,TRUE,FALSE,132.997124
-127,47,TRUE,TRUE,64410.2171
-127,48,TRUE,FALSE,1938.11624
-127,48,TRUE,TRUE,180451.127
-127,49,TRUE,FALSE,1785.32435
-127,49,TRUE,TRUE,119345.38
-127,50,TRUE,FALSE,2539.7879
-127,50,TRUE,TRUE,310187.36
-127,69,TRUE,TRUE,1737.08612
-126,33,TRUE,TRUE,10408.6167
-126,34,TRUE,TRUE,12660.0969
-126,35,TRUE,TRUE,11751.9131
-126,36,TRUE,TRUE,21190.948
-126,37,TRUE,TRUE,15180.0782
-126,38,TRUE,FALSE,4.09026514
-126,38,TRUE,TRUE,48127.0337
-126,39,TRUE,TRUE,63496.3146
-126,40,TRUE,TRUE,106936.685
-126,41,TRUE,FALSE,8.23506044
-126,41,TRUE,TRUE,112592.834
-126,42,TRUE,TRUE,126543.874
-126,43,TRUE,TRUE,135920.86
-126,44,TRUE,TRUE,112410.655
-126,45,TRUE,TRUE,131596.913
-126,46,TRUE,FALSE,1014.4258
-126,46,TRUE,TRUE,158194.273
-126,47,TRUE,FALSE,3068.47542
-126,47,TRUE,TRUE,163222.522
-126,48,TRUE,FALSE,29389.7758
-126,48,TRUE,TRUE,279603.516
-126,49,TRUE,FALSE,146.67488
-126,49,TRUE,TRUE,164661.723
-126,50,TRUE,TRUE,790966.878
-126,69,TRUE,TRUE,40.3844344
-125,32,TRUE,TRUE,3440.63999
-125,33,TRUE,TRUE,14342.4219
-125,34,TRUE,TRUE,45080.347
-125,35,TRUE,TRUE,28245.5832
-125,36,TRUE,TRUE,54240.6801
-125,37,TRUE,TRUE,79515.8905
-125,38,TRUE,TRUE,161842.685
-125,39,TRUE,TRUE,179699.186
-125,40,TRUE,TRUE,126563.523
-125,41,TRUE,TRUE,110263.405
-125,42,TRUE,TRUE,94218.7049
-125,43,TRUE,TRUE,274578.606
-125,44,TRUE,TRUE,305901.207
-125,45,TRUE,TRUE,140213.028
-125,46,TRUE,TRUE,446260.39
-125,47,TRUE,FALSE,835.135428
-125,47,TRUE,TRUE,69199.1703
-125,48,TRUE,FALSE,25725.6314
-125,48,TRUE,TRUE,879448.147
-125,49,TRUE,FALSE,32622.4226
-125,49,TRUE,TRUE,1243527.38
-125,50,TRUE,TRUE,77596.3705
-125,69,TRUE,TRUE,213.989881
-124,30,TRUE,TRUE,41786.7582
-124,31,TRUE,TRUE,93248.7014
-124,32,TRUE,TRUE,4870.35882
-124,33,TRUE,TRUE,15922.1632
-124,34,TRUE,TRUE,70274.5686
-124,35,TRUE,TRUE,84620.6764
-124,36,TRUE,TRUE,159741.213
-124,37,TRUE,TRUE,265765.228
-124,38,TRUE,TRUE,208853.602
-124,39,TRUE,TRUE,12993.8317
-124,45,TRUE,TRUE,8673.70912
-124,46,TRUE,TRUE,654281.44
-124,47,TRUE,TRUE,17.3341217
-124,48,TRUE,FALSE,86145.6836
-124,48,TRUE,TRUE,2408397.9
-124,49,TRUE,FALSE,83102.4774
-124,49,TRUE,TRUE,2253092.4
-124,50,TRUE,TRUE,2301.44634
-124,69,TRUE,TRUE,330.777348
-124,70,TRUE,TRUE,987.493116
-123,27,TRUE,TRUE,8.0390942
-123,28,TRUE,TRUE,2835.85863
-123,29,TRUE,TRUE,5664.36145
-123,30,TRUE,TRUE,67847.1239
-123,31,TRUE,TRUE,16782.1613
-123,32,TRUE,TRUE,31212.1803
-123,33,TRUE,TRUE,32979.0895
-123,34,TRUE,TRUE,140187.474
-123,35,TRUE,TRUE,209904.897
-123,36,TRUE,TRUE,324122.813
-123,37,TRUE,TRUE,1028017.96
-123,38,TRUE,TRUE,94676.4311
-123,47,TRUE,FALSE,108448.108
-123,47,TRUE,TRUE,4669741.92
-123,48,TRUE,FALSE,47170.3755
-123,48,TRUE,TRUE,2489094
-123,49,TRUE,TRUE,2904.02867
-123,69,TRUE,TRUE,192.876973
-123,70,TRUE,TRUE,1121.11996
-122,28,TRUE,TRUE,14237.5084
-122,29,TRUE,TRUE,76222.6661
-122,30,TRUE,FALSE,5.55227021
-122,30,TRUE,TRUE,67422.2848
-122,31,TRUE,TRUE,10479.4214
-122,32,TRUE,TRUE,33020.2637
-122,33,TRUE,TRUE,119870.117
-122,34,TRUE,TRUE,261493.581
-122,35,TRUE,TRUE,198258.437
-122,36,TRUE,TRUE,107766.923
-122,69,TRUE,TRUE,338.65518
-122,70,TRUE,TRUE,606.894011
-121,23,TRUE,TRUE,7.25676189
-121,26,TRUE,TRUE,2199.29375
-121,27,TRUE,TRUE,12480.1794
-121,28,TRUE,TRUE,52402.8754
-121,29,TRUE,TRUE,94347.081
-121,30,TRUE,TRUE,29175.2773
-121,31,TRUE,TRUE,13010.0835
-121,32,TRUE,TRUE,89768.3544
-121,33,TRUE,TRUE,214014.485
-121,34,TRUE,TRUE,449536.829
-121,35,TRUE,TRUE,27995.1677
-121,69,TRUE,TRUE,290.509658
-121,70,TRUE,TRUE,189.278319
-120,25,TRUE,TRUE,1310.82116
-120,26,TRUE,TRUE,8975.60577
-120,27,TRUE,TRUE,22649.1102
-120,28,TRUE,FALSE,6.91040743
-120,28,TRUE,TRUE,94145.3088
-120,29,TRUE,TRUE,20798.5348
-120,30,TRUE,TRUE,48488.9083
-120,31,TRUE,TRUE,99708.621
-120,32,TRUE,TRUE,179590.658
-120,33,TRUE,TRUE,323205.587
-120,34,TRUE,TRUE,1177115.4
-120,69,TRUE,TRUE,600.995281
-120,70,TRUE,TRUE,550.219742
-119,24,TRUE,TRUE,3104.23151
-119,25,TRUE,TRUE,10573.1973
-119,26,TRUE,TRUE,15236.7218
-119,27,TRUE,TRUE,69136.9827
-119,28,TRUE,TRUE,33458.3365
-119,29,TRUE,FALSE,7.05293942
-119,29,TRUE,TRUE,13166.2654
-119,30,TRUE,TRUE,57389.569
-119,31,TRUE,TRUE,141293.007
-119,32,TRUE,TRUE,353268.36
-119,33,TRUE,TRUE,2500784.67
-119,34,TRUE,TRUE,494.195483
-119,69,TRUE,TRUE,853.282905
-119,70,TRUE,TRUE,208.040455
-118,22,TRUE,TRUE,3293.22448
-118,23,TRUE,TRUE,2635.58922
-118,24,TRUE,TRUE,1272.0858700000001
-118,25,TRUE,TRUE,14991.0862
-118,26,TRUE,TRUE,68688.2874
-118,27,TRUE,TRUE,72612.0564
-118,28,TRUE,FALSE,7.5155195
-118,28,TRUE,TRUE,11006.3507
-118,29,TRUE,TRUE,67161.1314
-118,30,TRUE,TRUE,119214.081
-118,31,TRUE,TRUE,228591.25
-118,32,TRUE,TRUE,1507522.41
-118,33,TRUE,TRUE,1367123.49
-118,68,TRUE,TRUE,83.0625046
-118,69,TRUE,TRUE,343.525105
-118,70,TRUE,TRUE,1050.43625
-117,22,TRUE,TRUE,10503.6526
-117,23,TRUE,TRUE,12710.9005
-117,24,TRUE,TRUE,30242.1577
-117,25,TRUE,TRUE,33877.5732
-117,26,TRUE,FALSE,6.86452607
-117,26,TRUE,TRUE,110560.915
-117,27,TRUE,TRUE,23820.3876
-117,28,TRUE,FALSE,10.495541
-117,28,TRUE,TRUE,130328.973
-117,29,TRUE,TRUE,142223.666
-117,30,TRUE,TRUE,177952.993
-117,31,TRUE,TRUE,297761.058
-117,32,TRUE,TRUE,2538.90851
-117,68,TRUE,TRUE,75.36237
-117,69,TRUE,TRUE,272.225075
-117,70,TRUE,TRUE,335.147221
-116,21,TRUE,TRUE,3697.65557
-116,22,TRUE,FALSE,16.8609579
-116,22,TRUE,TRUE,15620.3534
-116,23,TRUE,TRUE,15503.1434
-116,24,TRUE,TRUE,17711.379
-116,25,TRUE,TRUE,58497.2897
-116,26,TRUE,TRUE,48376.4531
-116,27,TRUE,TRUE,157463.184
-116,28,TRUE,TRUE,160988.228
-116,29,TRUE,TRUE,19243.3303
-116,30,TRUE,TRUE,2227.43507
-116,67,TRUE,TRUE,165.56103
-116,68,TRUE,TRUE,142.63894
-116,69,TRUE,TRUE,89.021111
-116,70,TRUE,TRUE,32.3391776
-115,21,TRUE,TRUE,5412.30844
-115,22,TRUE,FALSE,12.7684352
-115,22,TRUE,TRUE,26513.9571
-115,23,TRUE,TRUE,25279.1381
-115,24,TRUE,FALSE,9.47447479
-115,24,TRUE,TRUE,85560.3814
-115,25,TRUE,FALSE,11.9298973
-115,25,TRUE,TRUE,130740.855
-115,26,TRUE,TRUE,170436.63
-115,27,TRUE,TRUE,85924.8841
-115,28,TRUE,TRUE,41510.2375
-115,29,TRUE,TRUE,7796.313
-115,30,TRUE,TRUE,39807.1881
-115,31,TRUE,TRUE,44162.6349
-115,67,TRUE,TRUE,110.16189
-115,68,TRUE,TRUE,629.982386
-115,69,TRUE,TRUE,308.668566
-114,20,TRUE,TRUE,4844.59185
-114,21,TRUE,TRUE,20113.3212
-114,22,TRUE,TRUE,25500.1231
-114,23,TRUE,TRUE,42131.3588
-114,24,TRUE,FALSE,80.8147726
-114,24,TRUE,TRUE,158683.102
-114,25,TRUE,FALSE,276.644687
-114,25,TRUE,TRUE,119344.181
-114,26,TRUE,TRUE,18131.9576
-114,27,TRUE,TRUE,137.710115
-114,28,TRUE,TRUE,3972.50463
-114,29,TRUE,TRUE,17056.812
-114,30,TRUE,TRUE,36457.7618
-114,31,TRUE,TRUE,40106.0754
-114,67,TRUE,FALSE,106.197276
-114,67,TRUE,TRUE,2563.64005
-114,68,TRUE,TRUE,555.33375
-114,69,TRUE,TRUE,295.119697
-113,0,FALSE,FALSE,39.2701608
-113,18,TRUE,TRUE,541.7876
-113,19,TRUE,TRUE,29.5900661
-113,20,TRUE,FALSE,50.8606511
-113,20,TRUE,TRUE,4929.72977
-113,21,TRUE,TRUE,36257.6085
-113,22,TRUE,TRUE,55813.6013
-113,23,TRUE,TRUE,179283.907
-113,24,TRUE,TRUE,234567.746
-113,25,TRUE,TRUE,49111.7029
-113,26,TRUE,TRUE,6085.16814
-113,27,TRUE,TRUE,52513.1807
-113,28,TRUE,TRUE,28835.3008
-113,29,TRUE,FALSE,1283.47763
-113,29,TRUE,TRUE,14932.4968
-113,30,TRUE,FALSE,189.447562
-113,30,TRUE,TRUE,3580.47454
-113,67,TRUE,TRUE,334.989564
-113,68,TRUE,TRUE,615.824387
-112,0,FALSE,FALSE,79.5913115
-112,19,TRUE,TRUE,3604.7491
-112,20,TRUE,TRUE,39392.2237
-112,21,TRUE,TRUE,62243.9486
-112,22,TRUE,TRUE,153746.485
-112,23,TRUE,TRUE,165527.549
-112,24,TRUE,FALSE,77.7321719
-112,24,TRUE,TRUE,39326.709
-112,25,TRUE,TRUE,54367.8929
-112,26,TRUE,TRUE,123423.921
-112,27,TRUE,TRUE,24481.7688
-112,28,TRUE,TRUE,55171.7477
-112,67,TRUE,TRUE,277.785554
-112,68,TRUE,FALSE,366.325709
-112,68,TRUE,TRUE,1417.93627
-112,70,TRUE,TRUE,18.4107819
-111,0,FALSE,FALSE,80.307736
-111,19,TRUE,TRUE,17318.2015
-111,20,TRUE,TRUE,80180.6073
-111,21,TRUE,FALSE,37.4084936
-111,21,TRUE,TRUE,95968.5592
-111,22,TRUE,TRUE,228265.551
-111,23,TRUE,TRUE,57628.9028
-111,24,TRUE,TRUE,708023.126
-111,25,TRUE,TRUE,37590.3029
-111,26,TRUE,TRUE,33745.9666
-111,27,TRUE,TRUE,149086.32
-111,67,TRUE,TRUE,146.157192
-111,68,TRUE,TRUE,802.084106
-110,0,FALSE,FALSE,79.379858
-110,18,TRUE,TRUE,194.378987
-110,19,TRUE,TRUE,33253.0726
-110,20,TRUE,TRUE,67525.3424
-110,21,TRUE,TRUE,176927.8
-110,22,TRUE,TRUE,167304.465
-110,23,TRUE,TRUE,295944.198
-110,24,TRUE,TRUE,60919.152
-110,25,TRUE,TRUE,143519.906
-110,26,TRUE,TRUE,82192.9656
-110,27,TRUE,TRUE,345.161474
-110,67,TRUE,FALSE,468.710363
-110,67,TRUE,TRUE,591.054662
-110,68,TRUE,FALSE,124.74984
-110,68,TRUE,TRUE,379.83242
-109,-1,FALSE,FALSE,37.7145326
-109,0,FALSE,FALSE,117.039952
-109,18,TRUE,TRUE,10650.5113
-109,19,TRUE,FALSE,50.551427
-109,19,TRUE,TRUE,50225.9793
-109,20,TRUE,FALSE,58.2493027
-109,20,TRUE,TRUE,92918.5425
-109,21,TRUE,FALSE,27.1854325
-109,21,TRUE,TRUE,138107.16
-109,22,TRUE,TRUE,22720.1965
-109,23,TRUE,TRUE,40431.6161
-109,24,TRUE,TRUE,71938.8729
-109,25,TRUE,TRUE,45225.5524
-109,67,TRUE,FALSE,536.356103
-109,67,TRUE,TRUE,479.781121
-109,68,TRUE,FALSE,157.999412
-109,68,TRUE,TRUE,478.066885
-108,-4,FALSE,FALSE,46.2616504
-108,-1,FALSE,FALSE,38.4927399
-108,0,FALSE,FALSE,160.718162
-108,1,FALSE,FALSE,122.000576
-108,17,TRUE,TRUE,1863.34894
-108,18,TRUE,TRUE,15046.2867
-108,19,TRUE,TRUE,88224.6735
-108,20,TRUE,TRUE,175580.507
-108,21,TRUE,TRUE,30714.7987
-108,22,TRUE,TRUE,29790.3968
-108,23,TRUE,TRUE,62224.1337
-108,24,TRUE,TRUE,61277.59
-108,66,TRUE,TRUE,1011.37651
-108,67,TRUE,TRUE,388.407095
-108,68,TRUE,TRUE,212.484363
-107,-4,FALSE,FALSE,37.1777189
-107,-1,FALSE,FALSE,39.1132582
-107,0,FALSE,FALSE,207.338659
-107,1,FALSE,FALSE,88.4639002
-107,13,TRUE,TRUE,30.0210646
-107,14,TRUE,TRUE,2179.15168
-107,15,TRUE,TRUE,1068.54123
-107,16,TRUE,TRUE,5746.95045
-107,17,TRUE,TRUE,18679.2205
-107,18,TRUE,TRUE,61850.5103
-107,19,TRUE,TRUE,162378.039
-107,20,TRUE,TRUE,104370.217
-107,21,TRUE,TRUE,65632.5785
-107,22,TRUE,TRUE,126829.165
-107,23,TRUE,TRUE,272196.681
-107,68,TRUE,TRUE,324.835727
-107,69,TRUE,TRUE,36.7870102
-106,-3,FALSE,FALSE,36.257494
-106,-2,FALSE,FALSE,78.4741135
-106,-1,FALSE,FALSE,38.1371329
-106,0,FALSE,FALSE,168.115866
-106,13,TRUE,TRUE,56.2704081
-106,14,TRUE,TRUE,1593.50226
-106,15,TRUE,TRUE,10055.041
-106,16,TRUE,TRUE,8567.11927
-106,17,TRUE,TRUE,27266.1137
-106,18,TRUE,TRUE,184970.143
-106,19,TRUE,TRUE,177015.006
-106,20,TRUE,TRUE,1144195.74
-106,21,TRUE,TRUE,134302.76
-106,22,TRUE,TRUE,16659.7248
-106,68,TRUE,FALSE,143.618966
-106,68,TRUE,TRUE,1408.85579
-105,-3,FALSE,FALSE,82.1524277
-105,-2,FALSE,FALSE,122.63901
-105,-1,FALSE,FALSE,113.030971
-105,0,FALSE,FALSE,129.357215
-105,14,TRUE,TRUE,3240.62521
-105,15,TRUE,TRUE,5475.19413
-105,16,TRUE,TRUE,9245.31128
-105,17,TRUE,TRUE,84151.6184
-105,18,TRUE,TRUE,289695.665
-105,19,TRUE,TRUE,464543.829
-105,68,TRUE,FALSE,495.596203
-105,68,TRUE,TRUE,2400.53562
-104,-5,FALSE,FALSE,42.8717077
-104,-3,FALSE,FALSE,127.985089
-104,-2,FALSE,FALSE,121.342671
-104,-1,FALSE,FALSE,162.748174
-104,0,FALSE,FALSE,85.4210112
-104,16,TRUE,TRUE,20.0495826
-104,17,TRUE,TRUE,209978.691
-104,18,TRUE,TRUE,90489.0962
-104,68,TRUE,TRUE,538.490248
-103,-5,FALSE,FALSE,44.5626012
-103,-3,FALSE,FALSE,83.1310037
-103,-2,FALSE,FALSE,166.922317
-103,-1,FALSE,FALSE,87.8307327
-103,2,FALSE,FALSE,616.817444
-103,3,FALSE,FALSE,1248.23702
-103,4,FALSE,FALSE,1205.18902
-103,13,TRUE,TRUE,750.531951
-103,14,TRUE,TRUE,5163.9011
-103,15,TRUE,TRUE,12066.9066
-103,16,TRUE,TRUE,69832.2412
-103,17,TRUE,TRUE,330510.444
-103,18,TRUE,TRUE,1334.91813
-103,67,TRUE,TRUE,305.965718
-102,-6,FALSE,FALSE,43.2038172
-102,-5,FALSE,FALSE,44.1576514
-102,-3,FALSE,FALSE,167.600416
-102,-2,FALSE,FALSE,179.363146
-102,-1,FALSE,FALSE,92.1879119
-102,1,FALSE,FALSE,109.460687
-102,2,FALSE,FALSE,792.862693
-102,3,FALSE,FALSE,2355.70753
-102,4,FALSE,FALSE,1603.32622
-102,5,FALSE,FALSE,219.537546
-102,13,TRUE,TRUE,1993.33004
-102,14,TRUE,TRUE,7769.74368
-102,15,TRUE,TRUE,35829.9901
-102,16,TRUE,TRUE,128297.982
-102,17,TRUE,TRUE,119956.838
-102,67,TRUE,TRUE,254.303783
-101,-6,FALSE,FALSE,43.989019
-101,-5,FALSE,FALSE,46.072693
-101,-4,FALSE,FALSE,79.4024814
-101,-3,FALSE,FALSE,271.086314
-101,-2,FALSE,FALSE,231.374141
-101,-1,FALSE,FALSE,47.6736408
-101,2,TRUE,FALSE,1837.73687
-101,2,TRUE,TRUE,43.7275263
-101,3,TRUE,FALSE,333.818618
-101,4,TRUE,FALSE,1878.91893
-101,4,TRUE,TRUE,44.0802241
-101,5,TRUE,FALSE,1577.80168
-101,5,TRUE,TRUE,38.3449422
-101,14,TRUE,TRUE,32230.5024
-101,15,TRUE,TRUE,65662.8071
-101,16,TRUE,TRUE,157679.62
-101,17,TRUE,TRUE,6579.72477
-101,67,TRUE,TRUE,151.342654
-100,-6,FALSE,FALSE,43.2031518
-100,-5,FALSE,FALSE,47.5795583
-100,-4,FALSE,FALSE,124.321046
-100,-3,FALSE,FALSE,222.773531
-100,-2,FALSE,FALSE,149.876087
-100,-1,FALSE,FALSE,106.58276
-100,2,TRUE,FALSE,1254.36186
-100,2,TRUE,TRUE,35.0700463
-100,3,TRUE,FALSE,1728.29155
-100,3,TRUE,TRUE,33.2612485
-100,4,TRUE,FALSE,2668.91812
-100,4,TRUE,TRUE,197.46362
-100,5,TRUE,TRUE,237.271465
-100,7,TRUE,TRUE,28.0258114
-100,11,TRUE,TRUE,1176.55349
-100,12,TRUE,TRUE,6443.32726
-100,13,TRUE,TRUE,11188.0632
-100,14,TRUE,TRUE,46887.1388
-100,15,TRUE,TRUE,137656.01
-100,16,TRUE,TRUE,185987.177
-100,67,TRUE,FALSE,378.484685
-100,67,TRUE,TRUE,473.03906
-99,-6,TRUE,FALSE,46.4411138
-99,-4,FALSE,FALSE,170.120917
-99,-3,FALSE,FALSE,180.8756
-99,-2,FALSE,FALSE,156.426633
-99,-1,FALSE,FALSE,55.4434356
-99,3,TRUE,FALSE,948.161747
-99,3,TRUE,TRUE,32.1432337
-99,12,TRUE,TRUE,11072.9203
-99,13,TRUE,TRUE,28606.0816
-99,14,TRUE,TRUE,71534.8556
-99,15,TRUE,TRUE,145483.557
-99,16,TRUE,TRUE,26575.1511
-99,67,TRUE,FALSE,425.068362
-99,67,TRUE,TRUE,469.273415
-99,68,TRUE,FALSE,218.736393
-99,68,TRUE,TRUE,416.62476
-98,-6,TRUE,FALSE,134.409916
-98,-5,TRUE,FALSE,101.911766
-98,-4,TRUE,FALSE,276.911421
-98,-4,TRUE,TRUE,29.3792099
-98,-3,TRUE,FALSE,337.155498
-98,-3,TRUE,TRUE,31.7794074
-98,-2,TRUE,FALSE,209.645351
-98,-1,TRUE,FALSE,51.454825
-98,2,TRUE,TRUE,327.519108
-98,3,TRUE,TRUE,31.822049
-98,12,TRUE,TRUE,27229.6574
-98,13,TRUE,TRUE,37396.3702
-98,14,TRUE,TRUE,111270.951
-98,15,TRUE,TRUE,135674.78
-98,16,TRUE,TRUE,38.4501672
-98,20,TRUE,TRUE,350407.258
-98,21,TRUE,TRUE,178176.158
-98,22,TRUE,TRUE,662196.56
-98,23,TRUE,TRUE,132281.998
-98,24,TRUE,TRUE,79963.5229
-98,25,TRUE,TRUE,87585.6676
-98,26,TRUE,TRUE,99136.6305
-98,27,TRUE,TRUE,251498.195
-98,67,TRUE,FALSE,490.160316
-98,67,TRUE,TRUE,371.015992
-98,68,TRUE,TRUE,128.998267
-97,-7,TRUE,FALSE,80.5262764
-97,-6,TRUE,FALSE,147.31792
-97,-5,TRUE,FALSE,98.7886344
-97,-4,TRUE,FALSE,157.020024
-97,-3,TRUE,FALSE,227.253951
-97,-2,TRUE,FALSE,105.717663
-97,-1,TRUE,FALSE,52.6157725
-97,1,TRUE,TRUE,43.1014244
-97,2,TRUE,TRUE,454.093964
-97,4,TRUE,TRUE,108.360592
-97,12,TRUE,TRUE,13307.5163
-97,13,TRUE,TRUE,75518.2891
-97,14,TRUE,FALSE,16.5614465
-97,14,TRUE,TRUE,116990.246
-97,15,TRUE,TRUE,90885.3292
-97,19,TRUE,TRUE,194380.165
-97,20,TRUE,TRUE,145580.271
-97,21,TRUE,TRUE,128913.12
-97,22,TRUE,TRUE,80941.2615
-97,23,TRUE,TRUE,104402.938
-97,24,TRUE,TRUE,82285.8947
-97,25,TRUE,TRUE,83800.3228
-97,26,TRUE,TRUE,119849.626
-97,27,TRUE,TRUE,476267.136
-97,28,TRUE,TRUE,518809.297
-97,67,TRUE,FALSE,729.532344
-97,67,TRUE,TRUE,992.454279
-97,68,TRUE,TRUE,245.299433
-96,-7,FALSE,FALSE,95.2548219
-96,-5,TRUE,FALSE,38.8499386
-96,-5,TRUE,TRUE,808.689629
-96,-3,TRUE,FALSE,92.4638064
-96,2,TRUE,TRUE,384.338166
-96,4,TRUE,TRUE,118.318842
-96,11,TRUE,TRUE,4601.61435
-96,12,TRUE,TRUE,23788.9305
-96,13,TRUE,TRUE,80526.4419
-96,14,TRUE,FALSE,32.591599
-96,14,TRUE,TRUE,78614.3004
-96,15,TRUE,TRUE,64847.633
-96,16,TRUE,TRUE,177260.165
-96,18,TRUE,TRUE,28299.1179
-96,19,TRUE,TRUE,260988.991
-96,20,TRUE,TRUE,67275.6812
-96,21,TRUE,TRUE,37371.0173
-96,22,TRUE,TRUE,68566.8822
-96,23,TRUE,TRUE,81641.9785
-96,24,TRUE,TRUE,98244.2386
-96,25,TRUE,TRUE,133535.559
-96,26,TRUE,FALSE,3.37504804
-96,26,TRUE,TRUE,98371.0518
-96,27,TRUE,FALSE,201.761014
-96,27,TRUE,TRUE,165933.958
-96,28,TRUE,TRUE,420660.697
-96,29,TRUE,TRUE,796354.241
-96,67,TRUE,FALSE,650.6233
-96,67,TRUE,TRUE,897.379595
-96,68,TRUE,TRUE,257.359932
-95,3,TRUE,TRUE,35.8759347
-95,4,TRUE,TRUE,35.8705263
-95,7,TRUE,TRUE,1153.45676
-95,11,TRUE,TRUE,1824.5183
-95,12,TRUE,TRUE,18811.6314
-95,13,TRUE,FALSE,7460.7809
-95,13,TRUE,TRUE,82986.8697
-95,14,TRUE,TRUE,53803.3574
-95,15,TRUE,TRUE,24144.0012
-95,16,TRUE,TRUE,4528.39376
-95,18,TRUE,TRUE,408866.417
-95,19,TRUE,TRUE,107992.2
-95,20,TRUE,TRUE,94419.5164
-95,21,TRUE,FALSE,9.15540042
-95,21,TRUE,TRUE,56948.6714
-95,22,TRUE,FALSE,7.33220448
-95,22,TRUE,TRUE,73208.6712
-95,23,TRUE,FALSE,8.69441818
-95,23,TRUE,TRUE,47617.1072
-95,24,TRUE,TRUE,93945.2376
-95,25,TRUE,FALSE,11.3049329
-95,25,TRUE,TRUE,154878.53
-95,26,TRUE,FALSE,3254.02927
-95,26,TRUE,TRUE,251936.772
-95,27,TRUE,FALSE,8774.66583
-95,27,TRUE,TRUE,577178.559
-95,28,TRUE,TRUE,1066478.22
-95,29,TRUE,TRUE,1986896.84
-95,58,TRUE,FALSE,1339.92232
-95,58,TRUE,TRUE,2402.91785
-95,59,TRUE,FALSE,1605.72028
-95,59,TRUE,TRUE,3775.97445
-95,60,TRUE,FALSE,761.385329
-95,60,TRUE,TRUE,9286.16302
-95,61,TRUE,TRUE,753.064264
-95,68,TRUE,FALSE,351.119798
-95,68,TRUE,TRUE,418.071194
-94,-8,FALSE,FALSE,49.41806
-94,-3,TRUE,TRUE,81.992244
-94,-2,TRUE,TRUE,2775.61784
-94,-1,TRUE,TRUE,3685.45861
-94,0,TRUE,TRUE,1097.02557
-94,1,TRUE,TRUE,1555.17967
-94,9,TRUE,TRUE,238.279007
-94,10,TRUE,TRUE,7451.43662
-94,11,TRUE,TRUE,26109.2491
-94,12,TRUE,FALSE,20.7565617
-94,12,TRUE,TRUE,141230.749
-94,13,TRUE,TRUE,95485.4646
-94,14,TRUE,TRUE,61815.0681
-94,15,TRUE,TRUE,50889.7163
-94,18,TRUE,TRUE,574019.773
-94,19,TRUE,TRUE,90263.4429
-94,20,TRUE,FALSE,18.7854724
-94,20,TRUE,TRUE,111350.472
-94,21,TRUE,FALSE,10.4465958
-94,21,TRUE,TRUE,71332.0061
-94,22,TRUE,FALSE,7.79213324
-94,22,TRUE,TRUE,62064.9138
-94,23,TRUE,FALSE,7.84937679
-94,23,TRUE,TRUE,55556.0662
-94,24,TRUE,FALSE,6.45655718
-94,24,TRUE,TRUE,87972.5575
-94,25,TRUE,FALSE,9.64526396
-94,25,TRUE,TRUE,163585.231
-94,26,TRUE,FALSE,6.43606806
-94,26,TRUE,TRUE,261686.319
-94,27,TRUE,FALSE,2861.85645
-94,27,TRUE,TRUE,256840.59
-94,28,TRUE,TRUE,632939.474
-94,29,TRUE,TRUE,1232327.06
-94,58,TRUE,FALSE,2027.2683
-94,58,TRUE,TRUE,7422.35899
-94,59,TRUE,TRUE,94.7500319
-94,60,TRUE,TRUE,310.162692
-94,61,TRUE,FALSE,4003.16754
-94,61,TRUE,TRUE,7248.11729
-94,62,TRUE,FALSE,87.8742842
-94,62,TRUE,TRUE,585.804067
-94,63,TRUE,TRUE,388.645967
-94,68,TRUE,TRUE,104.188568
-94,69,TRUE,FALSE,111.140428
-94,69,TRUE,TRUE,373.768135
-93,-5,FALSE,FALSE,51.6304501
-93,-3,TRUE,TRUE,4061.18777
-93,-2,TRUE,TRUE,12281.8211
-93,-1,TRUE,TRUE,8861.00636
-93,0,TRUE,TRUE,4232.11902
-93,1,TRUE,TRUE,678.825068
-93,2,TRUE,TRUE,227.05902
-93,9,TRUE,TRUE,4908.49164
-93,10,TRUE,FALSE,35.7025993
-93,10,TRUE,TRUE,44398.0765
-93,11,TRUE,FALSE,29.2002883
-93,11,TRUE,TRUE,58146.1761
-93,12,TRUE,FALSE,42.28429
-93,12,TRUE,TRUE,168962.009
-93,13,TRUE,FALSE,34.9818529
-93,13,TRUE,TRUE,72041.8468
-93,14,TRUE,TRUE,160334.622
-93,15,TRUE,TRUE,1441.35371
-93,18,TRUE,TRUE,313071.769
-93,19,TRUE,TRUE,565298.292
-93,20,TRUE,FALSE,1534.56014
-93,20,TRUE,TRUE,111616.301
-93,21,TRUE,FALSE,26.6688994
-93,21,TRUE,TRUE,141227.468
-93,22,TRUE,FALSE,12.5891321
-93,22,TRUE,TRUE,77685.8028
-93,23,TRUE,FALSE,11.501421
-93,23,TRUE,TRUE,22095.9821
-93,24,TRUE,FALSE,4.04364266
-93,24,TRUE,TRUE,90807.3152
-93,25,TRUE,FALSE,8332.06139
-93,25,TRUE,TRUE,267711.645
-93,26,TRUE,FALSE,18.1514071
-93,26,TRUE,TRUE,220158.922
-93,27,TRUE,FALSE,9911.55142
-93,27,TRUE,TRUE,576466.486
-93,28,TRUE,TRUE,512707.87
-93,29,TRUE,TRUE,332948.354
-93,57,TRUE,FALSE,1187.37057
-93,57,TRUE,TRUE,3693.40484
-93,58,TRUE,FALSE,190.475655
-93,58,TRUE,TRUE,1661.2515
-93,61,TRUE,FALSE,2208.84644
-93,61,TRUE,TRUE,3553.17883
-93,62,TRUE,FALSE,3021.87814
-93,62,TRUE,TRUE,10577.8453
-93,63,TRUE,TRUE,320.990818
-92,-5,FALSE,FALSE,25.193548
-92,-3,TRUE,TRUE,2812.79635
-92,-2,TRUE,TRUE,14013.36
-92,-1,TRUE,TRUE,207204.477
-92,0,TRUE,TRUE,46240.2932
-92,1,TRUE,TRUE,25724.4371
-92,2,TRUE,TRUE,362.268026
-92,9,TRUE,TRUE,2106.22909
-92,10,TRUE,FALSE,58.1480407
-92,10,TRUE,TRUE,71143.8703
-92,11,TRUE,FALSE,4010.86526
-92,11,TRUE,TRUE,159683.905
-92,12,TRUE,TRUE,110275.491
-92,13,TRUE,TRUE,125045.38
-92,14,TRUE,TRUE,5444.59261
-92,18,TRUE,TRUE,240604.503
-92,19,TRUE,TRUE,262988.549
-92,20,TRUE,TRUE,94600.7207
-92,21,TRUE,TRUE,133925.132
-92,22,TRUE,TRUE,97968.8802
-92,23,TRUE,TRUE,54502.3431
-92,24,TRUE,FALSE,15.1630109
-92,24,TRUE,TRUE,113268.226
-92,25,TRUE,FALSE,8012.18673
-92,25,TRUE,TRUE,272895.234
-92,26,TRUE,FALSE,7173.19609
-92,26,TRUE,TRUE,428464.478
-92,27,TRUE,FALSE,9906.41527
-92,27,TRUE,TRUE,481472.866
-92,28,TRUE,FALSE,5363.57592
-92,28,TRUE,TRUE,491384.311
-92,29,TRUE,TRUE,659652.028
-92,57,TRUE,TRUE,850.517527
-92,58,TRUE,TRUE,81.1437567
-92,59,TRUE,TRUE,102.336797
-92,62,TRUE,FALSE,941.928783
-92,62,TRUE,TRUE,6326.66199
-92,63,TRUE,TRUE,255.134133
-91,-6,FALSE,FALSE,24.129889
-91,-3,TRUE,TRUE,1971.56073
-91,-2,TRUE,TRUE,78554.994
-91,-1,TRUE,TRUE,1611356.71
-91,0,TRUE,TRUE,13370.9208
-91,1,TRUE,TRUE,1513.86666
-91,2,TRUE,TRUE,161.026937
-91,8,TRUE,FALSE,1366.06345
-91,8,TRUE,TRUE,1243.1399
-91,9,TRUE,TRUE,34086.3803
-91,10,TRUE,TRUE,15387.3516
-91,11,TRUE,FALSE,19.4460732
-91,11,TRUE,TRUE,166747.699
-91,12,TRUE,TRUE,27304.4829
-91,13,TRUE,TRUE,349543.793
-91,19,TRUE,TRUE,92659.4377
-91,20,TRUE,TRUE,4129.30402
-91,21,TRUE,TRUE,64955.5157
-91,22,TRUE,TRUE,99852.9285
-91,23,TRUE,TRUE,39917.1444
-91,24,TRUE,FALSE,5.6959837
-91,24,TRUE,TRUE,202404.075
-91,25,TRUE,FALSE,6854.17786
-91,25,TRUE,TRUE,325874.071
-91,26,TRUE,FALSE,5844.41961
-91,26,TRUE,TRUE,469691.039
-91,27,TRUE,FALSE,14221.5468
-91,27,TRUE,TRUE,756699.31
-91,28,TRUE,TRUE,1102486.54
-91,29,TRUE,TRUE,3121036.99
-91,57,TRUE,FALSE,714.216912
-91,57,TRUE,TRUE,1362.39131
-91,58,TRUE,TRUE,103.924017
-91,62,TRUE,FALSE,136.951348
-91,62,TRUE,TRUE,2089.78955
-91,63,TRUE,FALSE,260.900889
-91,63,TRUE,TRUE,1996.58195
-91,65,TRUE,TRUE,103.479626
-90,-9,FALSE,FALSE,41.4134398
-90,-3,TRUE,TRUE,2209.44737
-90,-2,TRUE,TRUE,42625.6162
-90,-1,TRUE,TRUE,412116.648
-90,0,TRUE,TRUE,10750.3295
-90,1,TRUE,TRUE,3730.16065
-90,2,TRUE,FALSE,235.062815
-90,2,TRUE,TRUE,1668.85677
-90,8,TRUE,FALSE,1276.37072
-90,8,TRUE,TRUE,247.913128
-90,9,TRUE,TRUE,16553.6577
-90,10,TRUE,FALSE,32.9501224
-90,10,TRUE,TRUE,115905.369
-90,11,TRUE,FALSE,15.607281
-90,11,TRUE,TRUE,85145.617800000007
-90,12,TRUE,TRUE,32633.425
-90,13,TRUE,TRUE,297285.601
-90,21,TRUE,TRUE,263476.525
-90,22,TRUE,TRUE,127583.587
-90,23,TRUE,TRUE,103718.046
-90,24,TRUE,FALSE,3034.60392
-90,24,TRUE,TRUE,306890.243
-90,25,TRUE,FALSE,6141.34024
-90,25,TRUE,TRUE,331094.928
-90,26,TRUE,TRUE,165079.495
-90,27,TRUE,FALSE,4160.47338
-90,27,TRUE,TRUE,216663.047
-90,28,TRUE,FALSE,30180.874
-90,28,TRUE,TRUE,1136210.72
-90,29,TRUE,TRUE,1882790.63
-90,30,TRUE,TRUE,338030.996
-90,56,TRUE,FALSE,408.844891
-90,56,TRUE,TRUE,1605.038
-90,57,TRUE,FALSE,760.389618
-90,57,TRUE,TRUE,1164.67225
-90,63,TRUE,FALSE,1385.20308
-90,63,TRUE,TRUE,2421.71683
-90,64,TRUE,FALSE,750.987877
-90,64,TRUE,TRUE,968.642171
-90,65,TRUE,TRUE,1604.20304
-89,-34,TRUE,TRUE,360.579003
-89,-5,FALSE,FALSE,565.95851
-89,-2,TRUE,TRUE,1210.41901
-89,-1,TRUE,TRUE,2690.69011
-89,0,TRUE,TRUE,2063.49711
-89,1,TRUE,TRUE,1487.60965
-89,8,TRUE,TRUE,7187.65968
-89,9,TRUE,TRUE,27289.4262
-89,10,TRUE,TRUE,193265.031
-89,11,TRUE,FALSE,21.6440629
-89,11,TRUE,TRUE,76642.4487
-89,12,TRUE,TRUE,59857.9046
-89,13,TRUE,TRUE,28544.7581
-89,15,TRUE,TRUE,542653.303
-89,16,TRUE,TRUE,240606.451
-89,17,TRUE,TRUE,167133.252
-89,18,TRUE,TRUE,7691.68199
-89,21,TRUE,TRUE,39886.9486
-89,22,TRUE,FALSE,670.288057
-89,22,TRUE,TRUE,116310.128
-89,23,TRUE,FALSE,3529.89238
-89,23,TRUE,TRUE,262566.327
-89,24,TRUE,FALSE,24.2047323
-89,24,TRUE,TRUE,268199.489
-89,25,TRUE,FALSE,30.6244029
-89,25,TRUE,TRUE,222983.645
-89,26,TRUE,FALSE,3799.61903
-89,26,TRUE,TRUE,251847.884
-89,27,TRUE,FALSE,5880.69206
-89,27,TRUE,TRUE,301056.61
-89,28,TRUE,FALSE,7068.48193
-89,28,TRUE,TRUE,675019.184
-89,29,TRUE,TRUE,584562.577
-89,30,TRUE,TRUE,1570585.1
-89,56,TRUE,FALSE,464.044676
-89,56,TRUE,TRUE,1094.89925
-89,58,TRUE,TRUE,63.6782391
-89,59,TRUE,TRUE,100.720194
-89,63,TRUE,FALSE,241.648715
-89,63,TRUE,TRUE,562.650539
-89,64,TRUE,TRUE,786.066217
-89,65,TRUE,TRUE,776.839351
-88,-6,FALSE,FALSE,38.6716454
-88,-5,FALSE,FALSE,612.844173
-88,-4,FALSE,FALSE,38.2958395
-88,9,TRUE,FALSE,73.0287241
-88,9,TRUE,TRUE,115558.559
-88,10,TRUE,TRUE,99936.0811
-88,11,TRUE,TRUE,56346.5403
-88,12,TRUE,TRUE,196354.184
-88,13,TRUE,TRUE,200669.834
-88,15,TRUE,TRUE,287969.194
-88,16,TRUE,TRUE,219972.839
-88,17,TRUE,TRUE,197198.746
-88,18,TRUE,TRUE,217767.468
-88,19,TRUE,TRUE,88237.4293
-88,20,TRUE,TRUE,213487.894
-88,21,TRUE,TRUE,45065.1651
-88,22,TRUE,FALSE,1111.53412
-88,22,TRUE,TRUE,214684.127
-88,23,TRUE,FALSE,3440.01465
-88,23,TRUE,TRUE,250939.446
-88,24,TRUE,FALSE,28.3496916
-88,24,TRUE,TRUE,289393.866
-88,25,TRUE,FALSE,5.28686983
-88,25,TRUE,TRUE,186541.765
-88,26,TRUE,TRUE,141462.444
-88,27,TRUE,TRUE,15931.4332
-88,28,TRUE,TRUE,156407.475
-88,29,TRUE,TRUE,261507.799
-88,30,TRUE,TRUE,660800.856
-88,55,TRUE,TRUE,73.9856019
-88,56,TRUE,FALSE,577.739514
-88,56,TRUE,TRUE,714.681908
-88,57,TRUE,TRUE,50.506673
-88,58,TRUE,TRUE,193.219512
-88,62,TRUE,TRUE,55.8517769
-88,63,TRUE,FALSE,345.124682
-88,63,TRUE,TRUE,809.481561
-88,64,TRUE,FALSE,665.948067
-88,64,TRUE,TRUE,1866.96555
-88,65,TRUE,TRUE,80.4876067
-87,-7,TRUE,FALSE,214.029498
-87,-7,TRUE,TRUE,34.7021788
-87,-6,TRUE,FALSE,78.2349309
-87,-5,FALSE,FALSE,787.019068
-87,-4,FALSE,FALSE,146.636496
-87,8,TRUE,TRUE,53796.2286
-87,9,TRUE,TRUE,150882.78
-87,10,TRUE,TRUE,114730.56
-87,11,TRUE,TRUE,54737.0837
-87,12,TRUE,TRUE,53621.4869
-87,15,TRUE,TRUE,21505.4976
-87,16,TRUE,TRUE,582175.378
-87,17,TRUE,TRUE,33808.6618
-87,18,TRUE,TRUE,132709.467
-87,19,TRUE,TRUE,145553.622
-87,20,TRUE,TRUE,776746.957
-87,21,TRUE,TRUE,607719.011
-87,22,TRUE,TRUE,415119.91
-87,23,TRUE,FALSE,25.4724928
-87,23,TRUE,TRUE,90257.4249
-87,24,TRUE,FALSE,83673.982
-87,24,TRUE,TRUE,29201.7143
-87,25,TRUE,FALSE,18068.9937
-87,25,TRUE,TRUE,18682.7483
-87,26,TRUE,FALSE,64.9950729
-87,26,TRUE,TRUE,11074.4227
-87,27,TRUE,FALSE,104.816973
-87,27,TRUE,TRUE,18998.3315
-87,28,TRUE,TRUE,50531.7623
-87,29,TRUE,TRUE,26765.7911
-87,30,TRUE,TRUE,305103.02
-87,55,TRUE,FALSE,424.650281
-87,55,TRUE,TRUE,635.323867
-87,56,TRUE,TRUE,569.764187
-87,57,TRUE,TRUE,216.282155
-87,58,TRUE,TRUE,150.156737
-87,59,TRUE,TRUE,148.841003
-87,63,TRUE,FALSE,641.114954
-87,63,TRUE,TRUE,1166.43652
-87,64,TRUE,FALSE,280.241622
-87,64,TRUE,TRUE,583.576457
-87,65,TRUE,FALSE,555.650462
-87,65,TRUE,TRUE,1110.63918
-87,66,TRUE,FALSE,45.2907868
-87,66,TRUE,TRUE,331.67494
-86,-14,FALSE,FALSE,52.0740146
-86,-8,TRUE,FALSE,38.062328
-86,-7,TRUE,FALSE,1560.09594
-86,-7,TRUE,TRUE,4254.42268
-86,-6,TRUE,FALSE,1425.22827
-86,-6,TRUE,TRUE,36.4032878
-86,-5,FALSE,FALSE,844.735858
-86,-4,FALSE,FALSE,149.931068
-86,-3,FALSE,FALSE,36.3701953
-86,8,TRUE,TRUE,147786.958
-86,9,TRUE,TRUE,129550.426
-86,10,TRUE,TRUE,135559.232
-86,11,TRUE,TRUE,2146.6422
-86,15,TRUE,TRUE,11358.917
-86,16,TRUE,TRUE,188716.166
-86,17,TRUE,TRUE,3330.04699
-86,18,TRUE,FALSE,554.472702
-86,18,TRUE,TRUE,1526.51753
-86,19,TRUE,TRUE,1626.42482
-86,20,TRUE,TRUE,5706.45664
-86,21,TRUE,TRUE,455666.88
-86,22,TRUE,TRUE,280963.928
-86,23,TRUE,TRUE,44183.6429
-86,24,TRUE,FALSE,83.5436475
-86,24,TRUE,TRUE,19166.3333
-86,25,TRUE,FALSE,26.958248
-86,25,TRUE,TRUE,13346.568
-86,26,TRUE,FALSE,16.227914
-86,26,TRUE,TRUE,11255.6951
-86,27,TRUE,FALSE,21.7755054
-86,27,TRUE,TRUE,8459.45021
-86,28,TRUE,FALSE,522.493301
-86,28,TRUE,TRUE,25843.5046
-86,29,TRUE,FALSE,203.82722
-86,29,TRUE,TRUE,49860.0421
-86,30,TRUE,FALSE,58.5897642
-86,30,TRUE,TRUE,118550.585
-86,55,TRUE,FALSE,503.441718
-86,55,TRUE,TRUE,842.918595
-86,56,TRUE,TRUE,55.234997
-86,57,TRUE,TRUE,159.242134
-86,58,TRUE,TRUE,1687.43299
-86,59,TRUE,TRUE,619.646855
-86,62,TRUE,TRUE,54.5516754
-86,63,TRUE,FALSE,569.833103
-86,63,TRUE,TRUE,1045.56434
-86,66,TRUE,FALSE,214.825574
-86,66,TRUE,TRUE,464.856413
-85,-17,FALSE,FALSE,48.8638177
-85,-15,FALSE,FALSE,97.6052306
-85,-9,FALSE,FALSE,38.2638658
-85,-8,TRUE,FALSE,607.663792
-85,-7,TRUE,FALSE,2561.86172
-85,-7,TRUE,TRUE,1586.41949
-85,-6,TRUE,FALSE,1809.75791
-85,-6,TRUE,TRUE,510.576726
-85,-5,FALSE,FALSE,61.3415517
-85,-4,FALSE,FALSE,62.1542558
-85,7,TRUE,TRUE,79750.4044
-85,8,TRUE,TRUE,163513.442
-85,9,TRUE,TRUE,540992.855
-85,10,TRUE,TRUE,3217.48054
-85,15,TRUE,TRUE,24808.4199
-85,16,TRUE,TRUE,73752.3715
-85,17,TRUE,TRUE,2146.52894
-85,18,TRUE,TRUE,13.2456526
-85,19,TRUE,TRUE,18.6224737
-85,20,TRUE,TRUE,333497.856
-85,21,TRUE,TRUE,247588.391
-85,22,TRUE,TRUE,284393.396
-85,23,TRUE,FALSE,9.64298497
-85,23,TRUE,TRUE,302298.909
-85,24,TRUE,FALSE,39.7820477
-85,24,TRUE,TRUE,21031.4591
-85,25,TRUE,FALSE,19.6210818
-85,25,TRUE,TRUE,26581.4741
-85,26,TRUE,TRUE,7430.18196
-85,27,TRUE,TRUE,99573.4768
-85,28,TRUE,TRUE,24538.3196
-85,29,TRUE,TRUE,41052.547
-85,30,TRUE,TRUE,700.125159
-85,55,TRUE,FALSE,616.636142
-85,55,TRUE,TRUE,880.197904
-85,57,TRUE,TRUE,182.608598
-85,58,TRUE,TRUE,516.156746
-85,59,TRUE,TRUE,209.543066
-85,61,TRUE,TRUE,416.063815
-85,62,TRUE,TRUE,247.998435
-85,63,TRUE,FALSE,827.714649
-85,63,TRUE,TRUE,966.164154
-84,-18,FALSE,FALSE,47.8627346
-84,-17,FALSE,FALSE,54.248476
-84,-16,FALSE,FALSE,41.7456182
-84,-15,FALSE,FALSE,43.0700493
-84,-10,FALSE,FALSE,39.1010084
-84,6,TRUE,TRUE,2096.89047
-84,7,TRUE,TRUE,184768.288
-84,8,TRUE,TRUE,233283
-84,9,TRUE,TRUE,26733.4325
-84,10,TRUE,TRUE,88412.3701
-84,11,TRUE,TRUE,11131.7582
-84,12,TRUE,TRUE,14343.9644
-84,13,TRUE,TRUE,15073.2319
-84,14,TRUE,TRUE,14070.7088
-84,15,TRUE,TRUE,88868.4001
-84,16,TRUE,TRUE,90235.5581
-84,18,TRUE,FALSE,165.489982
-84,18,TRUE,TRUE,2952.86187
-84,19,TRUE,FALSE,12484.3646
-84,19,TRUE,TRUE,9567.12086
-84,20,TRUE,FALSE,2105.18346
-84,20,TRUE,TRUE,268824.671
-84,21,TRUE,FALSE,1160.96816
-84,21,TRUE,TRUE,90979.7476
-84,22,TRUE,FALSE,591.230341
-84,22,TRUE,TRUE,60307.0127
-84,23,TRUE,FALSE,13807.4014
-84,23,TRUE,TRUE,438239.377
-84,24,TRUE,FALSE,2843.75104
-84,24,TRUE,TRUE,231181.537
-84,25,TRUE,FALSE,25.0141892
-84,25,TRUE,TRUE,63650.1598
-84,26,TRUE,TRUE,50071.5982
-84,27,TRUE,TRUE,274103.5
-84,28,TRUE,TRUE,40305.7996
-84,29,TRUE,TRUE,16128.9935
-84,30,TRUE,TRUE,173.907976
-84,55,TRUE,TRUE,1668.60259
-84,62,TRUE,FALSE,418.785259
-84,62,TRUE,TRUE,347.321795
-84,63,TRUE,FALSE,205.042242
-84,63,TRUE,TRUE,588.497654
-84,64,TRUE,TRUE,273.189174
-84,65,TRUE,TRUE,177.157344
-83,-18,FALSE,FALSE,96.2802348
-83,-17,FALSE,FALSE,152.792131
-83,-16,FALSE,FALSE,55.5350045
-83,-15,FALSE,FALSE,44.4919265
-83,-14,FALSE,FALSE,46.3236605
-83,-13,TRUE,TRUE,46.2768059
-83,-8,TRUE,TRUE,1220.44376
-83,-7,TRUE,TRUE,53.8195284
-83,-4,TRUE,TRUE,2425.47298
-83,-3,TRUE,TRUE,7293.7177
-83,-2,TRUE,TRUE,8909.78566
-83,-1,TRUE,TRUE,4154.59959
-83,6,TRUE,FALSE,263.757244
-83,6,TRUE,TRUE,74623.6543
-83,7,TRUE,TRUE,151419.203
-83,8,TRUE,TRUE,260053.024
-83,9,TRUE,TRUE,341613.323
-83,10,TRUE,TRUE,152992.093
-83,11,TRUE,TRUE,15785.2322
-83,12,TRUE,FALSE,443.825752
-83,12,TRUE,TRUE,27135.8734
-83,13,TRUE,FALSE,1405.33516
-83,13,TRUE,TRUE,65646.4202
-83,14,TRUE,FALSE,1155.044
-83,14,TRUE,TRUE,48538.5651
-83,15,TRUE,TRUE,57923.2984
-83,16,TRUE,TRUE,72593.2562
-83,17,TRUE,TRUE,48414.4548
-83,18,TRUE,TRUE,227377.686
-83,19,TRUE,TRUE,244748.374
-83,20,TRUE,FALSE,3.79166187
-83,20,TRUE,TRUE,133609.492
-83,21,TRUE,FALSE,492.55451
-83,21,TRUE,TRUE,37662.8965
-83,22,TRUE,FALSE,304.456674
-83,22,TRUE,TRUE,34658.7768
-83,23,TRUE,FALSE,13592.7263
-83,23,TRUE,TRUE,557315.099
-83,24,TRUE,FALSE,3972.07975
-83,24,TRUE,TRUE,439827.718
-83,25,TRUE,TRUE,51376.3231
-83,26,TRUE,TRUE,234110.828
-83,27,TRUE,TRUE,1717915.43
-83,28,TRUE,TRUE,119269.961
-83,29,TRUE,TRUE,2186.15795
-83,52,TRUE,TRUE,175.92187
-83,53,TRUE,FALSE,920.221373
-83,53,TRUE,TRUE,3480.31444
-83,54,TRUE,TRUE,430.519847
-83,55,TRUE,TRUE,1902.61979
-83,61,TRUE,TRUE,112.895709
-83,62,TRUE,TRUE,449.803455
-83,63,TRUE,FALSE,209.219135
-83,63,TRUE,TRUE,399.221721
-83,64,TRUE,TRUE,119.143343
-83,66,TRUE,TRUE,134.98273
-83,68,TRUE,TRUE,1048.74065
-82,-35,TRUE,TRUE,457.575521
-82,-19,FALSE,FALSE,51.9565896
-82,-18,FALSE,FALSE,148.235619
-82,-17,FALSE,FALSE,194.380277
-82,-16,FALSE,FALSE,145.786303
-82,-15,FALSE,FALSE,45.5443801
-82,-13,TRUE,TRUE,57.1934726
-82,-12,TRUE,TRUE,61.4246862
-82,-9,TRUE,TRUE,1614.20676
-82,-8,TRUE,FALSE,335.516574
-82,-8,TRUE,TRUE,43976.6745
-82,-7,TRUE,FALSE,1675.22802
-82,-7,TRUE,TRUE,87306.0935
-82,-6,TRUE,FALSE,4375.18511
-82,-6,TRUE,TRUE,222137.062
-82,-5,TRUE,FALSE,15385.327
-82,-5,TRUE,TRUE,254888.37
-82,-4,TRUE,FALSE,1835.42465
-82,-4,TRUE,TRUE,103171.859
-82,-3,TRUE,FALSE,674.503958
-82,-3,TRUE,TRUE,160200.089
-82,-2,TRUE,FALSE,726.921099
-82,-2,TRUE,TRUE,130740.883
-82,-1,TRUE,FALSE,176.359295
-82,-1,TRUE,TRUE,53978.7222
-82,1,TRUE,TRUE,1378.15567
-82,6,TRUE,TRUE,322271.998
-82,7,TRUE,TRUE,50332.2019
-82,8,TRUE,TRUE,2280.63926
-82,9,TRUE,FALSE,3304.32339
-82,9,TRUE,TRUE,159326.892
-82,10,TRUE,TRUE,3930.47682
-82,11,TRUE,TRUE,477.931528
-82,12,TRUE,TRUE,24241.4123
-82,13,TRUE,TRUE,45581.6295
-82,14,TRUE,TRUE,107672.38
-82,15,TRUE,TRUE,178057.894
-82,16,TRUE,TRUE,220977.327
-82,17,TRUE,TRUE,190800.574
-82,18,TRUE,FALSE,23.8486048
-82,18,TRUE,TRUE,184133.346
-82,19,TRUE,FALSE,3758.99076
-82,19,TRUE,TRUE,345866.724
-82,20,TRUE,FALSE,5.58506645
-82,20,TRUE,TRUE,54842.6297
-82,21,TRUE,FALSE,506.151598
-82,21,TRUE,TRUE,37376.859
-82,22,TRUE,FALSE,146.148158
-82,22,TRUE,TRUE,13893.877
-82,23,TRUE,FALSE,13446
-82,23,TRUE,TRUE,604739.356
-82,24,TRUE,TRUE,1125783.88
-82,25,TRUE,TRUE,107733.139
-82,26,TRUE,TRUE,577893.526
-82,27,FALSE,FALSE,5106.32059
-82,28,FALSE,FALSE,2276.96131
-82,29,TRUE,FALSE,20.0082991
-82,29,TRUE,TRUE,139170.495
-82,30,TRUE,TRUE,776779.667
-82,31,TRUE,TRUE,199233.93
-82,52,TRUE,FALSE,1067.9698
-82,52,TRUE,TRUE,1334.44998
-82,53,TRUE,FALSE,1927.75125
-82,53,TRUE,TRUE,6854.52471
-82,61,TRUE,TRUE,112.90435
-82,62,TRUE,TRUE,40.6882827
-82,64,TRUE,TRUE,461.129562
-81,-35,TRUE,TRUE,400.336111
-81,-34,TRUE,TRUE,11.3388503
-81,-20,FALSE,FALSE,45.9011803
-81,-19,FALSE,FALSE,182.580732
-81,-18,FALSE,FALSE,293.323189
-81,-17,FALSE,FALSE,123.105049
-81,-16,FALSE,FALSE,106.05968
-81,-15,FALSE,FALSE,50.4501165
-81,-12,TRUE,TRUE,4610.277
-81,-11,TRUE,FALSE,257.829142
-81,-11,TRUE,TRUE,8236.4163
-81,-10,TRUE,FALSE,89.9295997
-81,-10,TRUE,TRUE,18149.2868
-81,-9,TRUE,FALSE,99.7820664
-81,-9,TRUE,TRUE,87106.5633
-81,-8,TRUE,FALSE,972.264842
-81,-8,TRUE,TRUE,116446.341
-81,-7,TRUE,FALSE,222.990075
-81,-7,TRUE,TRUE,33670.3753
-81,-6,TRUE,FALSE,161.708398
-81,-6,TRUE,TRUE,3843.93916
-81,-4,TRUE,TRUE,506416.753
-81,-3,TRUE,TRUE,983300.567
-81,-2,TRUE,FALSE,338.067811
-81,-2,TRUE,TRUE,14240.7056
-81,-1,TRUE,TRUE,213568.683
-81,0,TRUE,FALSE,1604.83629
-81,0,TRUE,TRUE,148587.121
-81,1,TRUE,TRUE,107590.572
-81,2,TRUE,TRUE,2304.25631
-81,5,TRUE,TRUE,18.190445
-81,6,TRUE,TRUE,389029.236
-81,7,TRUE,TRUE,83951.912
-81,8,TRUE,TRUE,17665.1088
-81,9,TRUE,TRUE,218748.177
-81,10,TRUE,TRUE,143921.632
-81,11,TRUE,TRUE,125317.544
-81,12,TRUE,FALSE,22.8867429
-81,12,TRUE,TRUE,139898.216
-81,13,TRUE,TRUE,68628.946
-81,14,TRUE,FALSE,14.4323459
-81,14,TRUE,TRUE,128047.168
-81,15,TRUE,FALSE,1369.77352
-81,15,TRUE,TRUE,153935.375
-81,16,TRUE,FALSE,1658.07629
-81,16,TRUE,TRUE,217928.431
-81,17,TRUE,FALSE,10.3138727
-81,17,TRUE,TRUE,156377.695
-81,18,TRUE,TRUE,97206.2191
-81,19,TRUE,FALSE,1439.54491
-81,19,TRUE,TRUE,181159.793
-81,20,TRUE,FALSE,4.32761971
-81,20,TRUE,TRUE,50088.8609
-81,21,TRUE,FALSE,604.767415
-81,21,TRUE,TRUE,45122.3597
-81,22,TRUE,TRUE,16740.4703
-81,23,TRUE,FALSE,1318.94948
-81,23,TRUE,TRUE,215006.316
-81,24,TRUE,TRUE,450420.753
-81,25,TRUE,TRUE,664600.949
-81,26,TRUE,TRUE,208477.893
-81,27,TRUE,TRUE,648294.206
-81,28,TRUE,TRUE,970296.131
-81,29,TRUE,TRUE,367514.994
-81,30,TRUE,TRUE,317773.935
-81,31,TRUE,TRUE,547711.388
-81,32,TRUE,TRUE,531695.824
-81,51,TRUE,FALSE,1759.34885
-81,51,TRUE,TRUE,2709.75265
-81,52,TRUE,FALSE,2319.06734
-81,52,TRUE,TRUE,3014.01953
-81,53,TRUE,FALSE,1415.86101
-81,53,TRUE,TRUE,3152.03167
-81,56,TRUE,TRUE,197.526647
-81,58,TRUE,TRUE,78.6646567
-81,59,TRUE,TRUE,877.898626
-81,61,TRUE,TRUE,56.5628768
-81,62,TRUE,TRUE,41.7790172
-81,64,TRUE,TRUE,179.469503
-80,-35,TRUE,TRUE,174.262918
-80,-20,FALSE,FALSE,99.2690087
-80,-19,FALSE,FALSE,248.461169
-80,-18,FALSE,FALSE,137.146455
-80,-17,FALSE,FALSE,117.419617
-80,-13,TRUE,TRUE,120.578362
-80,-12,TRUE,TRUE,5243.99907
-80,-11,TRUE,FALSE,5581.63535
-80,-11,TRUE,TRUE,32226.4548
-80,-10,TRUE,FALSE,1198.10899
-80,-10,TRUE,TRUE,114191.635
-80,-9,TRUE,FALSE,692.886463
-80,-9,TRUE,TRUE,198870.882
-80,-8,TRUE,FALSE,1113.19609
-80,-8,TRUE,TRUE,77080.4041
-80,-7,TRUE,FALSE,37.5757022
-80,-7,TRUE,TRUE,21457.0477
-80,-4,TRUE,TRUE,854.136413
-80,-3,TRUE,TRUE,368972.064
-80,0,TRUE,FALSE,46.0752965
-80,0,TRUE,TRUE,20301.972
-80,1,TRUE,TRUE,423096.947
-80,2,TRUE,TRUE,16080.9332
-80,3,TRUE,TRUE,5009.16867
-80,4,TRUE,TRUE,4694.42914
-80,5,TRUE,FALSE,35.735208
-80,5,TRUE,TRUE,5867.15484
-80,6,TRUE,TRUE,131967.289
-80,7,TRUE,TRUE,277526.966
-80,8,TRUE,TRUE,1342562.74
-80,9,TRUE,TRUE,1227222.95
-80,10,TRUE,TRUE,323154.064
-80,11,TRUE,FALSE,9.09378886
-80,11,TRUE,TRUE,221178.986
-80,12,TRUE,FALSE,8.09715421
-80,12,TRUE,TRUE,137315.758
-80,13,TRUE,FALSE,10.9916566
-80,13,TRUE,TRUE,136815.683
-80,14,TRUE,FALSE,9.92483248
-80,14,TRUE,TRUE,168434.752
-80,15,TRUE,FALSE,34.1148598
-80,15,TRUE,TRUE,183862.879
-80,16,TRUE,FALSE,31.4333094
-80,16,TRUE,TRUE,186994.8
-80,17,TRUE,FALSE,12.7036288
-80,17,TRUE,TRUE,61754.1152
-80,18,TRUE,FALSE,1658.41065
-80,18,TRUE,TRUE,206536.209
-80,19,TRUE,FALSE,1522.34779
-80,19,TRUE,TRUE,164210.354
-80,20,TRUE,FALSE,4.64720249
-80,20,TRUE,TRUE,40413.2055
-80,21,TRUE,FALSE,441.189195
-80,21,TRUE,TRUE,22307.4149
-80,22,TRUE,FALSE,310.493558
-80,22,TRUE,TRUE,51067.8544
-80,23,TRUE,FALSE,5178.02876
-80,23,TRUE,TRUE,200329.063
-80,24,TRUE,TRUE,336660.667
-80,25,TRUE,TRUE,1324883.55
-80,26,TRUE,TRUE,1115286.28
-80,27,TRUE,TRUE,458457.442
-80,28,TRUE,TRUE,363941.664
-80,29,TRUE,FALSE,9.12558482
-80,29,TRUE,TRUE,291397.92
-80,30,TRUE,TRUE,246099.114
-80,31,TRUE,TRUE,273610.029
-80,32,TRUE,TRUE,780639.517
-80,33,TRUE,TRUE,4183.56691
-80,51,TRUE,FALSE,2694.9991
-80,51,TRUE,TRUE,4764.75953
-80,52,TRUE,FALSE,667.421089
-80,52,TRUE,TRUE,1363.23818
-80,53,TRUE,TRUE,2520.22351
-80,54,TRUE,TRUE,7313.72551
-80,55,TRUE,TRUE,982.608091
-80,56,TRUE,TRUE,3323.52475
-80,57,TRUE,FALSE,72.1181083
-80,57,TRUE,TRUE,768.831922
-80,59,TRUE,TRUE,123.053772
-80,60,TRUE,TRUE,59.364437
-80,61,TRUE,TRUE,847.605877
-80,62,TRUE,TRUE,78.7616492
-80,63,TRUE,TRUE,64.4065973
-80,67,TRUE,TRUE,86.698476
-79,-49,TRUE,TRUE,939.864932
-79,-47,TRUE,TRUE,236.110519
-79,-46,TRUE,TRUE,333.732091
-79,-33,TRUE,TRUE,18.6544803
-79,-20,FALSE,FALSE,128.894156
-79,-19,FALSE,FALSE,219.212627
-79,-18,FALSE,FALSE,94.146656
-79,-13,TRUE,TRUE,23547.6647
-79,-12,TRUE,TRUE,100868.687
-79,-11,TRUE,TRUE,191980.815
-79,-10,TRUE,TRUE,295429.99
-79,-9,TRUE,FALSE,166.271839
-79,-9,TRUE,TRUE,41101.916
-79,1,TRUE,FALSE,56.3642314
-79,1,TRUE,TRUE,23829.9815
-79,2,TRUE,FALSE,1318.58099
-79,2,TRUE,TRUE,54181.3006
-79,3,TRUE,FALSE,2871.85067
-79,3,TRUE,TRUE,31717.0885
-79,4,TRUE,FALSE,68.0168571
-79,4,TRUE,TRUE,5897.67664
-79,5,TRUE,FALSE,483.304996
-79,5,TRUE,TRUE,4640.91951
-79,6,TRUE,TRUE,10467.4254
-79,7,TRUE,TRUE,47678.1316
-79,8,TRUE,TRUE,68308.4057
-79,9,TRUE,TRUE,191396.611
-79,10,TRUE,TRUE,186569.246
-79,11,TRUE,FALSE,3.76719337
-79,11,TRUE,TRUE,136168.33
-79,12,TRUE,TRUE,102901.8
-79,13,TRUE,FALSE,9.66583163
-79,13,TRUE,TRUE,65412.634
-79,14,TRUE,TRUE,59517.0005
-79,15,TRUE,FALSE,14.8041963
-79,15,TRUE,TRUE,47538.5771
-79,16,TRUE,FALSE,32.7224213
-79,16,TRUE,TRUE,86617.1626
-79,17,TRUE,FALSE,217.894339
-79,17,TRUE,TRUE,145416.814
-79,18,TRUE,FALSE,6.03515662
-79,18,TRUE,TRUE,209044.446
-79,19,TRUE,FALSE,9.22320612
-79,19,TRUE,TRUE,161868.178
-79,20,TRUE,FALSE,512.943869
-79,20,TRUE,TRUE,32015.4455
-79,21,TRUE,FALSE,178.546602
-79,21,TRUE,TRUE,11634.2199
-79,22,TRUE,FALSE,8255.68037
-79,22,TRUE,TRUE,206035.83
-79,23,TRUE,FALSE,815.120563
-79,23,TRUE,TRUE,98939.9442
-79,24,TRUE,FALSE,4.07009805
-79,24,TRUE,TRUE,13695.8369
-79,25,TRUE,FALSE,5281.95267
-79,25,TRUE,TRUE,443413.907
-79,26,TRUE,FALSE,26394.248200000002
-79,26,TRUE,TRUE,1235697.31
-79,27,TRUE,FALSE,1067.43455
-79,27,TRUE,TRUE,269443.542
-79,28,TRUE,FALSE,12.8666508
-79,28,TRUE,TRUE,239756.607
-79,29,TRUE,FALSE,29.5191115
-79,29,TRUE,TRUE,119664.747
-79,30,TRUE,FALSE,1984.68577
-79,30,TRUE,TRUE,118539.962
-79,31,TRUE,FALSE,43.6183142
-79,31,TRUE,TRUE,194053.054
-79,32,TRUE,TRUE,328480.723
-79,33,TRUE,TRUE,359862.22
-79,51,TRUE,FALSE,101.731998
-79,51,TRUE,TRUE,1306.26677
-79,52,TRUE,TRUE,1520.8809
-79,53,TRUE,TRUE,477.78376
-79,54,TRUE,TRUE,636.852554
-79,55,TRUE,TRUE,807.49189
-79,56,TRUE,TRUE,1631.43114
-79,57,TRUE,FALSE,336.210053
-79,57,TRUE,TRUE,122.409429
-79,58,TRUE,FALSE,159.995851
-79,58,TRUE,TRUE,940.013751
-79,59,TRUE,TRUE,323.613342
-79,60,TRUE,TRUE,531.394381
-79,61,TRUE,TRUE,202.618382
-79,62,TRUE,TRUE,445.528376
-79,63,TRUE,TRUE,90.4078159
-78,-51,TRUE,TRUE,334.330233
-78,-50,TRUE,TRUE,57.6729512
-78,-49,TRUE,TRUE,28.0858757
-78,-48,TRUE,TRUE,471.240232
-78,-47,TRUE,TRUE,70.3166593
-78,-46,TRUE,TRUE,71.1494773
-78,-45,TRUE,TRUE,18.0176394
-78,-21,FALSE,FALSE,74.5356446
-78,-20,TRUE,FALSE,232.950044
-78,-19,FALSE,FALSE,343.65631
-78,-17,TRUE,TRUE,2548.80853
-78,-16,TRUE,TRUE,5287.32468
-78,-15,TRUE,FALSE,303.806812
-78,-15,TRUE,TRUE,28464.062
-78,-14,TRUE,FALSE,203.717428
-78,-14,TRUE,TRUE,91021.1057
-78,-13,TRUE,TRUE,458900.172
-78,-12,TRUE,TRUE,457164.523
-78,-11,TRUE,TRUE,43862.1969
-78,2,TRUE,TRUE,16578.4568
-78,3,TRUE,TRUE,557044.79
-78,4,TRUE,TRUE,120905.992
-78,5,TRUE,TRUE,9422.04932
-78,6,TRUE,FALSE,62.7845572
-78,6,TRUE,TRUE,7990.35096
-78,7,TRUE,TRUE,2082.59283
-78,8,TRUE,TRUE,37122.4687
-78,9,TRUE,TRUE,67336.2175
-78,10,TRUE,TRUE,246722.439
-78,11,TRUE,TRUE,127977.783
-78,12,TRUE,TRUE,86674.245
-78,13,TRUE,FALSE,6.97760698
-78,13,TRUE,TRUE,140344.181
-78,14,TRUE,TRUE,125004.949
-78,15,TRUE,FALSE,12.0570979
-78,15,TRUE,TRUE,73388.0288
-78,16,TRUE,TRUE,94571.1324
-78,17,TRUE,FALSE,4652.23118
-78,17,TRUE,TRUE,419852.045
-78,18,TRUE,FALSE,5327.90351
-78,18,TRUE,TRUE,312931.999
-78,19,TRUE,FALSE,6.84685699
-78,19,TRUE,TRUE,92245.3235
-78,20,TRUE,FALSE,111.829176
-78,20,TRUE,TRUE,21766.771
-78,21,TRUE,FALSE,1065.03108
-78,21,TRUE,TRUE,130233.524
-78,22,TRUE,FALSE,1600.43702
-78,22,TRUE,TRUE,170239.45
-78,23,TRUE,FALSE,120.573261
-78,23,TRUE,TRUE,14051.7427
-78,24,TRUE,FALSE,2095.24086
-78,24,TRUE,TRUE,230435.937
-78,25,TRUE,FALSE,20631.1089
-78,25,TRUE,TRUE,1660830.88
-78,26,TRUE,FALSE,11131.7143
-78,26,TRUE,TRUE,791962.649
-78,27,TRUE,FALSE,5.208344
-78,27,TRUE,TRUE,233513.227
-78,28,TRUE,FALSE,6.09194415
-78,28,TRUE,TRUE,86472.5908
-78,29,TRUE,FALSE,5.7986415
-78,29,TRUE,TRUE,17477.184
-78,30,TRUE,FALSE,5.09756549
-78,30,TRUE,TRUE,81566.5865
-78,31,TRUE,FALSE,24.8825065
-78,31,TRUE,TRUE,71570.8579
-78,32,TRUE,FALSE,9.80491894
-78,32,TRUE,TRUE,176155.885
-78,33,TRUE,TRUE,361130.504
-78,34,TRUE,TRUE,281008.702
-78,38,TRUE,TRUE,26748.918
-78,55,TRUE,TRUE,948.723724
-78,56,TRUE,TRUE,8397.43156
-78,57,TRUE,TRUE,42.6611383
-78,59,TRUE,FALSE,1361.29292
-78,59,TRUE,TRUE,1237.56145
-78,60,TRUE,FALSE,1675.47483
-78,60,TRUE,TRUE,1282.16056
-78,61,TRUE,FALSE,578.154408
-78,61,TRUE,TRUE,1853.07964
-78,62,TRUE,TRUE,783.654357
-78,63,TRUE,TRUE,100.671807
-78,64,TRUE,TRUE,506.547949
-77,-53,TRUE,TRUE,750.063659
-77,-52,TRUE,TRUE,4655.3854
-77,-51,TRUE,FALSE,90.7534677
-77,-51,TRUE,TRUE,8538.55508
-77,-50,TRUE,FALSE,90.1688431
-77,-50,TRUE,TRUE,3758.57085
-77,-49,TRUE,FALSE,33.0887478
-77,-49,TRUE,TRUE,10033.9953
-77,-48,TRUE,FALSE,93.1027682
-77,-48,TRUE,TRUE,8056.64034
-77,-47,TRUE,TRUE,6325.07201
-77,-46,TRUE,TRUE,1183.1992
-77,-45,TRUE,TRUE,1800.53355
-77,-44,TRUE,TRUE,1968.81767
-77,-43,TRUE,TRUE,3238.22184
-77,-42,TRUE,TRUE,402.692651
-77,-41,TRUE,TRUE,47.713751
-77,-32,TRUE,TRUE,19.1186423
-77,-31,TRUE,TRUE,22.400659
-77,-22,FALSE,FALSE,68.5740173
-77,-21,FALSE,FALSE,88.9327158
-77,-20,TRUE,FALSE,220.461669
-77,-20,TRUE,TRUE,3225.02258
-77,-19,TRUE,TRUE,7083.00746
-77,-18,TRUE,TRUE,13191.287
-77,-17,TRUE,FALSE,897.495664
-77,-17,TRUE,TRUE,33277.8692
-77,-16,TRUE,FALSE,107.481889
-77,-16,TRUE,TRUE,55040.0875
-77,-15,TRUE,FALSE,1219.38059
-77,-15,TRUE,TRUE,127474.065
-77,-14,TRUE,FALSE,4186.32087
-77,-14,TRUE,TRUE,287984.177
-77,-13,TRUE,TRUE,43575.099
-77,7,TRUE,TRUE,107549.572
-77,8,TRUE,TRUE,78813.1747
-77,9,TRUE,TRUE,131069.264
-77,10,TRUE,TRUE,292614.883
-77,11,TRUE,FALSE,14.8292557
-77,11,TRUE,TRUE,169180.075
-77,12,TRUE,TRUE,90254.0678
-77,13,TRUE,FALSE,13.7559401
-77,13,TRUE,TRUE,36208.6824
-77,14,TRUE,FALSE,8.66083117
-77,14,TRUE,TRUE,55929.5005
-77,15,TRUE,FALSE,13.4869414
-77,15,TRUE,TRUE,159159.752
-77,16,TRUE,FALSE,29.5488137
-77,16,TRUE,TRUE,128590.58
-77,17,TRUE,FALSE,21.636793
-77,17,TRUE,TRUE,412158.975
-77,18,TRUE,FALSE,9.11760452
-77,18,TRUE,TRUE,252906.845
-77,19,TRUE,FALSE,2.79541752
-77,19,TRUE,TRUE,58554.3905
-77,21,TRUE,FALSE,4838.85328
-77,21,TRUE,TRUE,246299.023
-77,22,TRUE,FALSE,76.4584619
-77,22,TRUE,TRUE,11270.1235
-77,23,TRUE,FALSE,478.434854
-77,23,TRUE,TRUE,79304.2183
-77,24,TRUE,FALSE,6594.01911
-77,24,TRUE,TRUE,855469.063
-77,25,TRUE,FALSE,4125.35997
-77,25,TRUE,TRUE,736001.655
-77,26,TRUE,FALSE,7367.79881
-77,26,TRUE,TRUE,433255.372
-77,27,TRUE,TRUE,152842.418
-77,28,TRUE,FALSE,5.33172434
-77,28,TRUE,TRUE,162385.836
-77,29,TRUE,TRUE,56381.9417
-77,30,TRUE,FALSE,3.37786768
-77,30,TRUE,TRUE,24666.3063
-77,31,TRUE,TRUE,45019.746400000004
-77,32,TRUE,FALSE,6.0558385
-77,32,TRUE,TRUE,105353.769
-77,33,TRUE,TRUE,303198.524
-77,34,TRUE,TRUE,748851.086
-77,35,TRUE,TRUE,243912.582
-77,36,TRUE,TRUE,1224276.02
-77,37,TRUE,TRUE,1990386.23
-77,38,TRUE,TRUE,1643477.51
-77,39,TRUE,TRUE,1191358.78
-77,55,TRUE,TRUE,243.165315
-77,56,TRUE,TRUE,210.122302
-77,57,TRUE,TRUE,62.8304152
-77,62,TRUE,TRUE,193.616228
-77,63,TRUE,TRUE,2346.97301
-77,64,TRUE,FALSE,326.81102
-77,64,TRUE,TRUE,1087.48732
-76,-55,TRUE,TRUE,25.074059
-76,-54,TRUE,TRUE,929.717839
-76,-53,TRUE,FALSE,157.109328
-76,-53,TRUE,TRUE,15095.3195
-76,-52,TRUE,FALSE,2013.36177
-76,-52,TRUE,TRUE,25458.708
-76,-51,TRUE,FALSE,1176.11339
-76,-51,TRUE,TRUE,28586.1952
-76,-50,TRUE,FALSE,2263.61019
-76,-50,TRUE,TRUE,40732.4038
-76,-49,TRUE,FALSE,914.411598
-76,-49,TRUE,TRUE,14666.2639
-76,-48,TRUE,FALSE,158.656595
-76,-48,TRUE,TRUE,27083.685
-76,-47,TRUE,FALSE,328.106967
-76,-47,TRUE,TRUE,36848.7408
-76,-46,TRUE,FALSE,500.010431
-76,-46,TRUE,TRUE,46273.32
-76,-45,TRUE,FALSE,626.462339
-76,-45,TRUE,TRUE,28420.5346
-76,-44,TRUE,FALSE,790.150391
-76,-44,TRUE,TRUE,8972.34967
-76,-43,TRUE,FALSE,150.61331
-76,-43,TRUE,TRUE,8479.68281
-76,-42,TRUE,FALSE,21.8866072
-76,-42,TRUE,TRUE,3212.40173
-76,-41,TRUE,FALSE,100.200631
-76,-41,TRUE,TRUE,3236.61954
-76,-40,TRUE,TRUE,1856.80314
-76,-39,TRUE,TRUE,635.944024
-76,-38,TRUE,TRUE,443.680024
-76,-32,TRUE,TRUE,1684.57899
-76,-31,TRUE,TRUE,564.382173
-76,-30,TRUE,TRUE,1074.13135
-76,-29,TRUE,TRUE,627.637883
-76,-21,TRUE,FALSE,89.7620191
-76,-20,TRUE,TRUE,3620.31892
-76,-19,TRUE,FALSE,133.434239
-76,-19,TRUE,TRUE,15035.2256
-76,-18,TRUE,FALSE,495.278779
-76,-18,TRUE,TRUE,21088.2773
-76,-17,TRUE,FALSE,75.2793291
-76,-17,TRUE,TRUE,28496.7273
-76,-16,TRUE,FALSE,203.602355
-76,-16,TRUE,TRUE,163073.549
-76,-15,TRUE,FALSE,44.6895599
-76,-15,TRUE,TRUE,3468.64394
-76,9,TRUE,TRUE,359510.878
-76,10,TRUE,TRUE,814141.3
-76,11,TRUE,TRUE,268306.019
-76,12,TRUE,FALSE,7.80511171
-76,12,TRUE,TRUE,88388.913
-76,13,TRUE,FALSE,6.5402881
-76,13,TRUE,TRUE,67864.9753
-76,14,TRUE,TRUE,60731.5713
-76,15,TRUE,FALSE,8.5320479
-76,15,TRUE,TRUE,80419.9774
-76,16,TRUE,FALSE,4.5607229
-76,16,TRUE,TRUE,159096.571
-76,17,TRUE,FALSE,41.3077879
-76,17,TRUE,TRUE,220283.666
-76,18,TRUE,FALSE,9.71854215
-76,18,TRUE,TRUE,222640.176
-76,19,TRUE,FALSE,4.51172625
-76,19,TRUE,TRUE,182636.183
-76,20,TRUE,FALSE,892.696525
-76,20,TRUE,TRUE,160858.94
-76,21,TRUE,FALSE,4924.91527
-76,21,TRUE,TRUE,288036.855
-76,22,TRUE,FALSE,286.815048
-76,22,TRUE,TRUE,54231.1191
-76,23,TRUE,FALSE,14482.3903
-76,23,TRUE,TRUE,726560.168
-76,24,TRUE,FALSE,4312.71233
-76,24,TRUE,TRUE,361428.195
-76,25,TRUE,FALSE,4735.50089
-76,25,TRUE,TRUE,349303.806
-76,26,TRUE,FALSE,5238.22477
-76,26,TRUE,TRUE,240307.325
-76,27,TRUE,TRUE,37771.0703
-76,28,TRUE,FALSE,3.7151985
-76,28,TRUE,TRUE,112732.796
-76,29,TRUE,FALSE,3.36865826
-76,29,TRUE,TRUE,80562.4543
-76,30,TRUE,TRUE,17594.1931
-76,31,TRUE,TRUE,33897.1279
-76,32,TRUE,FALSE,4.75643264
-76,32,TRUE,TRUE,47303.6576
-76,33,TRUE,FALSE,36.5628968
-76,33,TRUE,TRUE,108783.842
-76,34,TRUE,TRUE,377781.185
-76,35,TRUE,TRUE,847474.633
-76,36,TRUE,TRUE,887725.6
-76,37,TRUE,TRUE,263881.461
-76,38,TRUE,TRUE,787260.985
-76,39,TRUE,TRUE,1131143.01
-76,62,TRUE,TRUE,98.5958866
-76,63,TRUE,TRUE,2174.53198
-76,64,TRUE,FALSE,2318.21859
-76,64,TRUE,TRUE,7506.69304
-75,-55,TRUE,TRUE,137.246923
-75,-54,TRUE,FALSE,255.459974
-75,-54,TRUE,TRUE,8727.32338
-75,-53,TRUE,FALSE,842.52674
-75,-53,TRUE,TRUE,42393.5915
-75,-52,TRUE,FALSE,191.651602
-75,-52,TRUE,TRUE,29483.4302
-75,-51,TRUE,FALSE,4783.05067
-75,-51,TRUE,TRUE,57635.6369
-75,-50,TRUE,FALSE,37.7279386
-75,-50,TRUE,TRUE,17008.5022
-75,-49,TRUE,TRUE,5428.03593
-75,-48,TRUE,FALSE,25.0077917
-75,-48,TRUE,TRUE,7291.34967
-75,-47,TRUE,TRUE,1473.18095
-75,-46,TRUE,TRUE,75206.3024
-75,-45,TRUE,TRUE,50745.1182
-75,-44,TRUE,TRUE,16906.2952
-75,-43,TRUE,FALSE,282.551408
-75,-43,TRUE,TRUE,14780.698
-75,-42,TRUE,FALSE,234.874963
-75,-42,TRUE,TRUE,33843.223
-75,-41,TRUE,TRUE,27532.2381
-75,-40,TRUE,TRUE,33035.7546
-75,-39,TRUE,FALSE,242.734794
-75,-39,TRUE,TRUE,59656.4905
-75,-38,TRUE,TRUE,35582.1255
-75,-37,TRUE,TRUE,697.046646
-75,-35,TRUE,TRUE,119.794997
-75,-34,TRUE,TRUE,25.6536943
-75,-32,TRUE,TRUE,777.886762
-75,-31,TRUE,TRUE,1775.70961
-75,-30,TRUE,TRUE,1471.46536
-75,-29,TRUE,TRUE,824.284667
-75,-28,TRUE,TRUE,964.775624
-75,-27,TRUE,TRUE,941.939522
-75,-26,TRUE,TRUE,38.9997641
-75,-25,TRUE,TRUE,3523.05641
-75,-20,TRUE,TRUE,31.3530116
-75,-19,TRUE,FALSE,20.1144268
-75,-19,TRUE,TRUE,2950.81424
-75,-18,TRUE,FALSE,30.1109021
-75,-18,TRUE,TRUE,28145.1152
-75,-17,TRUE,FALSE,86.4666162
-75,-17,TRUE,TRUE,61794.7326
-75,-16,TRUE,FALSE,71.7460041
-75,-16,TRUE,TRUE,9765.83235
-75,10,TRUE,TRUE,118.455347
-75,11,TRUE,TRUE,486116.277
-75,12,TRUE,TRUE,90974.3137
-75,13,TRUE,TRUE,42576.9583
-75,14,TRUE,TRUE,31905.6544
-75,15,TRUE,TRUE,33492.7276
-75,16,TRUE,FALSE,10.6243173
-75,16,TRUE,TRUE,70176.6126
-75,17,TRUE,FALSE,23.2698646
-75,17,TRUE,TRUE,238409.352
-75,18,TRUE,FALSE,12.3017656
-75,18,TRUE,TRUE,202970.516
-75,19,TRUE,FALSE,4519.84839
-75,19,TRUE,TRUE,277486.517
-75,20,TRUE,FALSE,7337.45853
-75,20,TRUE,TRUE,311046.855
-75,21,TRUE,FALSE,3958.06373
-75,21,TRUE,TRUE,256021.382
-75,22,TRUE,FALSE,2215.5445
-75,22,TRUE,TRUE,218191.306
-75,23,TRUE,FALSE,2322.19968
-75,23,TRUE,TRUE,304003.342
-75,24,TRUE,FALSE,1764.86843
-75,24,TRUE,TRUE,253626.871
-75,25,TRUE,FALSE,5.02113216
-75,25,TRUE,TRUE,115766.682
-75,26,TRUE,FALSE,23.2066441
-75,26,TRUE,TRUE,167010.566
-75,27,TRUE,FALSE,8.25321063
-75,27,TRUE,TRUE,32832.4259
-75,28,TRUE,FALSE,9.51068441
-75,28,TRUE,TRUE,87863.5317
-75,29,TRUE,FALSE,10.8176348
-75,29,TRUE,TRUE,70859.9703
-75,30,TRUE,TRUE,60212.8832
-75,31,TRUE,TRUE,36782.3066
-75,32,TRUE,TRUE,17160.1405
-75,33,TRUE,TRUE,12085.5053
-75,34,TRUE,TRUE,30693.946
-75,35,TRUE,FALSE,35.5132792
-75,35,TRUE,TRUE,301425.324
-75,36,TRUE,TRUE,422091.56
-75,37,TRUE,TRUE,328831.572
-75,38,TRUE,TRUE,682823.61
-75,39,TRUE,TRUE,735908.484
-75,40,TRUE,TRUE,2758738.32
-75,62,TRUE,FALSE,325.853174
-75,62,TRUE,TRUE,2052.54089
-75,63,TRUE,TRUE,3346.28336
-75,64,TRUE,FALSE,3394.07474
-75,64,TRUE,TRUE,6282.43696
-74,-55,TRUE,TRUE,6542.6307
-74,-54,TRUE,FALSE,362.315481
-74,-54,TRUE,TRUE,51040.9386
-74,-53,TRUE,FALSE,5542.10734
-74,-53,TRUE,TRUE,84665.0845
-74,-52,TRUE,FALSE,23.91442
-74,-52,TRUE,TRUE,37446.2846
-74,-51,TRUE,TRUE,3706.12287
-74,-50,TRUE,TRUE,830.845277
-74,-49,TRUE,TRUE,471.873006
-74,-47,TRUE,TRUE,15788.5016
-74,-46,TRUE,TRUE,239917.398
-74,-45,TRUE,TRUE,257611.256
-74,-44,TRUE,TRUE,298376.488
-74,-43,TRUE,TRUE,344857.216
-74,-42,TRUE,TRUE,702724.534
-74,-41,TRUE,TRUE,1831.11695
-74,-40,TRUE,TRUE,72381.2597
-74,-39,TRUE,TRUE,17386.1165
-74,-38,TRUE,TRUE,132681.038
-74,-37,TRUE,TRUE,403258.023
-74,-36,TRUE,FALSE,576.04348
-74,-36,TRUE,TRUE,46852.2512
-74,-35,TRUE,TRUE,5586.24882
-74,-34,TRUE,TRUE,994.212077
-74,-32,TRUE,TRUE,769.923888
-74,-31,TRUE,TRUE,1836.03659
-74,-30,TRUE,TRUE,3971.44571
-74,-29,TRUE,TRUE,9547.2492
-74,-28,TRUE,TRUE,812.334716
-74,-27,TRUE,FALSE,385.687587
-74,-27,TRUE,TRUE,1951.95311
-74,-26,TRUE,FALSE,393.773686
-74,-26,TRUE,TRUE,3089.9299
-74,-25,TRUE,FALSE,46.7954729
-74,-25,TRUE,TRUE,3167.38873
-74,-24,TRUE,TRUE,52.8891128
-74,-23,TRUE,TRUE,37.4856122
-74,-20,TRUE,TRUE,3022.20072
-74,-19,TRUE,FALSE,404.259482
-74,-19,TRUE,TRUE,10737.5076
-74,-18,TRUE,FALSE,64.7452269
-74,-18,TRUE,TRUE,17013.9644
-74,-17,TRUE,FALSE,639.358041
-74,-17,TRUE,TRUE,55370.1446
-74,11,TRUE,TRUE,132664.631
-74,12,TRUE,TRUE,161681.964
-74,13,TRUE,FALSE,7.05122508
-74,13,TRUE,TRUE,56149.2005
-74,14,TRUE,FALSE,5.40888327
-74,14,TRUE,TRUE,92148.3672
-74,15,TRUE,FALSE,8.02661192
-74,15,TRUE,TRUE,62313.7583
-74,16,TRUE,FALSE,10.7315036
-74,16,TRUE,TRUE,95678.7557
-74,17,TRUE,FALSE,8.10802898
-74,17,TRUE,TRUE,172489.61
-74,18,TRUE,FALSE,5.16275932
-74,18,TRUE,TRUE,68101.5106
-74,19,TRUE,FALSE,7.07802028
-74,19,TRUE,TRUE,174677.25
-74,20,TRUE,FALSE,2059.28984
-74,20,TRUE,TRUE,290668.226
-74,21,TRUE,FALSE,2119.1837
-74,21,TRUE,TRUE,176368.432
-74,22,TRUE,FALSE,1621.34037
-74,22,TRUE,TRUE,267339.541
-74,23,TRUE,FALSE,1896.17088
-74,23,TRUE,TRUE,264903.944
-74,24,TRUE,FALSE,3134.62522
-74,24,TRUE,TRUE,260259.077
-74,25,TRUE,TRUE,25157.4225
-74,26,TRUE,TRUE,55843.9824
-74,27,TRUE,TRUE,28144.2062
-74,28,TRUE,TRUE,1628.26444
-74,29,TRUE,TRUE,1912.56629
-74,30,TRUE,TRUE,5.25472118
-74,31,TRUE,TRUE,2028.93062
-74,32,TRUE,TRUE,6496.1641
-74,33,TRUE,TRUE,13514.855
-74,34,TRUE,TRUE,26924.9136
-74,35,TRUE,FALSE,5.39224469
-74,35,TRUE,TRUE,71643.4349
-74,36,TRUE,FALSE,2452.05952
-74,36,TRUE,TRUE,184507.202
-74,37,TRUE,TRUE,163735.86
-74,38,TRUE,TRUE,278457.292
-74,39,TRUE,TRUE,343109.292
-74,40,TRUE,TRUE,1380658.69
-74,41,TRUE,TRUE,393948.455
-74,62,TRUE,FALSE,251.123014
-74,62,TRUE,TRUE,2550.62184
-73,-56,TRUE,TRUE,288.440947
-73,-55,TRUE,TRUE,18384.7106
-73,-54,TRUE,TRUE,49444.943
-73,-53,TRUE,TRUE,32469.4198
-73,-52,TRUE,TRUE,143398.836
-73,-46,TRUE,TRUE,61748.625
-73,-45,TRUE,TRUE,87644.9216
-73,-44,TRUE,TRUE,2354.727
-73,-43,TRUE,TRUE,162340.365
-73,-42,TRUE,TRUE,704674.077
-73,-37,TRUE,FALSE,124.980672
-73,-37,TRUE,TRUE,10284.3426
-73,-36,TRUE,FALSE,830.912886
-73,-36,TRUE,TRUE,41142.4702
-73,-35,TRUE,TRUE,82730.5097
-73,-34,TRUE,TRUE,90402.1057
-73,-33,TRUE,TRUE,98021.4499
-73,-32,TRUE,TRUE,92636.7552
-73,-31,TRUE,TRUE,36750.0873
-73,-30,TRUE,FALSE,28.6080521
-73,-30,TRUE,TRUE,7084.14993
-73,-29,TRUE,FALSE,36.572569
-73,-29,TRUE,TRUE,1953.44513
-73,-28,TRUE,TRUE,1052.07683
-73,-27,TRUE,TRUE,4093.3951
-73,-26,TRUE,TRUE,5591.08509
-73,-25,TRUE,TRUE,2136.86075
-73,-24,TRUE,TRUE,1783.94431
-73,-23,TRUE,TRUE,862.706094
-73,-22,TRUE,TRUE,53.9334019
-73,-21,TRUE,TRUE,6164.51569
-73,-20,TRUE,FALSE,126.129004
-73,-20,TRUE,TRUE,5482.17721
-73,-19,TRUE,TRUE,18465.4665
-73,-18,TRUE,TRUE,94853.8753
-73,-17,TRUE,FALSE,97.0387278
-73,-17,TRUE,TRUE,61907.9504
-73,9,TRUE,TRUE,658.376324
-73,11,TRUE,TRUE,5670.9168
-73,12,TRUE,TRUE,176233.041
-73,13,TRUE,TRUE,53023.6425
-73,14,TRUE,TRUE,103304.543
-73,15,TRUE,TRUE,112181.415
-73,16,TRUE,FALSE,6.41155131
-73,16,TRUE,TRUE,74835.6063
-73,17,TRUE,FALSE,7.15290858
-73,17,TRUE,TRUE,206905.731
-73,18,TRUE,FALSE,1670.75005
-73,18,TRUE,TRUE,261808.049
-73,19,TRUE,FALSE,1038.02294
-73,19,TRUE,TRUE,110197.477
-73,20,TRUE,FALSE,2666.4619
-73,20,TRUE,TRUE,270866.745
-73,21,TRUE,FALSE,7181.19498
-73,21,TRUE,TRUE,378718.14
-73,22,TRUE,FALSE,2265.55535
-73,22,TRUE,TRUE,220319.596
-73,23,TRUE,TRUE,74593.9311
-73,24,TRUE,TRUE,1271.3949
-73,25,TRUE,TRUE,1445.38226
-73,26,TRUE,TRUE,7170.39611
-73,27,TRUE,TRUE,6258.73191
-73,28,TRUE,TRUE,13.8414318
-73,30,TRUE,FALSE,132.370019
-73,30,TRUE,TRUE,11.932335
-73,31,TRUE,TRUE,6.66790121
-73,32,TRUE,TRUE,48880.8499
-73,33,TRUE,FALSE,12.0546622
-73,33,TRUE,TRUE,28266.976
-73,34,TRUE,FALSE,8.00241878
-73,34,TRUE,TRUE,16329.9697
-73,35,TRUE,TRUE,23964.4288
-73,36,TRUE,TRUE,61301.863
-73,37,TRUE,TRUE,99784.4713
-73,38,TRUE,FALSE,50.6850092
-73,38,TRUE,TRUE,90556.4771
-73,39,TRUE,TRUE,231900.945
-73,40,TRUE,TRUE,354024.297
-73,41,TRUE,TRUE,684344.984
-73,61,TRUE,FALSE,388.272941
-73,61,TRUE,TRUE,1311.49351
-73,62,TRUE,FALSE,277.740792
-73,62,TRUE,TRUE,3478.53039
-72,-57,TRUE,TRUE,222.593041
-72,-56,TRUE,FALSE,142.849584
-72,-56,TRUE,TRUE,9249.67167
-72,-55,TRUE,TRUE,24473.339
-72,-54,TRUE,TRUE,44389.8448
-72,-53,TRUE,TRUE,31847.9879
-72,-35,TRUE,TRUE,81.8196759
-72,-34,TRUE,TRUE,567079.439
-72,-33,TRUE,TRUE,494504.881
-72,-32,TRUE,TRUE,58124.4795
-72,-31,TRUE,TRUE,53308.7104
-72,-30,TRUE,FALSE,276.953224
-72,-30,TRUE,TRUE,47146.0794
-72,-29,TRUE,TRUE,64058.5999
-72,-28,TRUE,TRUE,24739.6842
-72,-27,TRUE,FALSE,248.803503
-72,-27,TRUE,TRUE,25734.9014
-72,-26,TRUE,FALSE,55.497134
-72,-26,TRUE,TRUE,39292.2538
-72,-25,TRUE,TRUE,30988.3147
-72,-24,TRUE,TRUE,25669.2382
-72,-23,TRUE,TRUE,31009.7595
-72,-22,TRUE,TRUE,20224.5212
-72,-21,TRUE,TRUE,16780.5042
-72,-20,TRUE,FALSE,43.3973241
-72,-20,TRUE,TRUE,24377.9254
-72,-19,TRUE,TRUE,22790.5293
-72,-18,TRUE,TRUE,134541.542
-72,9,TRUE,TRUE,540860.173
-72,10,TRUE,TRUE,1145411.87
-72,11,TRUE,TRUE,53109.6775
-72,12,TRUE,TRUE,134248.576
-72,13,TRUE,TRUE,100288.569
-72,14,TRUE,TRUE,112278.15
-72,15,TRUE,TRUE,136415.457
-72,16,TRUE,TRUE,75266.3892
-72,17,TRUE,FALSE,19.7113892
-72,17,TRUE,TRUE,190468.153
-72,18,TRUE,TRUE,7191.32785
-72,19,TRUE,TRUE,19766.7183
-72,20,TRUE,FALSE,2198.12431
-72,20,TRUE,TRUE,281961.316
-72,21,TRUE,FALSE,5451.12752
-72,21,TRUE,TRUE,278635.347
-72,22,TRUE,FALSE,3021.29742
-72,22,TRUE,TRUE,248134.913
-72,23,TRUE,TRUE,64976.4084
-72,24,TRUE,FALSE,8.40851864
-72,24,TRUE,TRUE,3577.15478
-72,25,TRUE,TRUE,1949.17937
-72,26,TRUE,TRUE,3.41854081
-72,27,TRUE,TRUE,6.93590698
-72,28,TRUE,TRUE,1704.07704
-72,32,TRUE,TRUE,23793.9975
-72,33,TRUE,FALSE,27.2204741
-72,33,TRUE,TRUE,93567.4843
-72,34,TRUE,FALSE,13.6585435
-72,34,TRUE,TRUE,86773.7083
-72,35,TRUE,FALSE,13.1004639
-72,35,TRUE,TRUE,103375.761
-72,36,TRUE,TRUE,132968.953
-72,37,TRUE,TRUE,91888.9674
-72,38,TRUE,FALSE,9.9063034
-72,38,TRUE,TRUE,95764.5808
-72,39,TRUE,TRUE,75782.0803
-72,40,TRUE,TRUE,250659.315
-72,41,TRUE,TRUE,1118774.47
-72,61,TRUE,FALSE,7573.48739
-72,61,TRUE,TRUE,10205.8266
-72,62,TRUE,FALSE,799.358697
-72,62,TRUE,TRUE,2847.39595
-71,-57,TRUE,TRUE,359.799669
-71,-56,TRUE,FALSE,719.601884
-71,-56,TRUE,TRUE,11296.2327
-71,-55,TRUE,FALSE,764.749842
-71,-55,TRUE,TRUE,10631.3773
-71,-54,TRUE,TRUE,298753.163
-71,-53,TRUE,TRUE,38601.0353
-71,-28,TRUE,FALSE,28.2184723
-71,-28,TRUE,TRUE,9412.76448
-71,-27,TRUE,FALSE,30.791524
-71,-27,TRUE,TRUE,39776.225
-71,-26,TRUE,TRUE,7797.47399
-71,-25,TRUE,TRUE,27141.6818
-71,-24,TRUE,TRUE,267521.505
-71,-23,TRUE,TRUE,186514.2
-71,-22,TRUE,TRUE,67389.5567
-71,-21,TRUE,TRUE,276394.846
-71,-20,TRUE,TRUE,67765.4518
-71,-19,TRUE,TRUE,192162.682
-71,-18,TRUE,TRUE,43.6905996
-71,11,TRUE,TRUE,1395062.42
-71,12,TRUE,TRUE,766627.614
-71,13,TRUE,TRUE,68175.8989
-71,14,TRUE,TRUE,50578.359
-71,15,TRUE,FALSE,88.7064344
-71,15,TRUE,TRUE,52441.3779
-71,16,TRUE,FALSE,36.3527848
-71,16,TRUE,TRUE,3076.95515
-71,17,TRUE,FALSE,20.6499996
-71,17,TRUE,TRUE,206475.725
-71,18,TRUE,FALSE,24.8758596
-71,18,TRUE,TRUE,566908.982
-71,19,TRUE,FALSE,1535.20845
-71,19,TRUE,TRUE,193601.077
-71,20,TRUE,FALSE,2190.90817
-71,20,TRUE,TRUE,218758.845
-71,21,TRUE,FALSE,2509.67661
-71,21,TRUE,TRUE,244507.465
-71,22,TRUE,TRUE,167435.033
-71,23,TRUE,FALSE,5.67819536
-71,23,TRUE,TRUE,12324.7651
-71,24,TRUE,TRUE,4254.64134
-71,25,TRUE,TRUE,6384.50736
-71,29,TRUE,TRUE,5.90776044
-71,32,TRUE,TRUE,3970.92347
-71,33,TRUE,TRUE,52483.36
-71,34,TRUE,TRUE,49207.4205
-71,35,TRUE,TRUE,43087.2503
-71,36,TRUE,TRUE,88550.4783
-71,37,TRUE,TRUE,111497.823
-71,38,TRUE,FALSE,11.786411
-71,38,TRUE,TRUE,39516.5369
-71,39,TRUE,TRUE,80327.406
-71,40,TRUE,TRUE,196624.174
-71,41,TRUE,TRUE,1376525.57
-71,42,TRUE,TRUE,757536.369
-71,43,TRUE,TRUE,256362.638
-71,47,TRUE,TRUE,221431.606
-71,59,TRUE,TRUE,323.586279
-71,60,TRUE,FALSE,343.318033
-71,60,TRUE,TRUE,679.708593
-71,61,TRUE,FALSE,295.89705
-71,61,TRUE,TRUE,2397.04369
-71,62,TRUE,FALSE,9368.90203
-71,62,TRUE,TRUE,14656.3231
-70,-57,TRUE,TRUE,1456.96672
-70,-56,TRUE,FALSE,52.7759585
-70,-56,TRUE,TRUE,5324.88167
-70,-55,TRUE,TRUE,2859.26237
-70,-54,TRUE,TRUE,818.688623
-70,-53,TRUE,TRUE,64430.4189
-70,-52,TRUE,TRUE,16374.8226
-70,-51,TRUE,TRUE,13071.9981
-70,11,TRUE,FALSE,11520.1645
-70,11,TRUE,TRUE,107688.892
-70,12,TRUE,TRUE,566925.034
-70,13,TRUE,TRUE,105578.051
-70,14,TRUE,TRUE,105380.165
-70,15,TRUE,TRUE,60126.1874
-70,16,TRUE,TRUE,106178.512
-70,17,TRUE,FALSE,5.01696859
-70,17,TRUE,TRUE,210624.12
-70,18,TRUE,FALSE,70.3074664
-70,18,TRUE,TRUE,720742.651
-70,19,TRUE,FALSE,2696.70252
-70,19,TRUE,TRUE,312624.562
-70,20,TRUE,FALSE,1048.30181
-70,20,TRUE,TRUE,144983.273
-70,21,TRUE,TRUE,192576.188
-70,22,TRUE,FALSE,7.09087042
-70,22,TRUE,TRUE,39750.1276
-70,23,TRUE,FALSE,7.65986923
-70,23,TRUE,TRUE,12115.4925
-70,24,TRUE,TRUE,27430.524
-70,25,TRUE,TRUE,24903.4889
-70,31,TRUE,TRUE,8.74887667
-70,32,TRUE,TRUE,43.9216174
-70,33,TRUE,TRUE,43684.9006
-70,34,TRUE,FALSE,10.0846704
-70,34,TRUE,TRUE,37595.7748
-70,35,TRUE,TRUE,44237.72
-70,36,TRUE,FALSE,8.84496874
-70,36,TRUE,TRUE,54855.7846
-70,37,TRUE,TRUE,95161.8638
-70,38,TRUE,TRUE,12405.2322
-70,39,TRUE,TRUE,41889.5005
-70,40,TRUE,TRUE,197441.829
-70,41,TRUE,TRUE,157703.893
-70,42,TRUE,TRUE,100501.113
-70,43,TRUE,TRUE,200854.728
-70,44,TRUE,TRUE,68700.3484
-70,47,TRUE,TRUE,86060.2943
-70,48,TRUE,TRUE,243651.898
-70,58,TRUE,FALSE,3061.95917
-70,58,TRUE,TRUE,7342.35754
-70,59,TRUE,FALSE,14870.2024
-70,59,TRUE,TRUE,36564.8624
-70,60,TRUE,FALSE,10976.3583
-70,60,TRUE,TRUE,23303.8278
-70,61,TRUE,FALSE,448.699346
-70,61,TRUE,TRUE,4948.92976
-70,62,TRUE,FALSE,11535.7727
-70,62,TRUE,TRUE,17889.3727
-69,-57,TRUE,TRUE,538.183545
-69,-56,TRUE,TRUE,2728.66107
-69,-55,TRUE,TRUE,97998.87
-69,-54,TRUE,TRUE,8793.82091
-69,-53,TRUE,TRUE,37895.3726
-69,-52,TRUE,TRUE,6545.1547
-69,-51,TRUE,TRUE,13201.1962
-69,-50,TRUE,TRUE,3160.22623
-69,10,TRUE,TRUE,256279.309
-69,11,TRUE,TRUE,311358.515
-69,12,TRUE,TRUE,1134541.96
-69,13,TRUE,TRUE,119487.764
-69,14,TRUE,TRUE,114623.11
-69,15,TRUE,TRUE,39517.3895
-69,16,TRUE,FALSE,7.13239217
-69,16,TRUE,TRUE,54303.5443
-69,17,TRUE,TRUE,215177.837
-69,18,TRUE,TRUE,509757.843
-69,19,TRUE,TRUE,285976.965
-69,20,TRUE,TRUE,263123.517
-69,21,TRUE,TRUE,86870.0472
-69,22,TRUE,FALSE,4.49714459
-69,22,TRUE,TRUE,27706.944
-69,23,TRUE,TRUE,19030.544
-69,24,TRUE,TRUE,1310.83952
-69,33,TRUE,TRUE,236.427179
-69,34,TRUE,TRUE,3909.36314
-69,35,TRUE,TRUE,36313.7557
-69,36,TRUE,TRUE,42619.0793
-69,37,TRUE,TRUE,60441.8637
-69,38,TRUE,TRUE,29102.0701
-69,39,TRUE,TRUE,29484.9554
-69,40,TRUE,FALSE,2722.72722
-69,40,TRUE,TRUE,151687.429
-69,41,TRUE,TRUE,64915.1329
-69,42,TRUE,TRUE,42829.1256
-69,43,TRUE,TRUE,79127.6801
-69,44,TRUE,TRUE,333150.232
-69,48,TRUE,TRUE,102494.75
-69,49,TRUE,TRUE,11636.583
-69,58,TRUE,FALSE,1390.40822
-69,58,TRUE,TRUE,3012.99214
-69,59,TRUE,FALSE,2042.9652
-69,59,TRUE,TRUE,5077.39832
-69,60,TRUE,TRUE,3895.36984
-68,-64,TRUE,TRUE,99.6037379
-68,-57,TRUE,TRUE,3130.6655
-68,-56,TRUE,TRUE,5431.46316
-68,-55,TRUE,TRUE,25966.863
-68,-54,TRUE,TRUE,2824.11626
-68,-53,TRUE,TRUE,24878.6384
-68,-52,TRUE,TRUE,10630.2973
-68,-51,TRUE,TRUE,2380.73584
-68,-50,TRUE,TRUE,10321.1936
-68,-49,TRUE,TRUE,4153.97942
-68,-47,TRUE,TRUE,30103.924
-68,-46,TRUE,TRUE,44674.9524
-68,10,TRUE,TRUE,217365.863
-68,11,TRUE,TRUE,166314.863
-68,12,TRUE,TRUE,163193.54
-68,13,TRUE,TRUE,151832.096
-68,14,TRUE,TRUE,122216.986
-68,15,TRUE,TRUE,61969.5328
-68,16,TRUE,TRUE,73127.7882
-68,17,TRUE,TRUE,200203.511
-68,18,TRUE,TRUE,341856.679
-68,19,TRUE,TRUE,277638.196
-68,20,TRUE,FALSE,2110.48092
-68,20,TRUE,TRUE,123431.077
-68,21,TRUE,TRUE,33701.8154
-68,22,TRUE,FALSE,9.54390915
-68,22,TRUE,TRUE,28091.4833
-68,23,TRUE,TRUE,17078.1295
-68,26,TRUE,TRUE,1192.50196
-68,34,TRUE,TRUE,4061.19049
-68,35,TRUE,TRUE,30297.0843
-68,36,TRUE,TRUE,64537.261
-68,37,TRUE,TRUE,61722.9357
-68,38,TRUE,TRUE,58108.6254
-68,39,TRUE,TRUE,15154.695
-68,40,TRUE,TRUE,132063.568
-68,41,TRUE,TRUE,51966.2317
-68,42,TRUE,TRUE,55792.44
-68,43,TRUE,TRUE,50793.0546
-68,44,TRUE,TRUE,72251.6615
-68,45,TRUE,TRUE,17119.0466
-68,48,TRUE,TRUE,23991.6825
-68,49,TRUE,TRUE,83070.3506
-68,58,TRUE,FALSE,12209.2611
-68,58,TRUE,TRUE,28321.4927
-68,59,TRUE,FALSE,523.244069
-68,59,TRUE,TRUE,4159.23027
-68,60,TRUE,FALSE,1115.62479
-68,60,TRUE,TRUE,7349.89919
-67,-57,TRUE,TRUE,2020.3055
-67,-56,TRUE,TRUE,24250.9064
-67,-55,TRUE,TRUE,4277.76641
-67,-54,TRUE,TRUE,1328.61008
-67,-53,TRUE,TRUE,930.453051
-67,-52,TRUE,TRUE,14112.4523
-67,-51,TRUE,TRUE,5162.30897
-67,-50,TRUE,TRUE,4742.18873
-67,-49,TRUE,TRUE,9624.55071
-67,-48,TRUE,TRUE,256.012908
-67,-47,TRUE,TRUE,12999.1243
-67,-46,TRUE,TRUE,15494.895
-67,10,TRUE,TRUE,249595.021
-67,11,TRUE,TRUE,156500.805
-67,12,TRUE,TRUE,164630.059
-67,13,TRUE,TRUE,132474.769
-67,14,TRUE,TRUE,63992.4594
-67,15,TRUE,FALSE,8.34333295
-67,15,TRUE,TRUE,81092.8375
-67,16,TRUE,TRUE,90201.4764
-67,17,TRUE,TRUE,298005.49
-67,18,TRUE,TRUE,762103.457
-67,19,TRUE,TRUE,258005.754
-67,20,TRUE,TRUE,130118.942
-67,21,TRUE,TRUE,14242.5686
-67,22,TRUE,TRUE,19436.6047
-67,23,TRUE,TRUE,17167.75
-67,34,TRUE,TRUE,6585.38596
-67,35,TRUE,TRUE,30032.7863
-67,36,TRUE,TRUE,37234.3792
-67,37,TRUE,TRUE,48175.1792
-67,38,TRUE,TRUE,56678.0771
-67,39,TRUE,TRUE,23314.1442
-67,40,TRUE,TRUE,75286.262
-67,41,TRUE,TRUE,91105.1199
-67,42,TRUE,TRUE,54188.3916
-67,43,TRUE,TRUE,151325.309
-67,44,TRUE,TRUE,248278.452
-67,45,TRUE,TRUE,165896.006
-67,48,TRUE,TRUE,1645.82468
-67,49,TRUE,TRUE,132265.525
-67,50,TRUE,TRUE,8655.42409
-67,58,TRUE,FALSE,6537.33477
-67,58,TRUE,TRUE,20544.2978
-67,59,TRUE,FALSE,4694.21554
-67,59,TRUE,TRUE,5718.0482
-67,60,TRUE,FALSE,4791.31077
-67,60,TRUE,TRUE,9276.95423
-67,61,TRUE,TRUE,249.0436
-66,-57,TRUE,TRUE,3103.30826
-66,-56,TRUE,TRUE,15410.5099
-66,-55,TRUE,TRUE,7829.16575
-66,-54,TRUE,TRUE,942.105436
-66,-53,TRUE,TRUE,279.006188
-66,-52,TRUE,TRUE,552.067098
-66,-51,TRUE,FALSE,210.153084
-66,-51,TRUE,TRUE,8670.52377
-66,-50,TRUE,TRUE,7905.46729
-66,-49,TRUE,FALSE,777.666078
-66,-49,TRUE,TRUE,15211.9512
-66,-48,TRUE,TRUE,87277.1479
-66,-47,TRUE,TRUE,5811.50367
-66,-46,TRUE,TRUE,13499.31
-66,-45,TRUE,TRUE,12081.4298
-66,-44,TRUE,TRUE,49749.5495
-66,-43,TRUE,TRUE,8582.63308
-66,-42,TRUE,TRUE,1225.57419
-66,-41,TRUE,TRUE,3208.1133
-66,10,TRUE,TRUE,280257.955
-66,11,TRUE,TRUE,132456.378
-66,12,TRUE,TRUE,182936.41
-66,13,TRUE,FALSE,41.2513153
-66,13,TRUE,TRUE,78567.1603
-66,14,TRUE,FALSE,9.83095239
-66,14,TRUE,TRUE,77247.6707
-66,15,TRUE,TRUE,103716.748
-66,16,TRUE,TRUE,88853.4865
-66,17,TRUE,TRUE,120659.705
-66,18,TRUE,TRUE,838237.793
-66,19,TRUE,TRUE,90608.2247
-66,20,TRUE,TRUE,111361.74
-66,21,TRUE,TRUE,29851.6187
-66,22,TRUE,TRUE,16340.5619
-66,23,TRUE,TRUE,4948.94256
-66,24,TRUE,TRUE,708.336979
-66,26,TRUE,TRUE,927.02885
-66,28,TRUE,TRUE,11.9654086
-66,34,TRUE,TRUE,2055.17605
-66,35,TRUE,TRUE,42997.4971
-66,36,TRUE,TRUE,60917.5789
-66,37,TRUE,TRUE,31992.3898
-66,38,TRUE,TRUE,57842.5068
-66,39,TRUE,TRUE,31886.1012
-66,40,TRUE,TRUE,27672.59
-66,41,TRUE,FALSE,355.307425
-66,41,TRUE,TRUE,14557.3959
-66,42,TRUE,FALSE,1508.01871
-66,42,TRUE,TRUE,54007.0298
-66,43,TRUE,TRUE,231156.47
-66,44,TRUE,TRUE,13158.1424
-66,45,TRUE,TRUE,15694.7291
-66,47,TRUE,TRUE,12677.332
-66,48,TRUE,TRUE,8072.55503
-66,49,TRUE,TRUE,73782.6075
-66,50,TRUE,TRUE,591.669746
-66,58,TRUE,TRUE,552.232488
-66,59,TRUE,FALSE,13784.8708
-66,59,TRUE,TRUE,31916.9919
-66,60,TRUE,FALSE,4982.79664
-66,60,TRUE,TRUE,9076.22238
-66,61,TRUE,FALSE,1551.17869
-66,61,TRUE,TRUE,6713.46396
-65,-57,TRUE,TRUE,11.0200225
-65,-56,TRUE,TRUE,449.536612
-65,-55,TRUE,TRUE,6912.02709
-65,-54,TRUE,TRUE,2719.46585
-65,-51,TRUE,TRUE,2599.42954
-65,-50,TRUE,FALSE,175.885441
-65,-50,TRUE,TRUE,7579.53531
-65,-49,TRUE,FALSE,509.614945
-65,-49,TRUE,TRUE,9803.20431
-65,-48,TRUE,FALSE,296.389795
-65,-48,TRUE,TRUE,3956.37522
-65,-47,TRUE,TRUE,4698.35797
-65,-46,TRUE,TRUE,4890.34541
-65,-45,TRUE,TRUE,7282.75574
-65,-44,TRUE,TRUE,25362.7944
-65,-43,TRUE,TRUE,23290.7574
-65,-42,TRUE,TRUE,15052.3267
-65,-41,TRUE,TRUE,24045.9841
-65,10,TRUE,TRUE,2079582.48
-65,11,TRUE,TRUE,152584.078
-65,12,TRUE,TRUE,177360.544
-65,13,TRUE,FALSE,15.8134187
-65,13,TRUE,TRUE,68335.0712
-65,14,TRUE,FALSE,8.95994583
-65,14,TRUE,TRUE,77513.1264
-65,15,TRUE,FALSE,7.13760099
-65,15,TRUE,TRUE,103589.882
-65,16,TRUE,TRUE,73473.006
-65,17,TRUE,TRUE,513707.792
-65,18,TRUE,TRUE,1964972.83
-65,19,TRUE,TRUE,86268.4191
-65,20,TRUE,TRUE,48100.3261
-65,21,TRUE,TRUE,60023.0348
-65,22,TRUE,TRUE,23943.5662
-65,27,TRUE,TRUE,1037.22387
-65,28,TRUE,TRUE,39.3080865
-65,31,TRUE,TRUE,1732.33447
-65,34,TRUE,TRUE,2895.72996
-65,35,TRUE,TRUE,21127.5083
-65,36,TRUE,TRUE,25958.6653
-65,37,TRUE,TRUE,22086.6215
-65,38,TRUE,TRUE,30811.6074
-65,39,TRUE,FALSE,5.69433112
-65,39,TRUE,TRUE,45194.5689
-65,40,TRUE,TRUE,32601.4613
-65,41,TRUE,FALSE,80.9479782
-65,41,TRUE,TRUE,15047.8491
-65,42,TRUE,FALSE,550.547033
-65,42,TRUE,TRUE,35621.2
-65,43,TRUE,TRUE,68957.7594
-65,44,TRUE,TRUE,88285.8286
-65,45,TRUE,TRUE,12436.6099
-65,46,TRUE,TRUE,22216.7896
-65,47,TRUE,TRUE,35153.6361
-65,48,TRUE,TRUE,63506.97
-65,49,TRUE,TRUE,91080.0925
-65,50,TRUE,TRUE,5657.70459
-65,59,TRUE,FALSE,305.436325
-65,59,TRUE,TRUE,585.588009
-65,60,TRUE,FALSE,4943.19099
-65,60,TRUE,TRUE,8485.39272
-65,61,TRUE,TRUE,4373.90724
-64,-56,TRUE,TRUE,137.622812
-64,-55,TRUE,TRUE,9090.23406
-64,-54,TRUE,TRUE,8420.94347
-64,-51,TRUE,TRUE,377.085944
-64,-50,TRUE,TRUE,1706.75643
-64,-49,TRUE,TRUE,3976.71729
-64,-48,TRUE,FALSE,537.954888
-64,-48,TRUE,TRUE,8017.76986
-64,-47,TRUE,FALSE,227.019694
-64,-47,TRUE,TRUE,7434.86571
-64,-46,TRUE,FALSE,128.75628
-64,-46,TRUE,TRUE,16483.474
-64,-45,TRUE,TRUE,12654.308
-64,-44,TRUE,TRUE,18237.0722
-64,-43,TRUE,TRUE,15467.4833
-64,-42,TRUE,TRUE,3096.46339
-64,10,TRUE,TRUE,62721.1595
-64,11,TRUE,TRUE,229287.286
-64,12,TRUE,TRUE,161498.996
-64,13,TRUE,TRUE,59516.342
-64,14,TRUE,TRUE,90968.9217
-64,15,TRUE,TRUE,97288.5499
-64,16,TRUE,TRUE,109348.501
-64,17,TRUE,TRUE,718444.088
-64,18,TRUE,TRUE,1162769.05
-64,19,TRUE,TRUE,47228.3939
-64,20,TRUE,TRUE,25422.9459
-64,21,TRUE,TRUE,82410.4957
-64,22,TRUE,TRUE,35321.4318
-64,34,TRUE,TRUE,3358.43811
-64,35,TRUE,TRUE,19003.119
-64,36,TRUE,TRUE,34056.8896
-64,37,TRUE,TRUE,43044.1303
-64,38,TRUE,TRUE,44535.3583
-64,39,TRUE,FALSE,3.76500933
-64,39,TRUE,TRUE,65969.3158
-64,40,TRUE,TRUE,32594.8062
-64,41,TRUE,TRUE,13464.0747
-64,42,TRUE,FALSE,94.6486736
-64,42,TRUE,TRUE,15028.6798
-64,43,TRUE,TRUE,43205.5243
-64,44,TRUE,TRUE,346420.705
-64,45,TRUE,TRUE,7864.41219
-64,46,TRUE,TRUE,82234.3457
-64,47,TRUE,TRUE,14562.3325
-64,48,TRUE,TRUE,31077.0485
-64,49,TRUE,TRUE,55780.4183
-64,50,TRUE,TRUE,13674.6156
-64,58,TRUE,TRUE,598.176847
-64,59,TRUE,FALSE,10576.6914
-64,59,TRUE,TRUE,13124.3694
-64,60,TRUE,FALSE,5270.21339
-64,60,TRUE,TRUE,10808.4143
-64,61,TRUE,FALSE,660.062042
-64,61,TRUE,TRUE,6626.05189
-63,-55,TRUE,TRUE,1133.7568
-63,-50,TRUE,TRUE,481.751913
-63,-49,TRUE,TRUE,2553.65162
-63,-48,TRUE,FALSE,6549.4993
-63,-48,TRUE,TRUE,11984.2822
-63,-47,TRUE,FALSE,386.419172
-63,-47,TRUE,TRUE,10709.3489
-63,-46,TRUE,FALSE,1493.39125
-63,-46,TRUE,TRUE,15959.3863
-63,-45,TRUE,TRUE,16312.7799
-63,-44,TRUE,FALSE,84.9917934
-63,-44,TRUE,TRUE,16389.5753
-63,-43,TRUE,FALSE,111.27716
-63,-43,TRUE,TRUE,10235.6852
-63,-42,TRUE,TRUE,6136.10955
-63,-41,TRUE,TRUE,42424.1991
-63,-40,TRUE,TRUE,71318.3926
-63,-39,TRUE,TRUE,435467.225
-63,9,TRUE,TRUE,11056.5222
-63,10,TRUE,TRUE,259885.38
-63,11,TRUE,TRUE,226930.901
-63,12,TRUE,TRUE,84043.0291
-63,13,TRUE,TRUE,69215.7305
-63,14,TRUE,TRUE,96139.3502
-63,15,TRUE,TRUE,113376.537
-63,16,TRUE,TRUE,437437.373
-63,17,TRUE,TRUE,1147548.31
-63,18,TRUE,TRUE,139287.737
-63,19,TRUE,TRUE,35070.4658
-63,20,TRUE,TRUE,20568.9936
-63,21,TRUE,TRUE,72561.5811
-63,22,TRUE,TRUE,27593.2323
-63,34,TRUE,TRUE,4433.15186
-63,35,TRUE,TRUE,17717.772
-63,36,TRUE,TRUE,35579.3534
-63,37,TRUE,TRUE,31571.0467
-63,38,TRUE,TRUE,40374.314
-63,39,TRUE,FALSE,4.06159023
-63,39,TRUE,TRUE,57167.6337
-63,40,TRUE,TRUE,62860.8052
-63,41,TRUE,TRUE,20514.421
-63,42,TRUE,FALSE,81.2621311
-63,42,TRUE,TRUE,17434.2286
-63,43,TRUE,TRUE,25827.5203
-63,44,TRUE,TRUE,90908.1985
-63,45,TRUE,TRUE,18821.7993
-63,46,TRUE,TRUE,11172.189
-63,47,TRUE,TRUE,16881.1171
-63,48,TRUE,TRUE,62945.0365
-63,49,TRUE,TRUE,17273.7083
-63,50,TRUE,TRUE,1892.71629
-63,57,TRUE,TRUE,722.038154
-63,58,TRUE,FALSE,6786.21962
-63,58,TRUE,TRUE,11823.0329
-63,59,TRUE,FALSE,6731.47652
-63,59,TRUE,TRUE,9668.54828
-63,60,TRUE,FALSE,7168.09602
-63,60,TRUE,TRUE,13322.0001
-63,61,TRUE,TRUE,4887.96188
-62,-53,TRUE,TRUE,1072.27527
-62,-52,TRUE,TRUE,657.054481
-62,-49,TRUE,TRUE,48.8906975
-62,-48,TRUE,FALSE,2277.65418
-62,-48,TRUE,TRUE,5044.98569
-62,-47,TRUE,FALSE,8291.14341
-62,-47,TRUE,TRUE,10804.5921
-62,-46,TRUE,FALSE,11516.9755
-62,-46,TRUE,TRUE,14552.1953
-62,-45,TRUE,FALSE,607.930076
-62,-45,TRUE,TRUE,19106.1239
-62,-44,TRUE,FALSE,206.982903
-62,-44,TRUE,TRUE,12069.9869
-62,-43,TRUE,FALSE,119.74779
-62,-43,TRUE,TRUE,12924.8598
-62,-42,TRUE,TRUE,25366.0453
-62,-41,TRUE,TRUE,13165.1793
-62,-40,TRUE,TRUE,213075.055
-62,-39,TRUE,TRUE,51215.3764
-62,9,TRUE,TRUE,175126.322
-62,10,TRUE,TRUE,1906403.08
-62,11,TRUE,TRUE,577189.971
-62,12,TRUE,TRUE,1907163.35
-62,13,TRUE,TRUE,1043199.4
-62,14,TRUE,TRUE,1177955.32
-62,15,TRUE,TRUE,960489.549
-62,16,TRUE,TRUE,1087386.55
-62,17,TRUE,TRUE,1278995.16
-62,18,TRUE,TRUE,68068.6244
-62,19,TRUE,TRUE,10753.6968
-62,20,TRUE,TRUE,9359.16806
-62,21,TRUE,TRUE,9243.83774
-62,22,TRUE,TRUE,673.322732
-62,34,TRUE,TRUE,1277.4498
-62,35,TRUE,TRUE,27695.3957
-62,36,TRUE,TRUE,27993.6227
-62,37,TRUE,TRUE,29849.6578
-62,38,TRUE,TRUE,34038.1165
-62,39,TRUE,FALSE,4.74827032
-62,39,TRUE,TRUE,45040.002
-62,40,TRUE,TRUE,40981.5479
-62,41,TRUE,TRUE,6867.83414
-62,42,TRUE,FALSE,19.5889817
-62,42,TRUE,TRUE,19605.5373
-62,43,TRUE,FALSE,51.2852428
-62,43,TRUE,TRUE,32275.0687
-62,44,TRUE,TRUE,38881.7326
-62,45,TRUE,TRUE,107805.072
-62,46,TRUE,TRUE,13651.3916
-62,47,TRUE,TRUE,49194.2309
-62,48,TRUE,TRUE,61622.105
-62,49,TRUE,TRUE,26742.237
-62,50,TRUE,TRUE,725.105912
-62,55,TRUE,TRUE,24.0392599
-62,56,TRUE,TRUE,4717.61531
-62,57,TRUE,FALSE,6773.99913
-62,57,TRUE,TRUE,13206.0174
-62,58,TRUE,FALSE,4303.14786
-62,58,TRUE,TRUE,10400.6081
-62,59,TRUE,FALSE,4958.74811
-62,59,TRUE,TRUE,8327.73026
-62,60,TRUE,FALSE,3411.40671
-62,60,TRUE,TRUE,9638.07477
-62,61,TRUE,TRUE,4273.11075
-61,-53,TRUE,TRUE,1738.66458
-61,-52,TRUE,FALSE,2127.78167
-61,-52,TRUE,TRUE,5728.57413
-61,-51,TRUE,TRUE,3844.53029
-61,-50,TRUE,TRUE,784.632503
-61,-49,TRUE,FALSE,4010.99507
-61,-49,TRUE,TRUE,3576.0025
-61,-48,FALSE,FALSE,70610.9234
-61,-47,TRUE,FALSE,430436.612
-61,-47,TRUE,TRUE,139761.317
-61,-46,TRUE,FALSE,399723.503
-61,-46,TRUE,TRUE,224976.146
-61,-45,TRUE,FALSE,858.989528
-61,-45,TRUE,TRUE,17337.7193
-61,-44,TRUE,FALSE,353.675655
-61,-44,TRUE,TRUE,5968.33735
-61,-43,TRUE,TRUE,4157.32389
-61,-42,TRUE,TRUE,34535.8641
-61,-41,TRUE,TRUE,11987.0188
-61,-40,TRUE,TRUE,38836.7549
-61,-39,TRUE,TRUE,159.16897
-61,8,TRUE,TRUE,96459.3215
-61,9,TRUE,TRUE,168568.064
-61,10,TRUE,TRUE,403648.186
-61,11,TRUE,TRUE,447510.771
-61,12,TRUE,TRUE,68736.962
-61,13,TRUE,TRUE,304973.085
-61,14,TRUE,TRUE,1242453.91
-61,15,TRUE,TRUE,8514.61343
-61,16,TRUE,TRUE,37260.3251
-61,17,TRUE,TRUE,72940.1479
-61,18,TRUE,TRUE,12477.749
-61,19,TRUE,TRUE,2924.60366
-61,20,TRUE,TRUE,6548.43048
-61,21,TRUE,TRUE,7611.29814
-61,22,TRUE,TRUE,10887.0419
-61,23,TRUE,TRUE,13520.7784
-61,33,TRUE,FALSE,14.8324172
-61,33,TRUE,TRUE,10.1519967
-61,35,TRUE,TRUE,12817.7286
-61,36,TRUE,TRUE,13905.1371
-61,37,TRUE,TRUE,13172.9005
-61,38,TRUE,TRUE,28484.1995
-61,39,TRUE,TRUE,46502.7198
-61,40,TRUE,TRUE,26278.349
-61,41,TRUE,TRUE,6932.51352
-61,42,TRUE,TRUE,11015.5961
-61,43,TRUE,FALSE,66.2544608
-61,43,TRUE,TRUE,22562.4459
-61,44,TRUE,TRUE,35239.546
-61,45,TRUE,TRUE,76290.2541
-61,46,TRUE,TRUE,51369.3233
-61,47,TRUE,TRUE,71659.7598
-61,48,TRUE,TRUE,14062.232
-61,49,TRUE,TRUE,8814.95519
-61,50,TRUE,TRUE,1480.74761
-61,53,TRUE,TRUE,2018.78373
-61,55,TRUE,TRUE,3324.73796
-61,56,TRUE,TRUE,29169.8398
-61,57,TRUE,FALSE,2988.83821
-61,57,TRUE,TRUE,6821.80349
-61,58,TRUE,FALSE,4225.2541
-61,58,TRUE,TRUE,5750.58284
-61,59,TRUE,FALSE,1193.18983
-61,59,TRUE,TRUE,5346.36018
-61,60,TRUE,TRUE,716.201956
-61,61,TRUE,TRUE,121.888324
-60,-53,TRUE,FALSE,1261.11836
-60,-53,TRUE,TRUE,3750.50576
-60,-52,TRUE,FALSE,2986.2881
-60,-52,TRUE,TRUE,9874.96309
-60,-51,TRUE,TRUE,964.839134
-60,-50,TRUE,FALSE,1700.02185
-60,-50,TRUE,TRUE,3513.61349
-60,-48,FALSE,FALSE,8505.83795
-60,-47,FALSE,FALSE,6442.82219
-60,-46,TRUE,FALSE,7650.44648
-60,-46,TRUE,TRUE,3081.48848
-60,-45,TRUE,TRUE,4307.13503
-60,-44,TRUE,FALSE,443.070801
-60,-44,TRUE,TRUE,8187.33356
-60,-43,TRUE,FALSE,528.737808
-60,-43,TRUE,TRUE,19126.5436
-60,-42,TRUE,TRUE,4171.86204
-60,-41,TRUE,FALSE,587.318642
-60,-41,TRUE,TRUE,13809.7153
-60,-40,TRUE,TRUE,29007.5736
-60,-39,TRUE,TRUE,3572.14309
-60,8,TRUE,TRUE,80061.3031
-60,9,TRUE,TRUE,135214.913
-60,10,TRUE,TRUE,160551.816
-60,11,TRUE,TRUE,156017.175
-60,12,TRUE,TRUE,132463.774
-60,13,TRUE,TRUE,529169.339
-60,14,TRUE,TRUE,26835.9871
-60,15,TRUE,TRUE,19636.2798
-60,16,TRUE,TRUE,29242.8837
-60,17,TRUE,TRUE,55800.9442
-60,18,TRUE,TRUE,13189.3078
-60,19,TRUE,TRUE,4878.89246
-60,20,TRUE,TRUE,9965.89774
-60,21,TRUE,TRUE,9969.55197
-60,22,TRUE,TRUE,11471.3533
-60,23,TRUE,FALSE,1097.68219
-60,23,TRUE,TRUE,32987.0211
-60,24,TRUE,TRUE,813.383802
-60,31,TRUE,TRUE,1041.44678
-60,35,TRUE,TRUE,2390.51943
-60,36,TRUE,TRUE,11130.6202
-60,37,TRUE,TRUE,7419.49254
-60,38,TRUE,TRUE,5197.75637
-60,39,TRUE,TRUE,14111.665
-60,40,TRUE,TRUE,8819.31838
-60,41,TRUE,TRUE,3571.83979
-60,42,TRUE,TRUE,7662.90958
-60,43,TRUE,FALSE,54.6160317
-60,43,TRUE,TRUE,14310.6272
-60,44,TRUE,FALSE,128.431453
-60,44,TRUE,TRUE,24948.1608
-60,45,TRUE,TRUE,74634.5153
-60,46,TRUE,TRUE,80438.4221
-60,47,TRUE,TRUE,72657.5753
-60,48,TRUE,TRUE,4804.79639
-60,49,TRUE,TRUE,6509.38889
-60,50,TRUE,TRUE,5163.53527
-60,53,TRUE,TRUE,11.347122
-60,55,TRUE,TRUE,33552.5101
-60,56,TRUE,TRUE,14083.2004
-60,57,TRUE,TRUE,900.089923
-60,58,TRUE,TRUE,161.616615
-59,-59,TRUE,TRUE,309.257023
-59,-53,TRUE,TRUE,7187.8835
-59,-52,TRUE,FALSE,83.9709274
-59,-52,TRUE,TRUE,6304.11328
-59,-44,TRUE,FALSE,3062.39018
-59,-44,TRUE,TRUE,1403.55321
-59,-43,TRUE,TRUE,7713.33841
-59,-42,TRUE,TRUE,7603.03115
-59,-41,TRUE,FALSE,220.602195
-59,-41,TRUE,TRUE,7903.24279
-59,-40,TRUE,FALSE,196.453271
-59,-40,TRUE,TRUE,20584.8254
-59,-39,TRUE,FALSE,321.448846
-59,-39,TRUE,TRUE,116059.767
-59,-35,FALSE,FALSE,5953.67056
-59,-34,FALSE,FALSE,430.357219
-59,6,TRUE,FALSE,89524.5968
-59,6,TRUE,TRUE,300842.817
-59,7,TRUE,TRUE,112469.98
-59,8,TRUE,TRUE,127861.846
-59,9,TRUE,TRUE,86476.3462
-59,10,TRUE,TRUE,170406.424
-59,11,TRUE,TRUE,86594.2423
-59,12,TRUE,TRUE,56215.1487
-59,13,TRUE,TRUE,19551.8564
-59,14,TRUE,TRUE,10758.0899
-59,15,TRUE,TRUE,20998.5393
-59,16,TRUE,TRUE,28095.789
-59,17,TRUE,TRUE,31922.0347
-59,18,TRUE,FALSE,4.80696009
-59,18,TRUE,TRUE,23306.8505
-59,19,TRUE,TRUE,11038.6966
-59,20,TRUE,FALSE,14.4496314
-59,20,TRUE,TRUE,11105.3979
-59,21,TRUE,TRUE,11938.7994
-59,22,TRUE,TRUE,15067.8228
-59,23,TRUE,TRUE,29171.835
-59,24,TRUE,TRUE,3667.61691
-59,34,TRUE,TRUE,11.2033292
-59,35,TRUE,TRUE,1313.42651
-59,41,TRUE,TRUE,3780.60784
-59,42,TRUE,TRUE,8897.96081
-59,43,TRUE,TRUE,12096.7527
-59,44,TRUE,FALSE,180.817451
-59,44,TRUE,TRUE,28787.6855
-59,45,TRUE,TRUE,13850.5017
-59,46,TRUE,TRUE,35680.8063
-59,47,TRUE,TRUE,20560.5538
-59,48,TRUE,TRUE,10790.7592
-59,49,TRUE,TRUE,13798.6009
-59,50,TRUE,TRUE,20645.0239
-59,51,TRUE,TRUE,710.922212
-59,53,TRUE,TRUE,86.9204741
-59,54,TRUE,TRUE,2428.27377
-59,55,TRUE,FALSE,213.111771
-59,55,TRUE,TRUE,20042.2281
-59,56,TRUE,TRUE,7504.377
-58,-60,TRUE,TRUE,156.309463
-58,-53,TRUE,TRUE,198.738982
-58,-52,TRUE,FALSE,2276.65192
-58,-52,TRUE,TRUE,37530.3661
-58,-44,TRUE,TRUE,466.332702
-58,-43,TRUE,FALSE,3496.23482
-58,-43,TRUE,TRUE,5686.7843
-58,-42,TRUE,FALSE,17312.5265
-58,-42,TRUE,TRUE,7573.93694
-58,-41,TRUE,FALSE,531.029021
-58,-41,TRUE,TRUE,186.867119
-58,-40,TRUE,TRUE,3871.87673
-58,-39,TRUE,FALSE,5168.74077
-58,-39,TRUE,TRUE,269660.585
-58,-38,TRUE,TRUE,8164.35777
-58,-36,FALSE,FALSE,801.908415
-58,-35,FALSE,FALSE,15859.2055
-58,5,TRUE,FALSE,471.124514
-58,5,TRUE,TRUE,7734.42763
-58,6,TRUE,FALSE,19581.8875
-58,6,TRUE,TRUE,101973.211
-58,7,TRUE,FALSE,6867.2005
-58,7,TRUE,TRUE,107067.852
-58,8,TRUE,TRUE,6586.98859
-58,9,TRUE,TRUE,38524.5808
-58,10,TRUE,TRUE,110163.546
-58,11,TRUE,TRUE,61714.1394
-58,12,TRUE,TRUE,14259.2528
-58,13,TRUE,TRUE,36067.0029
-58,14,TRUE,TRUE,63787.3409
-58,15,TRUE,TRUE,36953.3323
-58,16,TRUE,TRUE,25312.2538
-58,17,TRUE,TRUE,23688.3604
-58,18,TRUE,TRUE,35142.7799
-58,19,TRUE,TRUE,27418.6069
-58,20,TRUE,TRUE,4828.26132
-58,21,TRUE,TRUE,8366.44625
-58,22,TRUE,TRUE,9591.33162
-58,23,TRUE,TRUE,12132.0193
-58,24,TRUE,TRUE,18559.1136
-58,41,TRUE,TRUE,2438.15982
-58,42,TRUE,FALSE,17.6176935
-58,42,TRUE,TRUE,5940.29121
-58,43,TRUE,TRUE,7933.10905
-58,44,TRUE,FALSE,453.859698
-58,44,TRUE,TRUE,26605.6125
-58,45,TRUE,TRUE,41624.5618
-58,46,TRUE,FALSE,186.72001
-58,46,TRUE,TRUE,53409.7923
-58,47,TRUE,TRUE,19169.7253
-58,49,TRUE,TRUE,328.460639
-58,50,TRUE,TRUE,14600.6619
-58,51,TRUE,TRUE,20350.1114
-58,53,TRUE,FALSE,33.8289646
-58,53,TRUE,TRUE,687.966229
-58,54,TRUE,FALSE,98.6752014
-58,54,TRUE,TRUE,11390.6551
-58,55,TRUE,FALSE,320.993961
-58,55,TRUE,TRUE,15622.4338
-58,56,TRUE,TRUE,3586.00285
-57,-59,TRUE,FALSE,8968.06552
-57,-59,TRUE,TRUE,144.454376
-57,-42,TRUE,TRUE,129.198047
-57,-41,TRUE,FALSE,782.550071
-57,-41,TRUE,TRUE,648.117309
-57,-40,TRUE,FALSE,507.239905
-57,-40,TRUE,TRUE,666.653047
-57,-39,TRUE,FALSE,3134.13827
-57,-39,TRUE,TRUE,766.359378
-57,-38,TRUE,FALSE,941.135592
-57,-38,TRUE,TRUE,68014.2976
-57,-37,TRUE,FALSE,368.400489
-57,-37,TRUE,TRUE,22309.2969
-57,-36,TRUE,TRUE,9135.55026
-57,-35,FALSE,FALSE,4763.70132
-57,5,TRUE,TRUE,5161.04327
-57,6,TRUE,TRUE,97015.3028
-57,7,TRUE,TRUE,75705.2954
-57,8,TRUE,TRUE,73086.6747
-57,9,TRUE,TRUE,9782.81401
-57,10,TRUE,FALSE,123.316078
-57,10,TRUE,TRUE,53360.6599
-57,11,TRUE,TRUE,20964.6188
-57,12,TRUE,TRUE,7867.9974
-57,13,TRUE,TRUE,34526.1562
-57,14,TRUE,TRUE,39786.1534
-57,15,TRUE,TRUE,28745.9969
-57,16,TRUE,TRUE,16825.5645
-57,17,TRUE,TRUE,20547.5365
-57,18,TRUE,TRUE,16772.1902
-57,19,TRUE,FALSE,627.615533
-57,19,TRUE,TRUE,26253.4203
-57,20,TRUE,TRUE,15305.1494
-57,21,TRUE,TRUE,11044.0295
-57,22,TRUE,TRUE,4012.93376
-57,23,TRUE,TRUE,5494.33025
-57,24,TRUE,TRUE,2946.6558
-57,41,TRUE,TRUE,26656.4269
-57,42,TRUE,TRUE,6276.07466
-57,43,TRUE,TRUE,8670.52249
-57,44,TRUE,FALSE,206.189132
-57,44,TRUE,TRUE,17319.1722
-57,45,TRUE,TRUE,16938.6443
-57,46,TRUE,TRUE,90332.9866
-57,47,TRUE,TRUE,23505.207
-57,49,TRUE,TRUE,5348.55244
-57,50,TRUE,TRUE,9794.11224
-57,51,TRUE,TRUE,40783.3866
-57,53,TRUE,TRUE,5374.52567
-57,54,TRUE,TRUE,14415.0062
-57,55,TRUE,TRUE,19242.6327
-57,71,TRUE,FALSE,212.004373
-57,71,TRUE,TRUE,113.072337
-57,72,TRUE,FALSE,6020.54183
-57,72,TRUE,TRUE,557.090771
-56,-59,TRUE,FALSE,257.170368
-56,-59,TRUE,TRUE,190.24269
-56,-39,TRUE,TRUE,1988.07329
-56,-38,TRUE,FALSE,367.062653
-56,-38,TRUE,TRUE,37761.5767
-56,-37,TRUE,FALSE,598.894488
-56,-37,TRUE,TRUE,47938.8384
-56,-36,TRUE,FALSE,753.890748
-56,-36,TRUE,TRUE,419972.665
-56,-35,FALSE,FALSE,2009.78702
-56,5,TRUE,TRUE,208848.573
-56,6,TRUE,TRUE,188019.12
-56,7,TRUE,FALSE,58.7477151
-56,7,TRUE,TRUE,67133.8388
-56,8,TRUE,FALSE,27.326883
-56,8,TRUE,TRUE,88460.0282
-56,9,TRUE,TRUE,23580.9855
-56,10,TRUE,TRUE,26679.4369
-56,11,TRUE,FALSE,382.592659
-56,11,TRUE,TRUE,8250.051
-56,12,TRUE,TRUE,4166.69292
-56,13,TRUE,FALSE,4191.88881
-56,13,TRUE,TRUE,32396.9797
-56,14,TRUE,FALSE,3220.48426
-56,14,TRUE,TRUE,30215.3053
-56,15,TRUE,FALSE,1740.28644
-56,15,TRUE,TRUE,27097.3211
-56,16,TRUE,FALSE,2031.92515
-56,16,TRUE,TRUE,14903.4216
-56,17,TRUE,TRUE,12935.7834
-56,18,TRUE,TRUE,12545.0224
-56,19,TRUE,TRUE,6189.92044
-56,20,TRUE,TRUE,3170.75488
-56,41,TRUE,TRUE,2434.58278
-56,42,TRUE,TRUE,761.193523
-56,43,TRUE,TRUE,24715.0561
-56,44,TRUE,FALSE,23.503953
-56,44,TRUE,TRUE,12093.4284
-56,45,TRUE,FALSE,92.3360743
-56,45,TRUE,TRUE,26316.5775
-56,46,TRUE,TRUE,76980.2251
-56,47,TRUE,TRUE,40268.9907
-56,49,TRUE,TRUE,30129.6085
-56,50,TRUE,TRUE,17803.8258
-56,51,TRUE,TRUE,31141.1119
-56,52,TRUE,TRUE,27677.0242
-56,53,TRUE,TRUE,35133.9619
-56,54,TRUE,TRUE,13747.3608
-56,55,TRUE,TRUE,11873.2306
-55,-38,TRUE,TRUE,8424.76759
-55,-37,TRUE,TRUE,22701.9021
-55,-36,TRUE,FALSE,204.066206
-55,-36,TRUE,TRUE,206217.358
-55,-35,TRUE,TRUE,301534.004
-55,5,TRUE,TRUE,30555.5108
-55,6,TRUE,TRUE,163019.422
-55,7,TRUE,FALSE,1654.00857
-55,7,TRUE,TRUE,139934.78
-55,8,TRUE,TRUE,65346.4071
-55,9,TRUE,TRUE,4349.5856
-55,10,TRUE,FALSE,1283.55314
-55,10,TRUE,TRUE,7639.96621
-55,11,TRUE,FALSE,506.236643
-55,11,TRUE,TRUE,8709.76259
-55,12,TRUE,FALSE,25.0559962
-55,12,TRUE,TRUE,9322.93791
-55,13,TRUE,TRUE,13229.3661
-55,14,TRUE,FALSE,1225.9582
-55,14,TRUE,TRUE,7217.35669
-55,15,TRUE,TRUE,1231.24216
-55,43,TRUE,TRUE,23459.0555
-55,44,TRUE,TRUE,9730.79868
-55,45,TRUE,TRUE,19514.012
-55,46,TRUE,TRUE,56443.5115
-55,47,TRUE,TRUE,130182.51
-55,48,TRUE,TRUE,38.5503177
-55,49,TRUE,TRUE,57058.9267
-55,50,TRUE,TRUE,7456.16149
-55,51,TRUE,TRUE,19147.9801
-55,52,TRUE,TRUE,15013.2313
-55,53,TRUE,TRUE,9475.5817
-55,54,TRUE,TRUE,12258.9546
-55,55,TRUE,TRUE,2221.47491
-54,-38,TRUE,TRUE,5129.13152
-54,-37,TRUE,FALSE,2197.85581
-54,-37,TRUE,TRUE,17721.1394
-54,-36,TRUE,FALSE,136.785491
-54,-36,TRUE,TRUE,20200.7856
-54,-35,TRUE,FALSE,8192.91162
-54,-35,TRUE,TRUE,183921.997
-54,-34,TRUE,TRUE,2768.51065
-54,5,TRUE,TRUE,23368.1964
-54,6,TRUE,TRUE,151294.843
-54,7,TRUE,TRUE,158990.551
-54,8,TRUE,FALSE,15.3698289
-54,8,TRUE,TRUE,61754.8986
-54,9,TRUE,FALSE,60.0669466
-54,9,TRUE,TRUE,22613.5661
-54,10,TRUE,FALSE,43.2498567
-54,10,TRUE,TRUE,2336.56522
-54,11,TRUE,FALSE,272.000327
-54,11,TRUE,TRUE,68.0397852
-54,12,TRUE,TRUE,820.163926
-54,13,TRUE,TRUE,31.4034901
-54,14,TRUE,TRUE,573.084596
-54,43,TRUE,TRUE,983.020798
-54,44,TRUE,TRUE,5883.70839
-54,45,TRUE,FALSE,49.509776
-54,45,TRUE,TRUE,11891.1544
-54,46,TRUE,TRUE,77860.3121
-54,47,TRUE,TRUE,204581.343
-54,48,TRUE,TRUE,32923.3345
-54,49,TRUE,TRUE,26391.6449
-54,50,TRUE,TRUE,14226.5205
-54,51,TRUE,TRUE,10501.4213
-54,52,TRUE,TRUE,9270.37537
-54,53,TRUE,TRUE,10118.6709
-54,54,TRUE,TRUE,10002.9653
-54,55,TRUE,TRUE,1639.4461
-54,68,FALSE,FALSE,144.122221
-53,-36,TRUE,TRUE,22040.0465
-53,-35,TRUE,FALSE,266.048085
-53,-35,TRUE,TRUE,103052.361
-53,-34,TRUE,FALSE,12683.0474
-53,-34,TRUE,TRUE,146846.815
-53,-33,TRUE,FALSE,6278.22683
-53,-33,TRUE,TRUE,125711.699
-53,4,TRUE,TRUE,110564.579
-53,5,TRUE,TRUE,167854.018
-53,6,TRUE,TRUE,141738.013
-53,7,TRUE,TRUE,72698.2138
-53,8,TRUE,TRUE,31273.3328
-53,9,TRUE,TRUE,21159.4685
-53,10,TRUE,TRUE,41.2533958
-53,11,TRUE,FALSE,142.174736
-53,11,TRUE,TRUE,22.4820913
-53,12,TRUE,TRUE,22.161815
-53,39,TRUE,TRUE,10.8848011
-53,43,TRUE,TRUE,5194.58762
-53,44,TRUE,TRUE,7293.77929
-53,45,TRUE,TRUE,10552.2288
-53,46,TRUE,TRUE,41112.7222
-53,47,TRUE,TRUE,249257.774
-53,48,TRUE,TRUE,14413.8097
-53,49,TRUE,TRUE,8054.31572
-53,50,TRUE,TRUE,3347.68987
-53,51,TRUE,TRUE,4959.29572
-53,52,TRUE,TRUE,1768.63886
-53,53,TRUE,TRUE,5501.31738
-53,54,TRUE,TRUE,2782.62274
-53,55,TRUE,TRUE,40.3664931
-53,68,FALSE,FALSE,441.221745
-52,-35,TRUE,TRUE,1334.46135
-52,-34,TRUE,FALSE,843.247157
-52,-34,TRUE,TRUE,79877.6426
-52,-33,TRUE,FALSE,91389.9459
-52,-33,TRUE,TRUE,669950.832
-52,-32,TRUE,FALSE,1541.88384
-52,-32,TRUE,TRUE,20614.8133
-52,-31,FALSE,FALSE,3290.48128
-52,3,TRUE,TRUE,7231.66219
-52,4,TRUE,TRUE,88635.3972
-52,5,TRUE,TRUE,170723.16
-52,6,TRUE,TRUE,104140.566
-52,7,TRUE,TRUE,16193.2942
-52,8,TRUE,TRUE,25658.1942
-52,9,TRUE,TRUE,4052.5423
-52,10,TRUE,FALSE,184.087937
-52,10,TRUE,TRUE,46.7167645
-52,11,TRUE,FALSE,32.5645576
-52,11,TRUE,TRUE,54.2622614
-52,15,TRUE,TRUE,23.7312854
-52,16,TRUE,TRUE,18.3199301
-52,17,TRUE,TRUE,19.1884199
-52,18,TRUE,TRUE,19.3779281
-52,20,TRUE,TRUE,16.6914462
-52,21,TRUE,TRUE,19.8307988
-52,41,TRUE,TRUE,13.0519042
-52,43,TRUE,TRUE,10524.1458
-52,44,TRUE,FALSE,44.9188558
-52,44,TRUE,TRUE,3152.34493
-52,45,TRUE,FALSE,143.629714
-52,45,TRUE,TRUE,6116.66916
-52,46,TRUE,TRUE,16863.5698
-52,47,TRUE,TRUE,15930.1178
-52,48,TRUE,TRUE,12509.0586
-52,49,TRUE,TRUE,1248.33099
-52,50,TRUE,TRUE,1338.2018
-52,51,TRUE,TRUE,498.680591
-52,69,FALSE,FALSE,5271.02852
-51,-33,TRUE,FALSE,3855.85594
-51,-33,TRUE,TRUE,256.754133
-51,-32,TRUE,FALSE,18662.7493
-51,-32,TRUE,TRUE,76721.7981
-51,-31,TRUE,FALSE,17478.4465
-51,-31,TRUE,TRUE,64636.8845
-51,-30,TRUE,FALSE,45.8712882
-51,-30,TRUE,TRUE,18742.0748
-51,1,TRUE,TRUE,3822.38425
-51,2,TRUE,TRUE,34078.3012
-51,3,TRUE,TRUE,59929.8026
-51,4,TRUE,TRUE,134316.873
-51,5,TRUE,TRUE,132431.177
-51,6,TRUE,TRUE,13522.0735
-51,7,TRUE,TRUE,5015.97038
-51,8,TRUE,TRUE,92.9372841
-51,9,TRUE,TRUE,1060.62279
-51,17,TRUE,TRUE,19.3237848
-51,42,TRUE,FALSE,624.936349
-51,42,TRUE,TRUE,790.773502
-51,43,TRUE,TRUE,17477.4386
-51,44,TRUE,TRUE,6047.93603
-51,45,TRUE,TRUE,1855.57193
-51,46,TRUE,TRUE,6305.41859
-50,-32,TRUE,FALSE,1982.85882
-50,-32,TRUE,TRUE,50390.1923
-50,-31,TRUE,FALSE,21844.7001
-50,-31,TRUE,TRUE,112552.649
-50,-30,TRUE,FALSE,33564.1441
-50,-30,TRUE,TRUE,68246.684
-50,-29,TRUE,FALSE,3021.31528
-50,-29,TRUE,TRUE,1804.65778
-50,-1,TRUE,TRUE,1337.2324
-50,0,TRUE,TRUE,70196.8683
-50,1,TRUE,TRUE,99798.3196
-50,2,TRUE,TRUE,49924.7794
-50,3,TRUE,TRUE,111444.293
-50,4,TRUE,TRUE,131487.188
-50,5,TRUE,TRUE,58037.288
-50,6,TRUE,TRUE,17099.0733
-50,7,TRUE,TRUE,18978.6148
-50,8,TRUE,FALSE,171.199598
-50,8,TRUE,TRUE,105.605688
-50,17,TRUE,TRUE,26.0012381
-50,18,TRUE,TRUE,28.7106717
-49,-31,TRUE,TRUE,19381.8572
-49,-30,TRUE,FALSE,7407.81596
-49,-30,TRUE,TRUE,49604.3329
-49,-29,TRUE,FALSE,48781.634
-49,-29,TRUE,TRUE,255005.66
-49,-28,TRUE,TRUE,210171.568
-49,-27,TRUE,TRUE,1547759.22
-49,-26,TRUE,TRUE,2176532.54
-49,-2,FALSE,FALSE,14097.9921
-49,-1,TRUE,TRUE,145442.631
-49,0,TRUE,TRUE,56474.3544
-49,1,TRUE,FALSE,1152.70484
-49,1,TRUE,TRUE,145527.257
-49,2,TRUE,TRUE,117259.09
-49,3,TRUE,TRUE,66125.1919
-49,4,TRUE,TRUE,67100.9195
-49,5,TRUE,TRUE,21403.3898
-49,6,TRUE,TRUE,15074.8508
-49,7,TRUE,FALSE,30.7053505
-49,7,TRUE,TRUE,8530.00938
-48,-29,TRUE,TRUE,1572.79976
-48,-28,TRUE,TRUE,97252.8324
-48,-27,TRUE,TRUE,248408.098
-48,-26,TRUE,TRUE,305775.179
-48,-25,TRUE,TRUE,23281.4308
-48,-1,TRUE,TRUE,185819.177
-48,0,TRUE,TRUE,148698.678
-48,1,TRUE,FALSE,94.5221579
-48,1,TRUE,TRUE,82523.1214
-48,2,TRUE,TRUE,57746.4601
-48,3,TRUE,TRUE,51373.9711
-48,4,TRUE,TRUE,29609.1201
-48,5,TRUE,TRUE,17521.1154
-48,6,TRUE,FALSE,160.682711
-48,6,TRUE,TRUE,1567.51596
-48,7,TRUE,TRUE,31.5935812
-47,-29,TRUE,TRUE,13578.5942
-47,-28,TRUE,TRUE,56412.6643
-47,-27,TRUE,TRUE,142053.358
-47,-26,TRUE,TRUE,234712.943
-47,-25,TRUE,TRUE,1288769.94
-47,-24,TRUE,TRUE,86147.0913
-47,-2,TRUE,TRUE,600.923348
-47,-1,TRUE,TRUE,77695.2214
-47,0,TRUE,FALSE,42391.3876
-47,0,TRUE,TRUE,51902.815
-47,1,TRUE,FALSE,24188.0014
-47,1,TRUE,TRUE,46773.9252
-47,2,TRUE,TRUE,55812.7271
-47,3,TRUE,TRUE,34292.2304
-47,4,TRUE,TRUE,21476.6581
-47,5,TRUE,TRUE,15706.6399
-47,6,TRUE,FALSE,684.323502
-47,6,TRUE,TRUE,1647.68744
-47,47,TRUE,FALSE,12254.7042
-47,47,TRUE,TRUE,922.149535
-46,-28,TRUE,TRUE,29744.7567
-46,-27,TRUE,TRUE,66157.7553
-46,-26,TRUE,TRUE,159913.242
-46,-25,TRUE,TRUE,373426.165
-46,-24,TRUE,TRUE,656982.052
-46,-2,TRUE,TRUE,6169.14586
-46,-1,TRUE,TRUE,20659.453
-46,0,TRUE,FALSE,62459.3637
-46,0,TRUE,TRUE,50613.7589
-46,1,TRUE,TRUE,49841.0375
-46,2,TRUE,FALSE,13.8690789
-46,2,TRUE,TRUE,39853.944
-46,3,TRUE,TRUE,14668.9807
-46,4,TRUE,TRUE,34420.2562
-46,5,TRUE,FALSE,636.574886
-46,5,TRUE,TRUE,6423.42827
-46,6,TRUE,FALSE,771.136221
-46,6,TRUE,TRUE,136.438638
-46,47,TRUE,FALSE,3917.71368
-46,47,TRUE,TRUE,156.717683
-46,48,TRUE,FALSE,243.687793
-46,48,TRUE,TRUE,471.989663
-45,-28,TRUE,TRUE,22906.9977
-45,-27,TRUE,TRUE,32151.056
-45,-26,TRUE,TRUE,48999.5021
-45,-25,TRUE,TRUE,184501.606
-45,-24,TRUE,TRUE,1020948.63
-45,-23,TRUE,TRUE,10.513376
-45,-3,TRUE,TRUE,2208755.5
-45,-2,TRUE,TRUE,74039.4163
-45,-1,TRUE,TRUE,48120.2324
-45,0,TRUE,FALSE,17.3005843
-45,0,TRUE,TRUE,43336.9716
-45,1,TRUE,TRUE,45545.977
-45,2,TRUE,FALSE,12.5403815
-45,2,TRUE,TRUE,21418.9504
-45,3,TRUE,TRUE,28486.0335
-45,4,TRUE,TRUE,28213.0219
-45,5,TRUE,FALSE,30.3733108
-45,5,TRUE,TRUE,5245.08746
-45,6,TRUE,FALSE,38.4934963
-45,6,TRUE,TRUE,98.3234479
-44,-28,TRUE,TRUE,13019.4166
-44,-27,TRUE,TRUE,49700.8756
-44,-26,TRUE,FALSE,900.919876
-44,-26,TRUE,TRUE,179103.127
-44,-25,TRUE,TRUE,103068.534
-44,-24,TRUE,FALSE,279771.052
-44,-24,TRUE,TRUE,525346.124
-44,-23,TRUE,FALSE,6337.82553
-44,-23,TRUE,TRUE,1273484.23
-44,-3,TRUE,TRUE,13583.9158
-44,-2,TRUE,TRUE,167924.721
-44,-1,TRUE,FALSE,10.6220097
-44,-1,TRUE,TRUE,68015.465
-44,0,TRUE,TRUE,51607.9272
-44,1,TRUE,TRUE,26668.5486
-44,2,TRUE,TRUE,16256.453
-44,3,TRUE,TRUE,30174.5971
-44,4,TRUE,FALSE,119.433143
-44,4,TRUE,TRUE,10617.4457
-44,5,TRUE,FALSE,152.563656
-44,5,TRUE,TRUE,2147.69384
-44,40,TRUE,TRUE,1224.26675
-44,55,TRUE,FALSE,169.21087
-44,55,TRUE,TRUE,19.2658154
-43,-28,TRUE,TRUE,2886.04902
-43,-27,TRUE,FALSE,41.9841287
-43,-27,TRUE,TRUE,41985.6057
-43,-26,TRUE,FALSE,105322.652
-43,-26,TRUE,TRUE,286693.981
-43,-25,TRUE,FALSE,30.203294
-43,-25,TRUE,TRUE,298914.745
-43,-24,TRUE,FALSE,21681.6851
-43,-24,TRUE,TRUE,262377.839
-43,-23,TRUE,FALSE,48.3452341
-43,-23,TRUE,TRUE,11233.1615
-43,-3,TRUE,TRUE,16547.9614
-43,-2,TRUE,FALSE,13.4514918
-43,-2,TRUE,TRUE,128219.361
-43,-1,TRUE,TRUE,33768.9928
-43,0,TRUE,TRUE,51521.1082
-43,1,TRUE,TRUE,5657.14167
-43,2,TRUE,FALSE,25.57101
-43,2,TRUE,TRUE,5093.28344
-43,3,TRUE,FALSE,34.3494556
-43,3,TRUE,TRUE,10422.2558
-43,4,TRUE,FALSE,386.465131
-43,4,TRUE,TRUE,5219.04671
-43,5,TRUE,FALSE,1420.89324
-43,5,TRUE,TRUE,860.269732
-43,56,TRUE,FALSE,80.9573324
-43,56,TRUE,TRUE,18.8476979
-42,-28,TRUE,TRUE,627.539945
-42,-27,TRUE,TRUE,16384.2431
-42,-26,TRUE,TRUE,38573.6197
-42,-25,TRUE,FALSE,392.416675
-42,-25,TRUE,TRUE,87215.8151
-42,-24,TRUE,FALSE,20752.3126
-42,-24,TRUE,TRUE,244147.879
-42,-23,TRUE,FALSE,13200.9296
-42,-23,TRUE,TRUE,359476.249
-42,-22,TRUE,TRUE,68.671083
-42,-3,TRUE,TRUE,28747.0394
-42,-2,TRUE,FALSE,16.4676787
-42,-2,TRUE,TRUE,111271.761
-42,-1,TRUE,TRUE,28863.653
-42,0,TRUE,TRUE,9075.8663
-42,1,TRUE,TRUE,5172.44216
-42,2,TRUE,FALSE,7.861577
-42,2,TRUE,TRUE,2602.62337
-42,3,TRUE,FALSE,380.092525
-42,3,TRUE,TRUE,1139.57822
-42,4,TRUE,FALSE,205.802913
-42,4,TRUE,TRUE,84.2997017
-42,5,TRUE,FALSE,83.6792862
-42,5,TRUE,TRUE,605.617388
-42,39,TRUE,TRUE,6.77352799
-42,55,TRUE,FALSE,140.458814
-42,55,TRUE,TRUE,17.5741327
-41,-26,TRUE,TRUE,8427.82378
-41,-25,TRUE,FALSE,2726.1251
-41,-25,TRUE,TRUE,71964.6743
-41,-24,TRUE,TRUE,158606.632
-41,-23,TRUE,FALSE,142797.667
-41,-23,TRUE,TRUE,915328.802
-41,-22,TRUE,FALSE,148066.579
-41,-22,TRUE,TRUE,643836.116
-41,-21,TRUE,FALSE,57214.85
-41,-21,TRUE,TRUE,863573.501
-41,-20,TRUE,TRUE,41593.3389
-41,-3,TRUE,TRUE,124818.995
-41,-2,TRUE,TRUE,25186.9005
-41,-1,TRUE,TRUE,9765.94372
-41,0,TRUE,FALSE,28.1209926
-41,0,TRUE,TRUE,1951.95886
-41,1,TRUE,FALSE,392.651224
-41,1,TRUE,TRUE,4288.35677
-41,2,TRUE,FALSE,176.87263
-41,2,TRUE,TRUE,4708.23886
-41,3,TRUE,FALSE,554.878954
-41,3,TRUE,TRUE,1034.41775
-41,4,TRUE,FALSE,397.208065
-41,4,TRUE,TRUE,1791.85109
-41,5,TRUE,FALSE,15.4866739
-41,5,TRUE,TRUE,626.24387
-40,-26,TRUE,TRUE,6031.94554
-40,-25,TRUE,TRUE,20387.9714
-40,-24,TRUE,FALSE,80.7584085
-40,-24,TRUE,TRUE,29117.4843
-40,-23,TRUE,FALSE,998.035058
-40,-23,TRUE,TRUE,169453.232
-40,-22,TRUE,TRUE,295180.038
-40,-21,TRUE,FALSE,291.670988
-40,-21,TRUE,TRUE,201697.864
-40,-20,TRUE,FALSE,315.960486
-40,-20,TRUE,TRUE,219959.407
-40,-19,TRUE,TRUE,48042.001
-40,-18,TRUE,TRUE,18295.3824
-40,-17,TRUE,TRUE,746.017754
-40,-15,TRUE,TRUE,4876.73759
-40,-4,TRUE,TRUE,64857.5262
-40,-3,TRUE,TRUE,158811.317
-40,-2,TRUE,FALSE,9.16730745
-40,-2,TRUE,TRUE,80739.9147
-40,-1,TRUE,FALSE,5.5011535
-40,-1,TRUE,TRUE,18343.5564
-40,0,TRUE,FALSE,30.6654644
-40,0,TRUE,TRUE,14924.6142
-40,1,TRUE,FALSE,84.2996466
-40,1,TRUE,TRUE,2626.77471
-40,2,TRUE,FALSE,260.888731
-40,2,TRUE,TRUE,937.622269
-40,3,TRUE,FALSE,347.68374
-40,3,TRUE,TRUE,728.037043
-40,4,TRUE,FALSE,837.782242
-40,4,TRUE,TRUE,638.986724
-40,5,TRUE,TRUE,32.9082685
-39,-25,TRUE,TRUE,3202.77963
-39,-24,TRUE,TRUE,1597.36635
-39,-23,TRUE,TRUE,28408.2549
-39,-22,TRUE,TRUE,42557.4902
-39,-21,TRUE,TRUE,62788.9446
-39,-20,TRUE,FALSE,4527.91555
-39,-20,TRUE,TRUE,102140.41
-39,-19,TRUE,TRUE,123853.614
-39,-18,TRUE,TRUE,155025.009
-39,-17,TRUE,TRUE,186148.175
-39,-16,TRUE,TRUE,136856.384
-39,-15,TRUE,TRUE,126188.968
-39,-14,TRUE,TRUE,327005.182
-39,-13,TRUE,TRUE,1044162.92
-39,-4,TRUE,TRUE,513323.959
-39,-3,TRUE,TRUE,206282.631
-39,-2,TRUE,FALSE,5.37183664
-39,-2,TRUE,TRUE,31613.4886
-39,-1,TRUE,TRUE,28386.842
-39,0,TRUE,FALSE,20.095702
-39,0,TRUE,TRUE,13678.4105
-39,2,TRUE,FALSE,16.4907058
-39,2,TRUE,TRUE,104.550324
-39,3,TRUE,FALSE,371.429823
-39,3,TRUE,TRUE,89.771779
-39,4,TRUE,FALSE,337.392312
-39,4,TRUE,TRUE,624.126384
-38,-21,TRUE,TRUE,11864.938
-38,-20,TRUE,TRUE,62324.2539
-38,-19,TRUE,TRUE,115423.986
-38,-18,TRUE,FALSE,11.1944591
-38,-18,TRUE,TRUE,129069.155
-38,-17,TRUE,FALSE,32.7642454
-38,-17,TRUE,TRUE,106779.6
-38,-16,TRUE,TRUE,68113.6328
-38,-15,TRUE,TRUE,13782.6369
-38,-14,TRUE,TRUE,19905.6524
-38,-13,TRUE,TRUE,118944.582
-38,-12,TRUE,TRUE,113347.836
-38,-5,TRUE,TRUE,99630.8839
-38,-4,TRUE,TRUE,191007.749
-38,-3,TRUE,TRUE,95244.7306
-38,-2,TRUE,FALSE,2.95213312
-38,-2,TRUE,TRUE,42345.4756
-38,-1,TRUE,FALSE,15.2937303
-38,-1,TRUE,TRUE,18450.9555
-38,0,TRUE,TRUE,8908.58516
-38,3,FALSE,FALSE,22.6654626
-37,-20,TRUE,TRUE,4642.84356
-37,-19,TRUE,TRUE,17283.7191
-37,-18,TRUE,TRUE,38328.3664
-37,-17,TRUE,TRUE,83547.1858
-37,-16,TRUE,FALSE,9.89745952
-37,-16,TRUE,TRUE,84559.2885
-37,-15,TRUE,TRUE,112461.112
-37,-14,TRUE,TRUE,112747.161
-37,-13,TRUE,TRUE,94845.3474
-37,-12,TRUE,TRUE,180927.015
-37,-11,TRUE,TRUE,228074.459
-37,-6,TRUE,TRUE,45138.0088
-37,-5,TRUE,TRUE,326749.285
-37,-4,TRUE,TRUE,155043.807
-37,-3,TRUE,TRUE,38343.1746
-37,-2,TRUE,FALSE,4.34123574
-37,-2,TRUE,TRUE,16708.0463
-36,-20,TRUE,TRUE,69.0557063
-36,-19,TRUE,TRUE,980.508825
-36,-18,TRUE,TRUE,3843.69035
-36,-17,TRUE,FALSE,46.9146802
-36,-17,TRUE,TRUE,5827.82248
-36,-16,TRUE,FALSE,30.9435144
-36,-16,TRUE,TRUE,14885.3167
-36,-15,TRUE,TRUE,58898.2796
-36,-14,TRUE,TRUE,69873.7721
-36,-13,TRUE,TRUE,78974.2294
-36,-12,TRUE,TRUE,137145.493
-36,-11,TRUE,TRUE,137508.501
-36,-10,TRUE,TRUE,169325.462
-36,-9,TRUE,TRUE,2903.12293
-36,-7,TRUE,TRUE,108.47024
-36,-6,TRUE,TRUE,81067.67
-36,-5,TRUE,TRUE,263265.746
-36,-4,TRUE,FALSE,2.65449312
-36,-4,TRUE,TRUE,81615.3779
-36,-3,TRUE,TRUE,15739.5358
-36,-2,TRUE,FALSE,6.21342495
-36,-2,TRUE,TRUE,19623.2849
-36,-1,TRUE,TRUE,5.40428658
-35,-20,TRUE,FALSE,99.8043901
-35,-20,TRUE,TRUE,34.9886887
-35,-19,TRUE,FALSE,206.017752
-35,-19,TRUE,TRUE,21.6397138
-35,-18,TRUE,TRUE,34.4734104
-35,-17,TRUE,TRUE,1056.6701
-35,-16,TRUE,TRUE,2807.86924
-35,-15,TRUE,TRUE,8959.38626
-35,-14,TRUE,TRUE,20771.0532
-35,-13,TRUE,TRUE,21674.3031
-35,-12,TRUE,TRUE,66480.4398
-35,-11,TRUE,TRUE,63939.3472
-35,-10,TRUE,FALSE,10.1050171
-35,-10,TRUE,TRUE,117179.752
-35,-9,TRUE,TRUE,458465.653
-35,-8,TRUE,TRUE,252527.899
-35,-7,TRUE,TRUE,234339.876
-35,-6,TRUE,TRUE,203192.933
-35,-5,TRUE,TRUE,132754.87
-35,-4,TRUE,FALSE,2.91835731
-35,-4,TRUE,TRUE,23308.7479
-35,-3,TRUE,TRUE,18136.1903
-35,-2,TRUE,FALSE,8.50549943
-35,-2,TRUE,TRUE,17789.5139
-35,-1,TRUE,TRUE,4.42677345
-34,-18,TRUE,TRUE,478.518339
-34,-16,TRUE,TRUE,418.459919
-34,-15,TRUE,FALSE,85.1912725
-34,-15,TRUE,TRUE,31.0894343
-34,-14,TRUE,TRUE,866.321935
-34,-13,TRUE,TRUE,2753.82792
-34,-12,TRUE,TRUE,35444.1005
-34,-11,TRUE,TRUE,41830.7991
-34,-10,TRUE,FALSE,11.7811867
-34,-10,TRUE,TRUE,43661.7877
-34,-9,TRUE,FALSE,9.82909486
-34,-9,TRUE,TRUE,35237.2119
-34,-8,TRUE,TRUE,34779.1044
-34,-7,TRUE,TRUE,115393.286
-34,-6,TRUE,FALSE,2008.6389
-34,-6,TRUE,TRUE,196552.278
-34,-5,TRUE,FALSE,3.28759227
-34,-5,TRUE,TRUE,53762.5418
-34,-4,TRUE,TRUE,24090.4587
-34,-3,TRUE,FALSE,3.32691562
-34,-3,TRUE,TRUE,20393.0935
-34,-2,TRUE,TRUE,7059.79706
-34,-1,TRUE,FALSE,8.34446099
-34,-1,TRUE,TRUE,109.37379
-33,-15,TRUE,FALSE,3384.37819
-33,-15,TRUE,TRUE,691.78349
-33,-14,TRUE,FALSE,73.5195019
-33,-14,TRUE,TRUE,408.071022
-33,-13,TRUE,TRUE,596.814122
-33,-12,TRUE,TRUE,673.453993
-33,-10,TRUE,TRUE,5.79926559
-33,-9,TRUE,TRUE,3939.144
-33,-8,TRUE,TRUE,35432.7198
-33,-7,TRUE,TRUE,97784.7408
-33,-6,TRUE,TRUE,72823.1263
-33,-5,TRUE,FALSE,1510.83061
-33,-5,TRUE,TRUE,87263.2605
-33,-4,TRUE,FALSE,1652.56337
-33,-4,TRUE,TRUE,94934.1268
-33,-3,TRUE,TRUE,19231.5626
-33,-2,TRUE,TRUE,6739.46262
-33,-1,TRUE,TRUE,2910.46503
-33,33,TRUE,TRUE,8.8040521
-33,34,TRUE,TRUE,20132.8882
-33,35,TRUE,TRUE,19024.2979
-33,36,TRUE,TRUE,9708.50321
-33,37,TRUE,TRUE,2282.17863
-33,41,TRUE,TRUE,9.62529266
-32,-17,TRUE,TRUE,233.936302
-32,-16,TRUE,FALSE,626.637761
-32,-16,TRUE,TRUE,226.999819
-32,-15,TRUE,FALSE,1921.77966
-32,-15,TRUE,TRUE,31.5641434
-32,-14,TRUE,FALSE,3931.28542
-32,-14,TRUE,TRUE,571.007942
-32,-13,TRUE,FALSE,348.59462
-32,-13,TRUE,TRUE,319.700041
-32,-12,TRUE,TRUE,307.2065
-32,-11,TRUE,FALSE,159.744507
-32,-11,TRUE,TRUE,19.1137756
-32,-10,TRUE,TRUE,3.91588059
-32,-9,TRUE,TRUE,7.27093582
-32,-8,TRUE,FALSE,6227.92699
-32,-8,TRUE,TRUE,2896.05927
-32,-7,TRUE,FALSE,12.8669935
-32,-7,TRUE,TRUE,2503.38562
-32,-6,TRUE,TRUE,2014.05185
-32,-5,TRUE,TRUE,1626.60676
-32,-4,TRUE,TRUE,12997.0707
-32,-3,TRUE,TRUE,4663.17811
-32,-2,TRUE,TRUE,10044.0968
-32,-1,TRUE,TRUE,1969.97241
-32,33,TRUE,TRUE,8422.04664
-32,34,TRUE,TRUE,26059.0989
-32,35,TRUE,FALSE,5.90391302
-32,35,TRUE,TRUE,35042.039
-32,36,TRUE,TRUE,39431.2331
-32,37,TRUE,FALSE,18.2825274
-32,37,TRUE,TRUE,33719.3092
-32,38,TRUE,FALSE,7.72006012
-32,38,TRUE,TRUE,44407.8822
-32,39,TRUE,FALSE,20.9963672
-32,39,TRUE,TRUE,23219.7046
-32,40,TRUE,FALSE,16.1455278
-32,40,TRUE,TRUE,15998.448
-32,41,TRUE,TRUE,7967.28405
-31,-16,TRUE,TRUE,251.640042
-31,-15,TRUE,FALSE,3374.23238
-31,-15,TRUE,TRUE,460.407503
-31,-14,TRUE,FALSE,3154.86642
-31,-14,TRUE,TRUE,258.901399
-31,-13,TRUE,FALSE,2028.22529
-31,-13,TRUE,TRUE,246.738082
-31,-11,TRUE,TRUE,885.179288
-31,-10,TRUE,TRUE,16.4697668
-31,-9,TRUE,TRUE,1282.84167
-31,-8,TRUE,FALSE,421.319192
-31,-8,TRUE,TRUE,893.059658
-31,-7,TRUE,FALSE,744.81749
-31,-7,TRUE,TRUE,1150.26579
-31,-6,TRUE,FALSE,120.002015
-31,-6,TRUE,TRUE,6.8858578
-31,-4,TRUE,TRUE,1571.11276
-31,32,TRUE,TRUE,5280.38704
-31,33,TRUE,TRUE,38692.0416
-31,34,TRUE,TRUE,34821.113
-31,35,TRUE,TRUE,75244.7451
-31,36,TRUE,TRUE,77572.3708
-31,37,TRUE,TRUE,64914.1613
-31,38,TRUE,FALSE,47.9720502
-31,38,TRUE,TRUE,53690.3523
-31,39,TRUE,FALSE,17.3672515
-31,39,TRUE,TRUE,25988.7509
-31,40,TRUE,FALSE,19.7837101
-31,40,TRUE,TRUE,64453.733
-31,41,TRUE,TRUE,15380.0022
-31,42,TRUE,TRUE,13337.5692
-31,43,TRUE,TRUE,18868.5274
-31,44,TRUE,TRUE,8674.54251
-31,45,TRUE,TRUE,4045.27
-31,46,TRUE,TRUE,1029.69686
-30,-16,TRUE,TRUE,222.169551
-30,-13,TRUE,TRUE,234.936876
-30,-10,TRUE,TRUE,524.610488
-30,-8,TRUE,FALSE,300.428818
-30,-8,TRUE,TRUE,684.266511
-30,-7,TRUE,FALSE,1250.75491
-30,-7,TRUE,TRUE,40.198491
-30,-6,TRUE,FALSE,148.663469
-30,-6,TRUE,TRUE,13.9786418
-30,-4,TRUE,TRUE,15.5271175
-30,-3,TRUE,FALSE,33.1816851
-30,-3,TRUE,TRUE,1162.07281
-30,0,TRUE,TRUE,1024.08114
-30,32,TRUE,TRUE,4917.15355
-30,33,TRUE,TRUE,43150.4439
-30,34,TRUE,TRUE,40133.0847
-30,35,TRUE,TRUE,54302.353
-30,36,TRUE,TRUE,91944.0628
-30,37,TRUE,TRUE,109452.013
-30,38,TRUE,TRUE,47282.839
-30,39,TRUE,TRUE,89932.8688
-30,40,TRUE,TRUE,59651.8873
-30,41,TRUE,TRUE,22128.4321
-30,42,TRUE,TRUE,5447.40659
-30,43,TRUE,TRUE,13202.5802
-30,44,TRUE,TRUE,11841.3055
-30,45,TRUE,TRUE,6656.94431
-29,-14,TRUE,TRUE,232.520125
-29,-13,TRUE,FALSE,557.673941
-29,-13,TRUE,TRUE,248.777774
-29,-10,TRUE,TRUE,1096.49667
-29,-9,TRUE,TRUE,607.766402
-29,-8,TRUE,FALSE,170.41551
-29,-8,TRUE,TRUE,652.214974
-29,-7,TRUE,FALSE,194.519455
-29,-7,TRUE,TRUE,17.3735182
-29,-6,TRUE,FALSE,535.951209
-29,-6,TRUE,TRUE,40.0016516
-29,-5,TRUE,FALSE,235.654217
-29,-5,TRUE,TRUE,34.1546517
-29,-4,TRUE,TRUE,44.0654684
-29,-3,TRUE,TRUE,45.4674134
-29,32,TRUE,TRUE,21203.3944
-29,33,TRUE,TRUE,62291.0523
-29,34,TRUE,TRUE,31948.2369
-29,35,TRUE,TRUE,80108.6793
-29,36,TRUE,TRUE,93996.1943
-29,37,TRUE,TRUE,101111.15
-29,38,TRUE,TRUE,492178.345
-29,39,TRUE,TRUE,78219.0499
-29,40,TRUE,TRUE,62973.6498
-29,41,TRUE,TRUE,37705.0049
-29,42,TRUE,TRUE,30449.4409
-29,43,TRUE,TRUE,22740.4926
-29,44,TRUE,TRUE,10717.6635
-29,45,TRUE,TRUE,5560.92924
-28,-17,TRUE,TRUE,172.971822
-28,-13,TRUE,FALSE,3784.13985
-28,-13,TRUE,TRUE,280.477092
-28,-11,TRUE,TRUE,378.361705
-28,-10,TRUE,TRUE,524.114446
-28,-9,TRUE,TRUE,38.1883915
-28,-8,TRUE,FALSE,5941.18278
-28,-8,TRUE,TRUE,653.984699
-28,-7,TRUE,FALSE,545.744316
-28,-7,TRUE,TRUE,32.4475693
-28,-6,TRUE,FALSE,475.621947
-28,-6,TRUE,TRUE,678.320555
-28,-5,TRUE,FALSE,176.097592
-28,-5,TRUE,TRUE,935.826807
-28,-2,TRUE,TRUE,49.3717192
-28,32,TRUE,TRUE,23169.494
-28,33,TRUE,TRUE,48761.9176
-28,34,TRUE,TRUE,56987.0704
-28,35,TRUE,TRUE,73620.6842
-28,36,TRUE,TRUE,92425.9483
-28,37,TRUE,TRUE,101936.418
-28,38,TRUE,TRUE,190648.273
-28,39,TRUE,TRUE,90913.6135
-28,40,TRUE,TRUE,92143.7129
-28,41,TRUE,TRUE,36459.7274
-28,42,TRUE,TRUE,19881.1766
-28,43,TRUE,TRUE,9973.08105
-28,44,TRUE,TRUE,16778.1954
-28,45,TRUE,TRUE,7982.80964
-27,-20,TRUE,TRUE,22.285479
-27,-18,TRUE,TRUE,23.455763
-27,-17,TRUE,FALSE,261.54248
-27,-17,TRUE,TRUE,21.9961674
-27,-15,TRUE,TRUE,240.36755
-27,-14,TRUE,TRUE,17.2956208
-27,-13,TRUE,TRUE,24.2885564
-27,-8,TRUE,FALSE,1848.65557
-27,-8,TRUE,TRUE,43.1943828
-27,-7,TRUE,FALSE,22.4354689
-27,-3,TRUE,FALSE,185.799432
-27,-3,TRUE,TRUE,67.7470875
-27,15,TRUE,TRUE,21.486623
-27,31,TRUE,TRUE,1497.09513
-27,32,TRUE,TRUE,22059.1406
-27,33,TRUE,FALSE,2.79000989
-27,33,TRUE,TRUE,55359.2324
-27,34,TRUE,FALSE,3.83198924
-27,34,TRUE,TRUE,71544.5229
-27,35,TRUE,FALSE,2.98614868
-27,35,TRUE,TRUE,71824.1422
-27,36,TRUE,FALSE,15.4829718
-27,36,TRUE,TRUE,93513.3861
-27,37,TRUE,TRUE,105947.085
-27,38,TRUE,TRUE,115373.692
-27,39,TRUE,TRUE,62016.5486
-27,40,TRUE,TRUE,71667.212
-27,41,TRUE,TRUE,38390.3343
-27,42,TRUE,TRUE,25254.1104
-27,43,TRUE,TRUE,22531.3071
-27,44,TRUE,TRUE,15175.9371
-26,-7,TRUE,FALSE,1648.89008
-26,-7,TRUE,TRUE,35.5952779
-26,-5,TRUE,FALSE,268.619965
-26,-5,TRUE,TRUE,37.5826104
-26,-3,TRUE,FALSE,445.567935
-26,-3,TRUE,TRUE,48.3626988
-26,14,TRUE,TRUE,737.146069
-26,15,TRUE,FALSE,33.9036686
-26,15,TRUE,TRUE,58.1516417
-26,16,TRUE,FALSE,331.65927
-26,16,TRUE,TRUE,7792.71543
-26,17,TRUE,FALSE,779.508904
-26,17,TRUE,TRUE,3527.1456
-26,29,TRUE,TRUE,810.882591
-26,30,TRUE,TRUE,3634.05527
-26,31,TRUE,TRUE,9192.7261
-26,32,TRUE,TRUE,25809.0839
-26,33,TRUE,TRUE,46976.1032
-26,34,TRUE,TRUE,44910.9547
-26,35,TRUE,FALSE,1478.22753
-26,35,TRUE,TRUE,72469.1283
-26,36,TRUE,FALSE,32.1283447
-26,36,TRUE,TRUE,164607.882
-26,37,TRUE,FALSE,25023.0173
-26,37,TRUE,TRUE,501358.584
-26,38,TRUE,FALSE,20.0295902
-26,38,TRUE,TRUE,67477.4523
-26,39,TRUE,FALSE,23.964288
-26,39,TRUE,TRUE,74296.1436
-26,40,TRUE,FALSE,24.378105
-26,40,TRUE,TRUE,59651.9623
-26,41,TRUE,TRUE,40173.6028
-26,42,TRUE,TRUE,20104.4441
-26,43,TRUE,TRUE,18581.2257
-26,44,TRUE,TRUE,13953.8465
-26,58,TRUE,TRUE,9.01668275
-26,59,TRUE,TRUE,62.398552
-26,60,TRUE,TRUE,59.2346724
-26,61,TRUE,TRUE,31.5205817
-26,62,TRUE,TRUE,506.580997
-26,63,TRUE,TRUE,1222.24736
-26,64,TRUE,TRUE,1317.87772
-26,66,TRUE,TRUE,5243.3565
-25,-22,TRUE,FALSE,271.726636
-25,-22,TRUE,TRUE,31.9563605
-25,-20,TRUE,FALSE,907.663812
-25,-20,TRUE,TRUE,55.069321
-25,-12,TRUE,FALSE,164.872042
-25,-12,TRUE,TRUE,18.5790145
-25,-8,TRUE,FALSE,589.877291
-25,-8,TRUE,TRUE,31.66786
-25,-7,TRUE,FALSE,39.2480495
-25,-7,TRUE,TRUE,294.795108
-25,-6,TRUE,FALSE,85.4584518
-25,-6,TRUE,TRUE,208.335599
-25,14,TRUE,TRUE,1079.51255
-25,15,TRUE,TRUE,30.0565018
-25,16,TRUE,FALSE,6886.18817
-25,16,TRUE,TRUE,1238.67789
-25,17,TRUE,FALSE,145.423543
-25,17,TRUE,TRUE,91.187688
-25,28,TRUE,TRUE,554.769226
-25,29,TRUE,TRUE,5189.15825
-25,30,TRUE,TRUE,8185.78862
-25,31,TRUE,FALSE,6.58760574
-25,31,TRUE,TRUE,10936.1807
-25,32,TRUE,TRUE,18565.7413
-25,33,TRUE,TRUE,49848.5686
-25,34,TRUE,TRUE,59696.8579
-25,35,TRUE,FALSE,5.91210717
-25,35,TRUE,TRUE,45184.3226
-25,36,TRUE,FALSE,46.5019541
-25,36,TRUE,TRUE,100174.033
-25,37,TRUE,FALSE,50.518896
-25,37,TRUE,TRUE,79517.4825
-25,38,TRUE,FALSE,4.10673337
-25,38,TRUE,TRUE,46124.6388
-25,39,TRUE,FALSE,5.383509
-25,39,TRUE,TRUE,67726.4455
-25,40,TRUE,FALSE,7.51231065
-25,40,TRUE,TRUE,41696.1978
-25,41,TRUE,FALSE,20.8559476
-25,41,TRUE,TRUE,37181.9633
-25,42,TRUE,TRUE,24088.6868
-25,43,TRUE,TRUE,19160.8839
-25,44,TRUE,TRUE,5248.18938
-25,49,TRUE,TRUE,1277.3552
-25,58,TRUE,TRUE,9.07706346
-25,62,TRUE,TRUE,355.054443
-25,63,TRUE,TRUE,6401.88854
-25,64,TRUE,TRUE,35479.956
-25,65,TRUE,TRUE,79871.2117
-25,66,TRUE,TRUE,32301.0076
-25,67,TRUE,TRUE,641.309081
-24,-21,TRUE,FALSE,373.736488
-24,-21,TRUE,TRUE,27.6467661
-24,-17,TRUE,TRUE,27.5603297
-24,-13,TRUE,TRUE,769.305452
-24,-8,TRUE,FALSE,415.915322
-24,-8,TRUE,TRUE,25.8968489
-24,-6,TRUE,TRUE,32.007816
-24,14,TRUE,TRUE,143.731678
-24,15,TRUE,TRUE,9.21399769
-24,16,TRUE,TRUE,2255.6213
-24,28,TRUE,TRUE,570.982216
-24,29,TRUE,TRUE,7105.86687
-24,30,TRUE,TRUE,5628.92723
-24,31,TRUE,TRUE,9033.6334
-24,32,TRUE,TRUE,11124.2635
-24,33,TRUE,TRUE,18185.1096
-24,34,TRUE,TRUE,12352.2608
-24,35,TRUE,TRUE,30338.4229
-24,36,TRUE,TRUE,55450.4834
-24,37,TRUE,TRUE,43469.2562
-24,38,TRUE,TRUE,42697.3057
-24,39,TRUE,TRUE,42703.0609
-24,40,TRUE,TRUE,15707.0699
-24,41,TRUE,TRUE,12891.876
-24,42,TRUE,TRUE,17806.5595
-24,43,TRUE,TRUE,14668.0647
-24,44,TRUE,TRUE,5874.37877
-24,58,TRUE,TRUE,12.5714501
-24,61,TRUE,TRUE,10.5159074
-24,62,TRUE,TRUE,150.990824
-24,63,TRUE,TRUE,21955.8506
-24,64,TRUE,TRUE,96713.9516
-24,65,TRUE,TRUE,110111.498
-24,66,TRUE,TRUE,136602.649
-24,67,TRUE,TRUE,3320.87227
-23,29,TRUE,TRUE,6752.57529
-23,30,TRUE,TRUE,1855.10279
-23,37,TRUE,TRUE,2192.28706
-23,38,TRUE,TRUE,3679.60822
-23,39,TRUE,TRUE,16693.9808
-23,40,TRUE,TRUE,17759.87
-23,41,TRUE,TRUE,12605.6084
-23,42,TRUE,TRUE,15583.1179
-23,43,TRUE,TRUE,20354.8147
-23,44,TRUE,TRUE,17.5569058
-23,52,TRUE,FALSE,19.4556047
-23,52,TRUE,TRUE,13.3422348
-23,58,TRUE,TRUE,11.5335244
-23,59,TRUE,TRUE,37.4105376
-23,60,TRUE,TRUE,169.132704
-23,61,TRUE,TRUE,144.575059
-23,62,TRUE,TRUE,380.853113
-23,63,TRUE,TRUE,75280.9043
-23,64,TRUE,TRUE,267116.594
-23,65,TRUE,TRUE,155946.229
-23,66,TRUE,TRUE,35970.3911
-23,67,TRUE,TRUE,4553.78658
-23,68,TRUE,TRUE,657.663727
-22,-15,TRUE,TRUE,431.96348
-22,-8,TRUE,TRUE,115.703418
-22,-6,TRUE,FALSE,683.596091
-22,-6,TRUE,TRUE,97.1925477
-22,19,TRUE,TRUE,20.2263652
-22,20,TRUE,TRUE,23.880971
-22,21,TRUE,TRUE,1225.81043
-22,22,TRUE,FALSE,13.7713682
-22,22,TRUE,TRUE,1015.67509
-22,23,TRUE,TRUE,59.449349
-22,41,TRUE,TRUE,25.8957449
-22,42,TRUE,TRUE,1398.03477
-22,43,TRUE,TRUE,3418.22571
-22,52,TRUE,TRUE,13.1604597
-22,58,TRUE,TRUE,235.986266
-22,59,TRUE,TRUE,564.220228
-22,60,TRUE,TRUE,365.225536
-22,61,TRUE,TRUE,408.091414
-22,62,TRUE,TRUE,1092.24892
-22,63,TRUE,TRUE,75441.455
-22,64,TRUE,TRUE,296421.845
-22,65,TRUE,TRUE,50331.6244
-22,66,TRUE,TRUE,33990.3776
-22,67,TRUE,TRUE,7164.74151
-21,-8,TRUE,TRUE,614.432745
-21,-7,TRUE,FALSE,926.441025
-21,-7,TRUE,TRUE,101.120452
-21,-6,TRUE,FALSE,296.78753
-21,-6,TRUE,TRUE,513.572902
-21,15,TRUE,TRUE,12155.3182
-21,16,TRUE,TRUE,38711.2934
-21,17,TRUE,TRUE,54628.4232
-21,18,TRUE,TRUE,29337.0066
-21,19,TRUE,TRUE,5658.33326
-21,20,TRUE,FALSE,13.6324963
-21,20,TRUE,TRUE,3294.70305
-21,21,TRUE,FALSE,15.0249368
-21,21,TRUE,TRUE,4212.29989
-21,22,TRUE,FALSE,13.718251800000001
-21,22,TRUE,TRUE,11501.5216
-21,23,TRUE,FALSE,13.4908971
-21,23,TRUE,TRUE,4309.55353
-21,24,TRUE,TRUE,3175.97479
-21,25,TRUE,TRUE,16.9369873
-21,57,TRUE,TRUE,500.803924
-21,58,TRUE,TRUE,1064.49265
-21,59,TRUE,TRUE,437.015257
-21,60,TRUE,TRUE,227.947838
-21,61,TRUE,TRUE,382.581356
-21,62,TRUE,TRUE,1984.95043
-21,63,TRUE,TRUE,204088.542
-21,65,TRUE,TRUE,21958.9715
-21,66,TRUE,TRUE,18162.2293
-21,67,TRUE,TRUE,4172.02004
-21,68,TRUE,TRUE,293.953248
-20,-34,TRUE,TRUE,852.119201
-20,-32,TRUE,TRUE,819.485659
-20,9,TRUE,TRUE,83.0672199
-20,10,TRUE,TRUE,7384.94965
-20,11,TRUE,TRUE,15199.6113
-20,12,TRUE,TRUE,34320.7033
-20,13,TRUE,FALSE,23.1272658
-20,13,TRUE,TRUE,24341.2247
-20,14,TRUE,TRUE,34156.8017
-20,15,TRUE,TRUE,38586.1977
-20,16,TRUE,FALSE,11.2606531
-20,16,TRUE,TRUE,43331.0581
-20,17,TRUE,TRUE,41073.1113
-20,18,TRUE,FALSE,13.1841245
-20,18,TRUE,TRUE,68256.8163
-20,19,TRUE,TRUE,28593.0074
-20,20,TRUE,FALSE,119.69518
-20,20,TRUE,TRUE,11616.7426
-20,21,TRUE,TRUE,29351.2972
-20,22,TRUE,FALSE,13.7324072
-20,22,TRUE,TRUE,23388.9491
-20,23,TRUE,FALSE,27.1891797
-20,23,TRUE,TRUE,11104.612
-20,24,TRUE,FALSE,18.0006974
-20,24,TRUE,TRUE,11804.522
-20,25,TRUE,TRUE,10434.799
-20,26,TRUE,TRUE,11989.9331
-20,27,TRUE,TRUE,9241.37861
-20,28,TRUE,TRUE,8094.23438
-20,29,TRUE,TRUE,11473.738
-20,30,TRUE,TRUE,1546.76238
-20,57,TRUE,TRUE,305.308936
-20,58,TRUE,TRUE,795.694353
-20,59,TRUE,TRUE,785.812763
-20,60,TRUE,TRUE,285.57303
-20,61,TRUE,TRUE,286.238489
-20,62,TRUE,TRUE,5620.97273
-20,63,TRUE,TRUE,14499.1639
-20,65,TRUE,TRUE,17813.0473
-20,66,TRUE,TRUE,14751.9484
-20,67,TRUE,TRUE,2564.92769
-20,68,TRUE,TRUE,745.579634
-19,-35,TRUE,TRUE,727.901706
-19,6,TRUE,TRUE,3288.47347
-19,7,TRUE,TRUE,8648.20346
-19,8,TRUE,TRUE,22136.785
-19,9,TRUE,TRUE,30191.9807
-19,10,TRUE,TRUE,50844.4889
-19,11,TRUE,FALSE,23.187629
-19,11,TRUE,TRUE,102055.283
-19,12,TRUE,FALSE,33.8159111
-19,12,TRUE,TRUE,138235.104
-19,13,TRUE,FALSE,23.9083489
-19,13,TRUE,TRUE,136648.396
-19,14,TRUE,TRUE,173095.526
-19,15,TRUE,TRUE,213555.824
-19,16,TRUE,TRUE,211376.084
-19,17,TRUE,FALSE,13.0567435
-19,17,TRUE,TRUE,172690.639
-19,18,TRUE,TRUE,196766.451
-19,19,TRUE,TRUE,164741.121
-19,20,TRUE,FALSE,160.235856
-19,20,TRUE,TRUE,62575.2919
-19,21,TRUE,TRUE,110033.472
-19,22,TRUE,TRUE,99276.9814
-19,23,TRUE,TRUE,73923.297
-19,24,TRUE,TRUE,31007.6591
-19,25,TRUE,TRUE,20883.5027
-19,26,TRUE,TRUE,11442.742
-19,27,TRUE,TRUE,17586.5522
-19,28,TRUE,TRUE,23509.3825
-19,29,TRUE,TRUE,14171.7028
-19,30,TRUE,TRUE,27194.296
-19,31,TRUE,TRUE,27633.9963
-19,32,TRUE,TRUE,18346.3792
-19,33,TRUE,TRUE,17476.4527
-19,34,TRUE,TRUE,28788.5911
-19,35,TRUE,TRUE,22030.4506
-19,36,TRUE,TRUE,39328.3091
-19,37,TRUE,TRUE,49083.3883
-19,38,TRUE,TRUE,8985.56858
-19,56,TRUE,TRUE,51.871229
-19,57,TRUE,TRUE,472.465592
-19,58,TRUE,TRUE,1861.65682
-19,59,TRUE,TRUE,1106.49375
-19,60,TRUE,TRUE,794.090991
-19,61,TRUE,TRUE,578.432087
-19,62,TRUE,TRUE,4742.68343
-19,63,TRUE,TRUE,11816.7272
-19,65,TRUE,TRUE,242527.88
-19,66,TRUE,TRUE,84095.491
-19,67,TRUE,TRUE,2976.16718
-19,68,TRUE,TRUE,1015.63933
-18,6,TRUE,TRUE,1265.73644
-18,7,TRUE,TRUE,34788.0649
-18,8,TRUE,TRUE,45286.8839
-18,9,TRUE,FALSE,167.690399
-18,9,TRUE,TRUE,93870.5973
-18,10,TRUE,TRUE,252072.246
-18,11,TRUE,TRUE,452873.423
-18,12,TRUE,TRUE,462071.629
-18,13,TRUE,TRUE,475451.77
-18,14,TRUE,TRUE,1136459.01
-18,15,TRUE,TRUE,341072.768
-18,16,TRUE,TRUE,214286.336
-18,17,TRUE,TRUE,230506.942
-18,18,TRUE,FALSE,25.9964378
-18,18,TRUE,TRUE,211599.248
-18,19,TRUE,TRUE,327184.352
-18,20,TRUE,FALSE,341696.21
-18,20,TRUE,TRUE,213014.414
-18,21,TRUE,FALSE,250165.656
-18,21,TRUE,TRUE,145531.898
-18,22,TRUE,TRUE,125104.823
-18,23,TRUE,TRUE,125189.212
-18,24,TRUE,TRUE,82148.4924
-18,25,TRUE,TRUE,44257.5277
-18,26,TRUE,TRUE,56273.129
-18,27,TRUE,TRUE,74219.2086
-18,28,TRUE,TRUE,645098.962
-18,29,TRUE,TRUE,23574.601
-18,30,TRUE,TRUE,18329.5116
-18,31,TRUE,TRUE,26580.1276
-18,32,TRUE,TRUE,58996.6472
-18,33,TRUE,TRUE,88183.245
-18,34,TRUE,TRUE,95158.907
-18,35,TRUE,TRUE,112987.915
-18,36,TRUE,TRUE,99240.4868
-18,37,TRUE,TRUE,61086.2333
-18,38,TRUE,TRUE,54758.7454
-18,39,TRUE,TRUE,12315.7427
-18,40,TRUE,TRUE,2341.57
-18,53,TRUE,TRUE,45.6584892
-18,54,TRUE,TRUE,438.472979
-18,55,TRUE,TRUE,481.03463
-18,56,TRUE,TRUE,919.877801
-18,57,TRUE,TRUE,372.448229
-18,58,TRUE,TRUE,1429.31831
-18,59,TRUE,TRUE,1191.73054
-18,60,TRUE,TRUE,429.717833
-18,61,TRUE,TRUE,334.955769
-18,62,TRUE,TRUE,7346.51543
-18,63,TRUE,TRUE,16413.1948
-18,66,TRUE,TRUE,104336.599
-18,67,TRUE,TRUE,1115.35599
-18,68,TRUE,TRUE,385.146243
-17,-34,TRUE,TRUE,935.144313
-17,5,TRUE,TRUE,3596.23564
-17,6,TRUE,TRUE,11089.6229
-17,7,TRUE,TRUE,72799.8828
-17,8,TRUE,TRUE,135214.706
-17,9,TRUE,FALSE,3950.83926
-17,9,TRUE,TRUE,232138.941
-17,10,TRUE,TRUE,358068.127
-17,11,TRUE,TRUE,229746.686
-17,12,TRUE,TRUE,83046.8304
-17,13,TRUE,TRUE,257328.978
-17,14,TRUE,TRUE,1214.90728
-17,15,TRUE,TRUE,98827.2433
-17,16,TRUE,TRUE,276317.357
-17,17,TRUE,TRUE,414258.444
-17,18,TRUE,TRUE,457330.805
-17,19,TRUE,TRUE,246608.016
-17,20,TRUE,FALSE,30894.37
-17,20,TRUE,TRUE,22371.7822
-17,21,TRUE,FALSE,196.947858
-17,21,TRUE,TRUE,831.449155
-17,22,TRUE,FALSE,68446.5075
-17,22,TRUE,TRUE,45113.0599
-17,23,TRUE,FALSE,145246.479
-17,23,TRUE,TRUE,192951.077
-17,24,TRUE,TRUE,140919.088
-17,25,TRUE,TRUE,231947.933
-17,26,TRUE,TRUE,129663.543
-17,27,TRUE,TRUE,172035.575
-17,28,TRUE,TRUE,1367621.19
-17,29,TRUE,TRUE,25047.6183
-17,30,TRUE,TRUE,36073.8416
-17,31,TRUE,TRUE,53243.8547
-17,32,TRUE,TRUE,401759.091
-17,33,TRUE,TRUE,73993.1631
-17,34,TRUE,TRUE,115619.143
-17,35,TRUE,TRUE,111233.192
-17,36,TRUE,TRUE,142354.216
-17,37,TRUE,TRUE,109059.15
-17,38,TRUE,FALSE,24.0061767
-17,38,TRUE,TRUE,82160.2324
-17,39,TRUE,TRUE,11660.2556
-17,40,TRUE,TRUE,9428.16935
-17,41,TRUE,TRUE,8936.78859
-17,42,TRUE,TRUE,15845.0972
-17,43,TRUE,TRUE,20186.625
-17,44,TRUE,TRUE,7352.20934
-17,48,TRUE,TRUE,1023.95482
-17,50,TRUE,TRUE,10.372332
-17,51,TRUE,TRUE,1042.45871
-17,52,TRUE,TRUE,4182.34671
-17,53,TRUE,TRUE,1212.33547
-17,54,TRUE,TRUE,124.833114
-17,55,TRUE,TRUE,1129.73349
-17,56,TRUE,TRUE,1710.02728
-17,57,TRUE,TRUE,2614.14694
-17,58,TRUE,TRUE,798.096578
-17,59,TRUE,TRUE,1758.76533
-17,60,TRUE,TRUE,397.655962
-17,61,TRUE,TRUE,291.492052
-17,62,TRUE,TRUE,8496.11392
-17,63,TRUE,TRUE,9262.81344
-17,64,TRUE,TRUE,11.6061979
-17,66,TRUE,TRUE,8059.71223
-17,67,TRUE,TRUE,1213.20478
-17,68,TRUE,TRUE,680.153367
-16,4,TRUE,TRUE,10109.2114
-16,5,TRUE,TRUE,27412.5812
-16,6,TRUE,TRUE,68757.0639
-16,7,TRUE,TRUE,133311.3
-16,8,TRUE,FALSE,92.1047328
-16,8,TRUE,TRUE,238272.547
-16,9,TRUE,FALSE,1958.49987
-16,9,TRUE,TRUE,236964.65
-16,10,TRUE,TRUE,212859.779
-16,11,TRUE,TRUE,300674.455
-16,23,TRUE,TRUE,81990.1572
-16,24,TRUE,TRUE,254586.901
-16,25,TRUE,TRUE,291093.932
-16,26,TRUE,TRUE,223387.998
-16,27,TRUE,TRUE,352303.375
-16,28,TRUE,TRUE,1216320.32
-16,29,TRUE,TRUE,135491.937
-16,30,TRUE,TRUE,71164.4947
-16,31,TRUE,TRUE,36835.5249
-16,32,TRUE,TRUE,36277.7412
-16,33,TRUE,TRUE,72938.9519
-16,34,TRUE,TRUE,141528.16
-16,35,TRUE,TRUE,147690.086
-16,36,TRUE,TRUE,171973.5
-16,37,TRUE,TRUE,139845.31
-16,38,TRUE,TRUE,72163.6794
-16,39,TRUE,TRUE,23604.5862
-16,40,TRUE,TRUE,16549.0844
-16,41,TRUE,FALSE,11.5646841
-16,41,TRUE,TRUE,17454.5638
-16,42,TRUE,FALSE,54.9484888
-16,42,TRUE,TRUE,15056.1857
-16,43,TRUE,TRUE,12830.8188
-16,44,TRUE,FALSE,6.96706864
-16,44,TRUE,TRUE,18138.1821
-16,45,TRUE,TRUE,14585.2367
-16,46,TRUE,TRUE,9.46614595
-16,47,TRUE,TRUE,2647.26505
-16,48,TRUE,TRUE,15849.5766
-16,49,TRUE,TRUE,26487.5703
-16,50,TRUE,TRUE,4613.25214
-16,51,TRUE,TRUE,802.687293
-16,52,TRUE,TRUE,2008.78873
-16,53,TRUE,TRUE,1659.80373
-16,54,TRUE,TRUE,550.22286
-16,55,TRUE,TRUE,1689.86512
-16,56,TRUE,FALSE,320.512003
-16,56,TRUE,TRUE,5127.5504
-16,57,TRUE,TRUE,1347.14974
-16,58,TRUE,TRUE,2366.34413
-16,59,TRUE,TRUE,1909.92005
-16,60,TRUE,TRUE,1379.14049
-16,61,TRUE,TRUE,560.22926
-16,62,TRUE,TRUE,7963.11253
-16,63,TRUE,TRUE,5811.47152
-16,64,TRUE,TRUE,46964.1016
-16,66,TRUE,TRUE,27051.1707
-16,67,TRUE,TRUE,849.210983
-16,68,TRUE,TRUE,1589.7474
-15,4,TRUE,TRUE,27403.2924
-15,5,TRUE,TRUE,71952.1564
-15,6,TRUE,TRUE,205784.786
-15,7,TRUE,TRUE,249350.741
-15,8,TRUE,TRUE,261266.847
-15,9,TRUE,TRUE,411115.481
-15,10,TRUE,TRUE,1114178.21
-15,24,TRUE,TRUE,403.204498
-15,25,TRUE,TRUE,43373.6474
-15,26,TRUE,TRUE,234062.049
-15,27,TRUE,TRUE,192464.967
-15,28,TRUE,TRUE,384998.695
-15,29,TRUE,TRUE,204630.371
-15,30,TRUE,TRUE,152343.847
-15,31,TRUE,TRUE,169119.403
-15,32,TRUE,TRUE,139688.877
-15,33,TRUE,TRUE,86684.6834
-15,34,TRUE,TRUE,143282.48
-15,35,TRUE,TRUE,139683.648
-15,36,TRUE,TRUE,168720.253
-15,37,TRUE,TRUE,164505.967
-15,38,TRUE,TRUE,67966.5196
-15,39,TRUE,TRUE,22033.8735
-15,40,TRUE,TRUE,17349.8406
-15,41,TRUE,TRUE,15337.905
-15,42,TRUE,TRUE,17639.7148
-15,43,TRUE,TRUE,28187.9133
-15,44,TRUE,TRUE,28740.45
-15,45,TRUE,TRUE,22950.3347
-15,46,TRUE,TRUE,5994.53622
-15,47,TRUE,TRUE,17430.2198
-15,48,TRUE,TRUE,54014.9179
-15,49,TRUE,TRUE,69360.3532
-15,50,TRUE,TRUE,11294.0426
-15,51,TRUE,TRUE,46472.6632
-15,52,TRUE,TRUE,20066.2932
-15,53,TRUE,TRUE,8659.96098
-15,54,TRUE,TRUE,1022.82841
-15,55,TRUE,TRUE,591.70275
-15,56,TRUE,FALSE,200.384134
-15,56,TRUE,TRUE,6020.33028
-15,57,TRUE,TRUE,16077.4503
-15,58,TRUE,TRUE,5120.22752
-15,59,TRUE,TRUE,2063.58232
-15,60,TRUE,TRUE,1255.03188
-15,61,TRUE,TRUE,2184.11079
-15,62,TRUE,TRUE,2165.17341
-15,63,TRUE,TRUE,4893.77387
-15,64,TRUE,TRUE,30947.1779
-15,65,TRUE,TRUE,34223.4758
-15,66,TRUE,TRUE,17990.8727
-15,67,TRUE,TRUE,1317.08937
-15,68,TRUE,TRUE,73.5967843
-14,1,TRUE,TRUE,2121.75005
-14,2,TRUE,TRUE,9517.08901
-14,3,TRUE,TRUE,19178.7076
-14,4,TRUE,TRUE,72228.3608
-14,5,TRUE,TRUE,151500.193
-14,6,TRUE,TRUE,160652.419
-14,7,TRUE,TRUE,297311.882
-14,8,TRUE,TRUE,581236.827
-14,9,TRUE,TRUE,602169.831
-14,26,TRUE,TRUE,40443.8495
-14,27,TRUE,TRUE,347255.255
-14,28,TRUE,TRUE,838600.363
-14,29,TRUE,TRUE,223948.31
-14,30,TRUE,TRUE,161066.505
-14,31,TRUE,TRUE,165548.997
-14,32,TRUE,TRUE,184930.762
-14,33,TRUE,TRUE,222651.994
-14,34,TRUE,TRUE,219770.903
-14,35,TRUE,TRUE,202861.869
-14,36,TRUE,TRUE,180304.741
-14,37,TRUE,TRUE,137827.468
-14,38,TRUE,TRUE,58589.6363
-14,39,TRUE,TRUE,45483.6684
-14,40,TRUE,TRUE,24608.9503
-14,41,TRUE,TRUE,20356.7429
-14,42,TRUE,TRUE,30876.8387
-14,43,TRUE,TRUE,23550.9079
-14,44,TRUE,TRUE,44047.1434
-14,45,TRUE,TRUE,24183.3941
-14,46,TRUE,TRUE,7207.30538
-14,47,TRUE,TRUE,26460.9931
-14,48,TRUE,TRUE,59671.9276
-14,49,TRUE,TRUE,64641.5025
-14,50,TRUE,TRUE,19043.6282
-14,51,TRUE,TRUE,32047.9748
-14,52,TRUE,TRUE,59264.8742
-14,53,TRUE,TRUE,6944.53388
-14,54,TRUE,TRUE,2788.96417
-14,55,TRUE,TRUE,2019.27939
-14,56,TRUE,TRUE,2863.11631
-14,57,TRUE,TRUE,31672.5025
-14,58,TRUE,TRUE,4407.0665
-14,59,TRUE,TRUE,2361.97876
-14,60,TRUE,TRUE,779.296823
-14,61,TRUE,TRUE,949.469102
-14,62,TRUE,TRUE,961.50292
-14,63,TRUE,TRUE,2295.07676
-14,64,TRUE,TRUE,43891.6922
-14,65,TRUE,TRUE,70218.6492
-14,66,TRUE,TRUE,3033.14935
-14,67,TRUE,TRUE,131.193985
-13,1,TRUE,TRUE,2358.95142
-13,2,TRUE,TRUE,40399.6474
-13,3,TRUE,TRUE,92139.045
-13,4,TRUE,TRUE,134060.887
-13,5,TRUE,TRUE,134204.999
-13,6,TRUE,TRUE,166367.234
-13,7,TRUE,TRUE,86414.069
-13,8,TRUE,TRUE,738.921342
-13,27,TRUE,TRUE,922.950544
-13,28,TRUE,TRUE,207639.248
-13,29,TRUE,TRUE,180318.373
-13,30,TRUE,TRUE,175056.326
-13,31,TRUE,TRUE,214646.311
-13,32,TRUE,TRUE,152978.388
-13,33,TRUE,TRUE,134338.774
-13,34,TRUE,TRUE,175281.021
-13,35,TRUE,TRUE,215177.653
-13,36,TRUE,TRUE,232419.812
-13,37,TRUE,TRUE,192922.217
-13,38,TRUE,TRUE,149737.169
-13,39,TRUE,TRUE,79422.3048
-13,40,TRUE,TRUE,62279.3699
-13,41,TRUE,TRUE,50481.4036
-13,42,TRUE,TRUE,44514.4716
-13,43,TRUE,TRUE,56558.5335
-13,44,TRUE,TRUE,35883.2337
-13,45,TRUE,TRUE,36734.3027
-13,46,TRUE,TRUE,41676.4354
-13,47,TRUE,TRUE,69245.5526
-13,48,TRUE,TRUE,84749.5484
-13,49,TRUE,TRUE,80039.8441
-13,50,TRUE,TRUE,30364.8658
-13,51,TRUE,TRUE,15548.4765
-13,52,TRUE,TRUE,42906.2227
-13,53,TRUE,TRUE,27217.4536
-13,54,TRUE,TRUE,3441.94687
-13,55,TRUE,TRUE,2598.61
-13,56,TRUE,TRUE,2938.89265
-13,57,TRUE,TRUE,7507.39267
-13,58,TRUE,TRUE,8420.52405
-13,59,TRUE,TRUE,3021.1967
-13,60,TRUE,TRUE,1726.52583
-13,61,TRUE,TRUE,1198.96224
-13,62,TRUE,TRUE,545.453119
-13,63,TRUE,TRUE,1400.59043
-13,64,TRUE,TRUE,6073.54818
-13,65,TRUE,TRUE,3811.98832
-13,66,TRUE,TRUE,1090.03727
-12,1,TRUE,TRUE,24489.0688
-12,2,TRUE,TRUE,144058.74
-12,3,TRUE,TRUE,116967.898
-12,4,TRUE,TRUE,125079.769
-12,5,TRUE,TRUE,166579.246
-12,6,TRUE,TRUE,130443.84
-12,7,TRUE,TRUE,1273.53771
-12,28,TRUE,TRUE,141014.481
-12,29,TRUE,TRUE,65914.3971
-12,30,TRUE,TRUE,224132.546
-12,31,TRUE,TRUE,260058.763
-12,32,TRUE,TRUE,223860.159
-12,33,TRUE,TRUE,123422.517
-12,34,TRUE,TRUE,173451.178
-12,35,TRUE,TRUE,178916.839
-12,36,TRUE,TRUE,215478.412
-12,37,TRUE,TRUE,181605.303
-12,38,TRUE,TRUE,201913.336
-12,39,TRUE,TRUE,177893.075
-12,40,TRUE,TRUE,164610.663
-12,41,TRUE,TRUE,167061.028
-12,42,TRUE,TRUE,95697.2339
-12,43,TRUE,TRUE,91079.7501
-12,44,TRUE,TRUE,52270.8276
-12,45,TRUE,TRUE,47922.5335
-12,46,TRUE,TRUE,69598.0168
-12,47,TRUE,TRUE,73663.6552
-12,48,TRUE,TRUE,80288.868
-12,49,TRUE,TRUE,136417.379
-12,50,TRUE,TRUE,79036.5145
-12,51,TRUE,TRUE,76516.6001
-12,52,TRUE,TRUE,59592.4307
-12,53,TRUE,TRUE,44541.3584
-12,54,TRUE,TRUE,26096.9993
-12,55,TRUE,TRUE,3017.6582
-12,56,TRUE,TRUE,2195.76486
-12,57,TRUE,TRUE,7164.95722
-12,58,TRUE,TRUE,10942.0847
-12,59,TRUE,TRUE,4491.0475
-12,60,TRUE,TRUE,2394.47656
-12,61,TRUE,TRUE,2166.7758
-12,62,TRUE,TRUE,1516.68677
-12,63,TRUE,TRUE,135.318018
-12,64,TRUE,TRUE,976.869367
-12,65,TRUE,TRUE,743.682387
-11,-1,TRUE,FALSE,8964.9225
-11,-1,TRUE,TRUE,615.541218
-11,0,TRUE,TRUE,32950.2706
-11,1,TRUE,TRUE,82644.6335
-11,2,TRUE,TRUE,101214.474
-11,3,TRUE,TRUE,73118.5365
-11,4,TRUE,TRUE,111714.863
-11,5,TRUE,TRUE,223831.997
-11,6,TRUE,TRUE,95908.6501
-11,28,TRUE,TRUE,3247.29714
-11,29,TRUE,TRUE,117808.975
-11,30,TRUE,TRUE,137496.584
-11,31,TRUE,TRUE,268478.916
-11,32,TRUE,TRUE,251336.958
-11,33,TRUE,TRUE,187030.515
-11,34,TRUE,TRUE,110645.406
-11,35,TRUE,TRUE,199943.317
-11,36,TRUE,TRUE,246827.998
-11,37,TRUE,TRUE,203003.516
-11,38,TRUE,TRUE,316607.989
-11,39,TRUE,TRUE,331069.816
-11,40,TRUE,TRUE,363775.576
-11,41,TRUE,TRUE,403349.296
-11,42,TRUE,TRUE,416209.414
-11,43,TRUE,TRUE,353745.711
-11,44,TRUE,TRUE,129498.02
-11,45,TRUE,TRUE,112078.609
-11,46,TRUE,TRUE,115201.312
-11,47,TRUE,TRUE,135043.723
-11,48,TRUE,TRUE,158160.414
-11,49,TRUE,TRUE,148176.444
-11,50,TRUE,TRUE,81993.6278
-11,51,TRUE,TRUE,106577.729
-11,52,TRUE,TRUE,81941.553
-11,53,TRUE,TRUE,62889.6957
-11,54,TRUE,TRUE,49906.3163
-11,55,TRUE,TRUE,24236.4022
-11,56,TRUE,TRUE,6251.48831
-11,57,TRUE,TRUE,11168.7628
-11,58,TRUE,TRUE,18270.3656
-11,59,TRUE,TRUE,5042.45203
-11,60,TRUE,TRUE,6111.59212
-11,61,TRUE,TRUE,3408.40936
-11,62,TRUE,TRUE,2989.14213
-11,63,TRUE,TRUE,4634.04509
-11,64,TRUE,TRUE,416.018443
-11,65,TRUE,TRUE,288.381227
-10,-3,TRUE,TRUE,491.885643
-10,-2,TRUE,FALSE,2016.1637700000001
-10,-2,TRUE,TRUE,626.611438
-10,-1,TRUE,FALSE,292.821568
-10,-1,TRUE,TRUE,659.046625
-10,0,TRUE,TRUE,4210.04881
-10,1,TRUE,TRUE,46881.9271
-10,2,TRUE,TRUE,40776.5149
-10,3,TRUE,TRUE,90680.2684
-10,4,TRUE,TRUE,184119.719
-10,5,TRUE,TRUE,41761.3652
-10,29,TRUE,TRUE,2040.49227
-10,30,TRUE,TRUE,334425.874
-10,31,TRUE,TRUE,64813.3001
-10,32,TRUE,TRUE,383210.539
-10,33,TRUE,TRUE,292188.01
-10,34,TRUE,TRUE,198440.247
-10,35,TRUE,TRUE,229421.986
-10,36,TRUE,TRUE,510203.314
-10,37,TRUE,TRUE,694464.024
-10,38,TRUE,TRUE,1264916.77
-10,39,TRUE,TRUE,1061196.46
-10,40,TRUE,TRUE,527877.604
-10,41,TRUE,TRUE,500636.674
-10,42,TRUE,TRUE,755669.331
-10,43,TRUE,TRUE,757809.895
-10,44,TRUE,TRUE,355336.38
-10,45,TRUE,TRUE,165031.361
-10,46,TRUE,TRUE,116945.027
-10,47,TRUE,TRUE,120313.356
-10,48,TRUE,TRUE,153246.943
-10,49,TRUE,TRUE,162302.617
-10,50,TRUE,TRUE,80203.392
-10,51,TRUE,TRUE,311713.144
-10,52,TRUE,TRUE,214395.459
-10,53,TRUE,TRUE,220798.702
-10,54,TRUE,TRUE,29462.2863
-10,55,TRUE,TRUE,48515.1222
-10,56,TRUE,TRUE,24378.8062
-10,57,TRUE,TRUE,58130.8706
-10,58,TRUE,TRUE,41356.235
-10,59,TRUE,TRUE,6553.49162
-10,60,TRUE,TRUE,15720.9349
-10,61,TRUE,TRUE,10748.997
-10,62,TRUE,TRUE,11656.8691
-10,63,TRUE,TRUE,4085.73059
-10,64,TRUE,TRUE,676.596992
-10,65,TRUE,TRUE,611.896524
-10,66,TRUE,TRUE,92.7096439
-9,-2,TRUE,FALSE,38.7579513
-9,-2,TRUE,TRUE,40.3432318
-9,0,TRUE,TRUE,7474.18278
-9,1,TRUE,TRUE,34736.8199
-9,2,TRUE,TRUE,40710.0533
-9,3,TRUE,TRUE,130401.666
-9,4,TRUE,FALSE,205.322102
-9,4,TRUE,TRUE,114531.637
-9,32,TRUE,TRUE,805.96638
-9,33,TRUE,TRUE,546099.905
-9,34,TRUE,TRUE,279469.658
-9,35,TRUE,TRUE,288723.489
-9,36,TRUE,TRUE,719457.63
-9,37,TRUE,TRUE,999995.827
-9,38,TRUE,TRUE,473424.337
-9,39,TRUE,TRUE,89.11989
-9,40,TRUE,TRUE,554191.873
-9,41,TRUE,TRUE,719786.16
-9,42,TRUE,TRUE,921410.413
-9,43,TRUE,TRUE,545464.358
-9,44,TRUE,TRUE,285835.879
-9,45,TRUE,TRUE,491497.583
-9,46,TRUE,TRUE,213506.444
-9,47,TRUE,TRUE,183636.456
-9,48,TRUE,TRUE,176208.681
-9,49,TRUE,TRUE,182294.597
-9,50,TRUE,TRUE,114773.522
-9,51,TRUE,TRUE,290129.545
-9,52,TRUE,TRUE,14449.4735
-9,54,TRUE,TRUE,332546.293
-9,55,TRUE,TRUE,31796.8927
-9,56,TRUE,TRUE,44046.5023
-9,57,TRUE,TRUE,43429.7424
-9,58,TRUE,TRUE,48041.0608
-9,59,TRUE,TRUE,17440.1316
-9,60,TRUE,TRUE,22403.4497
-9,61,TRUE,TRUE,13862.4151
-9,62,TRUE,TRUE,18033.1055
-9,63,TRUE,TRUE,3531.87957
-9,64,TRUE,TRUE,1628.60257
-9,65,TRUE,TRUE,555.203102
-8,-4,TRUE,TRUE,73.1941959
-8,-1,TRUE,TRUE,692.320607
-8,0,TRUE,TRUE,193.677877
-8,1,TRUE,TRUE,35097.7553
-8,2,TRUE,TRUE,73702.2139
-8,3,TRUE,TRUE,141853.321
-8,4,TRUE,TRUE,104538.799
-8,33,TRUE,TRUE,897503.301
-8,34,TRUE,TRUE,423016.638
-8,35,TRUE,TRUE,304580.796
-8,36,TRUE,TRUE,616383.161
-8,37,TRUE,TRUE,152312.644
-8,43,TRUE,TRUE,483578.662
-8,44,TRUE,TRUE,180019.137
-8,45,TRUE,TRUE,184145.506
-8,46,TRUE,TRUE,525862.273
-8,47,TRUE,TRUE,304252.734
-8,48,TRUE,TRUE,184066.958
-8,49,TRUE,TRUE,200957.756
-8,50,TRUE,TRUE,115268.592
-8,51,TRUE,TRUE,194296.285
-8,52,TRUE,TRUE,9375.41388
-8,54,TRUE,TRUE,12.3309804
-8,55,TRUE,TRUE,122589.733
-8,56,TRUE,TRUE,140132.642
-8,57,TRUE,TRUE,270464.435
-8,58,TRUE,TRUE,78261.8579
-8,59,TRUE,TRUE,56475.0415
-8,60,TRUE,TRUE,23605.1849
-8,61,TRUE,TRUE,31396.2239
-8,62,TRUE,TRUE,88947.0354
-8,63,TRUE,TRUE,1695.13371
-8,64,TRUE,TRUE,1217.79059
-8,65,TRUE,TRUE,186.052725
-7,0,TRUE,TRUE,8298.76973
-7,1,TRUE,TRUE,40379.3503
-7,2,TRUE,TRUE,55923.6024
-7,3,TRUE,TRUE,132500.838
-7,4,TRUE,FALSE,409.992493
-7,4,TRUE,TRUE,266451.908
-7,33,TRUE,TRUE,416.064453
-7,34,TRUE,TRUE,288881.27
-7,35,TRUE,TRUE,973930.778
-7,36,TRUE,TRUE,1619620.98
-7,37,TRUE,TRUE,342085.924
-7,43,TRUE,TRUE,257891.303
-7,44,TRUE,TRUE,110295.523
-7,45,TRUE,TRUE,110133.26
-7,46,TRUE,TRUE,179547.265
-7,47,TRUE,TRUE,485244.681
-7,48,TRUE,TRUE,414072.174
-7,49,TRUE,TRUE,270150.898
-7,50,TRUE,TRUE,213920.553
-7,51,TRUE,TRUE,219046.233
-7,52,TRUE,TRUE,376104.748
-7,53,TRUE,TRUE,666038.042
-7,54,TRUE,TRUE,52123.547
-7,55,TRUE,TRUE,404281.617
-7,56,TRUE,TRUE,261835.696
-7,57,TRUE,TRUE,415785.917
-7,58,TRUE,TRUE,144625.324
-7,59,TRUE,TRUE,81895.1092
-7,60,TRUE,TRUE,38393.025
-7,61,TRUE,TRUE,227506.368
-7,62,TRUE,TRUE,429458.638
-7,63,TRUE,TRUE,2015.45912
-7,64,TRUE,TRUE,1175.40286
-7,65,TRUE,TRUE,249.758804
-6,0,TRUE,TRUE,9745.04461
-6,1,TRUE,TRUE,37970.9398
-6,2,TRUE,TRUE,71967.5273
-6,3,TRUE,FALSE,33.4875078
-6,3,TRUE,TRUE,128415.444
-6,4,TRUE,TRUE,155270.601
-6,5,TRUE,TRUE,15172.9208
-6,35,TRUE,TRUE,2649134.18
-6,36,TRUE,TRUE,3026471.19
-6,43,TRUE,TRUE,516209.342
-6,44,TRUE,TRUE,143727.645
-6,45,TRUE,TRUE,161479.71
-6,46,TRUE,TRUE,204072.207
-6,47,TRUE,TRUE,209222.483
-6,48,TRUE,TRUE,731361.357
-6,49,TRUE,TRUE,559026.097
-6,50,TRUE,TRUE,671566.049
-6,51,TRUE,TRUE,448356.773
-6,52,TRUE,TRUE,406822.939
-6,53,TRUE,TRUE,593556.333
-6,54,TRUE,TRUE,740123.585
-6,55,TRUE,TRUE,593618.586
-6,56,TRUE,TRUE,675904.176
-6,57,TRUE,TRUE,448655.295
-6,58,TRUE,TRUE,212444.292
-6,59,TRUE,TRUE,81441.1614
-6,60,TRUE,TRUE,48472.793
-6,61,TRUE,TRUE,46832.9086
-6,62,TRUE,TRUE,24596.0114
-6,63,TRUE,TRUE,2863.99834
-6,64,TRUE,TRUE,2123.24637
-6,65,TRUE,TRUE,1327.61263
-5,-5,TRUE,FALSE,59.7248385
-5,-5,TRUE,TRUE,45.4722123
-5,-2,TRUE,FALSE,1405.0904
-5,-2,TRUE,TRUE,43.8342398
-5,-1,TRUE,TRUE,152.688748
-5,0,TRUE,TRUE,12018.3009
-5,1,TRUE,TRUE,80053.4863
-5,2,TRUE,FALSE,56.0414336
-5,2,TRUE,TRUE,75245.3206
-5,3,TRUE,FALSE,39.3046589
-5,3,TRUE,TRUE,138388.274
-5,4,TRUE,TRUE,190013.435
-5,5,TRUE,TRUE,805975.919
-5,35,TRUE,TRUE,370028.526
-5,36,TRUE,TRUE,2010547.09
-5,43,TRUE,TRUE,172221.419
-5,44,TRUE,TRUE,153595.918
-5,45,TRUE,TRUE,214248.47
-5,46,TRUE,TRUE,190064.14
-5,47,TRUE,TRUE,337836.066
-5,48,TRUE,TRUE,1172070.29
-5,49,TRUE,TRUE,805999.043
-5,50,TRUE,TRUE,1077069.85
-5,51,TRUE,TRUE,584781.591
-5,52,TRUE,TRUE,143828.561
-5,53,TRUE,TRUE,859843.923
-5,54,TRUE,TRUE,319806.761
-5,55,TRUE,TRUE,791859.168
-5,56,TRUE,TRUE,12007.0058
-5,57,TRUE,TRUE,106947.761
-5,58,TRUE,TRUE,95423.8808
-5,59,TRUE,TRUE,82063.5632
-5,60,TRUE,TRUE,94606.9318
-5,61,TRUE,TRUE,46211.7183
-5,62,TRUE,TRUE,21662.3206
-5,63,TRUE,TRUE,3708.12435
-5,64,TRUE,TRUE,1847.50793
-5,65,TRUE,TRUE,2135.24312
-4,-6,TRUE,FALSE,995.857097
-4,-6,TRUE,TRUE,34.2001647
-4,-2,TRUE,FALSE,933.980092
-4,-2,TRUE,TRUE,36.1301322
-4,-1,TRUE,TRUE,40.696189
-4,0,TRUE,FALSE,61.2250978
-4,0,TRUE,TRUE,8036.01324
-4,1,TRUE,TRUE,59116.7542
-4,2,TRUE,TRUE,100335.838
-4,3,TRUE,FALSE,60.6694235
-4,3,TRUE,TRUE,145941.344
-4,4,TRUE,TRUE,284578.198
-4,5,TRUE,TRUE,115044.99
-4,35,TRUE,TRUE,274800.613
-4,36,TRUE,TRUE,1154033.36
-4,43,TRUE,TRUE,534400.129
-4,44,TRUE,TRUE,209382.262
-4,45,TRUE,TRUE,154734.94
-4,46,TRUE,TRUE,164506.816
-4,47,TRUE,TRUE,782496.395
-4,48,TRUE,TRUE,473483.833
-4,49,TRUE,TRUE,884800.634
-4,50,TRUE,TRUE,1303141.23
-4,51,TRUE,TRUE,819036.173
-4,53,TRUE,TRUE,1211953.62
-4,54,TRUE,TRUE,757702.597
-4,55,TRUE,TRUE,25883.3269
-4,56,TRUE,TRUE,522456.412
-4,57,TRUE,TRUE,269664.622
-4,58,TRUE,TRUE,511723.231
-4,59,TRUE,TRUE,110947.066
-4,60,TRUE,TRUE,138634.662
-4,61,TRUE,TRUE,17546.619
-4,62,TRUE,TRUE,24400.7475
-4,63,TRUE,TRUE,3482.80911
-4,64,TRUE,TRUE,2790.82293
-4,65,TRUE,TRUE,3794.75388
-4,66,TRUE,TRUE,1059.87704
-3,-1,TRUE,TRUE,1656.78194
-3,0,TRUE,TRUE,11070.4774
-3,1,TRUE,TRUE,33636.3391
-3,2,TRUE,TRUE,53331.6042
-3,3,TRUE,TRUE,66876.1948
-3,4,TRUE,TRUE,385112.789
-3,5,TRUE,TRUE,64.0863866
-3,35,TRUE,TRUE,567474.613
-3,36,TRUE,TRUE,1289692.17
-3,43,TRUE,TRUE,196920.853
-3,44,TRUE,TRUE,113120.408
-3,45,TRUE,TRUE,120392.823
-3,46,TRUE,TRUE,428651.297
-3,47,TRUE,TRUE,1493108.58
-3,48,TRUE,TRUE,810108.777
-3,49,TRUE,TRUE,1356966
-3,50,TRUE,TRUE,1199481.15
-3,51,TRUE,TRUE,350968.64
-3,53,TRUE,TRUE,3980.33127
-3,54,TRUE,TRUE,76536.4976
-3,55,TRUE,TRUE,58689.1408
-3,56,TRUE,TRUE,725510.206
-3,57,TRUE,TRUE,779671.413
-3,58,TRUE,TRUE,420038.009
-3,59,TRUE,TRUE,321893.414
-3,60,TRUE,TRUE,134333.117
-3,61,TRUE,TRUE,16459.0668
-3,62,TRUE,TRUE,14789.8278
-3,63,TRUE,TRUE,4138.89615
-3,64,TRUE,TRUE,2842.8853
-3,65,TRUE,TRUE,3463.43292
-3,66,TRUE,TRUE,359.413149
-3,67,TRUE,TRUE,332.940045
-2,-54,TRUE,TRUE,36.5114904
-2,-53,TRUE,FALSE,83.1216753
-2,-53,TRUE,TRUE,25.2165037
-2,-19,TRUE,FALSE,117.341093
-2,-19,TRUE,TRUE,24.6961616
-2,-17,TRUE,TRUE,48.4901314
-2,-1,TRUE,TRUE,1344.40165
-2,0,TRUE,TRUE,26429.3911
-2,1,TRUE,TRUE,29971.378
-2,2,TRUE,TRUE,58111.2542
-2,3,TRUE,FALSE,2402.07762
-2,3,TRUE,TRUE,63751.474
-2,4,TRUE,TRUE,423373.428
-2,5,TRUE,TRUE,1909.96562
-2,35,TRUE,TRUE,191741.988
-2,36,TRUE,TRUE,814179.022
-2,37,TRUE,TRUE,790956.67
-2,43,TRUE,TRUE,348187.647
-2,44,TRUE,TRUE,307231.077
-2,45,TRUE,TRUE,476283.319
-2,46,TRUE,TRUE,848535.846
-2,48,TRUE,TRUE,263730.674
-2,49,TRUE,TRUE,996507.01
-2,50,TRUE,TRUE,1625333.9
-2,54,TRUE,TRUE,647646.749
-2,55,TRUE,TRUE,670011.185
-2,56,TRUE,TRUE,221694.746
-2,57,TRUE,TRUE,559295.384
-2,58,TRUE,TRUE,242363.411
-2,59,TRUE,TRUE,296713.479
-2,60,TRUE,TRUE,719001.492
-2,61,TRUE,TRUE,49520.9448
-2,62,TRUE,TRUE,8478.62776
-2,63,TRUE,TRUE,14406.4775
-2,64,TRUE,TRUE,4101.4344
-2,65,TRUE,TRUE,5065.811
-2,66,TRUE,TRUE,2576.63953
-2,67,TRUE,TRUE,1082.4897
-1,-53,TRUE,TRUE,21.7493275
-1,0,TRUE,FALSE,47.3847376
-1,0,TRUE,TRUE,21496.1329
-1,1,TRUE,FALSE,178.997427
-1,1,TRUE,TRUE,47162.9211
-1,2,TRUE,TRUE,37827.5377
-1,3,TRUE,TRUE,52423.761
-1,4,TRUE,TRUE,164776.99
-1,5,TRUE,TRUE,210289.266
-1,35,TRUE,TRUE,831598.515
-1,36,TRUE,TRUE,749471.415
-1,37,TRUE,TRUE,982097.998
-1,38,TRUE,TRUE,662026.52
-1,39,TRUE,TRUE,1687751.82
-1,45,TRUE,TRUE,355182.322
-1,49,TRUE,TRUE,1316770.81
-1,50,TRUE,TRUE,1503107.21
-1,53,TRUE,TRUE,1072964.96
-1,54,TRUE,TRUE,840512.35
-1,55,TRUE,TRUE,144119.715
-1,56,TRUE,TRUE,85457.0171
-1,57,TRUE,TRUE,162252.3
-1,58,TRUE,TRUE,194817.738
-1,59,TRUE,TRUE,124691.979
-1,60,TRUE,TRUE,271747.22
-1,61,TRUE,TRUE,48443.3038
-1,62,TRUE,TRUE,7105.45079
-1,63,TRUE,TRUE,10367.6014
-1,64,TRUE,TRUE,7693.91003
-1,65,TRUE,TRUE,3548.67454
-1,66,TRUE,TRUE,1854.43799
-1,67,TRUE,TRUE,1225.15217
-1,68,TRUE,TRUE,458.74259
0,-17,TRUE,TRUE,488.794548
0,0,TRUE,TRUE,16044.7061
0,1,TRUE,TRUE,52877.9427
0,2,TRUE,TRUE,74327.823
0,3,TRUE,TRUE,93163.0429
0,4,TRUE,TRUE,121520.417
0,5,TRUE,TRUE,723175.246
0,35,TRUE,TRUE,68162.2924
0,36,TRUE,TRUE,624531.144
0,37,TRUE,TRUE,272956.271
0,38,TRUE,TRUE,868404.005
0,39,TRUE,TRUE,688774.786
0,40,TRUE,TRUE,638123.051
0,41,TRUE,TRUE,28.5923661
0,49,TRUE,TRUE,841969.325
0,50,TRUE,TRUE,1447052.62
0,51,TRUE,TRUE,1643309.42
0,52,TRUE,TRUE,100344.947
0,53,TRUE,TRUE,1372017.4
0,54,TRUE,TRUE,390648.65
0,55,TRUE,TRUE,116225.525
0,56,TRUE,TRUE,179980.39
0,57,TRUE,TRUE,313729.337
0,58,TRUE,TRUE,215978.642
0,59,TRUE,TRUE,122994.229
0,60,TRUE,TRUE,126691.822
0,61,TRUE,TRUE,69182.604
0,62,TRUE,TRUE,15682.9779
0,63,TRUE,TRUE,9582.82556
0,64,TRUE,TRUE,8737.32506
0,65,TRUE,TRUE,5795.63992
0,66,TRUE,TRUE,4366.70145
0,67,TRUE,TRUE,3617.68096
0,68,TRUE,TRUE,950.543558
0,69,TRUE,TRUE,156.461095
0,70,TRUE,TRUE,20.4887881
0,71,TRUE,TRUE,31.2080332
1,-2,TRUE,TRUE,46.510973
1,-1,TRUE,TRUE,1329.47743
1,0,TRUE,TRUE,21188.9327
1,1,TRUE,TRUE,66117.9663
1,2,TRUE,FALSE,3278.09684
1,2,TRUE,TRUE,180701.606
1,3,TRUE,FALSE,12.7342812
1,3,TRUE,TRUE,123831.231
1,4,TRUE,TRUE,137196.508
1,5,TRUE,TRUE,275419.878
1,6,TRUE,TRUE,878482.123
1,36,TRUE,TRUE,467393.846
1,37,TRUE,TRUE,314800.93
1,38,TRUE,TRUE,1203057.57
1,39,TRUE,TRUE,462738.146
1,40,TRUE,TRUE,553896.076
1,41,TRUE,TRUE,722467.225
1,49,TRUE,TRUE,25266.8674
1,50,TRUE,TRUE,1594757.84
1,51,TRUE,TRUE,2638811.25
1,52,TRUE,TRUE,1058319.88
1,53,TRUE,TRUE,734029.061
1,54,TRUE,TRUE,242976.883
1,55,TRUE,TRUE,95072.9445
1,56,TRUE,TRUE,147942.816
1,57,TRUE,TRUE,347107.432
1,58,TRUE,TRUE,393174.316
1,59,TRUE,TRUE,328619.969
1,60,TRUE,TRUE,163789.345
1,61,TRUE,TRUE,248952.789
1,62,TRUE,TRUE,10843.4144
1,63,TRUE,TRUE,5796.58477
1,64,TRUE,TRUE,11371.9495
1,65,TRUE,TRUE,9325.32416
1,66,TRUE,TRUE,4744.50239
1,67,TRUE,TRUE,2619.38143
1,68,TRUE,TRUE,927.966753
1,69,TRUE,TRUE,1048.11478
1,70,TRUE,TRUE,549.050501
1,71,TRUE,TRUE,95.8069838
1,72,TRUE,TRUE,104.850426
2,-4,TRUE,TRUE,944.250696
2,-3,TRUE,TRUE,1049.94674
2,-1,TRUE,TRUE,1136.5772
2,0,TRUE,TRUE,23254.2882
2,1,TRUE,TRUE,89028.6687
2,2,TRUE,FALSE,2616.97926
2,2,TRUE,TRUE,159245.584
2,3,TRUE,FALSE,2107.27289
2,3,TRUE,TRUE,170446.588
2,4,TRUE,FALSE,2533.01843
2,4,TRUE,TRUE,110161.953
2,5,TRUE,TRUE,179897.382
2,6,TRUE,TRUE,434602.83
2,36,TRUE,TRUE,241293.201
2,37,TRUE,TRUE,462989.652
2,38,TRUE,TRUE,219217.955
2,39,TRUE,TRUE,2380293.68
2,40,TRUE,TRUE,485546.053
2,41,TRUE,TRUE,1543002.3
2,50,FALSE,FALSE,67.7298983
2,51,TRUE,TRUE,2474642.87
2,52,TRUE,TRUE,1028329.33
2,53,TRUE,TRUE,422163.538
2,54,TRUE,TRUE,181858.046
2,55,TRUE,TRUE,90577.4084
2,56,TRUE,TRUE,348470.662
2,57,TRUE,TRUE,160104.333
2,58,TRUE,TRUE,234179.797
2,59,TRUE,TRUE,272990.416
2,60,TRUE,TRUE,267924.971
2,61,TRUE,TRUE,261286.988
2,62,TRUE,TRUE,9479.84161
2,63,TRUE,TRUE,5772.86518
2,64,TRUE,TRUE,12001.6304
2,65,TRUE,TRUE,5283.30719
2,66,TRUE,TRUE,3299.844
2,67,TRUE,TRUE,1962.62882
2,68,TRUE,TRUE,1206.43165
2,69,TRUE,TRUE,1189.23452
2,70,TRUE,TRUE,582.224965
2,71,TRUE,TRUE,472.398353
2,72,TRUE,TRUE,272.985636
3,-18,TRUE,TRUE,1280.43439
3,-5,TRUE,TRUE,2232.2469
3,-4,TRUE,FALSE,176.537529
3,-4,TRUE,TRUE,1809.1614
3,-3,TRUE,TRUE,2020.81469
3,-2,TRUE,TRUE,6265.97765
3,-1,TRUE,TRUE,1695.07757
3,0,TRUE,TRUE,12945.423
3,1,TRUE,FALSE,2608.16328
3,1,TRUE,TRUE,106960.663
3,2,TRUE,FALSE,2286.99631
3,2,TRUE,TRUE,177830.167
3,3,TRUE,FALSE,13.9125446
3,3,TRUE,TRUE,189053.981
3,4,TRUE,FALSE,15.7820087
3,4,TRUE,TRUE,165328.558
3,5,TRUE,TRUE,214362.722
3,6,TRUE,TRUE,1247025.17
3,36,TRUE,TRUE,296514.075
3,37,TRUE,TRUE,584845.499
3,38,TRUE,TRUE,243475.935
3,39,TRUE,TRUE,986747.532
3,40,TRUE,TRUE,345824.173
3,41,TRUE,TRUE,374342.921
3,42,TRUE,TRUE,983397.457
3,43,TRUE,TRUE,455062.916
3,51,TRUE,TRUE,3568051.31
3,52,TRUE,TRUE,2109860.28
3,53,TRUE,TRUE,619164.1
3,54,TRUE,TRUE,185004.553
3,55,TRUE,TRUE,160210.281
3,56,TRUE,TRUE,398117.055
3,57,TRUE,TRUE,162905.512
3,58,TRUE,TRUE,190756.081
3,59,TRUE,TRUE,141536.086
3,60,TRUE,TRUE,155148.351
3,61,TRUE,TRUE,93426.6946
3,62,TRUE,TRUE,33855.8968
3,63,TRUE,TRUE,6500.20643
3,64,TRUE,TRUE,7076.00352
3,65,TRUE,TRUE,10483.9959
3,66,TRUE,TRUE,2623.78318
3,67,TRUE,TRUE,1463.61886
3,68,TRUE,TRUE,1050.14539
3,69,TRUE,TRUE,1310.97713
3,70,TRUE,TRUE,343.567045
3,71,TRUE,TRUE,777.571535
3,72,TRUE,TRUE,1290.09438
4,-6,TRUE,TRUE,60.157327
4,-5,TRUE,TRUE,2106.17625
4,-4,TRUE,TRUE,5066.58839
4,-3,TRUE,FALSE,1573.17224
4,-3,TRUE,TRUE,4822.17581
4,-2,TRUE,TRUE,2211.4198
4,-1,TRUE,TRUE,4644.57484
4,0,TRUE,TRUE,36989.3838
4,1,TRUE,TRUE,75215.6107
4,2,TRUE,TRUE,168677.188
4,3,TRUE,TRUE,173955.142
4,4,TRUE,TRUE,308558.246
4,5,TRUE,TRUE,852843.348
4,6,TRUE,TRUE,130376.981
4,36,TRUE,TRUE,10074.9266
4,37,TRUE,TRUE,628904.962
4,38,TRUE,TRUE,221994.906
4,39,TRUE,TRUE,411334.209
4,40,TRUE,TRUE,260351.356
4,41,TRUE,TRUE,256102.716
4,42,TRUE,TRUE,284444.281
4,43,TRUE,TRUE,660236.938
4,51,TRUE,TRUE,789613.444
4,52,TRUE,TRUE,2084556.95
4,53,TRUE,TRUE,1358243.78
4,54,TRUE,TRUE,416145.038
4,55,TRUE,TRUE,343694.978
4,56,TRUE,TRUE,174227.585
4,57,TRUE,TRUE,236615.992
4,58,TRUE,TRUE,275813.173
4,59,TRUE,TRUE,369964.179
4,60,TRUE,TRUE,638843.201
4,61,TRUE,TRUE,591485.81
4,62,TRUE,TRUE,120363.453
4,63,TRUE,TRUE,83313.1387
4,64,TRUE,TRUE,8486.48877
4,65,TRUE,TRUE,15258.2063
4,66,TRUE,TRUE,2638.64369
4,67,TRUE,TRUE,991.455837
4,68,TRUE,TRUE,454.653418
4,69,TRUE,TRUE,654.982069
4,70,TRUE,TRUE,580.016102
4,71,TRUE,FALSE,15.7863477
4,71,TRUE,TRUE,637.89561
4,72,TRUE,TRUE,1502.81589
4,73,TRUE,TRUE,6.55723423
5,-6,TRUE,TRUE,6266.69442
5,-5,TRUE,TRUE,11124.7742
5,-4,TRUE,TRUE,6912.17788
5,-3,TRUE,TRUE,3964.61556
5,-2,TRUE,TRUE,4604.70066
5,-1,TRUE,FALSE,25.8448781
5,-1,TRUE,TRUE,13719.6117
5,0,TRUE,TRUE,32678.0071
5,1,TRUE,TRUE,60398.9649
5,2,TRUE,FALSE,2118.39379
5,2,TRUE,TRUE,190448.378
5,3,TRUE,TRUE,311656.06
5,4,TRUE,TRUE,641690.441
5,5,TRUE,TRUE,1008011.22
5,36,TRUE,TRUE,462954.498
5,37,TRUE,TRUE,613797.209
5,38,TRUE,TRUE,218331.769
5,39,TRUE,TRUE,204553.848
5,40,TRUE,TRUE,171527.955
5,41,TRUE,TRUE,219597.183
5,42,TRUE,TRUE,443022.157
5,43,TRUE,TRUE,2163594.12
5,52,TRUE,TRUE,11745.7922
5,53,TRUE,TRUE,1256677.49
5,54,TRUE,TRUE,671377.132
5,55,TRUE,TRUE,443653.332
5,56,TRUE,TRUE,197402.572
5,57,TRUE,TRUE,186099.231
5,58,TRUE,TRUE,771090.001
5,59,TRUE,TRUE,2642671.36
5,60,TRUE,TRUE,2376145.23
5,61,TRUE,TRUE,1033141.17
5,62,TRUE,TRUE,538538.492
5,63,TRUE,TRUE,93567.0044
5,64,TRUE,TRUE,52788.8825
5,65,TRUE,TRUE,16850.3031
5,66,TRUE,TRUE,9613.37402
5,67,TRUE,TRUE,1833.38154
5,68,TRUE,TRUE,485.981912
5,69,TRUE,TRUE,386.230028
5,70,TRUE,TRUE,669.47289
5,71,TRUE,TRUE,366.981381
5,72,TRUE,TRUE,1844.44075
5,73,TRUE,TRUE,72.8085458
6,-6,TRUE,TRUE,11594.5632
6,-5,TRUE,TRUE,5658.62577
6,-4,TRUE,TRUE,15760.4137
6,-3,TRUE,TRUE,23336.0076
6,-2,TRUE,TRUE,19502.2915
6,-1,TRUE,FALSE,24.405403
6,-1,TRUE,TRUE,33761.1071
6,0,TRUE,FALSE,1003.40963
6,0,TRUE,TRUE,64636.5073
6,1,TRUE,FALSE,13.4165369
6,1,TRUE,TRUE,61078.7581
6,2,TRUE,FALSE,1826.7608
6,2,TRUE,TRUE,175975.915
6,3,TRUE,TRUE,416292.967
6,4,TRUE,TRUE,680567.72
6,36,TRUE,TRUE,227825.611
6,37,TRUE,TRUE,765082.196
6,38,TRUE,TRUE,257219.811
6,39,TRUE,TRUE,211741.771
6,40,TRUE,TRUE,188851.99
6,41,TRUE,TRUE,233995.915
6,42,TRUE,TRUE,524871.65
6,43,TRUE,TRUE,2648742.15
6,52,FALSE,FALSE,151.233823
6,53,TRUE,TRUE,1529368.01
6,54,TRUE,TRUE,696623.1
6,55,TRUE,TRUE,519024.366
6,56,TRUE,TRUE,295603.291
6,57,TRUE,TRUE,218946.546
6,58,TRUE,TRUE,792779.751
6,59,TRUE,TRUE,292095.98
6,60,TRUE,TRUE,397499.513
6,61,TRUE,TRUE,174283.697
6,62,TRUE,TRUE,1276041.95
6,63,TRUE,TRUE,70356.4533
6,64,TRUE,TRUE,84754.5112
6,65,TRUE,TRUE,81438.8619
6,66,TRUE,TRUE,25331.157
6,67,TRUE,TRUE,4032.36439
6,68,TRUE,TRUE,800.243578
6,69,TRUE,TRUE,415.234713
6,70,TRUE,TRUE,401.841861
6,71,TRUE,TRUE,480.680972
6,72,TRUE,TRUE,2087.29846
6,73,TRUE,TRUE,126.73737
7,-18,TRUE,TRUE,32.4557301
7,-6,TRUE,TRUE,16072.6724
7,-5,TRUE,TRUE,20686.7084
7,-4,TRUE,TRUE,27074.5712
7,-3,TRUE,TRUE,35975.1713
7,-2,TRUE,TRUE,38948.89
7,-1,TRUE,TRUE,67315.1746
7,0,TRUE,TRUE,57529.8519
7,1,TRUE,FALSE,822.920858
7,1,TRUE,TRUE,35149.5445
7,2,TRUE,TRUE,134888.718
7,3,TRUE,TRUE,510374.274
7,4,TRUE,TRUE,1646282.88
7,36,TRUE,TRUE,150145.028
7,37,TRUE,TRUE,698376.35
7,38,TRUE,TRUE,285924.089
7,39,TRUE,TRUE,291403.034
7,40,TRUE,TRUE,193489.965
7,41,TRUE,TRUE,269452.636
7,42,TRUE,TRUE,347221.372
7,43,TRUE,TRUE,2118133.05
7,53,TRUE,TRUE,1834650.47
7,54,TRUE,TRUE,1093029.03
7,55,TRUE,TRUE,433468.037
7,56,TRUE,TRUE,540354.552
7,57,TRUE,TRUE,358424.106
7,58,TRUE,TRUE,75583.2224
7,60,TRUE,TRUE,4136.95083
7,61,TRUE,TRUE,56610.9038
7,62,TRUE,TRUE,1016626.5
7,63,TRUE,TRUE,523712.61
7,64,TRUE,TRUE,87467.3797
7,65,TRUE,TRUE,89065.1809
7,66,TRUE,TRUE,52804.9542
7,67,TRUE,TRUE,13794.9402
7,68,TRUE,TRUE,965.233673
7,69,TRUE,TRUE,493.593524
7,70,TRUE,TRUE,264.766502
7,71,TRUE,TRUE,753.979872
7,72,TRUE,FALSE,26.3038929
7,72,TRUE,TRUE,1445.24263
7,73,TRUE,TRUE,417.959176
7,74,TRUE,TRUE,53.4693337
7,76,TRUE,TRUE,34.5239958
7,77,TRUE,TRUE,109.096278
8,-16,TRUE,FALSE,25.9372306
8,-16,TRUE,TRUE,31.3966526
8,-9,TRUE,TRUE,8986.85294
8,-8,TRUE,TRUE,24746.533
8,-7,TRUE,TRUE,15973.4682
8,-6,TRUE,TRUE,37920.8146
8,-5,TRUE,TRUE,35285.4513
8,-4,TRUE,TRUE,47326.685
8,-3,TRUE,TRUE,56343.8339
8,-2,TRUE,TRUE,194704.222
8,-1,TRUE,TRUE,397762.766
8,0,TRUE,TRUE,101047.131
8,1,TRUE,TRUE,115658.004
8,2,TRUE,TRUE,116494.735
8,3,TRUE,TRUE,740539.207
8,4,TRUE,TRUE,961423.204
8,36,TRUE,TRUE,4696.10349
8,37,TRUE,TRUE,655743.586
8,38,TRUE,TRUE,439938.574
8,39,TRUE,TRUE,377702.211
8,40,TRUE,TRUE,476076.756
8,41,TRUE,TRUE,1325868.21
8,42,TRUE,TRUE,538526.923
8,43,TRUE,TRUE,480805.656
8,44,TRUE,TRUE,2676768.94
8,53,TRUE,TRUE,1965048.13
8,54,TRUE,TRUE,1198552.5
8,55,TRUE,TRUE,762701.571
8,56,TRUE,TRUE,848197.819
8,57,TRUE,TRUE,942482.127
8,58,TRUE,TRUE,804820.119
8,62,TRUE,TRUE,16939.5511
8,63,TRUE,TRUE,1132813.99
8,64,TRUE,TRUE,56156.411
8,65,TRUE,TRUE,31981.0132
8,66,TRUE,TRUE,72114.8317
8,67,TRUE,TRUE,40822.6634
8,68,TRUE,TRUE,2251.01482
8,69,TRUE,TRUE,528.087842
8,70,TRUE,TRUE,449.496369
8,71,TRUE,TRUE,863.422001
8,72,TRUE,TRUE,1600.98999
8,73,TRUE,FALSE,5.03666325
8,73,TRUE,TRUE,324.484248
8,74,TRUE,TRUE,48.7450567
8,76,TRUE,TRUE,49.9829219
8,77,TRUE,TRUE,185.342701
8,78,TRUE,TRUE,318.207085
9,-11,TRUE,TRUE,8242.34578
9,-10,TRUE,TRUE,4777.77116
9,-9,TRUE,TRUE,5440.82095
9,-8,TRUE,TRUE,21578.1158
9,-7,TRUE,FALSE,11.2407235
9,-7,TRUE,TRUE,37172.0926
9,-6,TRUE,FALSE,20.6894635
9,-6,TRUE,TRUE,46145.7459
9,-5,TRUE,FALSE,26.1631462
9,-5,TRUE,TRUE,55241.632
9,-4,TRUE,TRUE,64043.3163
9,-3,TRUE,TRUE,112333.549
9,-2,TRUE,TRUE,21031.1575
9,-1,TRUE,TRUE,19307.8943
9,0,TRUE,TRUE,439050.767
9,1,TRUE,TRUE,361227.232
9,2,TRUE,TRUE,332867.127
9,3,TRUE,TRUE,1116943.63
9,4,TRUE,TRUE,361382.161
9,37,TRUE,TRUE,906920.033
9,38,TRUE,TRUE,417636.998
9,39,TRUE,TRUE,1050509.73
9,40,TRUE,TRUE,913935.537
9,41,TRUE,TRUE,1678848.22
9,42,TRUE,TRUE,1352990.77
9,43,TRUE,TRUE,1463661.64
9,44,TRUE,TRUE,2020088.45
9,53,TRUE,TRUE,886570.148
9,54,TRUE,TRUE,669694.628
9,55,TRUE,TRUE,1321411.24
9,56,FALSE,FALSE,61.4881016
9,57,TRUE,TRUE,1133687.55
9,58,TRUE,TRUE,594558.406
9,59,TRUE,TRUE,58363.1113
9,63,TRUE,TRUE,1160332.7
9,64,TRUE,TRUE,153583.708
9,65,TRUE,TRUE,41475.0503
9,66,TRUE,TRUE,22841.5595
9,67,TRUE,TRUE,40984.4644
9,68,TRUE,TRUE,21539.9826
9,69,TRUE,TRUE,1072.23431
9,70,TRUE,TRUE,514.903229
9,71,TRUE,TRUE,567.91701
9,72,TRUE,FALSE,16.0988788
9,72,TRUE,TRUE,693.077863
9,73,TRUE,TRUE,184.058865
9,74,TRUE,TRUE,7.29962699
9,76,TRUE,TRUE,453.958513
9,77,TRUE,TRUE,593.240331
9,78,TRUE,TRUE,1405.653
10,-15,TRUE,TRUE,5204.88401
10,-14,TRUE,TRUE,1819.06912
10,-12,TRUE,TRUE,25.9736962
10,-11,TRUE,TRUE,24714.7559
10,-10,TRUE,TRUE,21954.5571
10,-9,TRUE,TRUE,30572.6316
10,-8,TRUE,TRUE,40761.0898
10,-7,TRUE,TRUE,179134.735
10,-6,TRUE,TRUE,49786.5188
10,-5,TRUE,TRUE,98829.5682
10,-4,TRUE,TRUE,349032.205
10,-3,TRUE,TRUE,1902.52186
10,33,TRUE,TRUE,88487.515
10,34,TRUE,TRUE,546683.079
10,35,TRUE,TRUE,223170.959
10,36,TRUE,TRUE,551997.252
10,37,TRUE,TRUE,807155.454
10,38,TRUE,TRUE,306345.541
10,39,TRUE,TRUE,285891.665
10,40,TRUE,TRUE,291832.114
10,41,TRUE,TRUE,336674.691
10,42,TRUE,TRUE,1080474.54
10,43,TRUE,TRUE,1978845.63
10,44,TRUE,TRUE,46337.5343
10,53,TRUE,TRUE,339323.382
10,54,TRUE,TRUE,2386835.08
10,55,TRUE,TRUE,2090274.58
10,56,TRUE,TRUE,968591.163
10,57,TRUE,TRUE,1676289.82
10,58,TRUE,TRUE,633224.756
10,59,TRUE,TRUE,3165176.81
10,63,TRUE,TRUE,713447.462
10,64,TRUE,TRUE,596385.154
10,65,TRUE,TRUE,67309.6454
10,66,TRUE,TRUE,46547.0139
10,67,TRUE,TRUE,13403.7567
10,68,TRUE,TRUE,71246.7134
10,69,TRUE,TRUE,2354.29919
10,70,TRUE,TRUE,774.504911
10,71,TRUE,TRUE,391.691044
10,72,TRUE,TRUE,431.497185
10,73,TRUE,TRUE,290.480329
10,74,TRUE,TRUE,99.1804547
10,77,TRUE,TRUE,1724.06524
10,78,TRUE,TRUE,1686.84064
10,79,TRUE,TRUE,3142.99317
11,-19,TRUE,TRUE,11007.9871
11,-18,TRUE,TRUE,17687.3659
11,-17,TRUE,FALSE,101605.69
11,-17,TRUE,TRUE,108455.821
11,-16,TRUE,FALSE,35248.4567
11,-16,TRUE,TRUE,85581.1652
11,-15,TRUE,TRUE,16611.0036
11,-14,TRUE,TRUE,8520.9193
11,-12,TRUE,TRUE,3385.4328
11,-11,TRUE,TRUE,7347.6537
11,-10,TRUE,TRUE,8884.23552
11,-9,TRUE,FALSE,11.8902499
11,-9,TRUE,TRUE,33630.8583
11,-8,TRUE,TRUE,515782.74
11,-7,TRUE,TRUE,670459.081
11,-6,TRUE,TRUE,827405.967
11,-5,TRUE,TRUE,999862.474
11,-4,TRUE,TRUE,965.439579
11,33,TRUE,TRUE,145128.108
11,34,TRUE,TRUE,280146.232
11,35,TRUE,TRUE,235683.047
11,36,TRUE,TRUE,336214.307
11,37,TRUE,TRUE,829683.964
11,38,TRUE,TRUE,227651.564
11,39,TRUE,TRUE,203727.426
11,40,TRUE,TRUE,256136.34
11,41,TRUE,TRUE,496954.935
11,42,TRUE,TRUE,1067990.81
11,53,TRUE,TRUE,79098.7473
11,54,TRUE,TRUE,3215264.27
11,55,TRUE,TRUE,1606480.7
11,56,TRUE,TRUE,983437.417
11,57,TRUE,TRUE,1728999.2
11,58,TRUE,TRUE,1484459.61
11,59,TRUE,TRUE,35250.8838
11,63,TRUE,TRUE,122183.024
11,64,TRUE,TRUE,630023.725
11,65,TRUE,TRUE,555181.38
11,66,TRUE,TRUE,93999.7717
11,67,TRUE,TRUE,53720.5796
11,68,TRUE,TRUE,70775.6317
11,69,TRUE,TRUE,5447.3759
11,70,TRUE,TRUE,1195.37677
11,71,TRUE,TRUE,467.310348
11,72,TRUE,TRUE,275.55742
11,73,TRUE,TRUE,209.913562
11,74,TRUE,TRUE,54.220129
11,76,TRUE,TRUE,57.7209883
11,77,TRUE,TRUE,3763.93869
11,78,TRUE,FALSE,11.9348397
11,78,TRUE,TRUE,21119.5019
11,79,TRUE,FALSE,21.3249517
11,79,TRUE,TRUE,17047.1374
12,-23,TRUE,FALSE,10143.5308
12,-23,TRUE,TRUE,25618.1321
12,-22,TRUE,FALSE,7430.03839
12,-22,TRUE,TRUE,63884.0535
12,-21,TRUE,FALSE,10988.8347
12,-21,TRUE,TRUE,60202.4032
12,-20,TRUE,FALSE,12444.1769
12,-20,TRUE,TRUE,33797.0517
12,-19,TRUE,TRUE,119.626708
12,-16,TRUE,FALSE,4725.05888
12,-16,TRUE,TRUE,7701.00445
12,-15,TRUE,FALSE,11029.8452
12,-15,TRUE,TRUE,10871.4058
12,-14,TRUE,FALSE,20202.5034
12,-14,TRUE,TRUE,22069.1736
12,-13,TRUE,FALSE,6210.99018
12,-13,TRUE,TRUE,8891.33485
12,-12,TRUE,TRUE,4795.79328
12,-11,TRUE,TRUE,14649.7747
12,-10,TRUE,TRUE,81590.5007
12,-9,TRUE,TRUE,109791.442
12,-8,TRUE,TRUE,447558.31
12,-7,TRUE,TRUE,434592.409
12,-6,TRUE,TRUE,851817.203
12,32,TRUE,TRUE,194170.105
12,33,TRUE,TRUE,242144.529
12,34,TRUE,TRUE,146655.434
12,35,TRUE,TRUE,270039.133
12,36,TRUE,TRUE,573151.045
12,37,TRUE,TRUE,712719.281
12,38,TRUE,TRUE,661417.407
12,39,TRUE,TRUE,309224.648
12,40,TRUE,TRUE,463167.274
12,41,TRUE,TRUE,1016764.74
12,43,TRUE,TRUE,11089.4197
12,44,TRUE,TRUE,859467.788
12,45,TRUE,TRUE,1047595.45
12,54,TRUE,TRUE,3080416.83
12,55,TRUE,TRUE,2273985.86
12,56,TRUE,TRUE,1377610.07
12,57,TRUE,TRUE,218906.418
12,65,TRUE,TRUE,1176683.11
12,66,TRUE,TRUE,765794.149
12,67,TRUE,TRUE,237434.54
12,68,TRUE,TRUE,73823.5925
12,69,TRUE,TRUE,42510.033
12,70,TRUE,FALSE,13.6667751
12,70,TRUE,TRUE,1700.66762
12,71,TRUE,TRUE,813.843525
12,72,TRUE,TRUE,302.232532
12,73,TRUE,TRUE,261.91107
12,74,TRUE,TRUE,36.44362
12,76,TRUE,TRUE,207.173739
12,77,TRUE,TRUE,1934.43958
12,78,TRUE,FALSE,19.9730367
12,78,TRUE,TRUE,23162.5575
12,79,TRUE,FALSE,787.908122
12,79,TRUE,TRUE,7529.53403
13,-27,TRUE,TRUE,44852.1109
13,-26,TRUE,TRUE,74109.3327
13,-25,TRUE,FALSE,1786.09091
13,-25,TRUE,TRUE,93199.3362
13,-24,TRUE,FALSE,2252.84814
13,-24,TRUE,TRUE,86874.9397
13,-23,TRUE,FALSE,21801.1945
13,-23,TRUE,TRUE,78037.411
13,-22,TRUE,FALSE,1430.07779
13,-22,TRUE,TRUE,39226.4876
13,-21,TRUE,TRUE,993.788635
13,-13,TRUE,FALSE,51124.1195
13,-13,TRUE,TRUE,58953.7217
13,-12,TRUE,FALSE,75541.124
13,-12,TRUE,TRUE,110027.078
13,-11,TRUE,FALSE,51001.4543
13,-11,TRUE,TRUE,87139.1551
13,-10,TRUE,FALSE,8362.50146
13,-10,TRUE,TRUE,7546.2288
13,-9,TRUE,FALSE,39445.6358
13,-9,TRUE,TRUE,385507.765
13,-8,TRUE,FALSE,15.8991687
13,-8,TRUE,TRUE,1455.7364
13,32,TRUE,TRUE,108813.143
13,33,TRUE,TRUE,152495.329
13,34,TRUE,TRUE,125936.781
13,35,TRUE,TRUE,201252.487
13,36,TRUE,TRUE,746124.688
13,37,TRUE,TRUE,508603.845
13,38,TRUE,TRUE,1270446.04
13,39,TRUE,TRUE,422283.26
13,40,TRUE,TRUE,1006729.84
13,41,TRUE,TRUE,618919.986
13,42,TRUE,TRUE,17950.5788
13,43,TRUE,TRUE,893291.668
13,44,TRUE,TRUE,599160.341
13,45,TRUE,TRUE,1382728.21
13,53,TRUE,TRUE,6266.70754
13,54,TRUE,TRUE,1614204.11
13,55,TRUE,TRUE,1085186.89
13,66,TRUE,TRUE,1119240.31
13,67,TRUE,TRUE,396643.812
13,68,TRUE,TRUE,350753.83
13,69,TRUE,TRUE,83454.3516
13,70,TRUE,FALSE,16.8666902
13,70,TRUE,TRUE,3671.78046
13,71,TRUE,TRUE,769.264899
13,72,TRUE,TRUE,464.420928
13,73,TRUE,TRUE,612.393679
13,74,TRUE,TRUE,143.254779
13,76,TRUE,TRUE,1726.73492
13,77,TRUE,TRUE,4616.93868
13,78,TRUE,TRUE,7148.98705
13,79,TRUE,FALSE,134.861965
13,79,TRUE,TRUE,2959.66297
14,-30,TRUE,TRUE,20354.6022
14,-29,TRUE,TRUE,51657.3402
14,-28,TRUE,FALSE,23466.5978
14,-28,TRUE,TRUE,89654.3534
14,-27,TRUE,FALSE,19531.8567
14,-27,TRUE,TRUE,116354.979
14,-26,TRUE,TRUE,33160.1544
14,-25,TRUE,FALSE,109.344525
14,-25,TRUE,TRUE,8497.86781
14,-24,TRUE,FALSE,9911.53058
14,-24,TRUE,TRUE,20770.6392
14,-23,TRUE,FALSE,122981.594
14,-23,TRUE,TRUE,381359.81
14,-22,TRUE,TRUE,40.9031818
14,32,TRUE,TRUE,181616.879
14,33,TRUE,TRUE,83323.3118
14,34,TRUE,TRUE,88319.784
14,35,TRUE,TRUE,902479.636
14,36,TRUE,TRUE,1829884.56
14,37,TRUE,TRUE,40088.6227
14,38,TRUE,TRUE,1023234.38
14,39,TRUE,TRUE,409698.276
14,40,TRUE,TRUE,2529145.36
14,42,TRUE,TRUE,561016.629
14,43,TRUE,TRUE,460579.394
14,44,TRUE,TRUE,943848.431
14,45,TRUE,TRUE,771096.435
14,53,TRUE,TRUE,832540.265
14,54,TRUE,TRUE,663999.342
14,55,TRUE,TRUE,1591069.47
14,56,TRUE,TRUE,372514.59
14,67,TRUE,TRUE,653638.979
14,68,TRUE,TRUE,924290.985
14,69,TRUE,TRUE,92475.9842
14,70,TRUE,TRUE,3662.37307
14,71,TRUE,TRUE,1447.26111
14,72,TRUE,TRUE,2521.7024
14,73,TRUE,TRUE,2844.40524
14,74,TRUE,TRUE,468.102889
14,76,TRUE,TRUE,1478.87819
14,77,TRUE,TRUE,18558.353
14,78,TRUE,FALSE,12.7065471
14,78,TRUE,TRUE,11596.7343
14,79,TRUE,TRUE,205.649611
15,-33,TRUE,TRUE,127118.804
15,-32,TRUE,TRUE,191348.955
15,-31,TRUE,TRUE,145055.936
15,-30,TRUE,TRUE,133671.784
15,-29,TRUE,TRUE,85712.225
15,-28,TRUE,FALSE,1248.66303
15,-28,TRUE,TRUE,16486.9532
15,-27,TRUE,TRUE,24079.1541
15,31,TRUE,TRUE,7622.06676
15,32,TRUE,TRUE,400809.042
15,33,TRUE,TRUE,87656.3281
15,34,TRUE,TRUE,72431.4904
15,35,TRUE,TRUE,287866.078
15,36,TRUE,TRUE,833348.793
15,37,TRUE,TRUE,1225092.64
15,38,TRUE,TRUE,1667566.86
15,39,TRUE,TRUE,569708.108
15,40,TRUE,TRUE,12296.9003
15,41,TRUE,TRUE,39749.4192
15,42,TRUE,TRUE,942291.949
15,43,TRUE,TRUE,931446.309
15,44,TRUE,TRUE,586020.111
15,54,TRUE,TRUE,535359.493
15,55,TRUE,TRUE,982630.903
15,56,TRUE,TRUE,511315.288
15,67,TRUE,TRUE,201113.932
15,68,TRUE,TRUE,858029.419
15,69,TRUE,TRUE,175414.436
15,70,TRUE,TRUE,33304.1516
15,71,TRUE,TRUE,3569.22578
15,72,TRUE,TRUE,5244.12531
15,73,TRUE,TRUE,5542.45578
15,74,TRUE,TRUE,4346.77509
15,76,TRUE,TRUE,5013.90692
15,77,TRUE,TRUE,18360.8492
15,78,TRUE,TRUE,20773.6458
15,79,TRUE,TRUE,382.755722
16,-50,TRUE,TRUE,15.74777
16,-36,TRUE,TRUE,26634.0552
16,-35,TRUE,TRUE,183036.177
16,-34,TRUE,TRUE,196655.923
16,-33,TRUE,TRUE,257862.932
16,-32,TRUE,TRUE,203394.314
16,-31,TRUE,TRUE,75625.5728
16,-30,TRUE,TRUE,78085.7995
16,-29,TRUE,TRUE,31473.3809
16,31,TRUE,TRUE,12039.5833
16,32,TRUE,TRUE,48735.1012
16,33,TRUE,TRUE,53261.7084
16,34,TRUE,TRUE,70817.6306
16,35,TRUE,TRUE,315171.712
16,36,TRUE,TRUE,349125.11
16,37,TRUE,TRUE,389341.687
16,38,TRUE,TRUE,710771.26
16,39,TRUE,TRUE,22693.6288
16,40,TRUE,TRUE,8003.07295
16,41,TRUE,TRUE,1008906.09
16,42,TRUE,TRUE,792233.831
16,43,TRUE,TRUE,1169160.59
16,54,TRUE,TRUE,316550.572
16,55,TRUE,TRUE,446480.904
16,56,TRUE,TRUE,1068853.41
16,57,TRUE,TRUE,609312.81
16,58,TRUE,TRUE,306160.186
16,67,TRUE,TRUE,681.531485
16,68,TRUE,TRUE,1101111.91
16,69,TRUE,TRUE,238863.663
16,70,TRUE,TRUE,66383.8013
16,71,TRUE,TRUE,11781.142
16,72,TRUE,TRUE,5327.50126
16,73,TRUE,TRUE,4811.57567
16,74,TRUE,TRUE,18992.155
16,76,TRUE,FALSE,356.394948
16,76,TRUE,TRUE,10711.0714
16,77,TRUE,TRUE,1575.08175
16,78,TRUE,TRUE,6279.34981
16,79,TRUE,TRUE,36.3466716
17,-54,TRUE,TRUE,1095.93286
17,-39,TRUE,TRUE,62.6467064
17,-38,TRUE,TRUE,1280.66307
17,-37,TRUE,TRUE,5557.09814
17,-36,TRUE,TRUE,86577.0325
17,-35,TRUE,TRUE,338435.751
17,-34,TRUE,TRUE,472594.481
17,-33,TRUE,TRUE,153365.669
17,-32,TRUE,TRUE,9556.05806
17,-31,TRUE,TRUE,3435.19236
17,-30,TRUE,TRUE,661.108891
17,30,TRUE,TRUE,379.35037
17,31,TRUE,TRUE,6363.67534
17,32,TRUE,TRUE,31456.9185
17,33,TRUE,TRUE,70058.1698
17,34,TRUE,TRUE,106561.622
17,35,TRUE,TRUE,324738.915
17,36,TRUE,TRUE,309307.131
17,37,TRUE,TRUE,216195.225
17,38,TRUE,TRUE,310135.218
17,39,TRUE,TRUE,564236.98
17,40,TRUE,TRUE,1044035.49
17,41,TRUE,TRUE,579499.345
17,42,TRUE,TRUE,568208.883
17,43,TRUE,TRUE,152406.345
17,54,TRUE,TRUE,335437.353
17,55,TRUE,TRUE,262360.72
17,56,TRUE,TRUE,392675.063
17,57,TRUE,TRUE,974964.103
17,58,TRUE,TRUE,1112952.13
17,59,TRUE,TRUE,9544.54282
17,60,TRUE,TRUE,249150.007
17,61,TRUE,TRUE,202950.532
17,62,TRUE,TRUE,227199.419
17,68,TRUE,TRUE,529583.841
17,69,TRUE,TRUE,512018.496
17,70,TRUE,TRUE,86111.6968
17,71,TRUE,TRUE,8864.62575
17,72,TRUE,TRUE,4661.98719
17,73,TRUE,TRUE,8696.45823
17,74,TRUE,TRUE,9892.41525
17,75,TRUE,TRUE,774.621529
17,77,TRUE,TRUE,173.723715
17,79,TRUE,TRUE,782.909567
17,80,TRUE,TRUE,222.182746
18,-52,TRUE,TRUE,367.334901
18,-41,TRUE,TRUE,33.5953214
18,-40,TRUE,TRUE,292.79654
18,-39,TRUE,TRUE,188.092593
18,-38,TRUE,TRUE,1951.3896
18,-37,TRUE,TRUE,8927.82039
18,-36,TRUE,TRUE,192209.929
18,-35,TRUE,TRUE,605609.977
18,-34,TRUE,TRUE,1171208.15
18,-33,TRUE,TRUE,242191.269
18,-32,TRUE,TRUE,2704.5306
18,30,TRUE,TRUE,102195.351
18,31,TRUE,TRUE,25698.5594
18,32,TRUE,TRUE,33311.6286
18,33,TRUE,TRUE,54621.0205
18,34,TRUE,TRUE,144517.93
18,35,TRUE,TRUE,318484.172
18,36,TRUE,TRUE,339940.193
18,37,TRUE,TRUE,209478.369
18,38,TRUE,TRUE,95651.0946
18,39,TRUE,TRUE,416518.906
18,40,TRUE,TRUE,1143660.3
18,41,TRUE,TRUE,307409.414
18,42,TRUE,TRUE,1178012.46
18,54,TRUE,TRUE,1762581.47
18,55,TRUE,TRUE,302826.782
18,56,TRUE,TRUE,415948.029
18,57,TRUE,TRUE,1137629.82
18,58,TRUE,TRUE,830452.859
18,59,TRUE,TRUE,3204946.76
18,60,TRUE,TRUE,384987.183
18,61,TRUE,TRUE,72366.406
18,62,TRUE,TRUE,41412.7995
18,63,TRUE,TRUE,88905.7525
18,69,TRUE,TRUE,957413.086
18,70,TRUE,TRUE,115420.9
18,71,TRUE,TRUE,17383.4248
18,72,TRUE,TRUE,4997.55605
18,73,TRUE,TRUE,12569.1759
18,74,TRUE,TRUE,10100.637
18,75,TRUE,TRUE,980.754033
18,77,TRUE,TRUE,1998.63569
18,79,TRUE,FALSE,49.249333
18,79,TRUE,TRUE,5715.76834
18,80,TRUE,TRUE,127.32797
19,-41,TRUE,TRUE,245.659543
19,-40,TRUE,TRUE,502.779561
19,-39,TRUE,TRUE,1306.79425
19,-38,TRUE,TRUE,1669.41803
19,-37,TRUE,TRUE,26728.3013
19,-36,TRUE,TRUE,305170.458
19,-35,TRUE,TRUE,377287.142
19,30,TRUE,TRUE,57747.9327
19,31,TRUE,TRUE,17856.9987
19,32,TRUE,TRUE,202944.315
19,33,TRUE,TRUE,51168.9162
19,34,TRUE,TRUE,183195.74
19,35,TRUE,TRUE,309891.168
19,36,TRUE,TRUE,345866.359
19,37,TRUE,TRUE,188947.369
19,38,TRUE,TRUE,302956.839
19,39,TRUE,TRUE,938153.684
19,40,TRUE,TRUE,488099.241
19,41,TRUE,TRUE,663014.679
19,42,TRUE,TRUE,106048.953
19,54,TRUE,TRUE,689153.198
19,55,TRUE,TRUE,245959.711
19,56,TRUE,TRUE,255082.733
19,57,TRUE,TRUE,741931.499
19,58,TRUE,TRUE,497936.625
19,59,TRUE,TRUE,1599852.6
19,60,TRUE,TRUE,878071.452
19,61,TRUE,TRUE,147184.75
19,62,TRUE,TRUE,120195.54
19,63,TRUE,TRUE,83066.6036
19,69,TRUE,TRUE,736024.456
19,70,TRUE,TRUE,141122.348
19,71,TRUE,TRUE,43980.3389
19,72,TRUE,TRUE,6804.83594
19,73,TRUE,TRUE,13446.0128
19,74,TRUE,TRUE,8320.41263
19,78,TRUE,TRUE,2983.06349
19,79,TRUE,FALSE,108.61999900000001
19,79,TRUE,TRUE,3362.10182
20,-40,TRUE,TRUE,194.404766
20,-39,TRUE,FALSE,20.3283909
20,-39,TRUE,TRUE,2027.59462
20,-38,TRUE,TRUE,1131.77097
20,-37,TRUE,TRUE,52146.6945
20,-36,TRUE,TRUE,265761.789
20,-35,TRUE,TRUE,262621.899
20,30,TRUE,TRUE,10761.737
20,31,TRUE,TRUE,156.27954
20,32,TRUE,TRUE,139441.624
20,33,TRUE,TRUE,73657.17
20,34,TRUE,TRUE,246033.959
20,35,TRUE,TRUE,231999.171
20,36,TRUE,TRUE,362240.15
20,37,TRUE,TRUE,637173.898
20,38,TRUE,TRUE,1075253.16
20,39,TRUE,TRUE,781558.946
20,54,TRUE,TRUE,634744.511
20,55,TRUE,TRUE,642253.068
20,56,TRUE,TRUE,548497.934
20,57,TRUE,TRUE,353358.518
20,58,TRUE,TRUE,374821.739
20,59,TRUE,TRUE,364579.99
20,60,TRUE,TRUE,468885.829
20,61,TRUE,TRUE,72687.3038
20,62,TRUE,TRUE,123310.221
20,63,TRUE,TRUE,294738.067
20,64,TRUE,TRUE,75.6714849
20,69,TRUE,TRUE,550345.716
20,70,TRUE,TRUE,230644.686
20,71,TRUE,TRUE,54588.9401
20,72,TRUE,TRUE,20264.1396
20,73,TRUE,TRUE,9598.02407
20,74,TRUE,TRUE,8954.15377
20,78,TRUE,TRUE,1908.33835
20,79,TRUE,TRUE,1119.42808
21,-40,TRUE,TRUE,50.4126731
21,-39,TRUE,TRUE,1361.89972
21,-38,TRUE,TRUE,6988.89137
21,-37,TRUE,TRUE,33311.236
21,-36,TRUE,TRUE,231649.975
21,-35,TRUE,TRUE,297309.307
21,32,TRUE,TRUE,566.017122
21,33,TRUE,TRUE,130244.564
21,34,TRUE,TRUE,278062.282
21,35,TRUE,TRUE,210153.242
21,36,TRUE,TRUE,673664.796
21,37,TRUE,TRUE,726780.417
21,38,TRUE,TRUE,1025014.5
21,39,TRUE,TRUE,16.8589152
21,54,TRUE,TRUE,10065.6783
21,55,TRUE,TRUE,838368.558
21,56,TRUE,TRUE,10604.3871
21,57,TRUE,TRUE,958493.805
21,58,TRUE,TRUE,414654.286
21,59,TRUE,TRUE,852298.169
21,60,TRUE,TRUE,825235.444
21,61,TRUE,TRUE,373683.126
21,62,TRUE,TRUE,81492.1329
21,63,TRUE,TRUE,135934.901
21,64,TRUE,TRUE,92687.4945
21,65,TRUE,TRUE,78148.3358
21,69,TRUE,TRUE,32798.7934
21,70,TRUE,TRUE,397947.072
21,71,TRUE,TRUE,83132.098
21,72,TRUE,TRUE,4196.71538
21,73,TRUE,TRUE,5191.92301
21,74,TRUE,TRUE,7290.1773
21,75,TRUE,TRUE,1026.43486
21,79,TRUE,TRUE,21.675277
22,-39,TRUE,TRUE,904.591216
22,-38,TRUE,TRUE,3151.41962
22,-37,TRUE,TRUE,11120.5827
22,-36,TRUE,TRUE,254608.27
22,-35,TRUE,TRUE,433579.246
22,32,TRUE,TRUE,10033.9751
22,33,TRUE,TRUE,151213.483
22,34,TRUE,TRUE,295260.352
22,35,TRUE,TRUE,287278.061
22,36,TRUE,TRUE,1207898.03
22,37,TRUE,TRUE,425279.883
22,38,TRUE,TRUE,449539.201
22,39,TRUE,TRUE,194756.148
22,40,TRUE,TRUE,575956.138
22,57,TRUE,TRUE,492195.278
22,58,TRUE,TRUE,195365.157
22,59,TRUE,TRUE,935770.526
22,60,TRUE,TRUE,487605.479
22,63,TRUE,TRUE,104185.677
22,64,TRUE,TRUE,65012.0168
22,65,TRUE,TRUE,153492.691
22,70,TRUE,TRUE,428187.216
22,71,TRUE,TRUE,123320.179
22,72,TRUE,TRUE,5871.18862
22,73,TRUE,TRUE,3453.12784
22,74,TRUE,TRUE,7006.27579
22,75,TRUE,TRUE,143.297194
23,-38,TRUE,TRUE,902.661671
23,-37,TRUE,TRUE,18727.4201
23,-36,TRUE,TRUE,131721.835
23,-35,TRUE,TRUE,521227.663
23,32,TRUE,TRUE,35876.1556
23,33,TRUE,TRUE,187258.638
23,34,TRUE,TRUE,338123.84
23,35,TRUE,TRUE,655061.818
23,36,TRUE,TRUE,1018415.45
23,37,TRUE,TRUE,2617136.41
23,38,TRUE,TRUE,1261981.18
23,39,TRUE,TRUE,632081.564
23,40,TRUE,TRUE,194989.938
23,56,TRUE,TRUE,3.14134371
23,57,TRUE,TRUE,481361.346
23,58,TRUE,TRUE,271646.183
23,59,TRUE,TRUE,754077.176
23,63,TRUE,TRUE,74114.8026
23,64,TRUE,TRUE,136689.013
23,65,TRUE,TRUE,58076.8114
23,69,TRUE,TRUE,20700.1217
23,70,TRUE,TRUE,654040.601
23,71,TRUE,TRUE,94075.8074
23,72,TRUE,TRUE,5316.32986
23,73,TRUE,TRUE,2816.50616
23,74,TRUE,TRUE,4081.80105
24,-38,TRUE,TRUE,39.5981846
24,-37,TRUE,TRUE,5302.45064
24,-36,TRUE,TRUE,82038.6223
24,-35,TRUE,TRUE,585909.596
24,31,TRUE,TRUE,85.7603924
24,32,TRUE,TRUE,123946.112
24,33,TRUE,TRUE,265622.468
24,34,TRUE,TRUE,350998.112
24,35,TRUE,TRUE,832900.241
24,36,TRUE,TRUE,787087.891
24,37,TRUE,TRUE,1580243.34
24,38,TRUE,TRUE,951351.398
24,39,TRUE,TRUE,376906.664
24,40,TRUE,TRUE,586716.053
24,57,TRUE,TRUE,531561.598
24,58,TRUE,TRUE,236129.058
24,59,TRUE,TRUE,1168223.17
24,60,TRUE,TRUE,889241.475
24,64,TRUE,TRUE,67343.9956
24,65,TRUE,TRUE,153029.625
24,70,TRUE,TRUE,306107.101
24,71,TRUE,TRUE,96263.4432
24,72,TRUE,TRUE,9161.99749
24,73,TRUE,TRUE,1687.3566
24,74,TRUE,TRUE,2654.90847
25,-38,TRUE,TRUE,354.48424
25,-37,TRUE,TRUE,9100.95085
25,-36,TRUE,TRUE,77852.5301
25,-35,TRUE,TRUE,690800.527
25,-34,TRUE,TRUE,501701.808
25,31,TRUE,TRUE,6913.87233
25,32,TRUE,TRUE,110310.36
25,33,TRUE,TRUE,248345.335
25,34,TRUE,TRUE,305095.364
25,35,TRUE,TRUE,847768.512
25,36,TRUE,TRUE,960139.192
25,37,TRUE,TRUE,1214663.08
25,38,TRUE,TRUE,1042375.52
25,39,TRUE,TRUE,2055834.72
25,40,TRUE,TRUE,474622.072
25,59,TRUE,TRUE,960687.741
25,60,TRUE,TRUE,388856.69
25,64,TRUE,TRUE,17396.3768
25,65,TRUE,TRUE,120976.751
25,70,TRUE,TRUE,388585.59
25,71,TRUE,TRUE,109826.762
25,72,TRUE,TRUE,8609.89662
25,73,TRUE,TRUE,1739.65694
25,74,TRUE,TRUE,2342.37751
25,75,TRUE,TRUE,597.346639
26,-38,TRUE,TRUE,492.578569
26,-37,TRUE,TRUE,3403.0331
26,-36,TRUE,TRUE,54360.5955
26,-35,TRUE,TRUE,484525.7
26,-34,TRUE,TRUE,172806.268
26,31,TRUE,TRUE,26212.677
26,32,TRUE,TRUE,146855.293
26,33,TRUE,TRUE,287851.443
26,34,TRUE,TRUE,243294.259
26,35,TRUE,TRUE,578572.185
26,36,TRUE,TRUE,628247.664
26,37,TRUE,TRUE,982327.071
26,38,TRUE,TRUE,2019933.7
26,39,TRUE,TRUE,1518235.62
26,40,TRUE,TRUE,2116805.59
26,59,TRUE,TRUE,555603.009
26,60,TRUE,TRUE,625199.265
26,70,TRUE,TRUE,68633.905
26,71,TRUE,TRUE,96135.9079
26,72,TRUE,TRUE,10914.1112
26,73,TRUE,TRUE,1315.91827
26,74,TRUE,TRUE,2343.5558
26,75,TRUE,TRUE,196.034046
27,-37,TRUE,TRUE,6113.17336
27,-36,TRUE,TRUE,47997.104
27,-35,TRUE,TRUE,279711.437
27,-34,TRUE,TRUE,353963.901
27,-33,TRUE,TRUE,2197.71298
27,31,TRUE,TRUE,77404.9616
27,32,TRUE,TRUE,210492.148
27,33,TRUE,TRUE,282384.682
27,34,TRUE,TRUE,246264.955
27,35,TRUE,TRUE,778872.482
27,36,TRUE,TRUE,1264151.14
27,37,TRUE,TRUE,1962036.42
27,38,TRUE,TRUE,493724.843
27,40,TRUE,TRUE,2543217.5
27,41,TRUE,TRUE,5142.30659
27,42,TRUE,TRUE,707921.117
27,43,TRUE,TRUE,206761.069
27,59,TRUE,TRUE,312273.199
27,60,TRUE,TRUE,523919.923
27,70,TRUE,TRUE,142159.859
27,71,TRUE,TRUE,102410.267
27,72,TRUE,TRUE,8561.49997
27,73,TRUE,TRUE,1414.90954
27,74,TRUE,TRUE,1424.15203
27,75,TRUE,TRUE,629.084339
28,-37,TRUE,TRUE,466.616461
28,-36,TRUE,TRUE,16006.9458
28,-35,TRUE,TRUE,184449.363
28,-34,TRUE,TRUE,382156.326
28,-33,TRUE,TRUE,120407.723
28,30,TRUE,TRUE,49149.6089
28,31,TRUE,TRUE,143053.179
28,32,TRUE,TRUE,274563.383
28,33,TRUE,TRUE,257866.759
28,34,TRUE,TRUE,268267.102
28,35,TRUE,TRUE,390852.467
28,36,TRUE,TRUE,1658930.73
28,37,TRUE,TRUE,6631.93139
28,40,TRUE,TRUE,2770515.26
28,41,TRUE,TRUE,1113415.36
28,42,TRUE,TRUE,162140.317
28,43,TRUE,TRUE,753605.013
28,44,TRUE,TRUE,755210.625
28,45,FALSE,FALSE,64510.4398
28,59,TRUE,TRUE,726193.786
28,60,TRUE,TRUE,654560.703
28,70,TRUE,TRUE,76135.3287
28,71,TRUE,TRUE,98936.5327
28,72,TRUE,TRUE,7869.29006
28,73,TRUE,TRUE,3847.38758
28,74,TRUE,TRUE,1814.38798
28,75,TRUE,TRUE,521.249628
29,-36,TRUE,TRUE,12155.8603
29,-35,TRUE,TRUE,124627.052
29,-34,TRUE,TRUE,342946.375
29,-33,TRUE,TRUE,229967.747
29,-32,TRUE,TRUE,95051.4313
29,30,TRUE,TRUE,3641.93738
29,31,TRUE,TRUE,578905.291
29,32,TRUE,TRUE,300716.447
29,33,TRUE,TRUE,226507.153
29,34,TRUE,TRUE,253703.829
29,35,TRUE,TRUE,314507.487
29,36,TRUE,TRUE,682239.269
29,40,TRUE,TRUE,2975883.73
29,41,TRUE,TRUE,1118678.25
29,42,TRUE,TRUE,205751.597
29,43,TRUE,TRUE,149087.612
29,44,TRUE,TRUE,244447.061
29,45,TRUE,TRUE,450007.627
29,59,TRUE,TRUE,195321.029
29,60,TRUE,TRUE,325659.576
29,69,TRUE,TRUE,9424.42658
29,70,TRUE,TRUE,159987.846
29,71,TRUE,TRUE,50566.0065
29,72,TRUE,TRUE,5240.54569
29,73,TRUE,TRUE,4418.14905
29,74,TRUE,TRUE,2034.80107
29,75,TRUE,TRUE,613.821469
30,-36,TRUE,TRUE,2677.25384
30,-35,TRUE,TRUE,76187.7225
30,-34,TRUE,TRUE,288161.012
30,-33,TRUE,TRUE,266413.399
30,-32,TRUE,TRUE,172171.259
30,-31,TRUE,TRUE,135130.437
30,-30,TRUE,TRUE,163.341722
30,31,TRUE,TRUE,395737.862
30,32,TRUE,TRUE,445197.615
30,33,TRUE,TRUE,220722.558
30,34,TRUE,TRUE,227220.02
30,35,TRUE,TRUE,303864.76
30,36,TRUE,TRUE,1068604.86
30,41,TRUE,TRUE,287568.519
30,42,TRUE,TRUE,183760.244
30,43,TRUE,TRUE,152068.244
30,44,TRUE,TRUE,218320.451
30,45,TRUE,TRUE,187206.478
30,46,TRUE,TRUE,824610.472
30,59,TRUE,TRUE,186196.416
30,69,TRUE,TRUE,97982.9808
30,70,TRUE,TRUE,111004.286
30,71,TRUE,TRUE,44394.8941
30,72,TRUE,TRUE,4470.2207
30,73,TRUE,TRUE,5043.532
30,74,TRUE,TRUE,2912.68456
30,75,TRUE,TRUE,993.758952
31,-36,TRUE,TRUE,36.9440472
31,-35,TRUE,TRUE,38525.8039
31,-34,TRUE,TRUE,193688.506
31,-33,TRUE,TRUE,335211.266
31,-32,TRUE,TRUE,95220.3396
31,-31,TRUE,TRUE,195101.766
31,-30,TRUE,TRUE,995906.355
31,-29,TRUE,TRUE,82.9195092
31,31,TRUE,TRUE,1284999.43
31,32,TRUE,TRUE,305552.649
31,33,TRUE,TRUE,222046.736
31,34,TRUE,TRUE,288172.899
31,35,TRUE,TRUE,285849.685
31,36,TRUE,TRUE,240450.628
31,41,TRUE,TRUE,756471.073
31,42,TRUE,TRUE,274402.356
31,43,TRUE,TRUE,89761.1936
31,44,TRUE,TRUE,46483.9635
31,45,TRUE,TRUE,69294.9979
31,46,TRUE,TRUE,916836.887
31,69,TRUE,TRUE,17191.4048
31,70,TRUE,TRUE,181604.85
31,71,TRUE,TRUE,12876.4286
31,72,TRUE,TRUE,2375.3465
31,73,TRUE,TRUE,5138.28534
31,74,TRUE,TRUE,1800.75767
31,75,TRUE,TRUE,441.08339
32,-35,TRUE,TRUE,10093.2016
32,-34,TRUE,TRUE,144199.019
32,-33,TRUE,TRUE,341240.87
32,-32,TRUE,TRUE,182774.645
32,-31,TRUE,TRUE,57935.6576
32,-30,TRUE,TRUE,208650.905
32,-29,TRUE,TRUE,373942.183
32,-28,TRUE,TRUE,11785.5129
32,-27,TRUE,TRUE,5091.35562
32,-26,TRUE,TRUE,642567.705
32,28,TRUE,TRUE,464034.632
32,29,TRUE,TRUE,1917888.46
32,30,TRUE,TRUE,170959.557
32,31,TRUE,TRUE,2261214.99
32,32,TRUE,TRUE,243830.12
32,33,TRUE,TRUE,269193.754
32,34,TRUE,TRUE,527699.915
32,35,TRUE,TRUE,466037.605
32,36,TRUE,TRUE,140952.566
32,41,TRUE,TRUE,291986.756
32,42,TRUE,TRUE,286690.326
32,43,TRUE,TRUE,101601.081
32,44,TRUE,TRUE,66232.0206
32,45,TRUE,TRUE,85270.1282
32,46,TRUE,TRUE,149829.443
32,66,TRUE,TRUE,1772.61119
32,67,TRUE,TRUE,3849.24144
32,69,TRUE,TRUE,86912.0985
32,70,TRUE,TRUE,87175.7839
32,71,TRUE,TRUE,8353.86879
32,72,TRUE,TRUE,1628.11228
32,73,TRUE,TRUE,4258.22071
32,74,TRUE,TRUE,1286.77746
32,75,TRUE,TRUE,863.759134
33,-57,TRUE,FALSE,6031.09967
33,-57,TRUE,TRUE,54.0031732
33,-35,TRUE,TRUE,2451.63497
33,-34,TRUE,TRUE,38155.6486
33,-33,TRUE,TRUE,223665.186
33,-32,TRUE,TRUE,250071.305
33,-31,TRUE,TRUE,35573.3865
33,-30,TRUE,TRUE,114449.759
33,-29,TRUE,TRUE,187385.145
33,-28,TRUE,TRUE,90917.8493
33,-27,TRUE,TRUE,52993.4618
33,-26,TRUE,TRUE,115139.883
33,26,TRUE,TRUE,4495.40012
33,27,TRUE,TRUE,802739.365
33,28,TRUE,TRUE,1344005.4
33,29,TRUE,TRUE,8722.48156
33,31,TRUE,TRUE,145216.17
33,32,TRUE,TRUE,221028.047
33,33,TRUE,TRUE,270971.985
33,34,TRUE,TRUE,1093867.27
33,35,TRUE,TRUE,737528.268
33,36,TRUE,TRUE,471371.825
33,41,TRUE,TRUE,18907.9578
33,42,TRUE,TRUE,247840.97
33,43,TRUE,TRUE,184624.103
33,44,TRUE,TRUE,862301.139
33,45,TRUE,TRUE,23578.0709
33,46,TRUE,TRUE,6240.57931
33,66,TRUE,TRUE,1907.03666
33,68,TRUE,TRUE,87051.0935
33,69,TRUE,TRUE,368235.553
33,70,TRUE,TRUE,71321.3039
33,71,TRUE,TRUE,11510.0306
33,72,TRUE,TRUE,1677.06729
33,73,TRUE,TRUE,5297.96716
33,74,TRUE,TRUE,2526.75017
34,-57,TRUE,FALSE,7049.32981
34,-57,TRUE,TRUE,53.0292935
34,-56,TRUE,TRUE,314.686642
34,-33,TRUE,TRUE,18014.3121
34,-32,TRUE,TRUE,401129.335
34,-31,TRUE,TRUE,77696.2767
34,-30,TRUE,TRUE,41731.1219
34,-29,TRUE,TRUE,87853.5791
34,-28,TRUE,TRUE,105824.889
34,-27,TRUE,TRUE,114773.894
34,-26,TRUE,TRUE,128432.143
34,-25,TRUE,TRUE,4366.14714
34,-21,TRUE,TRUE,1729.06925
34,-20,TRUE,TRUE,252281.751
34,24,TRUE,TRUE,165.569604
34,25,TRUE,TRUE,51795.5613
34,26,TRUE,TRUE,450692.296
34,27,TRUE,TRUE,572004.043
34,28,TRUE,TRUE,235481.571
34,29,TRUE,TRUE,822830.355
34,31,TRUE,TRUE,1245730.31
34,32,TRUE,TRUE,1109601.84
34,33,TRUE,TRUE,406127.602
34,34,TRUE,TRUE,446736.199
34,35,TRUE,TRUE,374511.68
34,36,TRUE,TRUE,1136274.25
34,41,TRUE,TRUE,6891.37143
34,42,TRUE,TRUE,194650.318
34,43,TRUE,TRUE,260973.624
34,44,TRUE,TRUE,278665.559
34,45,TRUE,TRUE,1416.31349
34,46,TRUE,TRUE,1515.81512
34,64,TRUE,TRUE,11956.7647
34,65,TRUE,TRUE,2893.79924
34,66,TRUE,TRUE,13076.5935
34,69,TRUE,TRUE,162454.602
34,70,TRUE,TRUE,26960.3238
34,71,TRUE,TRUE,11659.4243
34,72,TRUE,TRUE,1443.66122
34,73,TRUE,TRUE,4823.446
34,74,TRUE,TRUE,5680.48306
35,-31,TRUE,TRUE,58261.5322
35,-30,TRUE,TRUE,26752.0935
35,-29,TRUE,TRUE,74672.692
35,-28,TRUE,TRUE,11764.4754
35,-27,TRUE,TRUE,76455.3919
35,-26,TRUE,TRUE,141393.56
35,-25,TRUE,TRUE,75416.2965
35,-24,TRUE,TRUE,48431.9855
35,-23,TRUE,TRUE,34597.2231
35,-22,TRUE,TRUE,47295.1832
35,-21,TRUE,TRUE,60355.6284
35,-20,TRUE,TRUE,290958.397
35,-19,TRUE,TRUE,15.2626095
35,22,TRUE,FALSE,621.79682
35,22,TRUE,TRUE,953.963967
35,23,TRUE,FALSE,5195.48925
35,23,TRUE,TRUE,12440.8676
35,24,TRUE,TRUE,178300.511
35,25,TRUE,TRUE,556295.691
35,26,TRUE,TRUE,346130.761
35,27,TRUE,TRUE,226587.338
35,28,TRUE,TRUE,1002.71869
35,32,TRUE,TRUE,780186.97
35,33,TRUE,TRUE,829029.329
35,34,TRUE,TRUE,762014.578
35,35,TRUE,TRUE,811226.142
35,36,TRUE,TRUE,867545.387
35,41,TRUE,TRUE,236343.869
35,42,TRUE,TRUE,204852.865
35,43,TRUE,TRUE,245621.36
35,44,TRUE,TRUE,142009.211
35,45,TRUE,TRUE,36071.365
35,46,TRUE,TRUE,5948.54073
35,64,TRUE,TRUE,6896.46233
35,65,TRUE,TRUE,13502.5923
35,66,TRUE,TRUE,3266.75482
35,69,TRUE,TRUE,94271.4076
35,70,TRUE,TRUE,8995.45678
35,71,TRUE,TRUE,9066.96054
35,72,TRUE,TRUE,1459.20794
35,73,TRUE,TRUE,4345.94958
35,74,TRUE,TRUE,4938.54258
36,-31,TRUE,TRUE,16309.0715
36,-30,TRUE,TRUE,2375.14985
36,-28,TRUE,TRUE,25.2657581
36,-27,TRUE,TRUE,8945.7473
36,-26,TRUE,TRUE,47337.7577
36,-25,TRUE,TRUE,116746.411
36,-24,TRUE,TRUE,68392.8793
36,-23,TRUE,TRUE,21719.5236
36,-22,TRUE,TRUE,1902.99693
36,-21,TRUE,TRUE,10914.7066
36,-20,TRUE,TRUE,38500.1997
36,-19,TRUE,TRUE,110010.116
36,21,TRUE,TRUE,98.9446558
36,22,TRUE,FALSE,11436.9381
36,22,TRUE,TRUE,30522.6052
36,23,TRUE,FALSE,113030.244
36,23,TRUE,TRUE,260521.93
36,24,TRUE,TRUE,583829.954
36,25,TRUE,TRUE,171591.129
36,26,TRUE,TRUE,10101.1768
36,36,TRUE,TRUE,1092106.94
36,41,TRUE,TRUE,498504.862
36,42,TRUE,TRUE,165875.645
36,43,TRUE,TRUE,227513.678
36,44,TRUE,TRUE,1428183.86
36,45,TRUE,TRUE,1997899.21
36,46,TRUE,TRUE,70615.3439
36,63,TRUE,TRUE,1455.3897
36,64,TRUE,TRUE,3789.73893
36,65,TRUE,TRUE,4291.68124
36,66,TRUE,TRUE,1061.04657
36,68,TRUE,TRUE,117.500339
36,69,TRUE,TRUE,50511.0539
36,70,TRUE,TRUE,7417.28988
36,71,TRUE,TRUE,5500.54031
36,72,TRUE,TRUE,1176.86281
36,73,TRUE,TRUE,2277.46577
36,74,TRUE,TRUE,1707.57617
37,-29,TRUE,TRUE,1515.88079
37,-26,TRUE,TRUE,24.9504229
37,-25,TRUE,TRUE,7042.47812
37,-24,TRUE,TRUE,86053.0516
37,-23,TRUE,TRUE,77754.6433
37,-22,TRUE,TRUE,58945.9514
37,-21,TRUE,TRUE,6374.58646
37,-20,TRUE,TRUE,4111.85287
37,-19,TRUE,TRUE,76642.5062
37,-18,TRUE,TRUE,28422.294
37,18,TRUE,FALSE,10.9116565
37,18,TRUE,TRUE,3574.49485
37,19,TRUE,FALSE,28499.4881
37,19,TRUE,TRUE,737515.286
37,20,TRUE,FALSE,47.4868355
37,20,TRUE,TRUE,53262.329
37,21,TRUE,FALSE,43283.2763
37,21,TRUE,TRUE,126751.422
37,22,TRUE,TRUE,382079.605
37,23,TRUE,TRUE,417691.816
37,24,TRUE,TRUE,145743.45
37,25,TRUE,TRUE,35414.0121
37,40,TRUE,TRUE,2412.20456
37,41,TRUE,TRUE,142516.908
37,42,TRUE,TRUE,121858.983
37,43,TRUE,TRUE,158428.211
37,44,TRUE,TRUE,2489617
37,45,TRUE,TRUE,300846.327
37,46,TRUE,TRUE,217874.564
37,47,TRUE,TRUE,19224.8814
37,63,TRUE,TRUE,2186.46627
37,64,TRUE,TRUE,2278.22618
37,65,TRUE,TRUE,4379.02019
37,66,TRUE,TRUE,683.894277
37,68,TRUE,TRUE,475.452674
37,69,TRUE,TRUE,3587.49353
37,70,TRUE,TRUE,6046.23651
37,71,TRUE,TRUE,1394.65992
37,72,TRUE,TRUE,913.491912
37,73,TRUE,TRUE,2541.1887
37,74,TRUE,TRUE,1224.19764
38,-26,TRUE,TRUE,1245.33476
38,-24,TRUE,TRUE,10.9473327
38,-23,TRUE,TRUE,4501.5324
38,-22,TRUE,TRUE,59903.2703
38,-21,TRUE,TRUE,52567.7514
38,-20,TRUE,TRUE,23944.5941
38,-19,TRUE,TRUE,17762.6337
38,-18,TRUE,TRUE,63702.1391
38,-7,TRUE,TRUE,6028.16276
38,-6,TRUE,TRUE,858.605139
38,17,TRUE,TRUE,187.972857
38,18,TRUE,TRUE,31288.9898
38,19,TRUE,TRUE,468299.31
38,20,TRUE,TRUE,777761.669
38,21,TRUE,FALSE,86382.2161
38,21,TRUE,TRUE,689963.383
38,22,TRUE,FALSE,24957.0053
38,22,TRUE,TRUE,404277.162
38,23,TRUE,FALSE,45842.1935
38,23,TRUE,TRUE,415786.886
38,24,TRUE,TRUE,15457.776
38,40,TRUE,TRUE,40846.161
38,41,TRUE,TRUE,102558.451
38,42,TRUE,TRUE,118884.124
38,43,TRUE,TRUE,181664.056
38,44,TRUE,TRUE,497587.427
38,45,TRUE,TRUE,2785.74629
38,46,TRUE,TRUE,339168.427
38,47,TRUE,TRUE,359182.765
38,63,TRUE,TRUE,462.654823
38,64,TRUE,TRUE,1125.06164
38,65,TRUE,TRUE,4328.16294
38,66,TRUE,TRUE,165.626873
38,68,TRUE,FALSE,77.7420675
38,68,TRUE,TRUE,1246.27587
38,69,TRUE,TRUE,771.594463
38,70,TRUE,TRUE,440.063578
38,71,TRUE,TRUE,336.339577
38,72,TRUE,TRUE,503.128128
38,73,TRUE,TRUE,1826.83922
38,74,TRUE,TRUE,408.128138
39,-24,TRUE,TRUE,867.104693
39,-23,TRUE,TRUE,620.876653
39,-22,TRUE,TRUE,896.843728
39,-21,TRUE,TRUE,8864.27445
39,-20,TRUE,TRUE,31979.0985
39,-19,TRUE,TRUE,33269.942
39,-18,TRUE,TRUE,67378.7673
39,-17,TRUE,TRUE,138265.271
39,-11,TRUE,TRUE,17.2612645
39,-10,TRUE,TRUE,3870.21479
39,-9,TRUE,TRUE,11399.191
39,-8,TRUE,TRUE,44736.6173
39,-7,TRUE,TRUE,656218.779
39,-6,TRUE,TRUE,198161.974
39,-5,TRUE,TRUE,394224.875
39,-4,TRUE,TRUE,5766.25265
39,15,TRUE,TRUE,244294.376
39,16,TRUE,TRUE,21312.226
39,17,TRUE,TRUE,324006.846
39,18,TRUE,TRUE,640717.959
39,19,TRUE,TRUE,557649.721
39,20,TRUE,TRUE,259579.653
39,21,TRUE,FALSE,26.2091981
39,21,TRUE,TRUE,1069709.15
39,22,TRUE,TRUE,55427.2092
39,40,TRUE,TRUE,5741.0631
39,41,TRUE,TRUE,244218.5
39,42,TRUE,TRUE,91374.6775
39,43,TRUE,TRUE,1166301.19
39,44,TRUE,TRUE,409626.845
39,47,TRUE,TRUE,159777.016
39,64,TRUE,FALSE,1908.37354
39,64,TRUE,TRUE,16301.1162
39,65,TRUE,FALSE,5210.44225
39,65,TRUE,TRUE,15944.804
39,66,TRUE,TRUE,281.86904
39,68,TRUE,FALSE,3942.55835
39,68,TRUE,TRUE,4397.5629
39,69,TRUE,TRUE,949.194677
39,71,TRUE,TRUE,59.6206142
39,72,TRUE,TRUE,112.26603
39,73,TRUE,TRUE,2084.96409
39,74,TRUE,TRUE,665.020557
40,-24,TRUE,TRUE,934.588971
40,-23,TRUE,TRUE,174.403708
40,-22,TRUE,TRUE,1907.5783
40,-21,TRUE,TRUE,3145.24865
40,-20,TRUE,TRUE,7131.64598
40,-19,TRUE,TRUE,11399.7992
40,-18,TRUE,TRUE,68722.6305
40,-17,TRUE,TRUE,114062.738
40,-16,TRUE,TRUE,46007.4388
40,-15,TRUE,TRUE,229409.988
40,-14,TRUE,TRUE,7254.65226
40,-13,TRUE,TRUE,52363.0069
40,-12,TRUE,TRUE,18831.1377
40,-11,TRUE,TRUE,75912.9416
40,-10,TRUE,TRUE,19852.8626
40,-9,TRUE,TRUE,13476.101
40,-8,TRUE,TRUE,9801.09227
40,-7,TRUE,TRUE,10977.8752
40,-6,TRUE,TRUE,18724.7875
40,-5,TRUE,TRUE,52633.8196
40,-4,TRUE,TRUE,107252.983
40,-3,TRUE,TRUE,32373.6853
40,14,TRUE,TRUE,1652.39913
40,15,TRUE,TRUE,29363.5869
40,16,TRUE,TRUE,410592.283
40,17,TRUE,TRUE,408305.596
40,18,TRUE,TRUE,201751.003
40,19,TRUE,TRUE,17381.4649
40,20,TRUE,TRUE,2260.73039
40,40,TRUE,TRUE,63061.1556
40,41,TRUE,TRUE,154730.211
40,42,TRUE,TRUE,103310.51
40,43,TRUE,TRUE,9263.61016
40,65,TRUE,TRUE,1731.82016
40,66,TRUE,FALSE,9439.31007
40,66,TRUE,TRUE,11424.9179
40,67,TRUE,TRUE,2174.86646
40,68,TRUE,FALSE,1693.29415
40,68,TRUE,TRUE,1180.84925
40,69,TRUE,TRUE,1394.90933
40,70,TRUE,TRUE,661.607332
40,72,TRUE,TRUE,55.6773514
40,73,TRUE,TRUE,950.187469
40,74,TRUE,TRUE,409.392291
41,-55,TRUE,FALSE,435.091639
41,-55,TRUE,TRUE,18.8964556
41,-24,TRUE,TRUE,792.028583
41,-23,TRUE,TRUE,415.057828
41,-22,TRUE,TRUE,39.6008555
41,-21,TRUE,TRUE,1062.95749
41,-20,TRUE,TRUE,1182.18119
41,-19,TRUE,TRUE,4013.90337
41,-18,TRUE,TRUE,37531.1092
41,-17,TRUE,TRUE,22153.8099
41,-16,TRUE,TRUE,84652.4049
41,-15,TRUE,TRUE,90953.3082
41,-14,TRUE,TRUE,27383.2506
41,-13,TRUE,TRUE,12144.0213
41,-12,TRUE,TRUE,45055.8721
41,-11,TRUE,TRUE,2879.59022
41,-10,TRUE,TRUE,44.2969793
41,-9,TRUE,TRUE,449.386323
41,-8,TRUE,TRUE,800.779395
41,-7,TRUE,TRUE,1519.91889
41,-6,TRUE,TRUE,3457.75953
41,-5,TRUE,TRUE,11084.1581
41,-4,TRUE,TRUE,21641.8195
41,-3,TRUE,TRUE,15518.5276
41,-2,TRUE,TRUE,2896.98952
41,13,TRUE,TRUE,298.451453
41,14,TRUE,TRUE,155776.916
41,15,TRUE,TRUE,764499.238
41,16,TRUE,TRUE,367930.347
41,17,TRUE,TRUE,81226.8387
41,18,TRUE,TRUE,7818.86972
41,19,TRUE,FALSE,437.968569
41,19,TRUE,TRUE,505.311836
41,41,TRUE,TRUE,581121.893
41,42,TRUE,TRUE,743525.728
41,66,TRUE,FALSE,8151.2994
41,66,TRUE,TRUE,9871.90326
41,67,TRUE,TRUE,10129.1356
41,68,TRUE,TRUE,212.677939
41,69,TRUE,TRUE,847.215328
42,-54,TRUE,FALSE,853.060211
42,-54,TRUE,TRUE,15.7612192
42,-26,TRUE,TRUE,1405.2645
42,-25,TRUE,TRUE,274.330626
42,-24,TRUE,TRUE,670.791349
42,-23,TRUE,TRUE,1039.48354
42,-22,TRUE,TRUE,3906.96852
42,-21,TRUE,TRUE,3085.43168
42,-20,TRUE,TRUE,4273.6414
42,-19,TRUE,TRUE,5638.01413
42,-18,TRUE,TRUE,4593.34025
42,-17,TRUE,TRUE,6587.68994
42,-16,TRUE,TRUE,3600.18603
42,-15,TRUE,TRUE,5071.09714
42,-14,TRUE,TRUE,38223.6025
42,-13,TRUE,TRUE,51738.1625
42,-12,TRUE,TRUE,17153.4899
42,-11,TRUE,TRUE,621.768555
42,-6,TRUE,TRUE,671.702189
42,-5,TRUE,TRUE,3336.05466
42,-4,TRUE,TRUE,8549.98413
42,-3,TRUE,TRUE,1873.23446
42,-2,TRUE,TRUE,4840.88327
42,-1,TRUE,TRUE,31274.8988
42,0,TRUE,TRUE,44.2662363
42,11,TRUE,TRUE,9897.81362
42,12,TRUE,TRUE,4042.9431
42,13,TRUE,TRUE,651780.272
42,14,TRUE,TRUE,583844.988
42,15,TRUE,TRUE,375593.605
42,16,TRUE,TRUE,288795.984
42,17,TRUE,TRUE,617828.824
42,66,TRUE,FALSE,1159.21826
42,66,TRUE,TRUE,829.991892
42,67,TRUE,TRUE,1093.19371
42,68,TRUE,TRUE,520.284645
43,-54,TRUE,FALSE,1558.85418
43,-54,TRUE,TRUE,15.6162963
43,-27,TRUE,TRUE,26.9785469
43,-26,TRUE,TRUE,5114.53959
43,-25,TRUE,TRUE,636.353207
43,-24,TRUE,TRUE,8650.56713
43,-23,TRUE,TRUE,532.58002
43,-22,TRUE,TRUE,3288.77262
43,-21,TRUE,TRUE,1816.90996
43,-20,TRUE,TRUE,3016.81478
43,-19,TRUE,TRUE,8685.27311
43,-18,TRUE,TRUE,19833.5485
43,-17,TRUE,TRUE,23205.3942
43,-16,TRUE,TRUE,13014.0057
43,-15,TRUE,TRUE,8106.14139
43,-14,TRUE,TRUE,28924.259
43,-13,TRUE,TRUE,20517.9853
43,-12,TRUE,FALSE,11.5876166
43,-12,TRUE,TRUE,30959.5169
43,-11,TRUE,TRUE,6644.0166
43,-5,TRUE,TRUE,1423.72947
43,-4,TRUE,TRUE,2383.63536
43,-3,TRUE,TRUE,2433.88662
43,-1,TRUE,TRUE,5385.94784
43,0,TRUE,TRUE,10651.9219
43,10,TRUE,TRUE,525.615433
43,11,TRUE,TRUE,803521.333
43,12,TRUE,TRUE,896597.464
43,13,TRUE,TRUE,295137.284
43,14,TRUE,TRUE,365.656653
43,66,TRUE,FALSE,381.83928
43,66,TRUE,TRUE,1174.65197
43,67,TRUE,FALSE,640.553665
43,67,TRUE,TRUE,984.001051
43,68,TRUE,FALSE,2687.62052
43,68,TRUE,TRUE,714.281045
44,-55,TRUE,FALSE,14.884409
44,-55,TRUE,TRUE,13.5894208
44,-54,TRUE,FALSE,1745.4046
44,-54,TRUE,TRUE,19.5783372
44,-27,TRUE,TRUE,1713.64474
44,-26,TRUE,TRUE,10711.763
44,-21,TRUE,TRUE,10674.5394
44,-20,TRUE,TRUE,38982.3768
44,-19,TRUE,TRUE,8119.82797
44,-18,TRUE,TRUE,3735.61059
44,-17,TRUE,TRUE,43075.7836
44,-16,TRUE,TRUE,7445.52151
44,-15,TRUE,TRUE,33956.3893
44,-14,TRUE,FALSE,150.061913
44,-14,TRUE,TRUE,30283.7457
44,-13,TRUE,FALSE,1306.33976
44,-13,TRUE,TRUE,111504.509
44,-12,TRUE,TRUE,1994.43361
44,-11,TRUE,TRUE,3483.81492
44,-10,TRUE,TRUE,1133.85642
44,-2,TRUE,TRUE,399.400451
44,-1,TRUE,TRUE,1955.57189
44,0,TRUE,TRUE,5673.10023
44,1,TRUE,TRUE,4199.0685
44,10,TRUE,TRUE,104759.913
44,11,TRUE,TRUE,276790.823
44,12,TRUE,TRUE,756593.813
44,66,TRUE,TRUE,1174.34245
44,67,TRUE,TRUE,283.508716
44,68,TRUE,TRUE,207.75456
45,-27,TRUE,TRUE,2833.76532
45,-26,TRUE,TRUE,9083.52296
45,-17,TRUE,TRUE,872.026261
45,-16,TRUE,TRUE,26792.1787
45,-15,TRUE,TRUE,68557.0055
45,-14,TRUE,TRUE,60879.7431
45,-13,TRUE,FALSE,3951.27843
45,-13,TRUE,TRUE,164087.407
45,-12,TRUE,TRUE,32485.0809
45,-11,TRUE,TRUE,9150.75538
45,-2,TRUE,TRUE,1942.09664
45,-1,TRUE,TRUE,1464.42432
45,0,TRUE,TRUE,1943.40383
45,1,TRUE,TRUE,41309.8929
45,2,TRUE,TRUE,29202.1246
45,10,TRUE,TRUE,9428.55856
45,11,TRUE,TRUE,209753.476
45,12,TRUE,TRUE,404508.939
45,13,TRUE,TRUE,1839.91776
45,67,TRUE,TRUE,56.7707258
45,68,TRUE,TRUE,215.569509
46,-27,TRUE,FALSE,5472.92902
46,-27,TRUE,TRUE,5724.67844
46,-26,TRUE,TRUE,102173.389
46,-16,TRUE,FALSE,6306.40876
46,-16,TRUE,TRUE,74098.5846
46,-15,TRUE,TRUE,14371.0981
46,-14,TRUE,TRUE,70651.9036
46,-13,TRUE,TRUE,41447.4778
46,-12,TRUE,TRUE,3784.08475
46,-11,TRUE,TRUE,37629.3821
46,-2,TRUE,TRUE,3557.12074
46,-1,TRUE,TRUE,1540.68769
46,0,TRUE,TRUE,1506.21139
46,1,TRUE,TRUE,3854.0764
46,2,TRUE,TRUE,7860.70234
46,3,TRUE,TRUE,450.173105
46,10,TRUE,TRUE,772.635683
46,11,TRUE,TRUE,52460.1429
46,12,TRUE,FALSE,8203.34849
46,12,TRUE,TRUE,561884.554
46,13,TRUE,TRUE,13767.2879
46,66,TRUE,TRUE,253.951118
46,67,TRUE,TRUE,400.745865
46,68,TRUE,TRUE,325.789726
47,-27,TRUE,TRUE,5144.3423
47,-26,TRUE,TRUE,174459.813
47,-25,TRUE,TRUE,85619.746
47,-24,TRUE,TRUE,5414.58722
47,-23,TRUE,TRUE,889.810337
47,-16,TRUE,FALSE,208.171514
47,-16,TRUE,TRUE,4843.39975
47,-15,TRUE,TRUE,18121.6009
47,-14,TRUE,TRUE,14756.1473
47,-13,TRUE,TRUE,1560.40836
47,-2,TRUE,TRUE,59.7643469
47,-1,TRUE,TRUE,3085.7963800000002
47,0,TRUE,TRUE,1860.33445
47,1,TRUE,FALSE,94.6355382
47,1,TRUE,TRUE,1998.64186
47,2,TRUE,TRUE,4881.57198
47,3,TRUE,TRUE,10042.0462
47,4,TRUE,TRUE,714.534515
47,10,TRUE,TRUE,123.873937
47,11,TRUE,TRUE,17225.0325
47,12,TRUE,TRUE,472134.453
47,13,TRUE,TRUE,69268.8849
47,14,TRUE,TRUE,328.365376
47,29,TRUE,TRUE,570299.002
47,66,TRUE,TRUE,63.6737621
47,67,TRUE,TRUE,890.528473
47,68,TRUE,FALSE,179.01294
47,68,TRUE,TRUE,1194.77672
47,69,TRUE,TRUE,1446.08697
48,-27,TRUE,TRUE,694.738595
48,-26,TRUE,FALSE,5177.15845
48,-26,TRUE,TRUE,229650.866
48,-25,TRUE,TRUE,145719.359
48,-24,TRUE,TRUE,10861.5187
48,-23,TRUE,TRUE,17274.7061
48,-22,TRUE,TRUE,15572.172
48,-21,TRUE,TRUE,9184.14795
48,-20,TRUE,TRUE,3680.55373
48,-15,TRUE,TRUE,15.411474
48,-14,TRUE,TRUE,174973.021
48,-13,TRUE,TRUE,20672.742
48,-12,TRUE,TRUE,1978.48926
48,-2,TRUE,TRUE,1428.25908
48,-1,TRUE,TRUE,3953.4095
48,0,TRUE,TRUE,4041.68269
48,1,TRUE,FALSE,63.8713823
48,1,TRUE,TRUE,2156.77834
48,2,TRUE,TRUE,4533.01103
48,3,TRUE,TRUE,8580.67903
48,4,TRUE,TRUE,9868.20291
48,5,TRUE,TRUE,5020.67696
48,6,TRUE,TRUE,52.9387117
48,11,TRUE,TRUE,15552.5671
48,12,TRUE,TRUE,347623.4
48,13,TRUE,FALSE,2711.54945
48,13,TRUE,TRUE,367970.752
48,14,TRUE,TRUE,2135.21787
48,27,TRUE,TRUE,590787.192
48,28,TRUE,TRUE,1608567.89
48,29,TRUE,TRUE,3575729.93
48,30,TRUE,TRUE,407682.145
48,67,TRUE,TRUE,218.846274
48,68,TRUE,TRUE,143.017236
49,-26,TRUE,TRUE,91018.5298
49,-25,TRUE,TRUE,213409.267
49,-24,TRUE,TRUE,69632.9877
49,-23,TRUE,TRUE,12289.9411
49,-22,TRUE,TRUE,3420.59217
49,-21,TRUE,TRUE,1990.89357
49,-20,TRUE,TRUE,13224.5696
49,-19,TRUE,TRUE,131756.271
49,-18,TRUE,TRUE,77542.6334
49,-17,TRUE,TRUE,41604.0189
49,-16,TRUE,TRUE,12351.2496
49,-14,TRUE,TRUE,203.116375
49,-13,TRUE,TRUE,29876.9252
49,-12,TRUE,TRUE,7154.09581
49,-1,TRUE,TRUE,367.768346
49,0,TRUE,TRUE,4337.71623
49,1,TRUE,TRUE,3923.80965
49,2,TRUE,TRUE,2184.37464
49,3,TRUE,TRUE,5042.58396
49,4,TRUE,TRUE,5373.59904
49,5,TRUE,TRUE,4588.33774
49,6,TRUE,TRUE,14579.6303
49,7,TRUE,TRUE,6084.11285
49,8,TRUE,TRUE,177.332541
49,11,TRUE,TRUE,114164.257
49,12,TRUE,TRUE,162580.468
49,13,TRUE,FALSE,3719.06308
49,13,TRUE,TRUE,511529.367
49,14,TRUE,TRUE,148576.528
49,26,TRUE,TRUE,178174.58
49,27,TRUE,TRUE,2036322.87
49,28,TRUE,TRUE,1658573.46
49,29,TRUE,TRUE,2824938.13
49,30,TRUE,TRUE,544758.208
49,68,TRUE,TRUE,681.875634
50,-23,TRUE,TRUE,8803.558
50,-22,TRUE,TRUE,3062.95904
50,-21,TRUE,TRUE,1282.69834
50,-20,TRUE,TRUE,727.060619
50,-19,TRUE,TRUE,5117.56214
50,-18,TRUE,TRUE,5099.48753
50,-17,TRUE,TRUE,24005.6805
50,-16,TRUE,TRUE,18082.7784
50,-15,TRUE,TRUE,11712.9806
50,-14,TRUE,TRUE,6478.13386
50,-13,TRUE,TRUE,2094.51417
50,1,TRUE,FALSE,140.117114
50,1,TRUE,TRUE,9677.8511
50,2,TRUE,TRUE,3916.85402
50,3,TRUE,TRUE,2051.6216
50,4,TRUE,TRUE,2224.32014
50,5,TRUE,TRUE,2588.04922
50,6,TRUE,TRUE,1718.50338
50,7,TRUE,TRUE,10115.0784
50,8,TRUE,TRUE,23168.9263
50,9,TRUE,TRUE,10574.5917
50,10,TRUE,TRUE,2480.31797
50,11,TRUE,TRUE,13222.5645
50,12,TRUE,TRUE,205048.672
50,13,TRUE,TRUE,515308.108
50,14,TRUE,TRUE,129624.661
50,15,TRUE,TRUE,209.011217
50,24,TRUE,TRUE,431.828606
50,25,TRUE,TRUE,336373.615
50,26,TRUE,TRUE,3037797.61
50,27,TRUE,TRUE,1765421.47
50,28,TRUE,TRUE,1626465.56
50,29,TRUE,FALSE,32014.5855
50,29,TRUE,TRUE,2534238.74
50,30,TRUE,FALSE,3.1656842
50,30,TRUE,TRUE,1555.85366
50,68,TRUE,TRUE,325.061546
50,69,TRUE,TRUE,289.413693
51,-20,TRUE,TRUE,50.0519778
51,-19,TRUE,TRUE,88.1456259
51,-18,TRUE,TRUE,669.279678
51,-17,TRUE,TRUE,1599.76513
51,-16,TRUE,TRUE,1517.48235
51,-15,TRUE,TRUE,2058.87635
51,-14,TRUE,TRUE,887.713596
51,-3,TRUE,FALSE,87.1647431
51,-3,TRUE,TRUE,47.6295081
51,-1,TRUE,TRUE,607.983142
51,0,TRUE,TRUE,38.6843434
51,1,TRUE,FALSE,77.6915923
51,1,TRUE,TRUE,4762.55343
51,2,TRUE,FALSE,225.460577
51,2,TRUE,TRUE,7375.08008
51,3,TRUE,TRUE,2892.60384
51,4,TRUE,TRUE,2104.41465
51,5,TRUE,TRUE,2073.74181
51,6,TRUE,TRUE,783.651504
51,7,TRUE,TRUE,1007.32432
51,8,TRUE,TRUE,1579.41424
51,9,TRUE,TRUE,32947.7564
51,10,TRUE,TRUE,64669.9558
51,11,TRUE,TRUE,70724.3511
51,12,TRUE,TRUE,125893.474
51,13,TRUE,TRUE,400262.792
51,14,TRUE,TRUE,275270.637
51,15,TRUE,TRUE,23629.8251
51,24,TRUE,TRUE,760077.954
51,25,TRUE,TRUE,2085113.58
51,26,TRUE,TRUE,1366432.54
51,27,TRUE,TRUE,1937559.34
51,28,TRUE,TRUE,29694.5211
51,68,TRUE,TRUE,674.479499
51,69,TRUE,TRUE,416.457582
52,-18,TRUE,TRUE,3591.16251
52,-17,TRUE,TRUE,2480.51693
52,-16,TRUE,TRUE,598.083605
52,-15,TRUE,TRUE,2344.92288
52,-14,TRUE,TRUE,136.895485
52,-1,TRUE,FALSE,77.4196343
52,-1,TRUE,TRUE,35.4876282
52,0,TRUE,TRUE,626.302847
52,4,TRUE,TRUE,712.376389
52,5,TRUE,TRUE,656.388914
52,6,TRUE,TRUE,1253.35544
52,7,TRUE,FALSE,32.4141502
52,7,TRUE,TRUE,1721.89724
52,8,TRUE,TRUE,753.959338
52,9,TRUE,TRUE,3914.75094
52,10,TRUE,TRUE,8992.45874
52,11,TRUE,TRUE,27464.0299
52,12,TRUE,TRUE,45466.6121
52,13,TRUE,TRUE,146490.669
52,14,TRUE,TRUE,566368.112
52,15,TRUE,TRUE,175642.69
52,16,TRUE,TRUE,3642.36883
52,23,TRUE,TRUE,5655.97667
52,24,TRUE,TRUE,1543586.04
52,25,TRUE,TRUE,1398985.3
52,26,TRUE,TRUE,2011303.59
52,27,TRUE,FALSE,41462.5757
52,27,TRUE,TRUE,5194671.14
52,68,TRUE,TRUE,257.213925
52,69,TRUE,TRUE,649.468675
53,-24,TRUE,TRUE,60822.9804
53,-23,TRUE,TRUE,50143.4982
53,-22,TRUE,TRUE,65258.4194
53,-21,TRUE,TRUE,14918.0373
53,-20,TRUE,TRUE,21883.6188
53,-19,TRUE,TRUE,5911.05911
53,-18,TRUE,TRUE,3301.26445
53,-17,TRUE,TRUE,3178.22913
53,-16,TRUE,TRUE,1635.47145
53,-15,TRUE,TRUE,585.660549
53,-14,TRUE,TRUE,1603.29527
53,8,TRUE,TRUE,40.3393581
53,9,TRUE,TRUE,2941.46117
53,10,TRUE,TRUE,4593.7197
53,11,TRUE,TRUE,24206.8923
53,12,TRUE,TRUE,27208.2898
53,13,TRUE,TRUE,131153.276
53,14,TRUE,TRUE,521823.733
53,15,TRUE,TRUE,232103.252
53,16,TRUE,TRUE,124342.59
53,24,TRUE,TRUE,1593029.95
53,25,TRUE,TRUE,1595752.14
53,26,TRUE,TRUE,2310593.15
53,27,TRUE,FALSE,2.34068022
53,27,TRUE,TRUE,1016.11881
53,68,TRUE,TRUE,203.987765
54,-25,TRUE,TRUE,32603.0089
54,-24,TRUE,TRUE,123341.339
54,-23,TRUE,TRUE,232226.788
54,-22,TRUE,TRUE,137736.034
54,-21,TRUE,TRUE,182607.42
54,-20,TRUE,TRUE,32207.5076
54,-19,TRUE,TRUE,17637.9524
54,-18,TRUE,TRUE,2525.1302
54,-17,TRUE,TRUE,758.137511
54,-16,TRUE,TRUE,2742.60317
54,-15,TRUE,TRUE,216.897251
54,10,TRUE,FALSE,662.662525
54,10,TRUE,TRUE,2263.76574
54,11,TRUE,TRUE,5987.9958
54,12,TRUE,TRUE,37689.862
54,13,TRUE,TRUE,145704.95
54,14,TRUE,TRUE,345495.942
54,15,TRUE,TRUE,244193.753
54,16,TRUE,TRUE,567719.5
54,17,TRUE,TRUE,1396.82283
54,24,TRUE,TRUE,2134403.69
54,25,TRUE,TRUE,2782510.09
54,26,TRUE,TRUE,2280971.4
54,68,TRUE,TRUE,234.778633
54,69,TRUE,TRUE,2147.34213
55,-25,TRUE,TRUE,13350.5183
55,-24,TRUE,TRUE,66956.2024
55,-23,TRUE,TRUE,229683.782
55,-22,TRUE,TRUE,195800.139
55,-21,TRUE,TRUE,395498.854
55,-20,TRUE,TRUE,55187.5614
55,-19,TRUE,TRUE,21483.8944
55,-18,TRUE,TRUE,8677.25242
55,-17,TRUE,TRUE,29.8076725
55,-16,TRUE,TRUE,147.483874
55,-11,TRUE,TRUE,56.6369021
55,-5,TRUE,FALSE,3118.51001
55,-4,TRUE,FALSE,11232.0967
55,-4,TRUE,TRUE,224.744609
55,-2,TRUE,TRUE,54.509306
55,10,TRUE,TRUE,1269.15126
55,16,TRUE,TRUE,320928.481
55,17,TRUE,TRUE,108244.959
55,25,TRUE,TRUE,8177577.48
55,26,TRUE,TRUE,2959439.35
55,27,TRUE,TRUE,75561.7792
55,68,TRUE,FALSE,180.753792
55,68,TRUE,TRUE,446.578827
55,69,TRUE,TRUE,1623.59367
55,70,TRUE,TRUE,265.182779
56,-25,TRUE,TRUE,8831.99273
56,-24,TRUE,TRUE,36144.2193
56,-23,TRUE,TRUE,150953.655
56,-22,TRUE,TRUE,235169.601
56,-21,TRUE,TRUE,125262.376
56,-20,TRUE,TRUE,128189.955
56,-19,TRUE,TRUE,11.0630284
56,-18,TRUE,TRUE,630.966005
56,-17,TRUE,TRUE,1462.35391
56,-16,TRUE,TRUE,926.548714
56,-15,TRUE,TRUE,92.0749919
56,-14,TRUE,TRUE,28.5805419
56,-5,TRUE,FALSE,6782.70825
56,-5,TRUE,TRUE,61.2753989
56,-3,TRUE,TRUE,51.8726542
56,-2,TRUE,FALSE,176.67596700000001
56,-2,TRUE,TRUE,80.4007005
56,2,TRUE,TRUE,634.117428
56,16,TRUE,TRUE,209935.849
56,17,TRUE,FALSE,1565.22489
56,17,TRUE,TRUE,258183.216
56,18,TRUE,FALSE,112.428369
56,18,TRUE,TRUE,11772.5857
56,24,TRUE,TRUE,1172420.12
56,25,TRUE,TRUE,5111447.03
56,26,TRUE,TRUE,5883406.73
56,27,TRUE,FALSE,27408.6561
56,27,TRUE,TRUE,2643910.45
56,68,TRUE,TRUE,213.019862
56,69,TRUE,TRUE,2121.57656
56,70,TRUE,TRUE,90.0402679
57,-26,TRUE,TRUE,693.791431
57,-25,TRUE,TRUE,2074.70066
57,-24,TRUE,TRUE,6288.17856
57,-23,TRUE,TRUE,10119.1367
57,-22,TRUE,FALSE,121893.379
57,-22,TRUE,TRUE,102136.219
57,-21,TRUE,TRUE,218675.374
57,-20,TRUE,TRUE,132347.93
57,-19,TRUE,FALSE,44.3615363
57,-19,TRUE,TRUE,34987.772
57,-18,TRUE,TRUE,4163.24935
57,-17,TRUE,TRUE,3952.36661
57,-16,TRUE,TRUE,2770.04876
57,-15,TRUE,TRUE,448.664259
57,16,TRUE,TRUE,2460.51745
57,17,TRUE,FALSE,3634.93379
57,17,TRUE,TRUE,337210.126
57,18,TRUE,TRUE,234498.22
57,19,TRUE,TRUE,243257.233
57,20,TRUE,TRUE,990.313074
57,23,TRUE,TRUE,70361.4525
57,24,TRUE,TRUE,1061936.56
57,25,TRUE,TRUE,2067858.93
57,26,TRUE,TRUE,26616.1446
57,68,TRUE,TRUE,246.67171
57,69,TRUE,TRUE,1433.99985
57,70,TRUE,TRUE,346.256223
58,-24,TRUE,TRUE,26.8286733
58,-23,TRUE,TRUE,3366.70706
58,-22,TRUE,TRUE,34878.7227
58,-21,TRUE,FALSE,79851.5838
58,-21,TRUE,TRUE,104489.02
58,-20,TRUE,TRUE,59367.2455
58,-19,TRUE,TRUE,48300.4216
58,-18,TRUE,FALSE,90.1489698
58,-18,TRUE,TRUE,6365.56895
58,-17,TRUE,TRUE,3249.25229
58,-16,TRUE,TRUE,1465.93987
58,-15,TRUE,TRUE,40.2094076
58,-14,TRUE,TRUE,60.198202
58,18,TRUE,TRUE,281289.945
58,19,TRUE,TRUE,408357.177
58,20,TRUE,TRUE,156056.212
58,21,TRUE,TRUE,220.409496
58,23,TRUE,TRUE,625427.98
58,24,TRUE,TRUE,1183929.8
58,25,TRUE,TRUE,340912.752
58,68,TRUE,TRUE,206.544721
58,69,TRUE,TRUE,2678.5408
58,70,TRUE,TRUE,1517.58979
59,-21,TRUE,TRUE,16919.4473
59,-20,TRUE,TRUE,8650.58907
59,-19,TRUE,TRUE,39605.66
59,-18,TRUE,TRUE,16410.9754
59,-17,TRUE,TRUE,7083.17307
59,14,TRUE,FALSE,30.0130985
59,14,TRUE,TRUE,1684.75129
59,15,TRUE,TRUE,1630.7691
59,16,TRUE,FALSE,52.5528597
59,16,TRUE,TRUE,22.4845336
59,18,TRUE,TRUE,55450.2545
59,19,TRUE,TRUE,268546.854
59,20,TRUE,TRUE,409555.256
59,21,TRUE,TRUE,245155.318
59,22,TRUE,TRUE,245277.255
59,23,TRUE,TRUE,783388.841
59,24,TRUE,TRUE,589790.536
59,25,TRUE,FALSE,150.103006
59,25,TRUE,TRUE,114619.885
59,68,TRUE,FALSE,123.306414
59,68,TRUE,TRUE,388.081345
59,69,TRUE,TRUE,522.000645
59,70,TRUE,TRUE,269.775213
60,15,TRUE,TRUE,2278.34491
60,16,TRUE,TRUE,2252.09661
60,19,TRUE,FALSE,235.874029
60,19,TRUE,TRUE,13.2058973
60,20,TRUE,FALSE,197.716918
60,20,TRUE,TRUE,221552.521
60,21,TRUE,FALSE,32417.3125
60,21,TRUE,TRUE,358977.742
60,22,TRUE,TRUE,593142.952
60,23,TRUE,TRUE,635698.146
60,24,TRUE,TRUE,430559.614
60,25,TRUE,FALSE,885.598977
60,25,TRUE,TRUE,207950.378
60,68,TRUE,TRUE,127.028713
60,69,TRUE,TRUE,1008.25563
60,70,TRUE,TRUE,192.126326
61,15,TRUE,FALSE,99.7315514
61,15,TRUE,TRUE,17.9637072
61,16,TRUE,TRUE,1905.09911
61,17,TRUE,TRUE,3580.40538
61,19,TRUE,FALSE,143.74553
61,19,TRUE,TRUE,1434.25523
61,20,TRUE,TRUE,27299.323
61,21,TRUE,FALSE,51.0619858
61,21,TRUE,TRUE,188138.992
61,22,TRUE,TRUE,134445.616
61,23,TRUE,FALSE,36.8443894
61,23,TRUE,TRUE,473301.283
61,24,TRUE,FALSE,8757.19785
61,24,TRUE,TRUE,363259.06
61,25,TRUE,FALSE,15.9777932
61,25,TRUE,TRUE,5190.90489
61,69,TRUE,TRUE,40.1435703
61,70,TRUE,TRUE,72.8071031
62,19,TRUE,FALSE,297.294702
62,19,TRUE,TRUE,21.1951897
62,20,TRUE,FALSE,225.520901
62,20,TRUE,TRUE,2699.54644
62,21,TRUE,FALSE,135.482753
62,21,TRUE,TRUE,16.9268971
62,22,TRUE,FALSE,155.20167
62,22,TRUE,TRUE,15.4608042
62,23,TRUE,TRUE,271178.034
62,24,TRUE,FALSE,9531.37768
62,24,TRUE,TRUE,330592.675
62,25,TRUE,FALSE,45.296132
62,25,TRUE,TRUE,26525.7355
62,69,TRUE,TRUE,39.5925021
63,19,TRUE,FALSE,400.964354
63,19,TRUE,TRUE,4781.89528
63,20,TRUE,FALSE,396.722184
63,20,TRUE,TRUE,18.6689086
63,23,TRUE,TRUE,47409.2816
63,24,TRUE,FALSE,20.3155361
63,24,TRUE,TRUE,271204.565
63,25,TRUE,FALSE,17.3757639
63,25,TRUE,TRUE,4687.07782
64,18,FALSE,FALSE,72.670968
64,19,FALSE,FALSE,245.020073
64,20,FALSE,FALSE,307.30849
64,21,FALSE,FALSE,52.4501191
64,23,TRUE,TRUE,31693.5729
64,24,TRUE,FALSE,2114.87369
64,24,TRUE,TRUE,272642.381
64,25,TRUE,FALSE,89.8112885
64,25,TRUE,TRUE,14393.1044
65,18,FALSE,FALSE,142.736173
65,19,TRUE,FALSE,65.4653746
65,20,TRUE,FALSE,21.6887361
65,22,TRUE,FALSE,21.4125141
65,22,TRUE,TRUE,25276.6636
65,23,TRUE,TRUE,82682.8521
65,24,TRUE,FALSE,1890.47339
65,24,TRUE,TRUE,276682.357
65,25,TRUE,FALSE,49.3583898
65,25,TRUE,TRUE,17020.5312
65,69,TRUE,TRUE,23.9435162
65,70,TRUE,TRUE,176.569346
65,72,TRUE,TRUE,909.535831
65,73,TRUE,TRUE,1178.51704
66,17,FALSE,FALSE,23.9088548
66,18,FALSE,FALSE,23.7043243
66,19,TRUE,FALSE,22.3829357
66,21,TRUE,TRUE,7804.87197
66,22,TRUE,FALSE,4377.6551
66,22,TRUE,TRUE,100844.6
66,23,TRUE,FALSE,79.4257285
66,23,TRUE,TRUE,195076.841
66,24,TRUE,FALSE,13381.9425
66,24,TRUE,TRUE,884566.339
66,25,TRUE,FALSE,892.543986
66,25,TRUE,TRUE,93798.3185
66,69,TRUE,TRUE,42.1990601
66,70,TRUE,FALSE,58.4706658
66,70,TRUE,TRUE,281.07962
66,71,TRUE,TRUE,570.599174
66,72,TRUE,TRUE,649.238962
66,73,TRUE,TRUE,325.2373
67,-48,TRUE,TRUE,292.917397
67,-9,TRUE,TRUE,975.51684
67,17,FALSE,FALSE,25.310015
67,20,TRUE,TRUE,106350.104
67,21,TRUE,TRUE,220540.382
67,22,TRUE,TRUE,381912.615
67,23,TRUE,TRUE,245316.089
67,24,TRUE,FALSE,2185.5131
67,24,TRUE,TRUE,358225.888
67,68,TRUE,TRUE,387.847887
67,69,TRUE,TRUE,837.169902
67,70,TRUE,FALSE,207.594141
67,70,TRUE,TRUE,591.138251
67,71,TRUE,TRUE,123.997495
67,72,TRUE,TRUE,325.427143
68,-51,TRUE,TRUE,18.6982277
68,-50,TRUE,FALSE,687.182719
68,-50,TRUE,TRUE,701.771308
68,-49,TRUE,TRUE,1628.4244
68,19,TRUE,TRUE,3869.80916
68,20,TRUE,TRUE,133197.524
68,21,TRUE,TRUE,370745.187
68,22,TRUE,TRUE,622129.365
68,23,TRUE,TRUE,194009.832
68,68,TRUE,TRUE,819.908279
68,71,TRUE,TRUE,39.2781036
68,72,TRUE,TRUE,298.993823
68,73,TRUE,TRUE,1141.19193
69,-56,TRUE,TRUE,16.2505619
69,-53,TRUE,TRUE,274.587692
69,-51,TRUE,TRUE,24.6048573
69,-50,TRUE,FALSE,1043.62386
69,-50,TRUE,TRUE,3903.80706
69,-49,TRUE,FALSE,5182.61027
69,-49,TRUE,TRUE,2130.06109
69,-9,TRUE,TRUE,39.1977152
69,18,TRUE,TRUE,2711.16673
69,19,TRUE,TRUE,29282.2646
69,20,TRUE,TRUE,405722.804
69,21,TRUE,TRUE,331274.808
69,22,TRUE,TRUE,2189704.9
69,66,TRUE,TRUE,98.3372981
69,72,TRUE,TRUE,454.35207
69,73,TRUE,TRUE,1254.81538
70,-54,TRUE,TRUE,12.9890971
70,-53,TRUE,TRUE,285.287781
70,-50,TRUE,TRUE,674.371106
70,-49,TRUE,FALSE,2722.89238
70,-49,TRUE,TRUE,618.956681
70,-9,TRUE,FALSE,341.103377
70,-9,TRUE,TRUE,67.1833146
70,6,TRUE,TRUE,1821.64532
70,17,TRUE,TRUE,10506.5568
70,18,TRUE,FALSE,8282.52754
70,18,TRUE,TRUE,7173.61709
70,19,TRUE,FALSE,214.817657
70,19,TRUE,TRUE,148961.497
70,20,TRUE,TRUE,349828.491
70,21,TRUE,TRUE,1146.04161
70,22,TRUE,TRUE,1022774.89
70,66,TRUE,TRUE,4584.36405
70,72,TRUE,FALSE,36.0273187
70,72,TRUE,TRUE,213.997341
70,73,TRUE,TRUE,1748.40882
71,-50,TRUE,TRUE,59.1894357
71,-49,TRUE,FALSE,1036.49143
71,-49,TRUE,TRUE,887.787573
71,-48,TRUE,FALSE,3918.25539
71,-48,TRUE,TRUE,68.8519457
71,0,TRUE,TRUE,108.003734
71,5,TRUE,TRUE,1362.92892
71,6,TRUE,FALSE,2107.49353
71,6,TRUE,TRUE,1902.5357
71,7,TRUE,FALSE,1608.32434
71,7,TRUE,TRUE,9356.27299
71,9,FALSE,FALSE,59.0524163
71,12,FALSE,FALSE,38.7589454
71,16,TRUE,TRUE,5661.03313
71,17,TRUE,FALSE,9853.88848
71,17,TRUE,TRUE,269064.764
71,18,TRUE,FALSE,14525.7582
71,18,TRUE,TRUE,398379.818
71,19,TRUE,TRUE,693459.961
71,20,TRUE,TRUE,536542.792
71,21,TRUE,TRUE,2979.99335
71,66,TRUE,FALSE,5100.92221
71,66,TRUE,TRUE,5751.62189
71,71,TRUE,TRUE,166.96436
71,72,TRUE,TRUE,91.6658926
71,73,TRUE,TRUE,1436.07334
72,-51,TRUE,TRUE,331.808744
72,-49,TRUE,FALSE,4879.91
72,-49,TRUE,TRUE,334.690238
72,-48,TRUE,FALSE,7395.78043
72,-48,TRUE,TRUE,426.140558
72,-3,TRUE,TRUE,53.133544
72,-1,TRUE,FALSE,1942.68989
72,-1,TRUE,TRUE,383.042078
72,0,TRUE,FALSE,2798.27985
72,0,TRUE,TRUE,607.275807
72,1,TRUE,FALSE,2255.96227
72,1,TRUE,TRUE,4443.85022
72,2,TRUE,FALSE,2184.82877
72,2,TRUE,TRUE,1741.38388
72,3,TRUE,FALSE,6259.18558
72,3,TRUE,TRUE,3928.01518
72,4,TRUE,FALSE,2295.78645
72,4,TRUE,TRUE,3479.50754
72,5,TRUE,FALSE,7319.35392
72,5,TRUE,TRUE,5354.51719
72,6,TRUE,FALSE,2399.6169
72,6,TRUE,TRUE,3315.45766
72,7,TRUE,FALSE,2899.06169
72,7,TRUE,TRUE,20146.9126
72,8,FALSE,FALSE,914.384249
72,9,FALSE,FALSE,1295.74442
72,11,TRUE,FALSE,23168.3078
72,11,TRUE,TRUE,6459.34436
72,12,TRUE,FALSE,15936.2004
72,12,TRUE,TRUE,21917.9616
72,13,TRUE,FALSE,7588.26802
72,13,TRUE,TRUE,182480.693
72,14,TRUE,FALSE,6683.65916
72,14,TRUE,TRUE,298852.911
72,15,TRUE,FALSE,3910.39648
72,15,TRUE,TRUE,199516.954
72,16,TRUE,FALSE,8930.51203
72,16,TRUE,TRUE,232814.258
72,17,TRUE,TRUE,442838.067
72,18,TRUE,FALSE,71795.1196
72,18,TRUE,TRUE,1648766.71
72,19,TRUE,FALSE,44834.2243
72,19,TRUE,TRUE,835902.575
72,20,TRUE,TRUE,615923.135
72,21,TRUE,TRUE,1420141.78
72,22,TRUE,TRUE,1936.40077
72,66,TRUE,FALSE,4558.96297
72,66,TRUE,TRUE,4723.46585
72,67,TRUE,FALSE,9118.29803
72,67,TRUE,TRUE,10030.5137
72,69,TRUE,FALSE,676.698683
72,69,TRUE,TRUE,1766.30755
72,70,TRUE,FALSE,364.614111
72,70,TRUE,TRUE,829.382102
72,71,TRUE,FALSE,1570.68182
72,71,TRUE,TRUE,4350.8062
72,72,TRUE,TRUE,539.309329
72,73,TRUE,TRUE,1383.17072
73,-49,TRUE,FALSE,14611.3724
73,-49,TRUE,TRUE,315.124293
73,-48,TRUE,FALSE,7377.20691
73,-48,TRUE,TRUE,35.1836098
73,-6,TRUE,FALSE,1083.62969
73,-6,TRUE,TRUE,46.7156134
73,-1,TRUE,FALSE,5599.34881
73,-1,TRUE,TRUE,13636.8719
73,0,TRUE,FALSE,65428.5313
73,0,TRUE,TRUE,16545.4882
73,1,TRUE,FALSE,4882.28704
73,1,TRUE,TRUE,14517.9944
73,2,TRUE,FALSE,19245.0497
73,2,TRUE,TRUE,8657.57382
73,3,TRUE,FALSE,25466.5072
73,3,TRUE,TRUE,21983.4298
73,4,TRUE,FALSE,297701.922
73,4,TRUE,TRUE,123924.319
73,5,TRUE,FALSE,56259.2966
73,5,TRUE,TRUE,22350.8286
73,6,TRUE,FALSE,21178.6887
73,6,TRUE,TRUE,24186.344
73,7,TRUE,FALSE,2142.03237
73,7,TRUE,TRUE,18683.3547
73,8,TRUE,FALSE,10539.6393
73,8,TRUE,TRUE,16923.1744
73,9,TRUE,FALSE,248.872409
73,9,TRUE,TRUE,1294.47315
73,10,TRUE,TRUE,97814.1289
73,11,TRUE,TRUE,327728.187
73,12,TRUE,FALSE,309.29984
73,12,TRUE,TRUE,67608.2212
73,13,TRUE,FALSE,46503.082
73,13,TRUE,TRUE,297301.48
73,14,TRUE,FALSE,34295.3764
73,14,TRUE,TRUE,296268.174
73,15,TRUE,FALSE,145520.271
73,15,TRUE,TRUE,579972.875
73,16,TRUE,FALSE,1202.18696
73,16,TRUE,TRUE,125350.119
73,17,TRUE,TRUE,307936.657
73,18,TRUE,TRUE,25095.0891
73,67,TRUE,FALSE,9272.67818
73,67,TRUE,TRUE,7510.25569
73,68,TRUE,FALSE,11955.8248
73,68,TRUE,TRUE,12124.2806
73,69,TRUE,FALSE,3071.92421
73,69,TRUE,TRUE,4312.21239
73,70,TRUE,FALSE,1710.32833
73,70,TRUE,TRUE,3447.83501
73,71,TRUE,FALSE,350.255511
73,71,TRUE,TRUE,1854.13501
73,72,TRUE,FALSE,345.590208
73,72,TRUE,TRUE,4784.62546
73,73,TRUE,TRUE,583.34396
74,-49,TRUE,FALSE,16267.7815
74,-49,TRUE,TRUE,293.159494
74,-48,TRUE,FALSE,825.413581
74,-48,TRUE,TRUE,44.848732
74,1,TRUE,TRUE,876.566497
74,2,TRUE,TRUE,801.158844
74,3,TRUE,TRUE,1002.18243
74,4,TRUE,FALSE,1812.72065
74,4,TRUE,TRUE,13714.0762
74,5,TRUE,FALSE,1814.00284
74,5,TRUE,TRUE,7456.99605
74,6,TRUE,FALSE,679.717451
74,6,TRUE,TRUE,21166.0588
74,7,TRUE,FALSE,382.436735
74,7,TRUE,TRUE,16413.5219
74,8,TRUE,FALSE,411.395598
74,8,TRUE,TRUE,2886.17444
74,9,TRUE,FALSE,16473.3715
74,9,TRUE,TRUE,265649.686
74,10,TRUE,FALSE,18996.7381
74,10,TRUE,TRUE,435493.259
74,11,TRUE,FALSE,19074.5746
74,11,TRUE,TRUE,408972.955
74,12,TRUE,FALSE,23637.4071
74,12,TRUE,TRUE,741795.245
74,13,TRUE,FALSE,1463.7023
74,13,TRUE,TRUE,272265.702
74,14,TRUE,FALSE,1561.64195
74,14,TRUE,TRUE,103310.452
74,67,TRUE,FALSE,916.630252
74,67,TRUE,TRUE,1981.58033
74,68,TRUE,FALSE,2503.08697
74,68,TRUE,TRUE,3969.56713
74,69,TRUE,FALSE,199.553747
74,69,TRUE,TRUE,3926.49816
74,70,TRUE,TRUE,131.777622
74,71,TRUE,TRUE,85.9568352
74,72,TRUE,TRUE,583.531625
74,73,TRUE,TRUE,181.405697
75,-52,TRUE,TRUE,64.0756464
75,-51,TRUE,TRUE,264.295644
75,-49,TRUE,FALSE,8447.95046
75,-49,TRUE,TRUE,304.226564
75,5,TRUE,TRUE,1177.46782
75,6,TRUE,FALSE,841.713779
75,6,TRUE,TRUE,26332.3673
75,7,TRUE,FALSE,45.103637
75,7,TRUE,TRUE,56298.9946
75,8,TRUE,TRUE,601449.352
75,9,TRUE,TRUE,740520.877
75,10,TRUE,TRUE,439178.827
75,11,TRUE,FALSE,3917.53413
75,11,TRUE,TRUE,187416.398
75,12,TRUE,FALSE,65.4067226
75,12,TRUE,TRUE,1582.81131
75,68,TRUE,FALSE,171.000043
75,68,TRUE,TRUE,395.99499
75,69,TRUE,FALSE,28.7760927
75,69,TRUE,TRUE,168.027224
75,71,TRUE,TRUE,625.639551
75,72,TRUE,TRUE,158.953378
75,73,TRUE,TRUE,103.803819
76,-51,TRUE,TRUE,12.8994379
76,-49,TRUE,FALSE,14043.2292
76,-49,TRUE,TRUE,302.865273
76,-48,TRUE,FALSE,178.553503
76,-48,TRUE,TRUE,18.2658267
76,6,TRUE,TRUE,1871.58235
76,7,TRUE,FALSE,2708.70413
76,7,TRUE,TRUE,539050.717
76,8,TRUE,TRUE,681033.895
76,9,TRUE,TRUE,596372.284
76,10,TRUE,TRUE,26014.0253
76,68,TRUE,FALSE,628.778337
76,68,TRUE,TRUE,676.198296
76,69,TRUE,FALSE,324.441711
76,69,TRUE,TRUE,1186.21617
76,71,TRUE,TRUE,435.297989
76,72,TRUE,TRUE,320.277916
77,-49,TRUE,FALSE,427.220226
77,-49,TRUE,TRUE,19.5435351
77,-48,TRUE,FALSE,224.09046
77,-48,TRUE,TRUE,20.8322952
77,2,TRUE,TRUE,1326.44868
77,3,TRUE,FALSE,1450.96292
77,3,TRUE,TRUE,37.7085073
77,4,TRUE,FALSE,1346.86852
77,4,TRUE,TRUE,33.1089127
77,5,TRUE,FALSE,150.024513
77,5,TRUE,TRUE,40.8670696
77,6,TRUE,TRUE,9837.07772
77,7,TRUE,TRUE,647175.076
77,8,TRUE,TRUE,57697.6507
77,67,TRUE,FALSE,1306.28006
77,67,TRUE,TRUE,2022.36789
77,68,TRUE,FALSE,1610.19414
77,68,TRUE,TRUE,2643.42545
77,71,TRUE,FALSE,169.921966
77,71,TRUE,TRUE,454.019586
77,72,TRUE,TRUE,39.5978642
77,73,TRUE,TRUE,193.468729
77,75,TRUE,TRUE,249.315357
78,3,TRUE,FALSE,1554.28207
78,3,TRUE,TRUE,33.8002864
78,4,TRUE,FALSE,250.348235
78,4,TRUE,TRUE,15.0369028
78,5,TRUE,TRUE,4868.00658
78,6,TRUE,FALSE,578340.192
78,6,TRUE,TRUE,24535.1215
78,7,TRUE,FALSE,140.950375
78,7,TRUE,TRUE,278813.568
78,8,TRUE,FALSE,5509.86556
78,8,TRUE,TRUE,584851.639
78,9,TRUE,FALSE,7.85595899
78,9,TRUE,TRUE,7478.74543
78,67,TRUE,FALSE,700.128406
78,67,TRUE,TRUE,1057.86849
78,70,TRUE,TRUE,189.504123
78,71,TRUE,TRUE,48.1905255
78,72,TRUE,TRUE,142.513427
78,76,TRUE,TRUE,94.0027959
79,3,TRUE,FALSE,1728.15952
79,3,TRUE,TRUE,60.0393834
79,4,TRUE,FALSE,1073.82404
79,4,TRUE,TRUE,2010.87294
79,5,TRUE,FALSE,131274.863
79,5,TRUE,TRUE,983018.882
79,6,TRUE,FALSE,181859.505
79,6,TRUE,TRUE,1081214.92
79,7,TRUE,TRUE,514170.841
79,8,TRUE,TRUE,42685.1923
79,9,TRUE,TRUE,15301.2874
79,10,TRUE,TRUE,76520.3113
79,11,TRUE,FALSE,216.028521
79,11,TRUE,TRUE,13868.6786
79,12,TRUE,FALSE,13.1566349
79,12,TRUE,TRUE,1234.81158
79,72,TRUE,TRUE,260.634188
79,74,TRUE,TRUE,102.005994
79,75,TRUE,TRUE,85.8161125
79,76,TRUE,TRUE,81.2014853
80,4,TRUE,FALSE,138.909421
80,4,TRUE,TRUE,3922.85481
80,5,TRUE,TRUE,1791427.89
80,6,TRUE,TRUE,53219.4892
80,9,TRUE,TRUE,28061.5872
80,10,TRUE,TRUE,140231.894
80,11,TRUE,FALSE,130.537676
80,11,TRUE,TRUE,75435.3356
80,12,TRUE,FALSE,1574.19734
80,12,TRUE,TRUE,251315.738
80,13,TRUE,FALSE,4557.6111
80,13,TRUE,TRUE,777508.614
80,14,TRUE,FALSE,2499.19312
80,14,TRUE,TRUE,474139.015
80,15,TRUE,FALSE,754.974525
80,15,TRUE,TRUE,54990.8604
80,72,TRUE,FALSE,583.091904
80,72,TRUE,TRUE,1219.02192
80,73,TRUE,TRUE,4572.16369
80,74,TRUE,TRUE,181.785163
80,75,TRUE,TRUE,102.762869
81,5,TRUE,TRUE,1422377.95
81,6,TRUE,TRUE,209824.908
81,7,TRUE,TRUE,32029.8574
81,8,TRUE,TRUE,215700.406
81,9,TRUE,TRUE,131308.499
81,10,TRUE,TRUE,52792.331
81,11,TRUE,FALSE,472.862244
81,11,TRUE,TRUE,2484.63595
81,12,TRUE,FALSE,7513.78451
81,12,TRUE,TRUE,7478.4074
81,13,TRUE,FALSE,1932.58276
81,13,TRUE,TRUE,144.634801
81,14,TRUE,TRUE,4365.05784
81,15,TRUE,TRUE,93881.5268
81,16,TRUE,TRUE,16294.155
81,71,TRUE,TRUE,41.4098186
81,74,TRUE,TRUE,168.782215
82,3,TRUE,TRUE,2362.37099
82,5,TRUE,TRUE,612828.29
82,6,TRUE,TRUE,316641.508
82,7,TRUE,TRUE,324619.137
82,8,TRUE,FALSE,31.292241
82,8,TRUE,TRUE,156506.355
82,9,TRUE,TRUE,8620.4224
82,10,TRUE,TRUE,1524.91346
82,11,TRUE,TRUE,1309.8421
82,12,TRUE,FALSE,6621.03796
82,12,TRUE,TRUE,10921.1819
82,13,TRUE,TRUE,6777.29124
82,14,TRUE,TRUE,20.7585479
82,15,TRUE,TRUE,122339.723
82,16,TRUE,TRUE,501786.462
82,17,TRUE,TRUE,163376.418
82,71,TRUE,TRUE,474.168749
82,72,TRUE,TRUE,92.2452276
82,73,TRUE,TRUE,89.019255
83,5,TRUE,FALSE,50766.8221
83,5,TRUE,TRUE,735413.47
83,6,TRUE,FALSE,144.524205
83,6,TRUE,TRUE,25511.6977
83,7,TRUE,TRUE,22616.3383
83,10,TRUE,TRUE,2977.62946
83,11,TRUE,TRUE,1776.60725
83,12,TRUE,FALSE,112.996476
83,12,TRUE,TRUE,1785.23255
83,13,TRUE,TRUE,1571.08611
83,14,TRUE,TRUE,1359.03283
83,15,TRUE,TRUE,54597.0087
83,16,TRUE,TRUE,181159.85
83,17,TRUE,TRUE,860743.752
83,18,TRUE,TRUE,1781.76888
83,71,TRUE,TRUE,101.01599
83,74,TRUE,TRUE,413.488176
84,5,FALSE,FALSE,80100.9893
84,11,TRUE,TRUE,2211.72031
84,12,TRUE,TRUE,13.6691157
84,13,TRUE,TRUE,1529.97297
84,14,TRUE,FALSE,11073.9539
84,14,TRUE,TRUE,3380.00523
84,15,TRUE,TRUE,2358.54738
84,16,TRUE,TRUE,3045.26706
84,17,TRUE,TRUE,139221.847
84,18,TRUE,TRUE,89010.8987
84,19,TRUE,TRUE,13249.9834
84,74,TRUE,TRUE,921.320352
84,77,TRUE,TRUE,42.451451
85,5,FALSE,FALSE,21724.7551
85,16,TRUE,TRUE,1334.20557
85,17,TRUE,TRUE,21598.4216
85,18,TRUE,TRUE,137646.893
85,19,TRUE,TRUE,69023.5195
85,74,TRUE,TRUE,263.810303
85,76,TRUE,TRUE,124.509177
86,-23,TRUE,TRUE,22.6642719
86,5,FALSE,FALSE,14891.785
86,17,TRUE,TRUE,5173.46175
86,18,TRUE,TRUE,117009.863
86,19,TRUE,TRUE,211047.752
86,20,TRUE,TRUE,1088203.64
86,21,TRUE,TRUE,3786.94229
86,75,TRUE,TRUE,123.300736
86,76,TRUE,TRUE,178.727101
86,78,TRUE,TRUE,140.811839
87,18,TRUE,TRUE,24988.5749
87,19,TRUE,TRUE,174744.281
87,20,TRUE,TRUE,682075.963
87,21,TRUE,TRUE,620522.686
87,76,TRUE,TRUE,140.953181
87,77,TRUE,TRUE,62.7963015
87,78,TRUE,FALSE,68.4526161
87,78,TRUE,TRUE,164.855896
87,79,TRUE,TRUE,48.7891808
88,-18,TRUE,TRUE,792.060875
88,-9,TRUE,TRUE,30.4753909
88,18,TRUE,TRUE,22014.4527
88,19,TRUE,TRUE,75734.9428
88,20,TRUE,TRUE,323748.011
88,21,TRUE,TRUE,354109.505
88,22,TRUE,TRUE,142010.827
88,75,TRUE,TRUE,79.5935232
88,78,TRUE,TRUE,199.469359
88,79,TRUE,TRUE,47.0041739
89,12,TRUE,TRUE,2167.83818
89,13,TRUE,TRUE,1176.22157
89,18,TRUE,TRUE,20861.0102
89,19,TRUE,FALSE,6051.69131
89,19,TRUE,TRUE,110496.416
89,20,TRUE,TRUE,104602.384
89,21,TRUE,TRUE,455223.365
89,22,TRUE,TRUE,68693.8554
89,75,TRUE,TRUE,196.756489
89,78,TRUE,TRUE,233.067804
90,5,TRUE,TRUE,4914.13889
90,6,TRUE,TRUE,3248.80384
90,8,TRUE,TRUE,2306.31409
90,11,TRUE,TRUE,1284.65113
90,18,TRUE,TRUE,6417.75702
90,19,TRUE,FALSE,2850.48272
90,19,TRUE,TRUE,136622.727
90,20,TRUE,TRUE,145652.759
90,21,TRUE,TRUE,220729.053
90,22,TRUE,TRUE,45551.5868
90,76,TRUE,TRUE,107.832552
90,78,TRUE,TRUE,141.801516
91,6,TRUE,FALSE,359155.841
91,6,TRUE,TRUE,8181.23412
91,7,TRUE,TRUE,1220.02254
91,8,TRUE,TRUE,2373.84092
91,10,TRUE,TRUE,27467.2135
91,11,TRUE,TRUE,17026.4959
91,12,TRUE,TRUE,740.587223
91,13,TRUE,TRUE,1704.37028
91,14,TRUE,TRUE,1844.16544
91,15,TRUE,TRUE,1820.13369
91,17,TRUE,TRUE,2984.99194
91,18,TRUE,TRUE,17014.4086
91,19,TRUE,TRUE,43708.9996
91,20,TRUE,TRUE,286274.965
91,21,TRUE,TRUE,1485056.94
91,22,TRUE,TRUE,2684917.2
91,75,TRUE,TRUE,141.734153
91,76,TRUE,TRUE,101.074035
92,6,TRUE,TRUE,325174.824
92,7,TRUE,TRUE,29446.5255
92,8,TRUE,TRUE,12998.032
92,9,TRUE,TRUE,107668.204
92,10,TRUE,TRUE,84518.7639
92,11,TRUE,FALSE,2349.62589
92,11,TRUE,TRUE,255302.511
92,12,TRUE,FALSE,441.705978
92,12,TRUE,TRUE,35645.5505
92,13,TRUE,TRUE,25777.6975
92,14,TRUE,TRUE,23427.5678
92,15,TRUE,TRUE,22588.6551
92,16,TRUE,TRUE,64026.5808
92,17,TRUE,TRUE,141205.763
92,18,TRUE,TRUE,180476.127
92,19,TRUE,TRUE,247308.813
92,20,TRUE,TRUE,179465.981
92,21,TRUE,TRUE,8145.14575
92,75,TRUE,TRUE,35.4321494
93,1,TRUE,TRUE,22.0426831
93,4,TRUE,TRUE,349369.668
93,5,TRUE,TRUE,756987.415
93,6,TRUE,TRUE,748460.032
93,7,TRUE,FALSE,763.607768
93,7,TRUE,TRUE,87499.2744
93,8,TRUE,FALSE,839.58939
93,8,TRUE,TRUE,86078.9126
93,9,TRUE,TRUE,79417.4763
93,10,TRUE,TRUE,8515.3572
93,11,TRUE,FALSE,7.52635916
93,11,TRUE,TRUE,18050.6742
93,12,TRUE,FALSE,6.81535645
93,12,TRUE,TRUE,45315.9417
93,13,TRUE,FALSE,919.592026
93,13,TRUE,TRUE,146796.115
93,14,TRUE,FALSE,904.195485
93,14,TRUE,TRUE,133382.488
93,15,TRUE,TRUE,207242.706
93,16,TRUE,TRUE,200381.517
93,17,TRUE,TRUE,152658.177
93,18,TRUE,TRUE,71557.6572
93,19,TRUE,TRUE,134742.465
93,20,TRUE,TRUE,2369.24889
94,-1,TRUE,TRUE,558.088372
94,0,TRUE,TRUE,10.169313
94,2,TRUE,FALSE,290.242902
94,2,TRUE,TRUE,733.766515
94,3,TRUE,TRUE,221.288788
94,4,TRUE,TRUE,7817.61207
94,5,TRUE,TRUE,576614.452
94,6,TRUE,TRUE,1396243.08
94,7,TRUE,TRUE,49229.9854
94,8,TRUE,TRUE,84059.6462
94,9,TRUE,TRUE,11842.2656
94,10,TRUE,TRUE,48.8597268
94,11,TRUE,TRUE,2392.42664
94,14,TRUE,FALSE,1800.70634
94,14,TRUE,TRUE,217656.358
94,15,TRUE,TRUE,211546.761
94,16,TRUE,TRUE,49475.8249
94,17,TRUE,TRUE,43679.201
94,18,TRUE,TRUE,17038.0909
94,19,TRUE,TRUE,2117.39615
95,-1,TRUE,TRUE,408.140137
95,0,TRUE,TRUE,4887.67294
95,1,TRUE,TRUE,733.976798
95,2,TRUE,TRUE,2818.77372
95,3,TRUE,TRUE,7465.54356
95,4,TRUE,TRUE,78219.6259
95,5,TRUE,TRUE,907799.773
95,6,TRUE,TRUE,2001250.15
95,7,TRUE,FALSE,148.606065
95,7,TRUE,TRUE,32618.9469
95,8,TRUE,TRUE,2754.54076
95,13,TRUE,TRUE,3605.85608
95,14,TRUE,TRUE,102570.049
95,15,TRUE,TRUE,134373.907
95,16,TRUE,TRUE,5349.64974
96,-1,TRUE,TRUE,3536.0225
96,0,TRUE,TRUE,6292.58101
96,1,TRUE,TRUE,5620.05219
96,2,TRUE,TRUE,57948.7617
96,3,TRUE,TRUE,66532.7449
96,4,TRUE,TRUE,178469.858
96,5,TRUE,TRUE,1308702.93
96,6,TRUE,FALSE,6231.84857
96,6,TRUE,TRUE,673913.305
96,7,TRUE,FALSE,31.1269165
96,7,TRUE,TRUE,117773.638
96,8,TRUE,FALSE,2495.60141
96,8,TRUE,TRUE,202532.629
96,9,TRUE,TRUE,285678.801
96,10,TRUE,FALSE,6031.05282
96,10,TRUE,TRUE,132324.738
96,11,TRUE,TRUE,53496.2853
96,12,TRUE,FALSE,3453.20789
96,12,TRUE,TRUE,43724.8631
96,13,TRUE,FALSE,228.814158
96,13,TRUE,TRUE,85349.2885
96,14,TRUE,FALSE,5977.0727
96,14,TRUE,TRUE,166002.05
96,15,TRUE,TRUE,276752.974
96,16,TRUE,TRUE,607751.104
96,17,TRUE,TRUE,1168.10819
97,-2,TRUE,TRUE,28.919671
97,-1,TRUE,TRUE,3335.62788
97,0,TRUE,TRUE,18074.6636
97,1,TRUE,TRUE,68455.0076
97,2,TRUE,TRUE,33306.7649
97,3,TRUE,TRUE,4368.26465
97,4,TRUE,TRUE,4270.34965
97,5,TRUE,TRUE,1792520.14
97,6,TRUE,TRUE,379346.829
97,7,TRUE,TRUE,295799.107
97,8,TRUE,TRUE,290649.632
97,9,TRUE,TRUE,207703.007
97,10,TRUE,TRUE,106835.022
97,11,TRUE,TRUE,131769.743
97,12,TRUE,TRUE,109053.73
97,13,TRUE,TRUE,103650.494
97,14,TRUE,TRUE,111621.344
97,15,TRUE,TRUE,24866.5225
97,16,TRUE,TRUE,50974.3257
97,17,TRUE,TRUE,42.4045919
97,76,TRUE,TRUE,156.259763
98,-4,TRUE,TRUE,3022.12421
98,-3,TRUE,TRUE,2830.67108
98,-2,TRUE,TRUE,5820.79952
98,-1,TRUE,TRUE,39498.0735
98,0,TRUE,TRUE,57600.0238
98,1,TRUE,TRUE,123126.74
98,2,TRUE,TRUE,475.776496
98,3,TRUE,TRUE,924213.097
98,4,TRUE,TRUE,1400921.68
98,5,TRUE,TRUE,1499868.87
98,6,TRUE,TRUE,383706.148
98,7,TRUE,TRUE,2511520.28
98,8,TRUE,TRUE,945120.977
98,9,TRUE,TRUE,134437.668
98,10,TRUE,TRUE,104202.397
98,11,TRUE,TRUE,40543.3247
98,12,TRUE,TRUE,137033.978
98,13,TRUE,TRUE,42819.0018
98,14,TRUE,TRUE,2430.21919
99,-5,TRUE,TRUE,511.402331
99,-4,TRUE,TRUE,4104.68126
99,-3,TRUE,TRUE,19538.9989
99,-2,TRUE,TRUE,35655.2323
99,-1,TRUE,TRUE,83087.0043
99,0,TRUE,TRUE,14802.1662
99,2,TRUE,TRUE,428.641919
99,3,TRUE,TRUE,979627.056
99,4,TRUE,TRUE,2097710.66
99,5,TRUE,TRUE,513161.22
99,6,TRUE,TRUE,1118850.27
99,7,TRUE,TRUE,426217.632
99,8,TRUE,TRUE,7115.71228
99,9,TRUE,TRUE,1410292.38
99,10,TRUE,TRUE,286561.1
99,11,TRUE,TRUE,332247.125
99,12,TRUE,TRUE,6648.10512
99,13,TRUE,TRUE,48832.4914
99,76,TRUE,TRUE,406.07636
100,-5,TRUE,TRUE,29.2757177
100,-4,TRUE,TRUE,8727.92652
100,-3,TRUE,TRUE,82698.4183
100,-2,TRUE,TRUE,207049.402
100,-1,TRUE,TRUE,79797.6849
100,2,TRUE,TRUE,759536.714
100,3,TRUE,TRUE,2416488.56
100,4,TRUE,TRUE,1767480.75
100,5,TRUE,TRUE,1272377.36
100,6,TRUE,TRUE,272502.43
100,7,TRUE,TRUE,700980.295
100,8,TRUE,TRUE,305063.336
100,9,TRUE,TRUE,391722.7
100,10,TRUE,TRUE,292382.265
100,11,TRUE,TRUE,467840.139
100,12,TRUE,TRUE,1787607.77
100,13,TRUE,TRUE,6602516.22
101,-7,TRUE,TRUE,1362.99166
101,-6,TRUE,FALSE,26.7927126
101,-6,TRUE,TRUE,18335.8382
101,-5,TRUE,TRUE,4011.38698
101,-4,TRUE,TRUE,97951.6653
101,-3,TRUE,TRUE,25642.5118
101,1,TRUE,TRUE,1057870.56
101,2,TRUE,TRUE,4891007.64
101,3,TRUE,TRUE,1327717.23
101,6,TRUE,TRUE,55154.9753
101,7,TRUE,TRUE,347845.781
101,8,TRUE,TRUE,393700.801
101,9,TRUE,FALSE,9497.85746
101,9,TRUE,TRUE,432144.085
101,10,TRUE,TRUE,496765.383
101,11,TRUE,TRUE,841440.207
101,12,TRUE,TRUE,1219526.12
101,76,TRUE,TRUE,107.090229
101,77,TRUE,TRUE,53.2704824
102,-7,TRUE,TRUE,5973.59116
102,-6,TRUE,FALSE,650.295305
102,-6,TRUE,TRUE,53663.4531
102,-5,TRUE,TRUE,123084.62
102,-4,TRUE,TRUE,132180.177
102,0,TRUE,TRUE,112393.655
102,1,TRUE,TRUE,3631891.21
102,2,TRUE,TRUE,3022507.8
102,5,TRUE,TRUE,92870.7263
102,6,TRUE,TRUE,376165.125
102,7,TRUE,TRUE,369206.344
102,8,TRUE,TRUE,476014.414
102,9,TRUE,TRUE,759716.921
102,10,TRUE,TRUE,704146.174
102,11,TRUE,TRUE,399913.573
102,12,TRUE,TRUE,102734.855
103,-8,TRUE,TRUE,31423.0194
103,-7,TRUE,FALSE,25.0481804
103,-7,TRUE,TRUE,30262.4112
103,-6,TRUE,TRUE,111397.413
103,-5,TRUE,TRUE,43802.5039
103,-1,TRUE,TRUE,386723.098
103,0,TRUE,TRUE,957389.875
103,1,TRUE,TRUE,12636574.8
103,2,TRUE,TRUE,170874.55
103,3,TRUE,TRUE,1190683.82
103,4,TRUE,TRUE,1314277.08
103,5,TRUE,TRUE,621308.822
103,6,TRUE,TRUE,477212.605
103,7,TRUE,TRUE,690726.321
103,8,TRUE,FALSE,18718.9983
103,8,TRUE,TRUE,671173.054
103,9,TRUE,TRUE,518922.257
103,10,TRUE,TRUE,1101568.46
103,11,TRUE,TRUE,48816.968
104,-9,TRUE,FALSE,29.8999662
104,-9,TRUE,TRUE,54.2603255
104,-8,TRUE,FALSE,22.5156258
104,-8,TRUE,TRUE,14947.9717
104,-7,TRUE,FALSE,3886.47222
104,-7,TRUE,TRUE,155059.662
104,-6,TRUE,TRUE,354167.692
104,-3,TRUE,TRUE,1021769.98
104,-2,TRUE,TRUE,240161.051
104,-1,TRUE,TRUE,454195.449
104,0,TRUE,TRUE,850748.029
104,1,TRUE,TRUE,19245862.5
104,2,TRUE,TRUE,2970771.27
104,3,TRUE,FALSE,30683.2006
104,3,TRUE,TRUE,804895.741
104,4,TRUE,FALSE,21741.0299
104,4,TRUE,TRUE,506554.674
104,5,TRUE,FALSE,22091.2432
104,5,TRUE,TRUE,495518.251
104,6,TRUE,TRUE,287898.584
104,7,TRUE,TRUE,328618.119
104,8,TRUE,TRUE,692429.689
104,9,TRUE,TRUE,117916.302
104,10,TRUE,TRUE,167222.766
105,-9,TRUE,FALSE,839.476866
105,-9,TRUE,TRUE,52.7309808
105,-8,TRUE,TRUE,199273.262
105,-7,TRUE,TRUE,727750.336
105,-6,TRUE,TRUE,1786795.01
105,-5,TRUE,TRUE,17827.7573
105,-4,TRUE,TRUE,12808.3467
105,-3,TRUE,TRUE,1451489.33
105,-2,TRUE,TRUE,478612.222
105,-1,TRUE,FALSE,2808.43177
105,-1,TRUE,TRUE,380548.415
105,0,TRUE,FALSE,16668.8392
105,0,TRUE,TRUE,629886.749
105,1,TRUE,TRUE,1013139.79
105,2,TRUE,TRUE,1630516.32
105,3,TRUE,FALSE,82937.983
105,3,TRUE,TRUE,3052957.91
105,4,TRUE,FALSE,37426.7261
105,4,TRUE,TRUE,750536.287
105,5,TRUE,FALSE,6329.87395
105,5,TRUE,TRUE,280055.137
105,6,TRUE,FALSE,4205.4235
105,6,TRUE,TRUE,215110.74
105,7,TRUE,TRUE,156794.89
105,8,TRUE,TRUE,578131.917
105,9,TRUE,FALSE,2896.69658
105,9,TRUE,TRUE,206287.857
105,10,TRUE,FALSE,406.134259
105,10,TRUE,TRUE,22798.2261
105,18,TRUE,TRUE,336759.655
105,19,TRUE,TRUE,716987.928
106,-9,TRUE,FALSE,15.3568928
106,-9,TRUE,TRUE,2693.99456
106,-8,TRUE,TRUE,207774.225
106,-7,TRUE,TRUE,3772644.18
106,-6,TRUE,TRUE,2293246.5
106,-5,TRUE,FALSE,4177.71052
106,-5,TRUE,TRUE,538151.184
106,-4,TRUE,TRUE,490477.731
106,-3,TRUE,TRUE,506105.084
106,-2,TRUE,TRUE,468387.503
106,-1,TRUE,FALSE,1817.87012
106,-1,TRUE,TRUE,439759.377
106,0,TRUE,FALSE,5163.84042
106,0,TRUE,TRUE,477968.373
106,1,TRUE,FALSE,18143.2616
106,1,TRUE,TRUE,322133.101
106,2,TRUE,FALSE,6597.53106
106,2,TRUE,TRUE,294169.254
106,3,TRUE,FALSE,2785.52309
106,3,TRUE,TRUE,150056.951
106,4,TRUE,FALSE,357050.207
106,4,TRUE,TRUE,1333896.79
106,5,FALSE,FALSE,170596.597
106,6,TRUE,FALSE,602.309069
106,7,TRUE,TRUE,66397.6098
106,8,TRUE,TRUE,688773.157
106,9,TRUE,TRUE,1276290.24
106,10,TRUE,TRUE,1477911.6
106,17,TRUE,TRUE,326836.23
106,18,TRUE,TRUE,857097.956
106,19,TRUE,TRUE,679637.238
106,20,TRUE,TRUE,2079406.31
107,-10,TRUE,TRUE,30.6831324
107,-9,TRUE,FALSE,24.912585
107,-9,TRUE,TRUE,4239.20964
107,-8,TRUE,TRUE,79408.4145
107,-7,TRUE,TRUE,286097.269
107,-6,TRUE,TRUE,938948.616
107,-5,TRUE,FALSE,9385.0178
107,-5,TRUE,TRUE,506021.634
107,-4,TRUE,FALSE,6506.67193
107,-4,TRUE,TRUE,525013.604
107,-3,TRUE,FALSE,6691.63257
107,-3,TRUE,TRUE,487299.854
107,-2,TRUE,FALSE,2992.79026
107,-2,TRUE,TRUE,438588.726
107,-1,TRUE,FALSE,34228.3536
107,-1,TRUE,TRUE,363203.236
107,0,TRUE,FALSE,5649.9391
107,0,TRUE,TRUE,170925.397
107,1,TRUE,FALSE,8615.2181
107,1,TRUE,TRUE,243050.641
107,2,TRUE,FALSE,37732.7292
107,2,TRUE,TRUE,372987.585
107,3,TRUE,FALSE,6213.5929400000005
107,3,TRUE,TRUE,141037.732
107,4,TRUE,FALSE,4450.31469
107,4,TRUE,TRUE,163514.395
107,5,FALSE,FALSE,46749.2173
107,6,FALSE,FALSE,31417.0245
107,7,TRUE,FALSE,42788.9076
107,7,TRUE,TRUE,5155.5999
107,8,TRUE,FALSE,304149.587
107,8,TRUE,TRUE,12693.0387
107,9,TRUE,TRUE,1386791.96
107,10,TRUE,TRUE,3402896.35
107,16,TRUE,TRUE,255606.526
107,17,TRUE,TRUE,638361.146
107,18,TRUE,TRUE,704312.394
107,19,TRUE,FALSE,33774.0419
107,19,TRUE,TRUE,803651.657
107,20,TRUE,TRUE,1607065.32
107,21,TRUE,FALSE,3200.26218
107,21,TRUE,TRUE,179270.444
107,73,TRUE,TRUE,24.3527103
108,-10,TRUE,TRUE,251.296375
108,-9,TRUE,TRUE,6714.77713
108,-8,TRUE,TRUE,110924.861
108,-7,TRUE,TRUE,997772.913
108,-6,TRUE,FALSE,6854.39597
108,-6,TRUE,TRUE,558242.552
108,-5,TRUE,FALSE,3357.00105
108,-5,TRUE,TRUE,262642.476
108,-4,TRUE,FALSE,2113.26144
108,-4,TRUE,TRUE,143481.774
108,-3,TRUE,TRUE,392992.744
108,-2,TRUE,TRUE,423366.107
108,-1,TRUE,TRUE,378892.201
108,0,TRUE,TRUE,381670.394
108,1,TRUE,TRUE,260182.758
108,2,TRUE,FALSE,13712.2956
108,2,TRUE,TRUE,303683.392
108,3,TRUE,FALSE,34246.0334
108,3,TRUE,TRUE,545350.063
108,4,TRUE,FALSE,6709.455
108,4,TRUE,TRUE,153713.306
108,5,FALSE,FALSE,2793.0218
108,6,FALSE,FALSE,35537.4723
108,7,TRUE,FALSE,767097.067
108,7,TRUE,TRUE,15108.8246
108,8,TRUE,FALSE,613133.885
108,8,TRUE,TRUE,16925.0416
108,9,TRUE,TRUE,729209.917
108,10,TRUE,TRUE,1434177.57
108,11,TRUE,TRUE,335930.317
108,14,TRUE,TRUE,361.900099
108,15,TRUE,TRUE,1526229.98
108,16,TRUE,TRUE,1212785.8
108,17,TRUE,TRUE,768126.153
108,18,TRUE,TRUE,1146999.93
108,19,TRUE,TRUE,1520647.76
108,20,TRUE,FALSE,14417.1074
108,20,TRUE,TRUE,1511713.28
108,21,TRUE,FALSE,60211.8274
108,21,TRUE,TRUE,5232701.4
108,73,TRUE,TRUE,41.847787
108,76,TRUE,TRUE,21.5987287
109,-9,TRUE,FALSE,36.2140495
109,-9,TRUE,TRUE,16764.3442
109,-8,TRUE,FALSE,1266.56053
109,-8,TRUE,TRUE,215513.687
109,-7,TRUE,FALSE,5524.16391
109,-7,TRUE,TRUE,470197.749
109,-6,TRUE,FALSE,9503.93323
109,-6,TRUE,TRUE,520099.822
109,-5,TRUE,FALSE,2535.75024
109,-5,TRUE,TRUE,231697.353
109,-4,TRUE,FALSE,9162.04136
109,-4,TRUE,TRUE,356964.517
109,-3,TRUE,TRUE,551995.305
109,-2,TRUE,TRUE,297413.535
109,-1,TRUE,FALSE,4700.1196
109,-1,TRUE,TRUE,453012.815
109,0,TRUE,FALSE,5037.24225
109,0,TRUE,TRUE,326016.4
109,1,TRUE,TRUE,27325.3364
109,2,TRUE,TRUE,190566.091
109,3,TRUE,TRUE,296170.338
109,4,TRUE,FALSE,2325.29243
109,4,TRUE,TRUE,340490.229
109,5,FALSE,FALSE,3194.17909
109,6,FALSE,FALSE,495.038882
109,7,FALSE,FALSE,310389.168
109,8,FALSE,FALSE,410018.908
109,9,TRUE,FALSE,25548.6424
109,10,TRUE,TRUE,1086977.36
109,11,TRUE,TRUE,1809512.77
109,12,TRUE,TRUE,1909051.29
109,13,TRUE,TRUE,1589454.84
109,14,TRUE,TRUE,991899.536
109,15,TRUE,TRUE,701394.606
109,16,TRUE,TRUE,626119.254
109,17,TRUE,FALSE,1427.43309
109,17,TRUE,TRUE,588631.638
109,18,TRUE,TRUE,1737214.54
109,19,TRUE,FALSE,78158.7053
109,19,TRUE,TRUE,1453685.05
109,20,TRUE,FALSE,123911.188
109,20,TRUE,TRUE,2416473.46
109,21,TRUE,FALSE,153687.236
109,21,TRUE,TRUE,3410946.46
109,73,TRUE,TRUE,167.588712
109,76,TRUE,TRUE,49.4978105
110,-10,TRUE,FALSE,46.4098764
110,-10,TRUE,TRUE,588.433992
110,-9,TRUE,FALSE,2022.5183
110,-9,TRUE,TRUE,111237.811
110,-8,TRUE,TRUE,245.599235
110,-7,TRUE,FALSE,38870.3224
110,-7,TRUE,TRUE,942803.018
110,-6,TRUE,FALSE,26761.4463
110,-6,TRUE,TRUE,488381.387
110,-5,TRUE,FALSE,6238.59527
110,-5,TRUE,TRUE,349085.757
110,-4,TRUE,FALSE,4409.328
110,-4,TRUE,TRUE,351334.844
110,-3,TRUE,FALSE,1065.15228
110,-3,TRUE,TRUE,84898.7628
110,-2,TRUE,TRUE,5815.77844
110,1,TRUE,TRUE,327087.651
110,2,TRUE,TRUE,240504.601
110,3,TRUE,TRUE,153872.7
110,4,FALSE,FALSE,28126.842
110,5,FALSE,FALSE,12650.2298
110,8,TRUE,FALSE,627747.78
110,8,TRUE,TRUE,17064.1705
110,9,TRUE,FALSE,1257415.97
110,9,TRUE,TRUE,24053.7683
110,10,TRUE,FALSE,16004.0358
110,10,TRUE,TRUE,846611.8
110,11,TRUE,FALSE,46567.5853
110,11,TRUE,TRUE,1081526.65
110,12,TRUE,FALSE,21583.3007
110,12,TRUE,TRUE,970262.84
110,13,TRUE,FALSE,5086.8707
110,13,TRUE,TRUE,423655.516
110,14,FALSE,FALSE,3714.59625
110,15,TRUE,TRUE,120395.456
110,16,TRUE,TRUE,24552.7144
110,17,TRUE,FALSE,3204.06724
110,17,TRUE,TRUE,48234.0015
110,18,TRUE,TRUE,603694.48
110,19,TRUE,TRUE,863702.018
110,20,TRUE,TRUE,4020324.17
110,21,TRUE,TRUE,3293383.64
110,74,TRUE,TRUE,77.6346232
111,-10,TRUE,FALSE,60.6539828
111,-10,TRUE,TRUE,2049.61939
111,-9,TRUE,FALSE,2849.07345
111,-9,TRUE,TRUE,133768.136
111,-7,TRUE,FALSE,11924.2167
111,-7,TRUE,TRUE,1191691.8
111,-6,TRUE,FALSE,6762.36105
111,-6,TRUE,TRUE,561459.485
111,-5,TRUE,FALSE,12931.1702
111,-5,TRUE,TRUE,416076.777
111,-4,TRUE,FALSE,9077.17742
111,-4,TRUE,TRUE,327630.568
111,-3,TRUE,FALSE,10798.015
111,-3,TRUE,TRUE,86563.1375
111,1,TRUE,TRUE,9748.70073
111,2,TRUE,TRUE,298459.385
111,3,TRUE,TRUE,286288.877
111,4,TRUE,TRUE,302997.406
111,5,TRUE,FALSE,2253.63218
111,5,TRUE,TRUE,268516.551
111,8,TRUE,FALSE,173745.333
111,8,TRUE,TRUE,6256.9775
111,9,TRUE,FALSE,795056.324
111,9,TRUE,TRUE,8763.5775
111,10,TRUE,FALSE,1014486.23
111,10,TRUE,TRUE,8254.45383
111,11,TRUE,FALSE,664072.164
111,11,TRUE,TRUE,6904.64047
111,12,TRUE,FALSE,9296.12959
111,12,TRUE,TRUE,6912.71323
111,15,TRUE,TRUE,3848.70392
111,16,TRUE,FALSE,18438.4057
111,16,TRUE,TRUE,4852.91483
111,17,TRUE,FALSE,436.20909
111,17,TRUE,TRUE,13127.5988
111,18,TRUE,TRUE,317991.681
111,19,TRUE,TRUE,719846.88
111,20,TRUE,TRUE,1744587.25
111,21,TRUE,TRUE,4318220.77
111,77,TRUE,TRUE,27.2326472
112,-32,TRUE,TRUE,1628.40994
112,-28,TRUE,TRUE,13647.3682
112,-27,TRUE,TRUE,54126.8617
112,-26,TRUE,TRUE,48468.5617
112,-25,TRUE,TRUE,3166.95065
112,-11,TRUE,TRUE,762.929895
112,-10,TRUE,FALSE,23.2740219
112,-10,TRUE,TRUE,4134.68036
112,-9,TRUE,TRUE,97794.016
112,-8,TRUE,FALSE,93113.2627
112,-8,TRUE,TRUE,2114091.54
112,-7,TRUE,FALSE,82233.2987
112,-7,TRUE,TRUE,1646693.44
112,-6,TRUE,FALSE,25629.9229
112,-6,TRUE,TRUE,632152.891
112,-5,TRUE,FALSE,12578.8552
112,-5,TRUE,TRUE,379084.506
112,-4,TRUE,FALSE,4061.49551
112,-4,TRUE,TRUE,144591.876
112,2,TRUE,TRUE,3869.12941
112,3,TRUE,TRUE,1142002.08
112,4,TRUE,TRUE,467112.329
112,5,TRUE,FALSE,1910.32644
112,5,TRUE,TRUE,238568.18
112,10,TRUE,FALSE,613598.006
112,10,TRUE,TRUE,15349.1617
112,11,TRUE,FALSE,1079785.11
112,11,TRUE,TRUE,10395.5706
112,12,TRUE,FALSE,831390.206
112,12,TRUE,TRUE,9250.93863
112,14,TRUE,TRUE,3304.25325
112,15,TRUE,FALSE,3479.74789
112,15,TRUE,TRUE,3856.45338
112,18,TRUE,FALSE,12955.3685
112,18,TRUE,TRUE,10778.8987
112,19,TRUE,TRUE,741274.372
112,20,TRUE,TRUE,1308525.5
112,21,TRUE,TRUE,3447303.92
112,22,FALSE,FALSE,1060.90032
112,76,TRUE,TRUE,109.30725
113,-35,TRUE,TRUE,33.3884482
113,-32,TRUE,TRUE,2216.37
113,-31,TRUE,TRUE,21463.3467
113,-30,TRUE,TRUE,57257.118
113,-29,TRUE,FALSE,58.2160193
113,-29,TRUE,TRUE,35632.5036
113,-28,TRUE,TRUE,17712.7908
113,-27,TRUE,FALSE,44.9575033
113,-27,TRUE,TRUE,15375.5657
113,-26,TRUE,FALSE,20434.0968
113,-26,TRUE,TRUE,41272.5612
113,-25,TRUE,FALSE,6337.67251
113,-25,TRUE,TRUE,44822.0756
113,-24,TRUE,TRUE,19875.57
113,-23,TRUE,TRUE,26182.3444
113,-22,TRUE,TRUE,23830.3054
113,-11,TRUE,TRUE,1091.34846
113,-10,TRUE,FALSE,20.5189487
113,-10,TRUE,TRUE,4266.50607
113,-9,TRUE,TRUE,113526.408
113,-8,TRUE,TRUE,1162640.06
113,-7,TRUE,TRUE,750021.679
113,-6,TRUE,FALSE,9952.31411
113,-6,TRUE,TRUE,620602.35
113,-5,TRUE,TRUE,566448.975
113,-4,TRUE,TRUE,211362.626
113,-3,TRUE,TRUE,118.367436
113,3,TRUE,TRUE,385907.422
113,4,TRUE,TRUE,1083014.31
113,5,TRUE,TRUE,238574.279
113,10,TRUE,TRUE,2995.72166
113,11,TRUE,FALSE,500678.787
113,11,TRUE,TRUE,13309.3904
113,12,TRUE,FALSE,138153.215
113,12,TRUE,TRUE,7702.25353
113,13,TRUE,FALSE,238055.787
113,13,TRUE,TRUE,13151.2531
113,14,TRUE,TRUE,8564.52552
113,15,TRUE,FALSE,1041.50272
113,15,TRUE,TRUE,10372.4258
113,16,TRUE,FALSE,2637.98449
113,16,TRUE,TRUE,3803.94922
113,17,TRUE,FALSE,1437.34019
113,17,TRUE,TRUE,6589.74944
113,18,TRUE,TRUE,8433.92432
113,19,TRUE,TRUE,27307.1991
113,20,TRUE,FALSE,20529.3088
113,20,TRUE,TRUE,1217491.53
113,21,TRUE,FALSE,75465.7393
113,21,TRUE,TRUE,4639315.57
113,22,TRUE,FALSE,417862.418
113,22,TRUE,TRUE,15620577.7
113,23,FALSE,FALSE,8749.94583
114,-35,TRUE,TRUE,58766.8333
114,-34,TRUE,TRUE,54237.5454
114,-33,TRUE,TRUE,69560.796
114,-32,TRUE,TRUE,57895.5763
114,-31,TRUE,FALSE,1837.26465
114,-31,TRUE,TRUE,93537.2765
114,-30,TRUE,FALSE,8950.34041
114,-30,TRUE,TRUE,88335.8189
114,-29,TRUE,FALSE,1877.08039
114,-29,TRUE,TRUE,139820.101
114,-28,TRUE,TRUE,240.463792
114,-27,TRUE,TRUE,11.2299305
114,-26,TRUE,TRUE,540.907449
114,-23,TRUE,FALSE,3009.785
114,-23,TRUE,TRUE,30068.0814
114,-22,TRUE,FALSE,6298.34658
114,-22,TRUE,TRUE,142481.627
114,-21,TRUE,TRUE,25677.8771
114,-11,TRUE,TRUE,2958.64321
114,-10,TRUE,TRUE,20163.0166
114,-9,TRUE,TRUE,839152.971
114,-8,TRUE,TRUE,481913.794
114,-7,TRUE,TRUE,592273.499
114,-6,TRUE,FALSE,3951.11118
114,-6,TRUE,TRUE,552607.725
114,-5,TRUE,TRUE,713178.294
114,-4,TRUE,TRUE,2371958.37
114,4,TRUE,TRUE,741023.96
114,5,TRUE,TRUE,1009902.27
114,6,TRUE,TRUE,348509.593
114,13,TRUE,FALSE,60334.6961
114,13,TRUE,TRUE,2214.30606
114,14,TRUE,FALSE,1150259.74
114,14,TRUE,TRUE,23330.5845
114,15,TRUE,FALSE,1184.13621
114,15,TRUE,TRUE,5785.78018
114,16,TRUE,FALSE,1222.04846
114,16,TRUE,TRUE,6604.88989
114,17,TRUE,FALSE,1654.12517
114,17,TRUE,TRUE,8572.51549
114,18,TRUE,TRUE,14097.9349
114,19,TRUE,TRUE,7198.98529
114,20,TRUE,FALSE,21016.8234
114,20,TRUE,TRUE,1255501.56
114,21,TRUE,TRUE,2821136.03
114,22,TRUE,TRUE,9335054.44
114,76,TRUE,TRUE,81.5962116
115,-36,TRUE,TRUE,25587.7835
115,-35,TRUE,TRUE,53762.8443
115,-34,TRUE,TRUE,169137.614
115,-33,TRUE,TRUE,772275.723
115,-32,TRUE,TRUE,503941.704
115,-31,TRUE,TRUE,4629.22757
115,-22,TRUE,FALSE,528.007114
115,-22,TRUE,TRUE,87753.2847
115,-21,TRUE,FALSE,365251.618
115,-21,TRUE,TRUE,113455.003
115,-20,TRUE,FALSE,1143.68037
115,-20,TRUE,TRUE,1790.34433
115,-11,TRUE,TRUE,7101.923
115,-10,TRUE,TRUE,287490.435
115,-9,TRUE,TRUE,1493067.81
115,-8,TRUE,TRUE,238943.312
115,-7,TRUE,TRUE,239492.906
115,-6,TRUE,FALSE,3793.11174
115,-6,TRUE,TRUE,330447.027
115,-5,TRUE,TRUE,935137.631
115,-4,TRUE,TRUE,1008111.59
115,4,TRUE,FALSE,769.960622
115,4,TRUE,TRUE,108960.928
115,5,TRUE,TRUE,3258836.71
115,6,TRUE,TRUE,545087.67
115,13,TRUE,FALSE,612.928481
115,13,TRUE,TRUE,23.731956
115,14,TRUE,FALSE,189232.022
115,14,TRUE,TRUE,8083.07686
115,15,TRUE,FALSE,1350059.94
115,15,TRUE,TRUE,37967.8969
115,16,TRUE,FALSE,1037047.51
115,16,TRUE,TRUE,11944.2755
115,17,TRUE,FALSE,725.908326
115,17,TRUE,TRUE,2967.04091
115,18,TRUE,FALSE,295256.331
115,18,TRUE,TRUE,16958.8916
115,19,TRUE,FALSE,10664.1248
115,19,TRUE,TRUE,9090.9638
115,20,TRUE,FALSE,2216.37736
115,20,TRUE,TRUE,530983.721
115,21,TRUE,TRUE,1092808.57
115,22,TRUE,TRUE,4198323.12
116,-36,TRUE,TRUE,47624.3288
116,-35,TRUE,TRUE,251.476599
116,-22,TRUE,TRUE,273.770597
116,-21,TRUE,FALSE,628275.368
116,-21,TRUE,TRUE,483952.937
116,-20,TRUE,TRUE,56581.2431
116,-11,TRUE,TRUE,19559.7272
116,-10,TRUE,TRUE,57251.0139
116,-9,TRUE,TRUE,798284.043
116,-8,TRUE,TRUE,466219.869
116,-7,TRUE,FALSE,15377.217
116,-7,TRUE,TRUE,388300.521
116,-6,TRUE,FALSE,1313.40577
116,-6,TRUE,TRUE,257630.354
116,-5,TRUE,TRUE,661852.903
116,-4,TRUE,TRUE,1395968.31
116,-3,TRUE,TRUE,582113.657
116,-2,TRUE,TRUE,3000793.61
116,5,TRUE,TRUE,1056.49327
116,6,TRUE,TRUE,306602.133
116,7,TRUE,TRUE,394616.559
116,8,TRUE,TRUE,356662.017
116,9,TRUE,TRUE,106764.944
116,10,TRUE,TRUE,450.506809
116,15,TRUE,FALSE,265.159641
116,15,TRUE,TRUE,2679.99587
116,16,TRUE,FALSE,190174.702
116,16,TRUE,TRUE,9273.09367
116,17,TRUE,FALSE,293468.191
116,17,TRUE,TRUE,11094.5605
116,18,TRUE,FALSE,132525.014
116,18,TRUE,TRUE,8487.38382
116,19,TRUE,FALSE,9154.90812
116,19,TRUE,TRUE,8999.66872
116,20,TRUE,TRUE,14946.0838
116,21,TRUE,TRUE,1101713.25
116,22,TRUE,TRUE,4649191.62
116,23,TRUE,TRUE,2611387.98
117,-36,TRUE,FALSE,14.5398968
117,-36,TRUE,TRUE,72203.1464
117,-21,TRUE,FALSE,487956.471
117,-21,TRUE,TRUE,388374.091
117,-20,TRUE,TRUE,59606.0898
117,-11,TRUE,FALSE,1236.59156
117,-11,TRUE,TRUE,3069.98324
117,-10,TRUE,TRUE,20076.0737
117,-9,TRUE,TRUE,209390.688
117,-8,TRUE,TRUE,128977.159
117,-7,TRUE,FALSE,3607.26261
117,-7,TRUE,TRUE,217129.202
117,-6,TRUE,FALSE,1074.38367
117,-6,TRUE,TRUE,347561.714
117,-5,TRUE,FALSE,4315.19817
117,-5,TRUE,TRUE,550480.808
117,-4,TRUE,FALSE,4319.14526
117,-4,TRUE,TRUE,158724.183
117,-3,TRUE,FALSE,5362.43271
117,-3,TRUE,TRUE,172904.079
117,-2,TRUE,FALSE,42923.4775
117,-2,TRUE,TRUE,1246125.14
117,-1,TRUE,FALSE,131910.226
117,-1,TRUE,TRUE,3006730.57
117,0,TRUE,FALSE,147748.06
117,0,TRUE,TRUE,1642560.06
117,1,TRUE,FALSE,2759.34098
117,1,TRUE,TRUE,36076.6744
117,2,TRUE,TRUE,125496.897
117,3,TRUE,TRUE,1026364.09
117,4,TRUE,TRUE,187202.622
117,5,TRUE,TRUE,10534.7339
117,6,TRUE,TRUE,65767.3657
117,7,TRUE,TRUE,293264.191
117,8,TRUE,TRUE,483268.365
117,9,TRUE,TRUE,295205.228
117,10,TRUE,TRUE,228432.456
117,11,TRUE,TRUE,25630.8485
117,12,TRUE,TRUE,67974.2457
117,13,TRUE,FALSE,18.9795745
117,13,TRUE,TRUE,129657.775
117,14,TRUE,FALSE,18.3188674
117,14,TRUE,TRUE,97157.0266
117,15,TRUE,TRUE,118907.627
117,17,FALSE,FALSE,92440.368
117,18,FALSE,FALSE,18746.4002
117,20,TRUE,TRUE,5074.15222
117,21,TRUE,FALSE,209711.301
117,21,TRUE,TRUE,45414.9496
117,22,TRUE,TRUE,2891425.26
117,23,TRUE,TRUE,6382044.52
117,24,TRUE,TRUE,1229309.56
117,38,TRUE,FALSE,125534.734
117,38,TRUE,TRUE,3712302.63
117,39,TRUE,FALSE,4752.22482
117,39,TRUE,TRUE,293307.028
118,-36,TRUE,TRUE,34900.3332
118,-35,TRUE,TRUE,272.0309
118,-21,TRUE,FALSE,586251.058
118,-21,TRUE,TRUE,1164362.26
118,-20,TRUE,FALSE,324271.989
118,-20,TRUE,TRUE,688037.953
118,-19,TRUE,FALSE,289.29922
118,-19,TRUE,TRUE,38.3282451
118,-12,TRUE,TRUE,5306.51532
118,-11,TRUE,FALSE,358.644542
118,-11,TRUE,TRUE,31453.1288
118,-10,TRUE,TRUE,9165.61836
118,-9,TRUE,TRUE,223540.668
118,-8,TRUE,TRUE,138262.372
118,-7,TRUE,FALSE,3769.87144
118,-7,TRUE,TRUE,136367.135
118,-6,TRUE,FALSE,3979.74542
118,-6,TRUE,TRUE,339444.344
118,-5,TRUE,FALSE,2432.47017
118,-5,TRUE,TRUE,315718.093
118,-4,TRUE,FALSE,9672.77081
118,-4,TRUE,TRUE,650619.392
118,-3,TRUE,FALSE,6024.90862
118,-3,TRUE,TRUE,660440.623
118,-2,TRUE,FALSE,11337.5767
118,-2,TRUE,TRUE,532105.382
118,-1,TRUE,FALSE,7844.11006
118,-1,TRUE,TRUE,605754.297
118,0,TRUE,FALSE,7079.4484
118,0,TRUE,TRUE,758139.98
118,1,TRUE,FALSE,50412.1643
118,1,TRUE,TRUE,639121.093
118,2,TRUE,FALSE,19633.8957
118,2,TRUE,TRUE,281136.099
118,3,TRUE,TRUE,180722.054
118,4,TRUE,TRUE,270326.125
118,5,TRUE,TRUE,242369.087
118,6,TRUE,TRUE,176278.237
118,7,TRUE,TRUE,121026.462
118,8,TRUE,TRUE,232749.541
118,9,TRUE,TRUE,218259.424
118,10,TRUE,TRUE,233894.528
118,11,TRUE,TRUE,293963.396
118,12,TRUE,TRUE,237424.063
118,13,TRUE,FALSE,16.3617103
118,13,TRUE,TRUE,368693.513
118,14,TRUE,FALSE,49.5672355
118,14,TRUE,TRUE,434098.029
118,15,TRUE,FALSE,6724.34335
118,15,TRUE,TRUE,461045.428
118,16,TRUE,FALSE,7624.74416
118,16,TRUE,TRUE,463055.48
118,17,TRUE,FALSE,68.1920693
118,17,TRUE,TRUE,459181.612
118,18,TRUE,FALSE,11413.9218
118,18,TRUE,TRUE,818907.311
118,19,TRUE,TRUE,563621.861
118,20,TRUE,TRUE,102439.482
118,21,TRUE,FALSE,301981.965
118,21,TRUE,TRUE,24341.506
118,22,TRUE,TRUE,1620246.08
118,23,TRUE,TRUE,4109353.52
118,24,TRUE,TRUE,9376492.35
118,25,TRUE,TRUE,581757.059
118,37,TRUE,TRUE,53039.4232
118,38,TRUE,FALSE,88252.9219
118,38,TRUE,TRUE,9262639.06
118,39,TRUE,FALSE,13822.4704
118,39,TRUE,TRUE,914181.268
119,-36,TRUE,TRUE,3767.8047
119,-35,TRUE,FALSE,50.9966036
119,-35,TRUE,TRUE,4860.6649
119,-34,TRUE,TRUE,10.2733625
119,-21,TRUE,TRUE,710.381585
119,-20,TRUE,FALSE,1124.31993
119,-20,TRUE,TRUE,29363.4347
119,-19,TRUE,TRUE,3302.2433
119,-12,TRUE,TRUE,1647.85468
119,-11,TRUE,TRUE,32530.4448
119,-10,TRUE,TRUE,30035.3778
119,-9,TRUE,TRUE,451041.284
119,-8,TRUE,TRUE,155269.517
119,-7,TRUE,FALSE,1261.76286
119,-7,TRUE,TRUE,158464.928
119,-6,TRUE,FALSE,12641.6383
119,-6,TRUE,TRUE,1105568.3
119,-5,TRUE,FALSE,7828.45215
119,-5,TRUE,TRUE,324351.894
119,-4,TRUE,FALSE,2081.10876
119,-4,TRUE,TRUE,48702.8822
119,-3,TRUE,FALSE,143.470937
119,-3,TRUE,TRUE,5096.27685
119,-2,TRUE,FALSE,2613.87566
119,-2,TRUE,TRUE,96645.8731
119,-1,TRUE,FALSE,5728.4711
119,-1,TRUE,TRUE,538078.212
119,0,TRUE,FALSE,11750.493
119,0,TRUE,TRUE,633713.406
119,1,TRUE,FALSE,10067.2555
119,1,TRUE,TRUE,607092.936
119,2,TRUE,FALSE,5311.77166
119,2,TRUE,TRUE,520929.778
119,3,TRUE,TRUE,398426.489
119,4,TRUE,TRUE,538689.052
119,5,TRUE,TRUE,608450.05
119,6,TRUE,FALSE,2028.58153
119,6,TRUE,TRUE,358215.134
119,7,TRUE,FALSE,39.2488639
119,7,TRUE,TRUE,176939.911
119,8,TRUE,FALSE,1201.8156
119,8,TRUE,TRUE,143300.847
119,9,TRUE,TRUE,103795.63
119,10,TRUE,TRUE,99875.6012
119,11,TRUE,TRUE,288577.027
119,12,TRUE,TRUE,218956.395
119,13,TRUE,TRUE,640254.901
119,14,TRUE,TRUE,851392.476
119,15,TRUE,TRUE,970787.734
119,16,TRUE,FALSE,11116.6266
119,16,TRUE,TRUE,1065726.49
119,17,TRUE,FALSE,13651.7596
119,17,TRUE,TRUE,877733.88
119,18,TRUE,FALSE,12669.0689
119,18,TRUE,TRUE,834933.473
119,19,TRUE,FALSE,12724.6853
119,19,TRUE,TRUE,959049.833
119,20,TRUE,FALSE,15228.1727
119,20,TRUE,TRUE,273955.49
119,21,TRUE,FALSE,34335.132
119,21,TRUE,TRUE,692848.996
119,22,TRUE,FALSE,61622.9748
119,22,TRUE,TRUE,1539312.12
119,23,TRUE,TRUE,2608781.06
119,24,TRUE,TRUE,4213347.79
119,25,TRUE,TRUE,8009976.43
119,26,TRUE,TRUE,7424266.79
119,34,TRUE,TRUE,5065708.5
119,35,TRUE,TRUE,8097111.66
119,37,TRUE,FALSE,20010.515
119,37,TRUE,TRUE,3406830.28
119,38,TRUE,FALSE,38796.011
119,38,TRUE,TRUE,5441509.25
119,39,TRUE,FALSE,85012.6255
119,39,TRUE,TRUE,4953808.51
119,40,TRUE,TRUE,16618.3489
120,-36,TRUE,TRUE,1179.42315
120,-35,TRUE,FALSE,49.153264
120,-35,TRUE,TRUE,4676.79209
120,-34,TRUE,FALSE,91.5963756
120,-34,TRUE,TRUE,818.462522
120,-20,TRUE,TRUE,13110.7777
120,-19,TRUE,TRUE,2140.87194
120,-18,TRUE,TRUE,1766.31513
120,-13,TRUE,TRUE,1142.6254
120,-12,TRUE,FALSE,31.4364362
120,-12,TRUE,TRUE,14747.8035
120,-11,TRUE,TRUE,14474.3724
120,-10,TRUE,TRUE,95080.7901
120,-9,TRUE,TRUE,124917.848
120,-8,TRUE,TRUE,176788.176
120,-7,TRUE,FALSE,1104.44807
120,-7,TRUE,TRUE,111786.983
120,-6,TRUE,FALSE,4805.15922
120,-6,TRUE,TRUE,440090.061
120,-5,TRUE,FALSE,1077.4626
120,-5,TRUE,TRUE,126811.122
120,-4,TRUE,FALSE,1260.05394
120,-4,TRUE,TRUE,186663.638
120,-3,TRUE,FALSE,334.215234
120,-3,TRUE,TRUE,32023.3219
120,-2,TRUE,FALSE,53.1720515
120,-2,TRUE,TRUE,9548.8027
120,-1,TRUE,FALSE,150.610227
120,-1,TRUE,TRUE,22180.4683
120,0,TRUE,FALSE,855.299316
120,0,TRUE,TRUE,38907.0885
120,1,TRUE,FALSE,6220.33293
120,1,TRUE,TRUE,215053.265
120,2,TRUE,FALSE,20.5933366
120,2,TRUE,TRUE,39601.5746
120,3,TRUE,TRUE,19407.4573
120,4,TRUE,TRUE,44179.7697
120,5,TRUE,TRUE,158912.808
120,6,TRUE,TRUE,186859.993
120,7,TRUE,TRUE,503213.366
120,8,TRUE,TRUE,471003.156
120,9,TRUE,TRUE,485662.73
120,10,TRUE,TRUE,443997.136
120,11,TRUE,TRUE,616036.93
120,12,TRUE,TRUE,907751.047
120,13,TRUE,TRUE,1099522.41
120,14,TRUE,TRUE,2961265.7
120,15,TRUE,TRUE,27721.5502
120,16,TRUE,TRUE,247369.253
120,17,TRUE,TRUE,219803.304
120,18,TRUE,TRUE,681809.063
120,19,TRUE,TRUE,951281.459
120,20,TRUE,FALSE,48191.1134
120,20,TRUE,TRUE,610184.255
120,21,TRUE,TRUE,802042.51
120,22,TRUE,TRUE,3500463.23
120,23,TRUE,TRUE,1297656.86
120,24,TRUE,TRUE,2453595.39
120,25,TRUE,TRUE,3823883.37
120,26,TRUE,TRUE,5424061.29
120,27,TRUE,TRUE,3724326.8
120,30,TRUE,TRUE,108972.83
120,31,FALSE,FALSE,5716.55029
120,32,TRUE,TRUE,315902.873
120,33,TRUE,TRUE,1530975.22
120,34,TRUE,TRUE,3284169.62
120,35,TRUE,TRUE,6165814.12
120,36,TRUE,FALSE,89347.9133
120,36,TRUE,TRUE,3766151.2
120,37,TRUE,TRUE,3888095.55
120,38,TRUE,TRUE,4700824.18
120,39,TRUE,TRUE,2387401.75
120,40,TRUE,TRUE,1492596.07
120,74,TRUE,TRUE,73.8434023
121,-35,TRUE,TRUE,6274.03105
121,-34,TRUE,TRUE,4960.44664
121,-20,TRUE,TRUE,10867.3509
121,-19,TRUE,TRUE,29532.2315
121,-18,TRUE,TRUE,14666.7084
121,-17,TRUE,TRUE,9881.87847
121,-16,TRUE,TRUE,2636.88792
121,-15,TRUE,TRUE,3601.59322
121,-14,TRUE,TRUE,71.2575135
121,-13,TRUE,FALSE,77.2883328
121,-13,TRUE,TRUE,118834.602
121,-12,TRUE,FALSE,39.4335764
121,-12,TRUE,TRUE,132579.415
121,-11,TRUE,TRUE,35277.0466
121,-10,TRUE,TRUE,62217.939
121,-9,TRUE,TRUE,118243
121,-8,TRUE,TRUE,168620.55
121,-7,TRUE,FALSE,495.895267
121,-7,TRUE,TRUE,62676.992
121,-6,TRUE,FALSE,2996.56783
121,-6,TRUE,TRUE,307761.085
121,-5,TRUE,FALSE,2070.74957
121,-5,TRUE,TRUE,291490.442
121,-4,TRUE,FALSE,156.612704
121,-4,TRUE,TRUE,33943.648
121,-3,TRUE,FALSE,640.537331
121,-3,TRUE,TRUE,123984.146
121,-2,TRUE,FALSE,318.84838
121,-2,TRUE,TRUE,123248.622
121,-1,TRUE,FALSE,208.686307
121,-1,TRUE,TRUE,26741.078
121,0,TRUE,FALSE,140.628423
121,0,TRUE,TRUE,13953.4093
121,1,TRUE,FALSE,2425.2701
121,1,TRUE,TRUE,159511.272
121,2,TRUE,FALSE,20.1577575
121,2,TRUE,TRUE,70607.2996
121,3,TRUE,FALSE,134.788392
121,3,TRUE,TRUE,17942.2405
121,4,TRUE,FALSE,106.806423
121,4,TRUE,TRUE,14739.9371
121,5,TRUE,FALSE,751.332188
121,5,TRUE,TRUE,31786.9138
121,6,TRUE,TRUE,307077.592
121,7,TRUE,TRUE,288018.247
121,8,TRUE,TRUE,199823.852
121,9,TRUE,TRUE,176058.731
121,10,TRUE,TRUE,353269.808
121,11,TRUE,TRUE,280029.834
121,12,TRUE,TRUE,459553.458
121,13,TRUE,TRUE,1452881.36
121,14,TRUE,TRUE,59551.8465
121,15,TRUE,TRUE,7952.82205
121,16,TRUE,TRUE,310.997741
121,18,TRUE,TRUE,83871.4699
121,19,TRUE,TRUE,257055.394
121,20,TRUE,FALSE,64226.5887
121,20,TRUE,TRUE,777808.278
121,21,TRUE,TRUE,1035685.51
121,22,TRUE,TRUE,985140.927
121,23,TRUE,TRUE,640785.426
121,24,TRUE,TRUE,1145619.15
121,25,TRUE,TRUE,2249960.82
121,26,TRUE,TRUE,2911435.94
121,27,TRUE,TRUE,5961559.77
121,28,TRUE,TRUE,8101376.09
121,29,TRUE,TRUE,11480663
121,30,TRUE,TRUE,7559064.91
121,31,TRUE,TRUE,16814879.4
121,32,TRUE,TRUE,4871211.65
121,33,TRUE,TRUE,1492811.91
121,34,TRUE,FALSE,19677.2967
121,34,TRUE,TRUE,2362180.06
121,35,TRUE,FALSE,24103.3443
121,35,TRUE,TRUE,3004247.58
121,36,TRUE,TRUE,2806577.56
121,37,TRUE,TRUE,5399596.22
121,38,TRUE,TRUE,6258729.97
121,39,TRUE,TRUE,3535566.17
121,40,TRUE,TRUE,4080994.96
122,-35,TRUE,FALSE,1823.96502
122,-35,TRUE,TRUE,5781.18376
122,-34,TRUE,FALSE,131.836852
122,-34,TRUE,TRUE,1036.82533
122,-19,TRUE,TRUE,38896.0643
122,-18,TRUE,TRUE,107457.173
122,-17,TRUE,TRUE,42992.9045
122,-16,TRUE,TRUE,8674.08875
122,-15,TRUE,TRUE,1281.07894
122,-14,TRUE,TRUE,2875.85196
122,-13,TRUE,FALSE,127.136173
122,-13,TRUE,TRUE,15809.4682
122,-12,TRUE,FALSE,3375.03148
122,-12,TRUE,TRUE,121235.735
122,-11,TRUE,FALSE,1660.22965
122,-11,TRUE,TRUE,150423.473
122,-10,TRUE,TRUE,148850.719
122,-9,TRUE,TRUE,166139.212
122,-8,TRUE,TRUE,171041.249
122,-7,TRUE,FALSE,112.332838
122,-7,TRUE,TRUE,14724.1092
122,-6,TRUE,FALSE,6040.88945
122,-6,TRUE,TRUE,547974.909
122,-5,TRUE,FALSE,4374.28663
122,-5,TRUE,TRUE,579841.609
122,-4,TRUE,FALSE,4096.72097
122,-4,TRUE,TRUE,783045.176
122,-3,TRUE,FALSE,1685.606
122,-3,TRUE,TRUE,473836.254
122,-2,TRUE,FALSE,1403.09949
122,-2,TRUE,TRUE,200360.156
122,-1,TRUE,FALSE,935.032912
122,-1,TRUE,TRUE,121106.325
122,0,TRUE,FALSE,800.318417
122,0,TRUE,TRUE,97415.0814
122,1,TRUE,FALSE,1727.72408
122,1,TRUE,TRUE,132151.291
122,2,TRUE,FALSE,63.9203298
122,2,TRUE,TRUE,48237.0521
122,3,TRUE,FALSE,182.425431
122,3,TRUE,TRUE,34744.2346
122,4,TRUE,FALSE,119.284805
122,4,TRUE,TRUE,16940.1979
122,5,TRUE,TRUE,31120.218
122,6,TRUE,TRUE,352608.594
122,7,TRUE,TRUE,141684.955
122,8,TRUE,TRUE,248582.448
122,9,TRUE,TRUE,200651.349
122,10,TRUE,TRUE,687459.408
122,11,TRUE,TRUE,319759.613
122,12,TRUE,TRUE,424245.856
122,13,TRUE,TRUE,93581.2227
122,14,TRUE,TRUE,34298.8954
122,15,TRUE,TRUE,12394.3389
122,16,TRUE,TRUE,37238.4375
122,17,TRUE,TRUE,20120.8974
122,18,TRUE,TRUE,133925.957
122,19,TRUE,TRUE,174278.64
122,20,TRUE,FALSE,7699.94227
122,20,TRUE,TRUE,70035.0499
122,21,TRUE,TRUE,443754.453
122,22,TRUE,TRUE,904543.301
122,23,TRUE,TRUE,1120556.41
122,24,TRUE,TRUE,1443714.78
122,25,TRUE,TRUE,1196673.51
122,26,TRUE,TRUE,1764861.05
122,27,TRUE,TRUE,2563876.51
122,28,TRUE,TRUE,5578397.64
122,29,TRUE,TRUE,18888495.5
122,30,TRUE,TRUE,21490001.3
122,31,TRUE,TRUE,12271034.1
122,32,TRUE,TRUE,4480560.39
122,33,TRUE,TRUE,3575645.15
122,34,TRUE,FALSE,31596.5108
122,34,TRUE,TRUE,2765023.47
122,35,TRUE,FALSE,30105.4244
122,35,TRUE,TRUE,2879741.78
122,36,TRUE,TRUE,6990713.47
122,37,TRUE,TRUE,9271638.75
122,38,TRUE,TRUE,2415729.29
122,39,TRUE,TRUE,1823898.68
122,40,TRUE,FALSE,31826.5097
122,40,TRUE,TRUE,1171365.51
123,-35,TRUE,TRUE,970.863946
123,-34,TRUE,TRUE,529.920598
123,-18,TRUE,TRUE,5047.27447
123,-17,TRUE,TRUE,104389.122
123,-16,TRUE,TRUE,15962.5389
123,-15,TRUE,TRUE,9870.15229
123,-14,TRUE,TRUE,155119.435
123,-13,TRUE,TRUE,17436.8647
123,-12,TRUE,FALSE,43.1921724
123,-12,TRUE,TRUE,7777.92271
123,-11,TRUE,FALSE,2597.04324
123,-11,TRUE,TRUE,351428.265
123,-10,TRUE,TRUE,202142.726
123,-9,TRUE,TRUE,199903.152
123,-8,TRUE,TRUE,111841.95
123,-7,TRUE,FALSE,31.6916911
123,-7,TRUE,TRUE,15247.7391
123,-6,TRUE,FALSE,1885.39405
123,-6,TRUE,TRUE,170441.239
123,-5,TRUE,FALSE,1429.78197
123,-5,TRUE,TRUE,182176.5
123,-4,TRUE,FALSE,1110.60988
123,-4,TRUE,TRUE,165183.015
123,-3,TRUE,FALSE,853.852865
123,-3,TRUE,TRUE,129342.941
123,-2,TRUE,FALSE,995.62427
123,-2,TRUE,TRUE,166234.88
123,-1,TRUE,FALSE,631.370426
123,-1,TRUE,TRUE,150243.136
123,0,TRUE,FALSE,1156.61968
123,0,TRUE,TRUE,86231.225
123,1,TRUE,FALSE,1304.24706
123,1,TRUE,TRUE,128459.282
123,2,TRUE,FALSE,37.1806895
123,2,TRUE,TRUE,34619.3516
123,3,TRUE,FALSE,18.0810415
123,3,TRUE,TRUE,40352.32
123,4,TRUE,FALSE,84.1107909
123,4,TRUE,TRUE,86177.5584
123,5,TRUE,TRUE,83431.9909
123,6,TRUE,TRUE,192791.784
123,7,TRUE,TRUE,220752.098
123,8,TRUE,TRUE,576932.662
123,9,TRUE,TRUE,1054828.93
123,10,TRUE,TRUE,1677482.12
123,11,TRUE,TRUE,528369.434
123,12,TRUE,TRUE,295800.646
123,13,TRUE,TRUE,172802.19
123,14,TRUE,TRUE,13261.5056
123,15,TRUE,FALSE,13.844961
123,15,TRUE,TRUE,9332.84322
123,16,TRUE,FALSE,46.9981987
123,16,TRUE,TRUE,20133.6238
123,17,TRUE,FALSE,26.7630138
123,17,TRUE,TRUE,23019.7667
123,18,TRUE,TRUE,62374.0107
123,19,TRUE,TRUE,15078.2649
123,20,TRUE,TRUE,4784.0307
123,21,TRUE,FALSE,74.5433969
123,21,TRUE,TRUE,26.271421
123,22,TRUE,TRUE,4439.20856
123,23,TRUE,TRUE,89924.4973
123,24,TRUE,FALSE,61694.1789
123,24,TRUE,TRUE,333498.39
123,25,TRUE,FALSE,57474.8615
123,25,TRUE,TRUE,224746.152
123,26,TRUE,TRUE,199684.405
123,27,TRUE,TRUE,2121991.25
123,28,TRUE,TRUE,2668043.79
123,29,TRUE,TRUE,4828283.81
123,30,TRUE,TRUE,6162484.51
123,31,TRUE,TRUE,3965877.82
123,32,TRUE,FALSE,6829861.41
123,32,TRUE,TRUE,151352.065
123,33,TRUE,FALSE,5198544.68
123,33,TRUE,TRUE,161711.844
123,34,TRUE,FALSE,3899225.46
123,34,TRUE,TRUE,143141.63
123,35,TRUE,TRUE,2343713.04
123,36,TRUE,TRUE,2680618.84
123,37,TRUE,TRUE,2781358.24
123,38,TRUE,TRUE,1646796.59
123,39,TRUE,TRUE,3198125.22
124,-35,TRUE,TRUE,927.493228
124,-34,TRUE,FALSE,346.488964
124,-34,TRUE,TRUE,730.295547
124,-33,TRUE,TRUE,146.208998
124,-17,TRUE,TRUE,32263.738
124,-16,TRUE,TRUE,180271.283
124,-15,TRUE,TRUE,22109.5608
124,-14,TRUE,TRUE,11855.124
124,-13,TRUE,TRUE,68868.9246
124,-12,TRUE,TRUE,4349.22152
124,-11,TRUE,FALSE,25.8367026
124,-11,TRUE,TRUE,20652.0219
124,-10,TRUE,FALSE,703.528919
124,-10,TRUE,TRUE,52261.0211
124,-9,TRUE,FALSE,4179.37155
124,-9,TRUE,TRUE,382080.675
124,-8,TRUE,FALSE,43.8959054
124,-8,TRUE,TRUE,117582.225
124,-7,TRUE,FALSE,26.9099321
124,-7,TRUE,TRUE,100808.892
124,-6,TRUE,FALSE,649.186938
124,-6,TRUE,TRUE,82205.9796
124,-5,TRUE,FALSE,1173.07156
124,-5,TRUE,TRUE,137420.721
124,-4,TRUE,FALSE,833.204813
124,-4,TRUE,TRUE,102591.778
124,-3,TRUE,FALSE,266.844115
124,-3,TRUE,TRUE,66725.3366
124,-2,TRUE,FALSE,800.058209
124,-2,TRUE,TRUE,111705.689
124,-1,TRUE,FALSE,699.222279
124,-1,TRUE,TRUE,99851.4327
124,0,TRUE,FALSE,1101.60777
124,0,TRUE,TRUE,142423.137
124,1,TRUE,FALSE,2096.96183
124,1,TRUE,TRUE,247649.545
124,2,TRUE,FALSE,59.3316577
124,2,TRUE,TRUE,121635.496
124,3,TRUE,FALSE,13.2068504
124,3,TRUE,TRUE,81287.8949
124,4,TRUE,FALSE,23.4213583
124,4,TRUE,TRUE,59321.925
124,5,TRUE,TRUE,205135.913
124,6,TRUE,TRUE,30957.3179
124,7,TRUE,TRUE,43560.13
124,8,TRUE,TRUE,556670.427
124,9,TRUE,TRUE,511210.905
124,10,TRUE,TRUE,1343762.72
124,11,TRUE,TRUE,454488.004
124,12,TRUE,TRUE,351818.513
124,13,TRUE,TRUE,121627.984
124,14,TRUE,TRUE,61304.5423
124,15,TRUE,TRUE,7280.94028
124,16,TRUE,TRUE,1694.35442
124,17,TRUE,TRUE,1903.508
124,19,TRUE,TRUE,11.8265516
124,21,TRUE,TRUE,1820.92252
124,23,TRUE,TRUE,57422.8313
124,24,TRUE,FALSE,203821.039
124,24,TRUE,TRUE,302482.783
124,25,TRUE,FALSE,22374.5323
124,25,TRUE,TRUE,214290.366
124,26,TRUE,FALSE,141.007263
124,26,TRUE,TRUE,10967.8282
124,27,TRUE,FALSE,920388.191
124,27,TRUE,TRUE,28381.7558
124,28,TRUE,FALSE,1512168.76
124,28,TRUE,TRUE,35000.7252
124,29,TRUE,FALSE,4289437.37
124,29,TRUE,TRUE,76769.2392
124,30,TRUE,FALSE,4654199.06
124,30,TRUE,TRUE,96311.0299
124,31,TRUE,FALSE,6645375.9
124,31,TRUE,TRUE,104017.16
124,32,TRUE,FALSE,4599392.31
124,32,TRUE,TRUE,140195.222
124,33,TRUE,FALSE,2032374.07
124,33,TRUE,TRUE,103381.584
124,34,TRUE,FALSE,1288283.86
124,34,TRUE,TRUE,69602.0395
124,35,TRUE,TRUE,1780636.82
124,36,TRUE,TRUE,1652181.42
124,37,TRUE,FALSE,646894.508
124,37,TRUE,TRUE,394567.835
124,38,TRUE,TRUE,1359355.61
124,39,TRUE,TRUE,1835721.32
124,74,TRUE,TRUE,52.8720136
125,-34,TRUE,TRUE,66.7660938
125,-33,TRUE,FALSE,459.134078
125,-33,TRUE,TRUE,547.169752
125,-16,TRUE,TRUE,14475.4528
125,-15,TRUE,TRUE,119604.164
125,-14,TRUE,TRUE,18449.8757
125,-13,TRUE,FALSE,326.125688
125,-13,TRUE,TRUE,9414.8835
125,-12,TRUE,FALSE,1798.9736
125,-12,TRUE,TRUE,8725.90969
125,-11,TRUE,FALSE,56.5342533
125,-11,TRUE,TRUE,12513.9614
125,-10,TRUE,FALSE,120.874057
125,-10,TRUE,TRUE,8519.9541
125,-9,TRUE,FALSE,3221.7125
125,-9,TRUE,TRUE,307114.033
125,-8,TRUE,FALSE,37.284553
125,-8,TRUE,TRUE,179543.167
125,-7,TRUE,FALSE,4918.80884
125,-7,TRUE,TRUE,178384.491
125,-6,TRUE,FALSE,6835.20872
125,-6,TRUE,TRUE,168399.184
125,-5,TRUE,FALSE,4126.71161
125,-5,TRUE,TRUE,217596.641
125,-4,TRUE,FALSE,5532.60353
125,-4,TRUE,TRUE,283313.4
125,-3,TRUE,FALSE,2385.55176
125,-3,TRUE,TRUE,181125.511
125,-2,TRUE,FALSE,227.091302
125,-2,TRUE,TRUE,78809.5666
125,-1,TRUE,FALSE,204.218955
125,-1,TRUE,TRUE,36213.5269
125,0,TRUE,FALSE,39.9866543
125,0,TRUE,TRUE,110036.992
125,1,TRUE,FALSE,4785.58874
125,1,TRUE,TRUE,387235.338
125,2,TRUE,FALSE,1080.26498
125,2,TRUE,TRUE,147530.04
125,3,TRUE,FALSE,1099.49881
125,3,TRUE,TRUE,102340.466
125,4,TRUE,TRUE,68514.2293
125,5,TRUE,TRUE,255826.024
125,6,TRUE,TRUE,444254.421
125,7,TRUE,TRUE,275084.356
125,8,TRUE,TRUE,20213.1535
125,9,TRUE,TRUE,872130.88
125,10,TRUE,TRUE,365507.862
125,11,TRUE,TRUE,125764.934
125,12,TRUE,TRUE,79168.2384
125,13,TRUE,TRUE,90489.4768
125,14,TRUE,TRUE,72618.5102
125,15,TRUE,TRUE,2584.9231
125,16,TRUE,TRUE,3974.15946
125,17,TRUE,TRUE,1395.723
125,18,TRUE,TRUE,11.2608622
125,19,TRUE,TRUE,2429.49331
125,23,TRUE,TRUE,45220.0749
125,24,TRUE,FALSE,24170.7961
125,24,TRUE,TRUE,268335.115
125,25,TRUE,FALSE,24110.7759
125,25,TRUE,TRUE,217454.237
125,26,TRUE,FALSE,11049.6084
125,26,TRUE,TRUE,197071.924
125,27,TRUE,FALSE,58509.2163
125,27,TRUE,TRUE,25893.7372
125,28,TRUE,FALSE,1625689.57
125,28,TRUE,TRUE,34798.0762
125,29,TRUE,FALSE,1777198.03
125,29,TRUE,TRUE,31609.9478
125,30,TRUE,FALSE,3355053.82
125,30,TRUE,TRUE,70956.1763
125,31,TRUE,FALSE,2972387.71
125,31,TRUE,TRUE,48123.6305
125,32,TRUE,FALSE,306970.845
125,32,TRUE,TRUE,199045.356
125,33,TRUE,TRUE,923601.214
125,34,TRUE,TRUE,3096698.62
125,35,TRUE,TRUE,1848724.74
125,36,TRUE,FALSE,129920.836
125,36,TRUE,TRUE,2337019.03
125,37,TRUE,FALSE,26938.7913
125,37,TRUE,TRUE,1297198.21
125,38,TRUE,TRUE,590742.115
125,39,TRUE,TRUE,89476.8993
126,-34,TRUE,TRUE,159.515117
126,-33,TRUE,TRUE,447.95541
126,-15,TRUE,TRUE,29004.5715
126,-14,TRUE,TRUE,48830.8812
126,-13,TRUE,TRUE,22737.1754
126,-12,TRUE,TRUE,61037.0666
126,-11,TRUE,FALSE,115.522238
126,-11,TRUE,TRUE,7582.64763
126,-10,TRUE,FALSE,40.5303185
126,-10,TRUE,TRUE,6637.66008
126,-9,TRUE,FALSE,674.386282
126,-9,TRUE,TRUE,112288.696
126,-8,TRUE,FALSE,816.25862299999994
126,-8,TRUE,TRUE,99851.0287
126,-7,TRUE,FALSE,31.6952729
126,-7,TRUE,TRUE,22135.2216
126,-6,TRUE,FALSE,51.8970289
126,-6,TRUE,TRUE,33797.5961
126,-5,TRUE,FALSE,879.789229
126,-5,TRUE,TRUE,106677.109
126,-4,TRUE,FALSE,603.61349
126,-4,TRUE,TRUE,71455.5575
126,-3,TRUE,FALSE,3247.83572
126,-3,TRUE,TRUE,290944.867
126,-2,TRUE,FALSE,3998.36625
126,-2,TRUE,TRUE,339667.278
126,-1,TRUE,FALSE,770.911228
126,-1,TRUE,TRUE,277703.924
126,0,TRUE,FALSE,6368.97092
126,0,TRUE,TRUE,330004.147
126,1,TRUE,FALSE,4275.27649
126,1,TRUE,TRUE,244580.74
126,2,TRUE,FALSE,20.9130084
126,2,TRUE,TRUE,126846.904
126,3,TRUE,FALSE,1657.99027
126,3,TRUE,TRUE,201192.421
126,4,TRUE,FALSE,18.0665936
126,4,TRUE,TRUE,153738.588
126,5,TRUE,TRUE,136265.856
126,6,TRUE,TRUE,255512.796
126,7,TRUE,TRUE,155919.331
126,8,TRUE,TRUE,191338.543
126,9,TRUE,TRUE,196194.093
126,10,TRUE,TRUE,167816.366
126,11,TRUE,TRUE,237885.879
126,12,TRUE,TRUE,92361.0516
126,13,TRUE,TRUE,41889.4698
126,14,TRUE,TRUE,34160.7463
126,18,TRUE,TRUE,2656.30702
126,24,TRUE,FALSE,5770.87909
126,24,TRUE,TRUE,224490.68
126,25,TRUE,FALSE,29968.821
126,25,TRUE,TRUE,214183.342
126,26,TRUE,FALSE,20664.0067
126,26,TRUE,TRUE,178911.947
126,27,TRUE,TRUE,15193.1473
126,28,TRUE,FALSE,52455.4853
126,28,TRUE,TRUE,7924.07158
126,29,TRUE,FALSE,572065.698
126,29,TRUE,TRUE,121043.983
126,30,TRUE,FALSE,793195.894
126,30,TRUE,TRUE,106846.927
126,31,TRUE,FALSE,785148.308
126,31,TRUE,TRUE,19191.5886
126,32,TRUE,FALSE,606656.965
126,32,TRUE,TRUE,733827.34
126,33,TRUE,TRUE,3438247.27
126,34,TRUE,TRUE,4340538.57
126,35,TRUE,TRUE,3025305.24
126,36,TRUE,FALSE,47541.5891
126,36,TRUE,TRUE,3453327.26
126,37,TRUE,FALSE,86850.321
126,37,TRUE,TRUE,3896982.58
127,-34,TRUE,TRUE,55.2015888
127,-33,TRUE,TRUE,538.136334
127,-15,TRUE,TRUE,3034.24083
127,-14,TRUE,TRUE,24421.4013
127,-13,TRUE,TRUE,25088.1887
127,-12,TRUE,TRUE,12284.2501
127,-11,TRUE,TRUE,7936.93342
127,-10,TRUE,FALSE,423.92263
127,-10,TRUE,TRUE,36729.8092
127,-9,TRUE,FALSE,565.571552
127,-9,TRUE,TRUE,138784.617
127,-8,TRUE,FALSE,911.290324
127,-8,TRUE,TRUE,116899.155
127,-7,TRUE,FALSE,33.252887
127,-7,TRUE,TRUE,10589.7449
127,-6,TRUE,TRUE,13216.5791
127,-5,TRUE,FALSE,15.5073171
127,-5,TRUE,TRUE,41661.5666
127,-4,TRUE,FALSE,2649.68297
127,-4,TRUE,TRUE,273116.011
127,-3,TRUE,FALSE,1628.8526
127,-3,TRUE,TRUE,187128.353
127,-2,TRUE,FALSE,2455.08729
127,-2,TRUE,TRUE,423046.243
127,-1,TRUE,FALSE,2128.61595
127,-1,TRUE,TRUE,259714.916
127,0,TRUE,FALSE,2767.36616
127,0,TRUE,TRUE,387061.582
127,1,TRUE,FALSE,1835.21685
127,1,TRUE,TRUE,230719.471
127,2,TRUE,FALSE,1574.60953
127,2,TRUE,TRUE,261813.479
127,3,TRUE,FALSE,10.9328242
127,3,TRUE,TRUE,137653.396
127,4,TRUE,FALSE,12624.6377
127,4,TRUE,TRUE,232137.9
127,5,TRUE,TRUE,117029.332
127,6,TRUE,FALSE,18206.953
127,6,TRUE,TRUE,111963.416
127,7,TRUE,TRUE,90113.8353
127,8,TRUE,TRUE,115838.09
127,9,TRUE,TRUE,136410.19
127,10,TRUE,TRUE,162525.394
127,11,TRUE,TRUE,136447.321
127,12,TRUE,TRUE,14968.9757
127,24,TRUE,TRUE,11.3063537
127,25,TRUE,FALSE,10076.2239
127,25,TRUE,TRUE,187765.746
127,26,TRUE,FALSE,488948.65
127,26,TRUE,TRUE,653744.793
127,27,TRUE,FALSE,13496.4802
127,27,TRUE,TRUE,228450.215
127,28,TRUE,FALSE,689.310099
127,28,TRUE,TRUE,208432.751
127,29,TRUE,FALSE,411598.585
127,29,TRUE,TRUE,277778.568
127,30,TRUE,FALSE,527472.658
127,30,TRUE,TRUE,263535.393
127,31,TRUE,FALSE,583918.199
127,31,TRUE,TRUE,16152.1998
127,32,TRUE,FALSE,370403.382
127,32,TRUE,TRUE,663445.077
127,33,TRUE,TRUE,862022.592
127,34,TRUE,TRUE,4090471.63
127,38,TRUE,FALSE,175.681284
127,38,TRUE,TRUE,1474.15527
127,39,TRUE,FALSE,36170.0306
127,39,TRUE,TRUE,232812.184
127,40,TRUE,TRUE,54.4292181
127,73,TRUE,TRUE,77.1343576
128,-33,TRUE,FALSE,386.947797
128,-33,TRUE,TRUE,294.901635
128,-32,TRUE,TRUE,351.020488
128,-16,TRUE,TRUE,4459.82288
128,-15,TRUE,TRUE,6583.33221
128,-14,TRUE,TRUE,16267.4873
128,-13,TRUE,TRUE,45242.588
128,-12,TRUE,TRUE,22836.9498
128,-11,TRUE,TRUE,32008.6518
128,-10,TRUE,FALSE,1214.0390400000001
128,-10,TRUE,TRUE,58261.3886
128,-9,TRUE,FALSE,1109.80554
128,-9,TRUE,TRUE,125216.73
128,-8,TRUE,FALSE,1135.68384
128,-8,TRUE,TRUE,70576.8619
128,-7,TRUE,FALSE,295.737099
128,-7,TRUE,TRUE,25203.1442
128,-6,TRUE,TRUE,27817.3377
128,-5,TRUE,FALSE,652.01479200000006
128,-5,TRUE,TRUE,55091.6813
128,-4,TRUE,FALSE,9455.92819
128,-4,TRUE,TRUE,873651.729
128,-3,TRUE,FALSE,974.950448
128,-3,TRUE,TRUE,158383.293
128,-2,TRUE,FALSE,1064.25674
128,-2,TRUE,TRUE,142849.498
128,-1,TRUE,FALSE,979.005283
128,-1,TRUE,TRUE,195734.466
128,0,TRUE,FALSE,1837.93496
128,0,TRUE,TRUE,416688.288
128,1,TRUE,FALSE,1392.05686
128,1,TRUE,TRUE,181865.194
128,2,TRUE,FALSE,648.510436
128,2,TRUE,TRUE,100623.835
128,3,TRUE,TRUE,8091.14985
128,4,TRUE,TRUE,82233.4394
128,5,TRUE,TRUE,3486.53319
128,6,TRUE,TRUE,4226.40765
128,7,TRUE,FALSE,74.2589314
128,7,TRUE,TRUE,1420.00785
128,8,TRUE,FALSE,185.739163
128,8,TRUE,TRUE,44.0512516
128,23,TRUE,TRUE,1707.33068
128,25,TRUE,FALSE,5700.10018
128,25,TRUE,TRUE,128342.975
128,26,TRUE,FALSE,38642.4146
128,26,TRUE,TRUE,399281.958
128,27,TRUE,TRUE,361883.725
128,28,TRUE,TRUE,378367.743
128,29,TRUE,TRUE,318648.864
128,30,TRUE,TRUE,305561.181
128,31,TRUE,FALSE,60571.7624
128,31,TRUE,TRUE,263566.843
128,32,TRUE,FALSE,228324.809
128,32,TRUE,TRUE,432275.225
128,33,TRUE,FALSE,1099253.72
128,33,TRUE,TRUE,799357.969
128,34,TRUE,TRUE,5278146.43
128,35,TRUE,TRUE,3504464
128,37,TRUE,FALSE,77.6557583
128,37,TRUE,TRUE,20715.5125
128,38,TRUE,FALSE,8261.08762
128,38,TRUE,TRUE,105255.563
128,39,TRUE,FALSE,10046.1643
128,39,TRUE,TRUE,97021.3346
128,40,TRUE,FALSE,5011.5379
128,40,TRUE,TRUE,40352.2971
128,71,TRUE,TRUE,187.06682
128,72,TRUE,TRUE,3035.36184
128,73,TRUE,TRUE,232.149798
129,-32,TRUE,TRUE,754.495707
129,-16,TRUE,TRUE,390.816526
129,-15,TRUE,TRUE,14357.6401
129,-14,TRUE,TRUE,19881.0534
129,-13,TRUE,TRUE,55622.8702
129,-12,TRUE,TRUE,97105.2526
129,-11,TRUE,TRUE,25693.963
129,-10,TRUE,FALSE,121.869413
129,-10,TRUE,TRUE,15817.9184
129,-9,TRUE,FALSE,24.8188173
129,-9,TRUE,TRUE,112988.398
129,-8,TRUE,FALSE,281.847285
129,-8,TRUE,TRUE,31995.997
129,-7,TRUE,FALSE,180.464191
129,-7,TRUE,TRUE,17001.7136
129,-6,TRUE,TRUE,15870.9415
129,-5,TRUE,FALSE,679.344848
129,-5,TRUE,TRUE,120627.38
129,-4,TRUE,FALSE,347.512809
129,-4,TRUE,TRUE,26416.4522
129,-3,TRUE,FALSE,1319.35371
129,-3,TRUE,TRUE,136927.121
129,-2,TRUE,FALSE,1128.67679
129,-2,TRUE,TRUE,137373.524
129,-1,TRUE,FALSE,1355.14406
129,-1,TRUE,TRUE,189269.865
129,0,TRUE,FALSE,9.04461084
129,0,TRUE,TRUE,119680.235
129,1,TRUE,FALSE,44.7813428
129,1,TRUE,TRUE,27080.2627
129,2,TRUE,TRUE,18975.7138
129,6,TRUE,FALSE,486.054037
129,6,TRUE,TRUE,86.8664593
129,7,TRUE,FALSE,448.521763
129,7,TRUE,TRUE,102.517196
129,8,TRUE,FALSE,329.711693
129,8,TRUE,TRUE,24.1699453
129,22,TRUE,TRUE,2266.0409
129,25,TRUE,TRUE,23715.0564
129,26,TRUE,FALSE,3023.00008
129,26,TRUE,TRUE,122932.254
129,27,TRUE,TRUE,324687.58
129,28,TRUE,TRUE,666800.639
129,29,TRUE,TRUE,440764.527
129,30,TRUE,TRUE,508076.654
129,31,TRUE,TRUE,777689.149
129,32,TRUE,TRUE,1251891.62
129,33,TRUE,TRUE,2599584.26
129,34,TRUE,TRUE,2297066.48
129,35,TRUE,TRUE,4680853.78
129,36,TRUE,FALSE,87812.2158
129,36,TRUE,TRUE,1710642.21
129,37,TRUE,FALSE,81807.2635
129,37,TRUE,TRUE,1134745.21
129,38,TRUE,FALSE,10961.7493
129,38,TRUE,TRUE,155051.124
129,39,TRUE,FALSE,2531.58177
129,39,TRUE,TRUE,43873.5782
129,40,TRUE,FALSE,32045.4819
129,40,TRUE,TRUE,167757.601
129,41,TRUE,TRUE,81615.7104
129,71,TRUE,TRUE,701.424825
129,72,TRUE,TRUE,1265.55907
129,73,TRUE,TRUE,134.401561
130,-32,TRUE,TRUE,335.138817
130,-14,TRUE,TRUE,4528.78268
130,-13,TRUE,TRUE,432140.2
130,-12,TRUE,TRUE,50244.5933
130,-11,TRUE,TRUE,24231.998
130,-10,TRUE,FALSE,70.1913807
130,-10,TRUE,TRUE,35859.3171
130,-9,TRUE,TRUE,90592.7271
130,-8,TRUE,FALSE,342.69802
130,-8,TRUE,TRUE,24012.6403
130,-7,TRUE,FALSE,224.597795
130,-7,TRUE,TRUE,19197.971
130,-6,TRUE,FALSE,23.8364323
130,-6,TRUE,TRUE,34305.152
130,-5,TRUE,FALSE,429.994204
130,-5,TRUE,TRUE,41586.0605
130,-4,TRUE,FALSE,1015.8718
130,-4,TRUE,TRUE,104753.375
130,-3,TRUE,FALSE,1043.56069
130,-3,TRUE,TRUE,143129.482
130,-2,TRUE,FALSE,1078.1496
130,-2,TRUE,TRUE,129017.133
130,-1,TRUE,FALSE,3241.97568
130,-1,TRUE,TRUE,236641.172
130,0,TRUE,FALSE,14.1941958
130,0,TRUE,TRUE,20177.6383
130,1,TRUE,FALSE,50.6682197
130,1,TRUE,TRUE,2745.8133
130,6,TRUE,FALSE,297.549913
130,6,TRUE,TRUE,53.8608736
130,8,TRUE,FALSE,1339.78661
130,8,TRUE,TRUE,52.5423299
130,9,TRUE,FALSE,884.701551
130,9,TRUE,TRUE,28.1102674
130,10,TRUE,FALSE,177.977002
130,10,TRUE,TRUE,2583.85578
130,26,TRUE,TRUE,7781.29687
130,27,TRUE,TRUE,148280.242
130,28,TRUE,TRUE,404422.5
130,29,TRUE,TRUE,421041.895
130,30,TRUE,TRUE,801431.712
130,31,TRUE,TRUE,1788128.65
130,32,TRUE,TRUE,981519.995
130,33,TRUE,TRUE,2331409.76
130,34,TRUE,TRUE,1208633.99
130,35,TRUE,TRUE,1073994.62
130,36,TRUE,FALSE,6800.52279
130,36,TRUE,TRUE,543720.769
130,37,TRUE,FALSE,2235.23342
130,37,TRUE,TRUE,338189.492
130,38,TRUE,FALSE,21279.9306
130,38,TRUE,TRUE,163325.026
130,39,TRUE,FALSE,16948.778
130,39,TRUE,TRUE,106791.345
130,40,TRUE,FALSE,24785.7078
130,40,TRUE,TRUE,49317.5257
130,41,TRUE,TRUE,115088.128
130,42,TRUE,TRUE,170376.299
130,70,TRUE,TRUE,202.55029
130,71,TRUE,TRUE,547.333241
130,72,TRUE,TRUE,106.782193
130,73,TRUE,TRUE,60.0677593
131,-33,TRUE,TRUE,169.867579
131,-32,TRUE,TRUE,305.262314
131,-13,TRUE,TRUE,11913.9189
131,-12,TRUE,TRUE,44697.1707
131,-11,TRUE,TRUE,7836.58466
131,-10,TRUE,FALSE,73.749078
131,-10,TRUE,TRUE,38154.6143
131,-9,TRUE,FALSE,41.471403
131,-9,TRUE,TRUE,66434.7267
131,-8,TRUE,FALSE,1025.40987
131,-8,TRUE,TRUE,85298.6863
131,-7,TRUE,FALSE,402.220065
131,-7,TRUE,TRUE,60083.0709
131,-6,TRUE,FALSE,427.162397
131,-6,TRUE,TRUE,41406.4966
131,-5,TRUE,FALSE,450.094189
131,-5,TRUE,TRUE,49470.3252
131,-4,TRUE,FALSE,871.348583
131,-4,TRUE,TRUE,122840.376
131,-3,TRUE,FALSE,1331.40941
131,-3,TRUE,TRUE,137044.649
131,-2,TRUE,FALSE,850.671539
131,-2,TRUE,TRUE,102304.844
131,-1,TRUE,FALSE,4096.06009
131,-1,TRUE,TRUE,347242.585
131,0,TRUE,FALSE,24.6358264
131,0,TRUE,TRUE,9610.56866
131,1,TRUE,FALSE,125.127822
131,1,TRUE,TRUE,3334.08939
131,12,TRUE,TRUE,22.0724135
131,27,TRUE,TRUE,54774.0852
131,28,TRUE,TRUE,147598.963
131,29,TRUE,TRUE,255321.278
131,30,TRUE,TRUE,434528.973
131,31,TRUE,TRUE,1084532.39
131,32,TRUE,TRUE,700271.459
131,33,TRUE,TRUE,2681177.58
131,34,TRUE,TRUE,810769.991
131,35,TRUE,TRUE,551431.902
131,36,TRUE,FALSE,17731.4167
131,36,TRUE,TRUE,236806.51
131,37,TRUE,FALSE,32996.0837
131,37,TRUE,TRUE,222083.007
131,38,TRUE,FALSE,16006.5318
131,38,TRUE,TRUE,143031.267
131,39,TRUE,FALSE,35789.5997
131,39,TRUE,TRUE,166157.772
131,40,TRUE,FALSE,99849.8804
131,40,TRUE,TRUE,140739.737
131,41,TRUE,TRUE,151490.237
131,42,TRUE,TRUE,415600.458
131,43,TRUE,TRUE,530213.641
131,70,TRUE,TRUE,91.0394326
131,71,TRUE,TRUE,111.238823
131,72,TRUE,TRUE,255.866322
131,73,TRUE,TRUE,141.556878
132,-35,TRUE,TRUE,128.150984
132,-34,TRUE,TRUE,180.815503
132,-33,TRUE,FALSE,59.6381383
132,-33,TRUE,TRUE,1212.40645
132,-32,TRUE,TRUE,11.7306054
132,-13,TRUE,TRUE,7240.5324
132,-12,TRUE,TRUE,32717.043
132,-11,TRUE,TRUE,21559.9665
132,-10,TRUE,FALSE,39.6846907
132,-10,TRUE,TRUE,42442.6887
132,-9,TRUE,TRUE,4968.85186
132,-8,TRUE,FALSE,40.6331567
132,-8,TRUE,TRUE,16220.2255
132,-7,TRUE,FALSE,615.462955
132,-7,TRUE,TRUE,71482.5836
132,-6,TRUE,FALSE,1710.51454
132,-6,TRUE,TRUE,266251.994
132,-5,TRUE,FALSE,553.541718
132,-5,TRUE,TRUE,93923.8261
132,-4,TRUE,FALSE,875.000063
132,-4,TRUE,TRUE,98926.9513
132,-3,TRUE,FALSE,1603.49424
132,-3,TRUE,TRUE,172810.29
132,-1,TRUE,FALSE,992.431043
132,-1,TRUE,TRUE,85422.7095
132,0,TRUE,TRUE,4143.68549
132,7,TRUE,TRUE,1549.16672
132,27,TRUE,TRUE,3968.70359
132,28,TRUE,TRUE,24.1326459
132,29,TRUE,TRUE,3979.05628
132,30,TRUE,FALSE,16010.6461
132,30,TRUE,TRUE,97522.3436
132,31,TRUE,TRUE,331088.282
132,32,TRUE,TRUE,960878.516
132,33,TRUE,TRUE,1992538.99
132,34,TRUE,TRUE,2879762.81
132,35,TRUE,TRUE,494261.673
132,36,TRUE,FALSE,752.608578
132,36,TRUE,TRUE,459895.63
132,37,TRUE,FALSE,45024.316
132,37,TRUE,TRUE,96897.2436
132,38,TRUE,FALSE,51834.3531
132,38,TRUE,TRUE,3299.50607
132,39,TRUE,FALSE,251143.619
132,39,TRUE,TRUE,3996.83433
132,40,TRUE,FALSE,57.1168327
132,40,TRUE,TRUE,46937.5576
132,41,TRUE,TRUE,116885.039
132,42,TRUE,FALSE,170719.781
132,42,TRUE,TRUE,608810.559
132,43,TRUE,TRUE,71660.6173
132,71,TRUE,TRUE,79.0320126
133,-36,TRUE,TRUE,970.57206
133,-35,TRUE,TRUE,324.177881
133,-34,TRUE,TRUE,1542.63458
133,-33,TRUE,FALSE,6730.06255
133,-33,TRUE,TRUE,21444.9763
133,-12,TRUE,TRUE,21781.9773
133,-11,TRUE,TRUE,14577.7041
133,-10,TRUE,TRUE,55967.4613
133,-9,TRUE,TRUE,9328.26303
133,-8,TRUE,FALSE,919.287833
133,-8,TRUE,TRUE,166088.627
133,-7,TRUE,FALSE,971.207596
133,-7,TRUE,TRUE,170715.144
133,-6,TRUE,FALSE,1120.40509
133,-6,TRUE,TRUE,125605.553
133,-5,TRUE,FALSE,910.17288
133,-5,TRUE,TRUE,120220.213
133,-4,TRUE,FALSE,1252.69681
133,-4,TRUE,TRUE,100076.798
133,-3,TRUE,FALSE,4474.17947
133,-3,TRUE,TRUE,456507.433
133,-1,TRUE,FALSE,963.436286
133,-1,TRUE,TRUE,107909.384
133,0,TRUE,TRUE,3278.77655
133,6,TRUE,FALSE,79.777718
133,6,TRUE,TRUE,5801.82465
133,7,TRUE,FALSE,2936.17516
133,7,TRUE,TRUE,12418.5357
133,8,TRUE,TRUE,117.441829
133,30,TRUE,FALSE,444.629835
133,30,TRUE,TRUE,40395.128
133,31,TRUE,TRUE,211489.337
133,32,TRUE,FALSE,5655.27426
133,32,TRUE,TRUE,652957.428
133,33,TRUE,TRUE,774259.283
133,34,TRUE,TRUE,3449073.14
133,35,TRUE,FALSE,5825.71686
133,35,TRUE,TRUE,589395.366
133,36,TRUE,FALSE,1111.17769
133,36,TRUE,TRUE,492396.007
133,37,TRUE,FALSE,44188.0387
133,37,TRUE,TRUE,95293.4196
133,38,TRUE,FALSE,1218.25357
133,38,TRUE,TRUE,24244.1237
133,39,TRUE,FALSE,76859.3758
133,39,TRUE,TRUE,4596.16448
133,40,TRUE,FALSE,82.3100351
133,41,TRUE,TRUE,5138.11834
133,42,TRUE,FALSE,35892.1313
133,42,TRUE,TRUE,327788.77
133,71,TRUE,TRUE,97.9868257
133,74,TRUE,TRUE,74.6611724
134,-36,TRUE,TRUE,24406.8721
134,-35,TRUE,TRUE,2983.17444
134,-34,TRUE,TRUE,3838.21434
134,-33,TRUE,FALSE,1797.20033
134,-33,TRUE,TRUE,6129.45285
134,-13,TRUE,TRUE,4091.6826
134,-12,TRUE,TRUE,26653.3243
134,-11,TRUE,TRUE,17566.5995
134,-10,TRUE,TRUE,56316.6667
134,-9,TRUE,TRUE,38238.3095
134,-8,TRUE,FALSE,1395.93614
134,-8,TRUE,TRUE,227094.132
134,-7,TRUE,FALSE,367.590746
134,-7,TRUE,TRUE,73651.9141
134,-6,TRUE,FALSE,2192.2941
134,-6,TRUE,TRUE,230461.068
134,-5,TRUE,FALSE,730.18493
134,-5,TRUE,TRUE,91119.5518
134,-4,TRUE,FALSE,210.930165
134,-4,TRUE,TRUE,15125.2101
134,-3,TRUE,FALSE,610.319533
134,-3,TRUE,TRUE,60527.8666
134,-2,TRUE,FALSE,723.922862
134,-2,TRUE,TRUE,74676.5919
134,-1,TRUE,FALSE,2431.65315
134,-1,TRUE,TRUE,167054.274
134,6,TRUE,FALSE,1255.35865
134,6,TRUE,TRUE,4841.74555
134,7,TRUE,FALSE,16344.5986
134,7,TRUE,TRUE,14159.1361
134,8,TRUE,TRUE,48.3709712
134,31,TRUE,TRUE,10738.0869
134,32,TRUE,TRUE,560945.406
134,33,TRUE,TRUE,1168871.66
134,34,TRUE,TRUE,2860838.08
134,35,TRUE,TRUE,338824.629
134,36,TRUE,TRUE,253832.774
134,37,TRUE,FALSE,65.9803022
134,37,TRUE,TRUE,187121.039
134,38,TRUE,TRUE,45997.5636
134,39,TRUE,FALSE,702.423341
134,39,TRUE,TRUE,88.969366
134,40,TRUE,FALSE,296.530021
134,40,TRUE,TRUE,73.6227138
134,42,TRUE,FALSE,22746.3031
134,42,TRUE,TRUE,91842.9954
134,43,TRUE,FALSE,10951.6543
134,43,TRUE,TRUE,31149.5795
134,71,TRUE,TRUE,69.1586463
134,73,TRUE,TRUE,39.1912357
135,-37,TRUE,TRUE,1062.24253
135,-36,TRUE,TRUE,30488.6911
135,-35,TRUE,TRUE,159746.995
135,-34,TRUE,TRUE,126.393378
135,-16,TRUE,TRUE,104.570391
135,-15,TRUE,TRUE,9291.30537
135,-14,TRUE,TRUE,1418.9763
135,-13,TRUE,TRUE,22181.43
135,-12,TRUE,TRUE,29161.1212
135,-11,TRUE,TRUE,27108.9376
135,-10,TRUE,FALSE,170.023853
135,-10,TRUE,TRUE,76266.0827
135,-9,TRUE,FALSE,1049.15276
135,-9,TRUE,TRUE,99643.3274
135,-8,TRUE,FALSE,711.31519
135,-8,TRUE,TRUE,82264.0221
135,-7,TRUE,FALSE,790.686721
135,-7,TRUE,TRUE,131440.5
135,-6,TRUE,FALSE,1677.97296
135,-6,TRUE,TRUE,159368.865
135,-5,TRUE,FALSE,211.234304
135,-5,TRUE,TRUE,34815.3623
135,-4,TRUE,FALSE,717.880016
135,-4,TRUE,TRUE,76999.0833
135,-3,TRUE,FALSE,471.796905
135,-3,TRUE,TRUE,36207.8333
135,-2,TRUE,FALSE,693.221363
135,-2,TRUE,TRUE,66178.4515
135,-1,TRUE,FALSE,311.455615
135,-1,TRUE,TRUE,31864.4572
135,0,TRUE,TRUE,204.657741
135,8,TRUE,TRUE,1149.22417
135,31,TRUE,TRUE,5806.5311600000005
135,32,TRUE,TRUE,201594.595
135,33,TRUE,TRUE,1405190.57
135,34,TRUE,TRUE,2724630.84
135,35,TRUE,TRUE,522191.009
135,36,TRUE,TRUE,388207.276
135,37,TRUE,TRUE,142482.679
135,38,TRUE,TRUE,49278.3259
135,39,TRUE,FALSE,530.756499
135,39,TRUE,TRUE,41.2945699
135,40,TRUE,FALSE,492.850459
135,40,TRUE,TRUE,2999.18548
135,41,TRUE,FALSE,736.632065
135,41,TRUE,TRUE,70.1092665
135,42,TRUE,TRUE,38169.7362
135,43,TRUE,FALSE,16960.7458
135,43,TRUE,TRUE,80139.6309
135,44,TRUE,FALSE,1492.97947
135,44,TRUE,TRUE,6477.2725
135,54,TRUE,FALSE,2757.28129
135,54,TRUE,TRUE,3038.76262
135,55,TRUE,TRUE,212.790765
135,71,TRUE,TRUE,199.438343
135,74,TRUE,TRUE,84.3059814
135,75,TRUE,TRUE,160.246747
135,76,TRUE,TRUE,76.0854032
136,-37,TRUE,TRUE,5173.98994
136,-36,TRUE,TRUE,44823.1338
136,-35,TRUE,TRUE,46422.2307
136,-34,TRUE,TRUE,4478.04418
136,-16,TRUE,TRUE,81988.08
136,-15,TRUE,TRUE,15779.1074
136,-14,TRUE,TRUE,76292.4213
136,-13,TRUE,TRUE,117513.543
136,-12,TRUE,TRUE,56997.5319
136,-11,TRUE,TRUE,62922.8856
136,-10,TRUE,FALSE,271.332108
136,-10,TRUE,TRUE,63468.9327
136,-9,TRUE,FALSE,1173.88962
136,-9,TRUE,TRUE,153726.084
136,-8,TRUE,FALSE,823.336811
136,-8,TRUE,TRUE,104467.558
136,-7,TRUE,FALSE,391.97419
136,-7,TRUE,TRUE,50076.6648
136,-6,TRUE,FALSE,823.36894
136,-6,TRUE,TRUE,86452.7803
136,-5,TRUE,FALSE,638.968164
136,-5,TRUE,TRUE,138541.826
136,-3,TRUE,FALSE,20.5891434
136,-3,TRUE,TRUE,18571.7125
136,-2,TRUE,FALSE,1857.42033
136,-2,TRUE,TRUE,197912.32
136,-1,TRUE,TRUE,9729.22279
136,25,TRUE,TRUE,24.7181987
136,32,TRUE,FALSE,1730.56543
136,32,TRUE,TRUE,6445.10588
136,33,TRUE,TRUE,957860.252
136,34,TRUE,TRUE,1768559.87
136,35,TRUE,TRUE,741518.029
136,36,TRUE,TRUE,558310.48
136,37,TRUE,TRUE,407400.981
136,38,TRUE,TRUE,83996.803
136,39,TRUE,TRUE,20911.5671
136,40,TRUE,TRUE,11462.35
136,41,TRUE,FALSE,171.411179
136,41,TRUE,TRUE,13008.6425
136,42,TRUE,TRUE,25204.4632
136,43,TRUE,FALSE,280.686278
136,43,TRUE,TRUE,34396.3387
136,44,TRUE,FALSE,18570.8823
136,44,TRUE,TRUE,76166.0129
136,45,TRUE,FALSE,30.317699
136,45,TRUE,TRUE,1601.14189
136,53,TRUE,TRUE,18.5659229
136,54,TRUE,FALSE,31.9604517
136,54,TRUE,TRUE,438.390688
136,55,TRUE,TRUE,53.2591383
136,71,TRUE,TRUE,2188.59468
136,75,TRUE,TRUE,170.76071
136,76,TRUE,TRUE,73.9913614
137,-37,TRUE,TRUE,4171.26396
137,-36,TRUE,TRUE,123436.826
137,-35,TRUE,TRUE,7462.37157
137,-34,TRUE,TRUE,150494.553
137,-33,TRUE,TRUE,38395.3721
137,-17,TRUE,TRUE,836.025327
137,-16,TRUE,TRUE,21538.7144
137,-15,TRUE,TRUE,2443.37547
137,-14,TRUE,TRUE,2532.10265
137,-13,TRUE,TRUE,8868.58127
137,-12,TRUE,TRUE,11479.0273
137,-11,TRUE,TRUE,79752.5229
137,-10,TRUE,FALSE,188.292479
137,-10,TRUE,TRUE,96584.0381
137,-9,TRUE,FALSE,693.911895
137,-9,TRUE,TRUE,83377.9415
137,-8,TRUE,FALSE,267.202875
137,-8,TRUE,TRUE,30921.8503
137,-7,TRUE,FALSE,47.2283766
137,-7,TRUE,TRUE,7459.68607
137,-6,TRUE,FALSE,179.93340799999999
137,-6,TRUE,TRUE,21017.1344
137,-5,TRUE,TRUE,583.544595
137,-3,TRUE,TRUE,88.2734411
137,-2,TRUE,FALSE,669.941608
137,-2,TRUE,TRUE,69835.7573
137,-1,TRUE,FALSE,41.6310374
137,-1,TRUE,TRUE,12730.6212
137,9,TRUE,FALSE,13641.5783
137,9,TRUE,TRUE,1773.63678
137,28,TRUE,TRUE,24.9165516
137,30,TRUE,TRUE,25.8179186
137,31,TRUE,TRUE,2941.39529
137,33,TRUE,TRUE,522168.175
137,34,TRUE,TRUE,1242452.06
137,36,TRUE,TRUE,247544.885
137,37,TRUE,TRUE,732722.028
137,38,TRUE,TRUE,202319.459
137,39,TRUE,FALSE,2775.07166
137,39,TRUE,TRUE,72027.5901
137,40,TRUE,FALSE,411.384225
137,40,TRUE,TRUE,46635.7345
137,41,TRUE,TRUE,19111.845
137,42,TRUE,FALSE,156.907261
137,42,TRUE,TRUE,8279.99245
137,43,TRUE,TRUE,1754.10329
137,44,TRUE,TRUE,18109.5015
137,45,TRUE,FALSE,10729.1193
137,45,TRUE,TRUE,49339.608
137,46,TRUE,FALSE,9.95489802
137,46,TRUE,TRUE,141.788982
137,53,TRUE,FALSE,10.011203
137,53,TRUE,TRUE,469.619335
137,54,TRUE,FALSE,230.331612
137,54,TRUE,TRUE,587.45408
137,55,TRUE,TRUE,372.304097
137,56,TRUE,TRUE,484.228002
137,71,TRUE,TRUE,339.592588
137,74,TRUE,TRUE,93.9576932
137,75,TRUE,TRUE,483.194602
138,-37,TRUE,TRUE,20751.7546
138,-36,TRUE,TRUE,112110.368
138,-35,TRUE,TRUE,446190.921
138,-34,TRUE,TRUE,946.157339
138,-17,TRUE,TRUE,9525.22164
138,-16,TRUE,TRUE,4032.1178
138,-15,TRUE,TRUE,678.691214
138,-14,TRUE,TRUE,666.35075
138,-13,TRUE,TRUE,1184.79243
138,-12,TRUE,TRUE,3987.09909
138,-11,TRUE,FALSE,83.1894364
138,-11,TRUE,TRUE,78154.9714
138,-10,TRUE,FALSE,1327.14685
138,-10,TRUE,TRUE,115625.109
138,-9,TRUE,FALSE,403.781808
138,-9,TRUE,TRUE,45172.6924
138,-8,TRUE,FALSE,363.708832
138,-8,TRUE,TRUE,40550.0605
138,-7,TRUE,FALSE,159.755058
138,-7,TRUE,TRUE,16761.3652
138,-6,TRUE,FALSE,163.684469
138,-6,TRUE,TRUE,16577.9894
138,-2,TRUE,FALSE,1028.23778
138,-2,TRUE,TRUE,80252.456
138,-1,TRUE,TRUE,4234.29297
138,8,TRUE,TRUE,1344.82258
138,9,TRUE,TRUE,1115.68851
138,10,TRUE,FALSE,15295.5364
138,10,TRUE,TRUE,2705.64143
138,32,TRUE,FALSE,110.803581
138,32,TRUE,TRUE,33579.957
138,33,TRUE,TRUE,200208.507
138,34,TRUE,TRUE,1164265.4
138,35,TRUE,TRUE,376313.964
138,37,TRUE,TRUE,500349.586
138,38,TRUE,TRUE,458963.513
138,39,TRUE,FALSE,7669.37941
138,39,TRUE,TRUE,34960.0958
138,40,TRUE,FALSE,8003.73344
138,40,TRUE,TRUE,155364.877
138,41,TRUE,FALSE,3410.83162
138,41,TRUE,TRUE,27752.6193
138,42,TRUE,FALSE,2531.3168
138,42,TRUE,TRUE,7987.36081
138,43,TRUE,FALSE,477.007703
138,43,TRUE,TRUE,17847.2562
138,44,TRUE,TRUE,26636.3931
138,45,TRUE,TRUE,46556.1092
138,46,TRUE,TRUE,36552.4107
138,47,TRUE,TRUE,4881.71872
138,53,TRUE,TRUE,210.515872
138,54,TRUE,TRUE,191.626328
138,55,TRUE,TRUE,208.06571
138,74,TRUE,TRUE,84.1962371
138,76,TRUE,TRUE,131.883952
139,-39,TRUE,TRUE,883.194327
139,-38,TRUE,FALSE,194.866
139,-38,TRUE,TRUE,22271.1826
139,-37,TRUE,TRUE,2062.18689
139,-36,TRUE,TRUE,64.3440634
139,-18,TRUE,TRUE,8889.01769
139,-17,TRUE,TRUE,15933.8323
139,-16,TRUE,TRUE,1474.87634
139,-15,TRUE,TRUE,557.406554
139,-14,TRUE,TRUE,531.228998
139,-13,TRUE,FALSE,26.6345034
139,-13,TRUE,TRUE,405.833335
139,-12,TRUE,TRUE,14169.0219
139,-11,TRUE,FALSE,125.384145
139,-11,TRUE,TRUE,101150.831
139,-10,TRUE,FALSE,1443.84708
139,-10,TRUE,TRUE,137266.661
139,-9,TRUE,FALSE,1377.91843
139,-9,TRUE,TRUE,101964.458
139,-8,TRUE,FALSE,146.36293
139,-8,TRUE,TRUE,11941.6583
139,-3,TRUE,FALSE,283.020159
139,-3,TRUE,TRUE,30602.0777
139,-2,TRUE,FALSE,861.769363
139,-2,TRUE,TRUE,81937.1187
139,-1,TRUE,TRUE,11448.0525
139,8,TRUE,TRUE,2326.6362
139,9,TRUE,TRUE,1127.02289
139,10,TRUE,TRUE,1106.39347
139,32,TRUE,FALSE,9888.54763
139,32,TRUE,TRUE,25491.5865
139,33,TRUE,TRUE,199747.117
139,34,TRUE,TRUE,956265.283
139,35,TRUE,TRUE,2682568.46
139,37,TRUE,TRUE,299897.432
139,38,TRUE,TRUE,396078.438
139,39,TRUE,TRUE,367901.199
139,40,TRUE,TRUE,376284.475
139,41,TRUE,TRUE,292464.193
139,42,TRUE,TRUE,270833.229
139,43,TRUE,TRUE,15909.3069
139,44,TRUE,FALSE,148.7485
139,44,TRUE,TRUE,30194.2988
139,45,TRUE,TRUE,76508.5171
139,46,TRUE,TRUE,38699.1865
139,47,TRUE,FALSE,267.824291
139,47,TRUE,TRUE,46535.509
139,48,TRUE,TRUE,975.15235499999994
139,54,TRUE,TRUE,1080.19911
139,55,TRUE,TRUE,273.767473
139,57,TRUE,TRUE,46.0161607
139,73,TRUE,TRUE,42.703209
139,75,TRUE,TRUE,93.9767782
139,76,TRUE,TRUE,62.1134587
140,-39,TRUE,TRUE,37286.1618
140,-38,TRUE,FALSE,7.06452748
140,-38,TRUE,TRUE,2188.59065
140,-18,TRUE,TRUE,24193.938
140,-17,TRUE,TRUE,4527.04406
140,-16,TRUE,TRUE,694.74266
140,-15,TRUE,TRUE,1199.72855
140,-14,TRUE,TRUE,879.502868
140,-13,TRUE,TRUE,6849.58791
140,-12,TRUE,TRUE,12921.2927
140,-11,TRUE,TRUE,65980.8464
140,-10,TRUE,FALSE,470.029278
140,-10,TRUE,TRUE,44077.4925
140,-9,TRUE,FALSE,1685.84351
140,-9,TRUE,TRUE,143907.497
140,-3,TRUE,FALSE,1547.97634
140,-3,TRUE,TRUE,148022.754
140,-2,TRUE,TRUE,12622.1397
140,24,TRUE,FALSE,504.670664
140,24,TRUE,TRUE,37.9803472
140,28,TRUE,TRUE,1262.93812
140,29,TRUE,TRUE,1076.38156
140,32,TRUE,FALSE,1180.75753
140,32,TRUE,TRUE,41625.1438
140,33,TRUE,TRUE,145267.492
140,34,TRUE,TRUE,461301.572
140,35,TRUE,TRUE,1289985.19
140,36,TRUE,TRUE,920444.577
140,37,TRUE,TRUE,74497.8903
140,38,TRUE,TRUE,610.748817
140,39,TRUE,TRUE,27241.9062
140,40,TRUE,TRUE,196831.499
140,41,TRUE,TRUE,888925.458
140,42,TRUE,TRUE,277349.926
140,43,TRUE,TRUE,253519.024
140,44,TRUE,TRUE,40394.8313
140,45,TRUE,TRUE,109573.351
140,46,TRUE,TRUE,20495.1679
140,47,TRUE,TRUE,29132.9328
140,48,TRUE,TRUE,84414.4488
140,49,TRUE,TRUE,94264.6872
140,50,TRUE,TRUE,7910.89033
140,51,TRUE,TRUE,38248.6221
140,53,TRUE,TRUE,2633.88916
140,54,TRUE,TRUE,1043.2964
140,58,TRUE,TRUE,40.894548
140,72,TRUE,TRUE,48.1672414
140,73,TRUE,TRUE,43.0227445
140,76,TRUE,TRUE,116.755703
141,-40,TRUE,TRUE,1266.4237
141,-39,TRUE,TRUE,92731.9173
141,-17,TRUE,TRUE,4224.75558
141,-16,TRUE,TRUE,4685.89551
141,-15,TRUE,TRUE,4061.89515
141,-14,TRUE,TRUE,7488.47497
141,-13,TRUE,TRUE,184350.538
141,-12,TRUE,TRUE,80438.1592
141,-11,TRUE,TRUE,95090.3579
141,-10,TRUE,TRUE,18741.2192
141,-3,TRUE,FALSE,1194.50174
141,-3,TRUE,TRUE,81073.9992
141,-2,TRUE,TRUE,30366.477
141,32,TRUE,TRUE,238.43517
141,33,TRUE,TRUE,933.129089
141,34,TRUE,TRUE,21.0590095
141,35,TRUE,TRUE,342416.867
141,36,TRUE,TRUE,573685.933
141,37,TRUE,TRUE,414778.148
141,38,TRUE,TRUE,968602.322
141,39,TRUE,TRUE,212181.238
141,40,TRUE,TRUE,711507.475
141,41,TRUE,TRUE,800730.654
141,42,TRUE,TRUE,455068.635
141,43,TRUE,TRUE,195299.293
141,44,TRUE,TRUE,78675.9638
141,45,TRUE,TRUE,388581.121
141,46,TRUE,TRUE,127229.808
141,47,TRUE,TRUE,46742.0155
141,48,TRUE,TRUE,31417.291
141,49,TRUE,TRUE,91205.413
141,50,TRUE,TRUE,6306.36951
141,51,TRUE,TRUE,9598.03083
141,52,TRUE,TRUE,12316.4272
141,53,TRUE,TRUE,12408.3858
141,54,TRUE,TRUE,1125.04785
141,58,TRUE,TRUE,1287.15509
141,73,TRUE,TRUE,184.765027
141,74,TRUE,TRUE,82.1694894
141,76,TRUE,TRUE,64.8524636
142,-40,TRUE,TRUE,34414.4398
142,-39,TRUE,TRUE,81013.4126
142,-12,TRUE,TRUE,76675.3906
142,-11,TRUE,TRUE,241824.697
142,-10,TRUE,TRUE,69032.4665
142,-9,TRUE,FALSE,33.7943729
142,-9,TRUE,TRUE,6661.79718
142,-4,TRUE,TRUE,9855.01769
142,-3,TRUE,FALSE,47.3953052
142,-3,TRUE,TRUE,55002.2661
142,26,FALSE,FALSE,328.672591
142,27,FALSE,FALSE,312.54643600000003
142,28,TRUE,TRUE,1360.60276
142,34,TRUE,TRUE,20.7609735
142,35,TRUE,FALSE,8246.25377
142,35,TRUE,TRUE,38194.9203
142,36,TRUE,FALSE,4532.51979
142,36,TRUE,TRUE,62871.0585
142,37,TRUE,FALSE,9183.87104
142,37,TRUE,TRUE,31065.2732
142,38,TRUE,FALSE,24143.0054
142,38,TRUE,TRUE,55182.3
142,39,TRUE,TRUE,606880.028
142,40,TRUE,TRUE,133966.323
142,41,TRUE,TRUE,325978.52
142,42,TRUE,TRUE,82613.6682
142,44,TRUE,TRUE,7523.07267
142,45,TRUE,TRUE,165764.708
142,46,TRUE,TRUE,519222.546
142,47,TRUE,TRUE,9077.93444
142,48,TRUE,TRUE,2253.6418
142,49,TRUE,TRUE,65800.4613
142,50,TRUE,TRUE,217.211071
142,51,TRUE,TRUE,112.219729
142,53,TRUE,TRUE,4357.5837
142,54,TRUE,TRUE,4164.87291
142,58,TRUE,TRUE,1393.46101
142,59,TRUE,TRUE,1103.00557
142,72,TRUE,TRUE,29.1030578
142,74,TRUE,TRUE,88.797024
143,-42,TRUE,TRUE,15.1619755
143,-41,TRUE,FALSE,100.302757
143,-41,TRUE,TRUE,5385.49312
143,-40,TRUE,TRUE,70268.7281
143,-39,TRUE,TRUE,41654.3059
143,-15,TRUE,TRUE,4173.91942
143,-14,TRUE,FALSE,179.610614
143,-14,TRUE,TRUE,55558.6049
143,-13,TRUE,TRUE,182281.89
143,-12,TRUE,TRUE,71761.6999
143,-11,TRUE,TRUE,49576.6868
143,-10,TRUE,TRUE,128795.543
143,-9,TRUE,FALSE,641.812025
143,-9,TRUE,TRUE,37267.4064
143,-8,TRUE,FALSE,75.6182894
143,-8,TRUE,TRUE,4446.83143
143,-4,TRUE,FALSE,64.988559
143,-4,TRUE,TRUE,59848.9333
143,-3,TRUE,TRUE,14009.8658
143,35,TRUE,FALSE,112.840652
143,35,TRUE,TRUE,305.818492
143,36,TRUE,FALSE,571.26996
143,36,TRUE,TRUE,210.790764
143,37,TRUE,FALSE,228.385888
143,37,TRUE,TRUE,7566.14761
143,38,TRUE,FALSE,1943.5465
143,38,TRUE,TRUE,11312.1363
143,39,TRUE,FALSE,3778.25697
143,39,TRUE,TRUE,13923.7057
143,40,TRUE,FALSE,786.767415
143,40,TRUE,TRUE,13901.8774
143,41,TRUE,TRUE,363674.489
143,42,TRUE,TRUE,305747.212
143,44,TRUE,TRUE,195514.467
143,45,TRUE,TRUE,74787.2609
143,46,TRUE,TRUE,59039.3134
143,47,TRUE,TRUE,3750.55273
143,48,TRUE,TRUE,2806.10378
143,49,TRUE,TRUE,5461.10482
143,50,TRUE,TRUE,1227.89087
143,51,TRUE,TRUE,18127.4474
143,52,TRUE,TRUE,11412.8978
143,53,TRUE,TRUE,3556.95328
143,54,TRUE,TRUE,1174.6994
143,55,TRUE,TRUE,258.049138
143,58,TRUE,TRUE,486.991587
143,59,TRUE,TRUE,13637.6896
143,72,TRUE,TRUE,28.1428492
144,-43,TRUE,TRUE,1949.85627
144,-42,TRUE,FALSE,147.793195
144,-42,TRUE,TRUE,12030.5267
144,-41,TRUE,TRUE,23376.4744
144,-40,TRUE,TRUE,51467.8815
144,-39,TRUE,TRUE,579217.868
144,-38,TRUE,TRUE,740672.762
144,-15,TRUE,TRUE,124787.544
144,-14,TRUE,TRUE,39288.3967
144,-13,TRUE,TRUE,525.471614
144,-12,TRUE,TRUE,706.335549
144,-11,TRUE,TRUE,4775.26125
144,-10,TRUE,TRUE,43372.2402
144,-9,TRUE,FALSE,1068.32414
144,-9,TRUE,TRUE,99250.9477
144,-8,TRUE,FALSE,417.641521
144,-8,TRUE,TRUE,32063.4732
144,-5,TRUE,TRUE,1209.64952
144,-4,TRUE,FALSE,1533.08165
144,-4,TRUE,TRUE,162742.864
144,-3,TRUE,FALSE,620.525307
144,-3,TRUE,TRUE,14998.2668
144,13,TRUE,TRUE,72285.7975
144,14,TRUE,TRUE,14396.666
144,15,TRUE,TRUE,4384.02116
144,37,TRUE,TRUE,208.43105
144,38,TRUE,TRUE,819.360269
144,39,TRUE,TRUE,3063.21991
144,41,TRUE,TRUE,132056.754
144,42,TRUE,TRUE,365239.319
144,43,TRUE,TRUE,6318.91221
144,44,TRUE,TRUE,87616.0397
144,45,TRUE,TRUE,17803.4209
144,46,TRUE,TRUE,33171.0327
144,47,TRUE,TRUE,10796.0808
144,48,TRUE,TRUE,7339.57237
144,49,TRUE,TRUE,7289.39535
144,50,TRUE,TRUE,10712.9415
144,51,TRUE,TRUE,16678.6409
144,52,TRUE,TRUE,2783.81614
144,53,TRUE,TRUE,1696.35726
144,54,TRUE,TRUE,1173.8157
144,58,TRUE,TRUE,180.516492
144,59,TRUE,TRUE,1416.49595
144,72,TRUE,TRUE,79.5994963
144,73,TRUE,TRUE,45.7996857
144,74,TRUE,TRUE,101.125432
145,-59,TRUE,TRUE,192.26534
145,-44,TRUE,TRUE,4644.03421
145,-43,TRUE,FALSE,2168.25254
145,-43,TRUE,TRUE,190660.896
145,-42,TRUE,TRUE,6956.1103
145,-41,TRUE,TRUE,102509.453
145,-40,TRUE,TRUE,110292.419
145,-39,TRUE,TRUE,420353.227
145,-18,TRUE,TRUE,1805.67577
145,-17,TRUE,TRUE,1099052.51
145,-16,TRUE,TRUE,235251.989
145,-15,TRUE,TRUE,133369.615
145,-14,TRUE,TRUE,875.025839
145,-13,TRUE,TRUE,420.855253
145,-12,TRUE,TRUE,1747.63187
145,-11,TRUE,TRUE,16233.653
145,-10,TRUE,FALSE,308.022417
145,-10,TRUE,TRUE,47784.2679
145,-9,TRUE,FALSE,381.609132
145,-9,TRUE,TRUE,48660.1957
145,-8,TRUE,FALSE,18.2595715
145,-8,TRUE,TRUE,5972.54252
145,-6,TRUE,TRUE,68396.5073
145,-5,TRUE,FALSE,918.689319
145,-5,TRUE,TRUE,99629.0064
145,-4,TRUE,FALSE,3775.39935
145,-4,TRUE,TRUE,124033.166
145,-3,TRUE,FALSE,228.985018
145,-3,TRUE,TRUE,104451.15
145,-2,TRUE,FALSE,208.025194
145,-2,TRUE,TRUE,166472.944
145,2,TRUE,TRUE,240.040984
145,3,TRUE,FALSE,321.976165
145,3,TRUE,TRUE,1322.10785
145,12,TRUE,TRUE,23.4492225
145,13,TRUE,TRUE,3362.55693
145,14,TRUE,TRUE,11689.9734
145,15,TRUE,TRUE,66201.1531
145,41,TRUE,TRUE,32955.9794
145,42,TRUE,TRUE,220808.278
145,43,TRUE,TRUE,171946.565
145,44,TRUE,TRUE,80295.5925
145,45,TRUE,TRUE,2061.38407
145,46,TRUE,TRUE,14542.426
145,47,TRUE,TRUE,4028.64485
145,48,TRUE,TRUE,7772.6476
145,49,TRUE,TRUE,5474.91785
145,50,TRUE,TRUE,1311.76805
145,51,TRUE,TRUE,1913.94588
145,52,TRUE,TRUE,574.528972
145,53,TRUE,TRUE,97.0806928
145,58,TRUE,TRUE,207.080554
145,59,TRUE,TRUE,1811.35215
145,71,TRUE,TRUE,151.229322
145,72,TRUE,TRUE,108.049994
145,74,TRUE,TRUE,97.2033967
146,-45,TRUE,TRUE,16.3064301
146,-44,TRUE,TRUE,25822.9542
146,-42,TRUE,TRUE,277649.148
146,-41,TRUE,TRUE,79585.1988
146,-40,TRUE,TRUE,115246.15
146,-39,TRUE,FALSE,8.73627151
146,-39,TRUE,TRUE,10922.2354
146,-20,TRUE,TRUE,245098.609
146,-19,TRUE,FALSE,81.2359759
146,-19,TRUE,TRUE,251376.968
146,-18,TRUE,TRUE,202690.746
146,-17,TRUE,TRUE,39490.0629
146,-16,TRUE,TRUE,2957.53978
146,-15,TRUE,TRUE,1234.81285
146,-14,TRUE,TRUE,2090.6716500000002
146,-13,TRUE,TRUE,599.610266
146,-12,TRUE,TRUE,15412.0703
146,-11,TRUE,TRUE,5204.69385
146,-10,TRUE,FALSE,1289.31121
146,-10,TRUE,TRUE,161779.151
146,-9,TRUE,FALSE,69.0077753
146,-9,TRUE,TRUE,13846.0042
146,-7,TRUE,TRUE,95470.9871
146,-6,TRUE,FALSE,48.9623221
146,-6,TRUE,TRUE,124094.273
146,-5,TRUE,FALSE,1314.46898
146,-5,TRUE,TRUE,158961.728
146,-4,TRUE,FALSE,89.3501435
146,-4,TRUE,TRUE,142139.341
146,-3,TRUE,FALSE,36.3077909
146,-3,TRUE,TRUE,31758.1913
146,-2,TRUE,TRUE,7752.87808
146,2,TRUE,FALSE,682.270688
146,2,TRUE,TRUE,566.121209
146,3,TRUE,FALSE,152.470426
146,3,TRUE,TRUE,1182.893
146,4,TRUE,TRUE,36.4621473
146,12,TRUE,TRUE,1836.47584
146,13,TRUE,TRUE,299.662461
146,14,TRUE,TRUE,13218.4932
146,15,TRUE,TRUE,4336.88141
146,41,TRUE,TRUE,17294.4339
146,42,TRUE,TRUE,133066.101
146,43,TRUE,TRUE,147270.039
146,44,TRUE,TRUE,53587.2204
146,45,TRUE,TRUE,5280.37801
146,46,TRUE,TRUE,2636.7363
146,47,TRUE,TRUE,3340.91598
146,48,TRUE,TRUE,258.330213
146,53,TRUE,TRUE,40.1254356
146,58,TRUE,TRUE,352.668895
146,59,TRUE,TRUE,1205.27533
146,72,TRUE,TRUE,44.2515882
146,73,TRUE,TRUE,59.7725974
146,74,TRUE,TRUE,95.4291437
146,75,TRUE,TRUE,114.352007
147,-45,TRUE,TRUE,51.9319115
147,-44,TRUE,FALSE,94.3949686
147,-44,TRUE,TRUE,694988.725
147,-43,TRUE,TRUE,104672.991
147,-41,TRUE,TRUE,15434.925
147,-40,TRUE,FALSE,88.3001176
147,-40,TRUE,TRUE,78802.5032
147,-39,TRUE,FALSE,223.365262
147,-39,TRUE,TRUE,105302.506
147,-38,TRUE,FALSE,199.678984
147,-38,TRUE,TRUE,5048.12144
147,-20,TRUE,TRUE,227088.51
147,-19,TRUE,TRUE,56626.1417
147,-18,TRUE,TRUE,25383.7534
147,-17,TRUE,TRUE,8525.74276
147,-16,TRUE,TRUE,545.61511
147,-14,TRUE,TRUE,36.3562489
147,-13,TRUE,TRUE,546.13701
147,-12,TRUE,TRUE,4288.55257
147,-11,TRUE,FALSE,45.1093986
147,-11,TRUE,TRUE,74117.2987
147,-10,TRUE,FALSE,94.6443265
147,-10,TRUE,TRUE,391716.468
147,-8,TRUE,FALSE,383.21571
147,-8,TRUE,TRUE,37068.1985
147,-7,TRUE,FALSE,742.574081
147,-7,TRUE,TRUE,162116.618
147,-6,TRUE,FALSE,4302.1729
147,-6,TRUE,TRUE,226080.959
147,-5,TRUE,TRUE,9063.61861
147,-4,TRUE,TRUE,2768.03636
147,-3,TRUE,TRUE,3442.08947
147,-2,TRUE,TRUE,7362.58273
147,1,TRUE,TRUE,1403.99718
147,42,TRUE,TRUE,3291.53774
147,43,TRUE,TRUE,103637.944
147,44,TRUE,TRUE,53603.8762
147,45,TRUE,TRUE,13847.7778
147,58,TRUE,TRUE,293.610861
147,59,TRUE,TRUE,569.642926
147,72,TRUE,TRUE,41.5715628
147,73,TRUE,TRUE,107.824415
147,74,TRUE,TRUE,88.8609521
148,-44,TRUE,TRUE,5841.59196
148,-43,TRUE,TRUE,20187.4819
148,-42,TRUE,FALSE,109.592458
148,-42,TRUE,TRUE,19080.5047
148,-41,TRUE,FALSE,304.135004
148,-41,TRUE,TRUE,19598.5714
148,-40,TRUE,FALSE,268.791807
148,-40,TRUE,TRUE,10322.5713
148,-39,TRUE,FALSE,312.02039
148,-39,TRUE,TRUE,130699.351
148,-38,TRUE,FALSE,13.6157412
148,-38,TRUE,TRUE,2083.31534
148,-21,TRUE,TRUE,833236.847
148,-20,TRUE,TRUE,309199.53
148,-19,TRUE,TRUE,1596.51018
148,-16,TRUE,TRUE,1557.55222
148,-12,TRUE,TRUE,5071.18522
148,-11,TRUE,FALSE,450.401129
148,-11,TRUE,TRUE,93176.514
148,-10,TRUE,TRUE,9203.06146
148,-9,TRUE,FALSE,599.328373
148,-9,TRUE,TRUE,47111.365
148,-8,TRUE,FALSE,107.379223
148,-8,TRUE,TRUE,26640.3918
148,-7,TRUE,FALSE,3358.47159
148,-7,TRUE,TRUE,250763.419
148,-6,TRUE,FALSE,318.578037
148,-6,TRUE,TRUE,33151.215
148,-5,TRUE,FALSE,100.009976
148,-5,TRUE,TRUE,11460.4092
148,-4,TRUE,TRUE,389.043656
148,-3,TRUE,TRUE,152.15852
148,-2,TRUE,TRUE,2017.36801
148,43,TRUE,FALSE,937.199987
148,43,TRUE,TRUE,44680.3244
148,44,TRUE,TRUE,77126.1866
148,45,TRUE,TRUE,31227.8953
148,46,TRUE,TRUE,677.518377
148,58,TRUE,TRUE,246.416714
148,59,TRUE,TRUE,534.189359
148,72,TRUE,TRUE,56.3959018
148,73,TRUE,TRUE,111.008246
148,74,TRUE,TRUE,63.2093265
148,75,TRUE,TRUE,51.818799
149,-42,TRUE,TRUE,746.154186
149,-41,TRUE,TRUE,3627.60966
149,-40,TRUE,TRUE,2423.35782
149,-39,TRUE,TRUE,76105.3165
149,-38,TRUE,TRUE,75376.1105
149,-37,TRUE,TRUE,1094.42553
149,-23,TRUE,TRUE,20052.9202
149,-22,TRUE,TRUE,989775.712
149,-21,TRUE,TRUE,360354.108
149,-20,TRUE,TRUE,7129.57905
149,-19,TRUE,TRUE,3554.96889
149,-12,TRUE,TRUE,4908.51084
149,-11,TRUE,FALSE,669.645847
149,-11,TRUE,TRUE,59477.2992
149,-10,TRUE,FALSE,242.262359
149,-10,TRUE,TRUE,24510.7464
149,-9,TRUE,FALSE,31.2343798
149,-9,TRUE,TRUE,6973.5907
149,-8,TRUE,FALSE,2372.53756
149,-8,TRUE,TRUE,132693.7
149,-7,TRUE,FALSE,1203.02459
149,-7,TRUE,TRUE,138282.523
149,-6,TRUE,FALSE,290.918406
149,-6,TRUE,TRUE,25436.0645
149,-5,TRUE,FALSE,63.7662071
149,-5,TRUE,TRUE,23415.7293
149,-4,TRUE,FALSE,396.698271
149,-4,TRUE,TRUE,15576.7131
149,-3,TRUE,FALSE,482.635875
149,-3,TRUE,TRUE,12897.261
149,-2,TRUE,TRUE,2685.08549
149,43,TRUE,TRUE,5063.95366
149,44,TRUE,TRUE,76585.4339
149,45,TRUE,TRUE,32318.7199
149,46,TRUE,TRUE,7397.61025
149,47,TRUE,TRUE,1135.29629
149,58,TRUE,TRUE,1009.21571
149,59,TRUE,TRUE,655.620798
149,72,TRUE,TRUE,50.0124864
149,73,TRUE,TRUE,111.800777
149,75,TRUE,TRUE,64.4265735
150,-39,TRUE,TRUE,4575.44317
150,-38,TRUE,TRUE,131356.281
150,-37,TRUE,TRUE,195594.565
150,-36,TRUE,TRUE,342096.225
150,-35,TRUE,TRUE,135203.454
150,-24,TRUE,TRUE,42433.6213
150,-23,TRUE,TRUE,122498.437
150,-22,TRUE,TRUE,177352.424
150,-21,TRUE,TRUE,76363.061
150,-20,TRUE,TRUE,32073.8624
150,-12,TRUE,TRUE,15647.1514
150,-11,TRUE,FALSE,71.0849131
150,-11,TRUE,TRUE,100508.361
150,-10,TRUE,FALSE,295.855778
150,-10,TRUE,TRUE,21925.2708
150,-9,TRUE,FALSE,25.0441794
150,-9,TRUE,TRUE,88588.7574
150,-8,TRUE,FALSE,3216.78762
150,-8,TRUE,TRUE,167111.307
150,-7,TRUE,FALSE,607.125285
150,-7,TRUE,TRUE,36434.4546
150,-6,TRUE,FALSE,1405.65437
150,-6,TRUE,TRUE,113576.654
150,-5,TRUE,FALSE,229.670195
150,-5,TRUE,TRUE,33123.76
150,-4,TRUE,FALSE,217.34193
150,-4,TRUE,TRUE,22163.3825
150,-3,TRUE,FALSE,49.2379329
150,-3,TRUE,TRUE,36830.2957
150,-2,TRUE,TRUE,650.761391
150,44,TRUE,TRUE,3527.74714
150,45,TRUE,TRUE,71460.9036
150,46,TRUE,TRUE,10397.4557
150,47,TRUE,TRUE,3249.83763
150,48,TRUE,TRUE,317.40864
150,50,TRUE,TRUE,68.0314434
150,58,TRUE,TRUE,2557.09088
150,59,TRUE,TRUE,23723.4196
150,71,TRUE,TRUE,58.8233013
150,72,TRUE,TRUE,55.8449823
150,73,TRUE,TRUE,130.041562
150,74,TRUE,TRUE,132.230969
150,75,TRUE,TRUE,142.831838
150,76,TRUE,TRUE,152.02084
151,-39,TRUE,TRUE,1936.45839
151,-38,TRUE,TRUE,1406.98461
151,-37,TRUE,TRUE,2235.58789
151,-36,TRUE,TRUE,108374.085
151,-35,TRUE,TRUE,490525.214
151,-34,TRUE,TRUE,1626775.66
151,-33,TRUE,TRUE,217333.456
151,-25,TRUE,TRUE,23242.8481
151,-24,TRUE,FALSE,41043.3449
151,-24,TRUE,TRUE,1221334.3
151,-23,TRUE,TRUE,101866.45
151,-22,TRUE,TRUE,9605.19192
151,-21,TRUE,TRUE,661.775941
151,-20,TRUE,TRUE,3921.50506
151,-19,TRUE,TRUE,75.2974364
151,-12,TRUE,TRUE,9102.27794
151,-11,TRUE,FALSE,27.6991993
151,-11,TRUE,TRUE,117844.539
151,-10,TRUE,FALSE,1528.0086
151,-10,TRUE,TRUE,166476.362
151,-9,TRUE,FALSE,3446.4933
151,-9,TRUE,TRUE,150517.749
151,-8,TRUE,FALSE,79.6704583
151,-8,TRUE,TRUE,32122.5922
151,-7,TRUE,FALSE,204.154574
151,-7,TRUE,TRUE,11817.3395
151,-6,TRUE,FALSE,802.967864
151,-6,TRUE,TRUE,50234.5419
151,-5,TRUE,FALSE,889.222425
151,-5,TRUE,TRUE,70345.0774
151,-4,TRUE,FALSE,113.005873
151,-4,TRUE,TRUE,49721.4228
151,-3,TRUE,FALSE,51.9957579
151,-3,TRUE,TRUE,21683.5442
151,-2,TRUE,TRUE,5062.58451
151,7,TRUE,FALSE,3931.83903
151,7,TRUE,TRUE,58.6140841
151,8,TRUE,FALSE,311.495585
151,8,TRUE,TRUE,45.9842969
151,44,TRUE,TRUE,3812.47813
151,45,TRUE,TRUE,54113.2792
151,46,TRUE,TRUE,63359.5963
151,47,TRUE,FALSE,58.9057221
151,47,TRUE,TRUE,9438.63509
151,48,TRUE,FALSE,43.9386036
151,48,TRUE,TRUE,8336.72837
151,49,TRUE,TRUE,5794.95038
151,50,TRUE,TRUE,180.221432
151,58,TRUE,TRUE,18682.7335
151,59,TRUE,TRUE,5028.66904
151,73,TRUE,TRUE,303.311122
151,74,TRUE,TRUE,182.832744
151,75,TRUE,TRUE,74.7103301
151,76,TRUE,TRUE,148.692017
152,-39,TRUE,TRUE,37.9862239
152,-38,TRUE,TRUE,139.342417
152,-37,TRUE,TRUE,1562.78618
152,-36,TRUE,TRUE,3020.03011
152,-35,TRUE,TRUE,30236.9456
152,-34,TRUE,TRUE,447788.386
152,-33,TRUE,TRUE,807915.098
152,-32,TRUE,FALSE,3.65518916
152,-32,TRUE,TRUE,26906.1579
152,-26,TRUE,TRUE,69444.379
152,-25,TRUE,TRUE,121622.557
152,-24,TRUE,TRUE,250163.231
152,-23,TRUE,TRUE,128615.417
152,-22,TRUE,TRUE,6769.67476
152,-21,TRUE,TRUE,10188.9501
152,-20,TRUE,TRUE,35679.6517
152,-19,TRUE,TRUE,23494.4074
152,-13,TRUE,TRUE,73439.8647
152,-12,TRUE,TRUE,111835.264
152,-11,TRUE,TRUE,80644.5289
152,-10,TRUE,TRUE,7129.04927
152,-9,TRUE,TRUE,25048.2039
152,-8,TRUE,FALSE,86.9416853
152,-8,TRUE,TRUE,16004.3638
152,-7,TRUE,FALSE,108.078332
152,-7,TRUE,TRUE,12176.933
152,-6,TRUE,FALSE,159.57335
152,-6,TRUE,TRUE,33180.2953
152,-5,TRUE,FALSE,2895.67357
152,-5,TRUE,TRUE,347593.416
152,-4,TRUE,FALSE,1490.60821
152,-4,TRUE,TRUE,163924.262
152,-3,TRUE,TRUE,61540.1387
152,-2,TRUE,TRUE,12913.9868
152,8,TRUE,TRUE,55.8470685
152,45,TRUE,TRUE,6957.07652
152,46,TRUE,TRUE,78289.7843
152,47,TRUE,FALSE,95.8507554
152,47,TRUE,TRUE,22358.4763
152,48,TRUE,TRUE,4563.15573
152,49,TRUE,TRUE,9359.58042
152,50,TRUE,TRUE,2824.7116
152,58,TRUE,TRUE,17553.9504
152,59,TRUE,TRUE,286.94062
152,71,TRUE,TRUE,150.014576
152,72,TRUE,TRUE,154.677251
152,73,TRUE,TRUE,127.043495
152,74,TRUE,TRUE,185.696525
152,75,TRUE,TRUE,118.215375
152,76,TRUE,TRUE,142.286352
153,-36,TRUE,TRUE,1923.80199
153,-35,TRUE,TRUE,1760.43564
153,-34,TRUE,TRUE,9183.84488
153,-33,TRUE,TRUE,111180.145
153,-32,TRUE,FALSE,2810.33086
153,-32,TRUE,TRUE,224804.27
153,-31,TRUE,FALSE,76.3233965
153,-31,TRUE,TRUE,284396.187
153,-30,TRUE,FALSE,139.778837
153,-30,TRUE,TRUE,302002.018
153,-29,TRUE,TRUE,330734.546
153,-28,TRUE,TRUE,1624729.11
153,-27,TRUE,TRUE,785564.749
153,-26,TRUE,TRUE,244795.04
153,-25,TRUE,TRUE,131496.511
153,-24,TRUE,TRUE,12572.4443
153,-23,TRUE,TRUE,63783.4422
153,-22,TRUE,TRUE,123861.164
153,-21,TRUE,TRUE,155191.57
153,-20,TRUE,TRUE,144704.937
153,-19,TRUE,TRUE,17757.5951
153,-13,TRUE,TRUE,4212.77562
153,-12,TRUE,FALSE,29.5837979
153,-12,TRUE,TRUE,953.59009
153,-11,TRUE,FALSE,89.2870743
153,-11,TRUE,TRUE,5085.63675
153,-10,TRUE,TRUE,2299.01129
153,-9,TRUE,TRUE,20146.9902
153,-8,TRUE,TRUE,8211.37215
153,-7,TRUE,FALSE,88.9935043
153,-7,TRUE,TRUE,37293.1536
153,-6,TRUE,TRUE,76467.6281
153,-5,TRUE,FALSE,81.1035517
153,-5,TRUE,TRUE,112103.438
153,-4,TRUE,TRUE,66032.7592
153,-3,TRUE,TRUE,23272.3414
153,7,TRUE,TRUE,450.434759
153,46,TRUE,TRUE,29026.6111
153,47,TRUE,TRUE,48848.2302
153,48,TRUE,FALSE,181.294766
153,48,TRUE,TRUE,14025.9564
153,49,TRUE,TRUE,22319.9042
153,50,TRUE,TRUE,5817.24629
153,51,TRUE,TRUE,275.83743
153,56,TRUE,TRUE,796.464342
153,57,TRUE,TRUE,857.798201
153,58,TRUE,TRUE,11240.5669
153,59,TRUE,TRUE,1098.33334
153,71,TRUE,TRUE,45.1899456
153,72,TRUE,TRUE,158.126039
153,73,TRUE,TRUE,220.026401
153,74,TRUE,TRUE,231.599211
153,75,TRUE,TRUE,1045.17013
153,76,TRUE,TRUE,144.436771
154,-34,TRUE,TRUE,1764.36726
154,-33,TRUE,TRUE,2370.7005
154,-32,TRUE,TRUE,9143.02541
154,-31,TRUE,TRUE,18156.7052
154,-30,TRUE,TRUE,37438.7378
154,-29,TRUE,FALSE,10.2581505
154,-29,TRUE,TRUE,80935.9462
154,-28,TRUE,FALSE,42.926887
154,-28,TRUE,TRUE,93195.0752
154,-27,TRUE,TRUE,105027.16
154,-26,TRUE,TRUE,125732.358
154,-25,TRUE,TRUE,145713.373
154,-24,TRUE,TRUE,111176.136
154,-23,TRUE,TRUE,139746.102
154,-22,TRUE,TRUE,110021.331
154,-21,TRUE,TRUE,47039.5937
154,-20,TRUE,TRUE,6945.0919
154,-13,TRUE,FALSE,49.110882
154,-13,TRUE,TRUE,12498.0799
154,-12,TRUE,TRUE,21205.5593
154,-11,TRUE,TRUE,6802.29969
154,-10,TRUE,TRUE,135.414979
154,-8,TRUE,TRUE,3955.5204
154,-7,TRUE,FALSE,61.884669100000004
154,-7,TRUE,TRUE,49252.3856
154,-6,TRUE,TRUE,53232.5609
154,-5,TRUE,FALSE,49.907096
154,-5,TRUE,TRUE,11356.152
154,-4,TRUE,TRUE,4230.01176
154,-3,TRUE,TRUE,8386.47235
154,46,TRUE,TRUE,7684.22296
154,47,TRUE,TRUE,34941.2735
154,48,TRUE,TRUE,46599.3874
154,49,TRUE,TRUE,27084.4163
154,50,TRUE,TRUE,25983.5508
154,51,TRUE,TRUE,9115.57622
154,52,TRUE,TRUE,7064.07312
154,53,TRUE,TRUE,4104.9494
154,54,TRUE,TRUE,884.005878
154,55,TRUE,TRUE,5795.31653
154,56,TRUE,TRUE,1730.65046
154,57,TRUE,TRUE,561.854159
154,58,TRUE,TRUE,671.442153
154,59,TRUE,TRUE,4874.37719
154,60,TRUE,TRUE,860.010591
154,71,TRUE,TRUE,105.166523
154,72,TRUE,TRUE,71.6462988
154,73,TRUE,TRUE,547.084639
154,74,TRUE,TRUE,634.07192
154,75,TRUE,TRUE,3252.70944
155,-30,TRUE,TRUE,48.9330901
155,-29,TRUE,TRUE,2997.14998
155,-28,TRUE,TRUE,2573.20291
155,-27,TRUE,TRUE,4268.28899
155,-26,TRUE,TRUE,4568.56709
155,-25,TRUE,TRUE,2775.48224
155,-23,TRUE,TRUE,31.998851
155,-22,TRUE,TRUE,31.9674115
155,-21,TRUE,TRUE,2857.52715
155,-12,TRUE,FALSE,403.699753
155,-12,TRUE,TRUE,58.6609835
155,-10,TRUE,TRUE,1912.88107
155,-9,TRUE,TRUE,3710.44717
155,-8,TRUE,TRUE,6392.82967
155,-7,TRUE,TRUE,15709.1261
155,-6,TRUE,TRUE,4173.12349
155,-5,TRUE,TRUE,194.213166
155,47,TRUE,TRUE,11101.601
155,48,TRUE,TRUE,14271.541
155,49,TRUE,TRUE,67738.3985
155,50,TRUE,TRUE,34716.9173
155,51,TRUE,TRUE,9750.05098
155,52,TRUE,TRUE,23607.9525
155,53,TRUE,TRUE,36077.0293
155,54,TRUE,TRUE,45230.478
155,55,TRUE,TRUE,26778.9585
155,56,TRUE,TRUE,7257.25739
155,57,TRUE,TRUE,1084.98076
155,58,TRUE,TRUE,209.380752
155,59,TRUE,TRUE,3194.56786
155,60,TRUE,TRUE,3334.61257
155,71,TRUE,FALSE,58.0984235
155,71,TRUE,TRUE,137.708586
155,72,TRUE,TRUE,146.52077
155,74,TRUE,TRUE,3471.49814
155,75,TRUE,TRUE,786.069168
156,-27,TRUE,TRUE,1567.92866
156,-26,TRUE,TRUE,798.353929
156,-14,TRUE,FALSE,123.785788
156,-14,TRUE,TRUE,1029.08568
156,-11,TRUE,TRUE,5276.13054
156,-10,TRUE,TRUE,4524.91455
156,-9,TRUE,TRUE,11683.1657
156,-8,TRUE,FALSE,13555.951
156,-8,TRUE,TRUE,22897.4808
156,-7,TRUE,TRUE,9097.80875
156,-6,TRUE,TRUE,1020.01315
156,-5,TRUE,TRUE,373.914727
156,47,TRUE,TRUE,110.266354
156,48,TRUE,TRUE,7651.34667
156,49,TRUE,FALSE,500.318942
156,49,TRUE,TRUE,45292.3387
156,50,TRUE,TRUE,90689.8434
156,51,TRUE,TRUE,49782.8525
156,52,TRUE,TRUE,63759.0338
156,53,TRUE,TRUE,5956.13778
156,56,TRUE,TRUE,165.72791
156,57,TRUE,TRUE,8395.3491
156,58,TRUE,TRUE,1470.81595
156,59,TRUE,TRUE,564.968617
156,60,TRUE,TRUE,933.40729
156,61,TRUE,TRUE,1966.76337
156,71,TRUE,TRUE,58.0912579
156,74,TRUE,TRUE,1031.58575
156,75,TRUE,TRUE,820.184833
157,-23,TRUE,TRUE,14.0894418
157,-21,TRUE,FALSE,29.9143059
157,-21,TRUE,TRUE,26.6069898
157,-11,TRUE,TRUE,583.871954
157,-10,TRUE,TRUE,3083.02659
157,-9,TRUE,FALSE,114452.9
157,-9,TRUE,TRUE,118072.726
157,-8,TRUE,FALSE,28528.1555
157,-8,TRUE,TRUE,31095.9399
157,-7,TRUE,TRUE,1544.38686
157,-6,TRUE,TRUE,366.143347
157,6,TRUE,TRUE,66.4834542
157,7,TRUE,FALSE,224.373312
157,7,TRUE,TRUE,54.065954
157,49,TRUE,TRUE,9399.94647
157,50,TRUE,TRUE,44257.0343
157,51,TRUE,TRUE,31709.5701
157,57,TRUE,TRUE,1731.96273
157,58,TRUE,TRUE,918.329411
157,59,TRUE,TRUE,393.380525
157,60,TRUE,TRUE,325.818248
157,61,TRUE,TRUE,2109.21818
157,71,TRUE,TRUE,109.295534
157,75,TRUE,TRUE,180.287004
158,-39,TRUE,FALSE,74.4771855
158,-39,TRUE,TRUE,15.102741
158,-38,TRUE,TRUE,17.9387029
158,-11,TRUE,TRUE,1321.46089
158,-10,TRUE,FALSE,162.735542
158,-10,TRUE,TRUE,5492.56191
158,-9,TRUE,FALSE,32591.7577
158,-9,TRUE,TRUE,35397.6869
158,-8,TRUE,FALSE,1796.82247
158,-8,TRUE,TRUE,8858.51458
158,-7,TRUE,TRUE,1598.36603
158,-6,TRUE,TRUE,144.064623
158,49,TRUE,TRUE,1839.25391
158,50,TRUE,TRUE,1484.91923
158,51,TRUE,FALSE,305.297368
158,51,TRUE,TRUE,54028.4744
158,52,TRUE,TRUE,230703.692
158,53,TRUE,TRUE,142698.379
158,58,TRUE,TRUE,2474.01484
158,59,TRUE,TRUE,219.57206300000001
158,60,TRUE,TRUE,495.524382
158,61,TRUE,TRUE,2074.32659
159,-26,TRUE,TRUE,17.238211
159,-23,TRUE,TRUE,886.065983
159,-11,TRUE,TRUE,1345.13862
159,-10,TRUE,FALSE,64802.8888
159,-10,TRUE,TRUE,104153.79
159,-9,TRUE,FALSE,30430.8833
159,-9,TRUE,TRUE,29229.1807
159,-8,TRUE,FALSE,1014.50936
159,-8,TRUE,TRUE,4626.58955
159,-7,TRUE,FALSE,539.593627
159,-7,TRUE,TRUE,3238.58255
159,51,TRUE,TRUE,15559.9529
159,52,TRUE,TRUE,39603.8909
159,53,TRUE,TRUE,13486.2365
159,54,TRUE,TRUE,21.4514217
159,58,TRUE,TRUE,961.99002
159,59,TRUE,TRUE,1240.0168
159,60,TRUE,TRUE,642.110769
159,61,TRUE,TRUE,7039.76259
160,-43,TRUE,FALSE,101.430858
160,-43,TRUE,TRUE,15.0492871
160,-12,TRUE,TRUE,233.807004
160,-11,TRUE,TRUE,561.636654
160,-10,TRUE,FALSE,90469.0123
160,-10,TRUE,TRUE,115706.206
160,-9,TRUE,TRUE,8972.75488
160,-8,TRUE,TRUE,874.074884
160,52,TRUE,TRUE,7359.9866
160,53,TRUE,TRUE,21732.1289
160,54,TRUE,TRUE,2032.1035
160,59,TRUE,TRUE,1034.91844
160,60,TRUE,TRUE,450.505405
160,61,TRUE,TRUE,3460.47199
160,69,TRUE,TRUE,40.8935284
160,70,TRUE,TRUE,110.115782
161,-12,TRUE,TRUE,906.248908
161,-11,TRUE,FALSE,26.5503758
161,-11,TRUE,TRUE,9339.44506
161,-10,TRUE,FALSE,75.1355522
161,-10,TRUE,TRUE,6791.23408
161,-9,TRUE,FALSE,1021.78044
161,-9,TRUE,TRUE,2835.40394
161,-8,TRUE,TRUE,1111.70755
161,53,TRUE,TRUE,5110.61956
161,54,TRUE,TRUE,7464.44271
161,55,TRUE,TRUE,647.896422
161,59,TRUE,TRUE,84.5250287
161,60,TRUE,TRUE,1794.2114
161,61,TRUE,TRUE,439.30063
161,69,TRUE,TRUE,128.46417
162,-19,TRUE,TRUE,33.7527276
162,-12,TRUE,TRUE,47.1374769
162,-11,TRUE,TRUE,3514.76568
162,-10,TRUE,TRUE,288.862779
162,-9,TRUE,TRUE,423.376178
162,54,TRUE,TRUE,13214.0021
162,55,TRUE,TRUE,7490.99916
162,56,TRUE,TRUE,8586.86854
162,57,TRUE,TRUE,5449.94204
162,58,TRUE,TRUE,16587.5724
162,59,TRUE,TRUE,952.573337
162,60,TRUE,TRUE,3454.12452
162,61,TRUE,TRUE,401.780427
162,69,TRUE,TRUE,117.435374
163,-22,TRUE,TRUE,6889.62939
163,-21,TRUE,FALSE,48.3198142
163,-21,TRUE,TRUE,13712.7578
163,-20,TRUE,TRUE,56.5595855
163,54,TRUE,TRUE,3031.01219
163,55,TRUE,TRUE,10230.0727
163,56,TRUE,TRUE,7836.62672
163,57,TRUE,TRUE,5163.21767
163,58,TRUE,TRUE,8733.25129
163,59,TRUE,TRUE,25564.0163
163,60,TRUE,TRUE,1524.44745
163,61,TRUE,TRUE,729.852293
163,62,TRUE,TRUE,858.571685
164,-46,TRUE,TRUE,26.6384918
164,-45,TRUE,TRUE,40.1460699
164,-22,TRUE,FALSE,74.9329175
164,-22,TRUE,TRUE,16216.9838
164,-21,TRUE,TRUE,22457.5536
164,-20,TRUE,TRUE,48.4439853
164,-16,TRUE,TRUE,30.2422768
164,-12,TRUE,TRUE,53.388551
164,54,TRUE,TRUE,392.295832
164,55,TRUE,TRUE,1665.99436
164,56,TRUE,TRUE,2140.99277
164,57,TRUE,TRUE,1013.84097
164,58,TRUE,TRUE,1217.88869
164,59,TRUE,TRUE,7778.95833
164,60,TRUE,TRUE,145.304084
164,61,TRUE,TRUE,284.583636
164,62,TRUE,TRUE,1232.48123
165,-48,TRUE,TRUE,1204.15488
165,-47,TRUE,TRUE,1295.77361
165,-46,TRUE,TRUE,312.134635
165,-45,TRUE,TRUE,268.49979
165,-26,TRUE,TRUE,2253.81989
165,-24,TRUE,TRUE,22.2210662
165,-23,TRUE,TRUE,8661.42714
165,-22,TRUE,FALSE,99.0263034
165,-22,TRUE,TRUE,37149.1268
165,-21,TRUE,TRUE,1772.09341
165,-20,TRUE,TRUE,25.3790292
165,-18,TRUE,TRUE,19.7641353
165,-17,TRUE,TRUE,257.272399
165,-16,TRUE,TRUE,1095.53188
165,-15,TRUE,TRUE,113.489017
165,-14,TRUE,TRUE,270.937082
165,-9,TRUE,FALSE,44.8202218
165,-9,TRUE,TRUE,44.3276371
165,54,TRUE,TRUE,151.422899
165,55,TRUE,TRUE,1707.18532
165,56,TRUE,TRUE,6286.49151
165,57,TRUE,TRUE,544.652084
165,58,TRUE,TRUE,550.546892
165,59,TRUE,TRUE,5956.81197
165,60,TRUE,TRUE,3836.798
165,62,TRUE,TRUE,153.105334
166,-48,TRUE,TRUE,293.302526
166,-47,TRUE,TRUE,14141.3567
166,-46,TRUE,TRUE,1694.00431
166,-45,TRUE,TRUE,1496.03182
166,-23,TRUE,FALSE,515.092512
166,-23,TRUE,TRUE,725668.539
166,-22,TRUE,TRUE,5910.58216
166,-21,TRUE,TRUE,3394.52109
166,-19,TRUE,TRUE,807.780056
166,-18,TRUE,TRUE,2595.49115
166,-17,TRUE,TRUE,1721.35884
166,-16,TRUE,TRUE,3325.13054
166,-15,TRUE,TRUE,337.464328
166,-13,TRUE,TRUE,401.266047
166,-12,TRUE,TRUE,22.2451734
166,54,TRUE,TRUE,889.966778
166,55,TRUE,TRUE,2816.55984
166,56,TRUE,TRUE,2662.96793
166,57,TRUE,TRUE,1314.37775
166,58,TRUE,TRUE,526.573213
166,59,TRUE,TRUE,5252.57702
166,60,TRUE,TRUE,4432.69542
166,69,TRUE,TRUE,43.7173071
167,-48,TRUE,TRUE,4635.0401
167,-47,TRUE,TRUE,19460.7358
167,-46,TRUE,TRUE,3.62577324
167,-45,TRUE,TRUE,22345.6008
167,-44,TRUE,TRUE,40.2719398
167,-24,TRUE,TRUE,129.964223
167,-23,TRUE,TRUE,41834.7595
167,-22,TRUE,TRUE,2780.08591
167,-21,TRUE,TRUE,3566.45545
167,-19,TRUE,TRUE,142.607427
167,-18,TRUE,TRUE,1619.3925
167,-17,TRUE,TRUE,31082.9448
167,-16,TRUE,TRUE,78416.955
167,-15,TRUE,TRUE,1804.51598
167,-14,TRUE,TRUE,3015.66407
167,-13,TRUE,TRUE,305.345596
167,-12,TRUE,TRUE,585.368725
167,-11,TRUE,TRUE,32.0067552
167,54,TRUE,TRUE,312.112823
167,59,TRUE,TRUE,4119.36993
167,60,TRUE,TRUE,2523.11911
168,-48,TRUE,TRUE,6837.46597
168,-47,TRUE,TRUE,203119.88
168,-45,TRUE,TRUE,517.293589
168,-44,TRUE,TRUE,3492.56611
168,-43,TRUE,TRUE,24.376928
168,-23,TRUE,TRUE,24.161075
168,-22,TRUE,TRUE,47.5694658
168,-21,TRUE,TRUE,443.792281
168,-20,TRUE,TRUE,1157.92479
168,-19,TRUE,TRUE,7912.59405
168,-18,TRUE,TRUE,193237.027
168,-17,TRUE,TRUE,18561.8743
168,-16,TRUE,TRUE,5888.5125
168,-15,TRUE,FALSE,22.8129412
168,-15,TRUE,TRUE,1712.67839
168,-14,TRUE,TRUE,1587.08906
168,-13,TRUE,TRUE,787.511738
168,-12,TRUE,TRUE,783.252951
168,-11,TRUE,TRUE,447.171572
168,54,TRUE,TRUE,196.807322
168,55,TRUE,TRUE,80.0752623
168,59,TRUE,TRUE,1104.71273
168,60,TRUE,TRUE,5501.82122
169,-48,TRUE,TRUE,145.647039
169,-47,TRUE,TRUE,9886.06433
169,-44,TRUE,TRUE,9610.10871
169,-43,TRUE,TRUE,3444.71424
169,-42,TRUE,TRUE,125.011093
169,-22,TRUE,TRUE,323.10195
169,-21,TRUE,TRUE,5320.42037
169,-20,TRUE,TRUE,8627.97823
169,-19,TRUE,FALSE,8.19103798
169,-19,TRUE,TRUE,1454.7428
169,-18,TRUE,TRUE,1895.13606
169,-17,TRUE,TRUE,2790.43477
169,-16,TRUE,TRUE,4017.42509
169,-15,TRUE,TRUE,3614.99064
169,-14,TRUE,TRUE,1653.60262
169,-13,TRUE,TRUE,483.610251
169,59,TRUE,TRUE,2784.23554
169,60,TRUE,TRUE,14708.6876
169,69,TRUE,TRUE,219.709909
170,-48,TRUE,TRUE,213.677598
170,-47,TRUE,TRUE,17234.8114
170,-46,TRUE,TRUE,145850.183
170,-44,TRUE,TRUE,1087.9685
170,-43,TRUE,TRUE,27487.8508
170,-42,TRUE,TRUE,9551.00411
170,-41,TRUE,TRUE,1172.0607
170,-21,TRUE,TRUE,2183.73344
170,-20,TRUE,TRUE,1669.31362
170,-19,TRUE,TRUE,2231.79033
170,-18,TRUE,TRUE,1550.54389
170,-17,TRUE,TRUE,1014.10533
170,-16,TRUE,FALSE,364.04323
170,-16,TRUE,TRUE,104.863203
170,-14,TRUE,FALSE,565.371283
170,-14,TRUE,TRUE,54.6810247
170,-13,TRUE,FALSE,38.8891308
170,-13,TRUE,TRUE,90.6256437
170,-11,TRUE,TRUE,36.7583308
170,52,TRUE,TRUE,55.5377774
170,59,TRUE,TRUE,3401.82983
170,60,TRUE,TRUE,2026.7851
170,69,TRUE,TRUE,1739.17275
171,-48,TRUE,TRUE,30.9520606
171,-47,TRUE,TRUE,639.863831
171,-46,TRUE,TRUE,23417.4785
171,-45,TRUE,TRUE,81536.5562
171,-44,TRUE,TRUE,31.0059504
171,-43,TRUE,TRUE,9584.86261
171,-42,TRUE,TRUE,13601.7614
171,-41,TRUE,FALSE,153.929718
171,-41,TRUE,TRUE,4957.27558
171,-40,TRUE,TRUE,1198.37182
171,-39,TRUE,TRUE,72.9963948
171,-38,TRUE,TRUE,1277.05228
171,-37,TRUE,TRUE,548.099805
171,-36,TRUE,TRUE,719.669392
171,-35,TRUE,TRUE,2939.23086
171,-34,TRUE,TRUE,1515.5295
171,-21,TRUE,TRUE,267.560597
171,-20,TRUE,TRUE,127.330148
171,52,TRUE,FALSE,215.414993
171,52,TRUE,TRUE,736.313604
171,53,TRUE,TRUE,4892.73565
171,59,TRUE,TRUE,974.101479
171,60,TRUE,TRUE,3878.34422
172,-47,TRUE,TRUE,169.523631
172,-46,TRUE,TRUE,1188.8458
172,-45,TRUE,TRUE,33480.1578
172,-44,TRUE,TRUE,213312.5
172,-42,TRUE,TRUE,374.193133
172,-41,TRUE,TRUE,24024.2729
172,-40,TRUE,TRUE,10450.1062
172,-39,TRUE,TRUE,2722.60785
172,-38,TRUE,TRUE,1832.66928
172,-37,TRUE,TRUE,575.053513
172,-36,TRUE,TRUE,3081.22511
172,-35,TRUE,TRUE,21316.5296
172,-34,TRUE,TRUE,64.5286764
172,51,TRUE,TRUE,28.9833359
172,52,TRUE,FALSE,33.4588076
172,52,TRUE,TRUE,765.739346
172,53,TRUE,TRUE,770.025281
172,60,TRUE,TRUE,6300.14614
172,61,TRUE,TRUE,481.254781
173,-46,TRUE,TRUE,260.191396
173,-45,TRUE,TRUE,14816.0987
173,-44,TRUE,TRUE,96771.9636
173,-43,TRUE,TRUE,20935.6805
173,-42,TRUE,TRUE,356834.636
173,-41,TRUE,TRUE,90925.3234
173,-40,TRUE,TRUE,71028.0657
173,-39,TRUE,TRUE,8147.84118
173,-38,TRUE,TRUE,3413.24903
173,-37,TRUE,TRUE,6146.72233
173,-36,TRUE,TRUE,8638.30829
173,-35,TRUE,TRUE,98410.014
173,-34,TRUE,TRUE,16.3376681
173,51,TRUE,TRUE,1427.89143
173,52,TRUE,FALSE,646.638628
173,52,TRUE,TRUE,2330.88339
173,53,TRUE,FALSE,745.096655
173,53,TRUE,TRUE,3042.85894
173,60,TRUE,TRUE,1747.83738
173,61,TRUE,TRUE,2421.62729
174,-45,TRUE,FALSE,432.871061
174,-45,TRUE,TRUE,3114.99227
174,-44,TRUE,FALSE,412.39395
174,-44,TRUE,TRUE,24389.5777
174,-43,TRUE,TRUE,43005.8553
174,-42,TRUE,TRUE,800186.266
174,-41,TRUE,TRUE,52239.6105
174,-40,TRUE,TRUE,24971.8338
174,-39,TRUE,TRUE,36963.8376
174,-38,TRUE,TRUE,23938.7166
174,-37,TRUE,TRUE,947736.728
174,-36,TRUE,TRUE,521869.454
174,-35,TRUE,TRUE,37082.1528
174,-34,TRUE,TRUE,1036.68525
174,51,TRUE,TRUE,399.694226
174,52,TRUE,TRUE,14648.0449
174,53,TRUE,TRUE,123.347093
174,60,TRUE,TRUE,1071.91746
174,61,TRUE,TRUE,10397.8188
175,-44,TRUE,TRUE,791.94528
175,-43,TRUE,TRUE,3337.66357
175,-42,TRUE,TRUE,52111.2142
175,-41,TRUE,TRUE,1191.75303
175,-40,TRUE,TRUE,45.4781989
175,-38,TRUE,TRUE,23776.5693
175,-37,TRUE,TRUE,538968.936
175,-36,TRUE,TRUE,56282.8706
175,-35,TRUE,FALSE,44.2237397
175,-35,TRUE,TRUE,2524.00238
175,-34,TRUE,TRUE,544.643765
175,51,TRUE,TRUE,1973.84592
175,52,TRUE,FALSE,34.176541
175,52,TRUE,TRUE,21792.9877
175,61,TRUE,TRUE,9733.83382
175,62,TRUE,TRUE,1131.25162
176,-42,TRUE,TRUE,27850.8487
176,-41,TRUE,TRUE,36583.6226
176,-40,TRUE,TRUE,55673.3526
176,-38,TRUE,TRUE,758164.671
176,-37,TRUE,FALSE,154.529785
176,-37,TRUE,TRUE,57207.6157
176,-36,TRUE,TRUE,60.8934597
176,-20,TRUE,TRUE,267.024654
176,-19,TRUE,FALSE,73.4805506
176,-19,TRUE,TRUE,4143.53474
176,-18,TRUE,FALSE,48.7391912
176,-18,TRUE,TRUE,8351.17935
176,-17,TRUE,TRUE,3328.59262
176,-15,TRUE,FALSE,122.727031
176,-15,TRUE,TRUE,43.8348911
176,51,TRUE,TRUE,1703.53804
176,52,TRUE,TRUE,13543.2349
176,61,TRUE,TRUE,12722.9936
176,62,TRUE,TRUE,2780.79287
176,64,TRUE,TRUE,5182.57947
177,-42,TRUE,TRUE,894.838076
177,-41,TRUE,TRUE,20591.8318
177,-40,TRUE,TRUE,97526.4509
177,-39,TRUE,TRUE,6636.03568
177,-38,TRUE,TRUE,74857.307
177,-37,TRUE,TRUE,5704.33129
177,-20,TRUE,FALSE,25.1099423
177,-20,TRUE,TRUE,2549.08362
177,-19,TRUE,FALSE,142.307604
177,-19,TRUE,TRUE,76551.0312
177,-18,TRUE,FALSE,9672.9027
177,-18,TRUE,TRUE,928199.021
177,-17,TRUE,FALSE,16.6054648
177,-17,TRUE,TRUE,32040.84
177,-16,TRUE,TRUE,740.978061
177,50,TRUE,TRUE,17.6533705
177,51,TRUE,TRUE,3107.00521
177,52,TRUE,FALSE,25.6706432
177,52,TRUE,TRUE,22208.412
177,53,TRUE,TRUE,7388.122
177,61,TRUE,TRUE,11141.4555
177,62,TRUE,TRUE,19996.3663
177,64,TRUE,TRUE,19467.876
178,-41,TRUE,TRUE,299.251624
178,-40,TRUE,TRUE,21589.6969
178,-39,TRUE,TRUE,82825.2836
178,-38,TRUE,TRUE,55622.1842
178,-37,TRUE,TRUE,545.751112
178,-20,TRUE,TRUE,3916.5937
178,-19,TRUE,FALSE,3837.54605
178,-19,TRUE,TRUE,467953.28
178,-18,TRUE,FALSE,1335.59594
178,-18,TRUE,TRUE,200305.188
178,-17,TRUE,FALSE,12.1756684
178,-17,TRUE,TRUE,27255.5265
178,-16,TRUE,TRUE,33.793624
178,51,TRUE,TRUE,5377.01017
178,52,TRUE,TRUE,2706.62455
178,53,TRUE,TRUE,56.0723416
178,61,TRUE,TRUE,19366.9918
178,62,TRUE,TRUE,4566.48233
178,63,TRUE,TRUE,155.47163
178,64,TRUE,TRUE,4211.93397
179,-40,TRUE,TRUE,59.4544987
179,-39,TRUE,TRUE,933.148781
179,-38,TRUE,TRUE,860.891846
179,-20,TRUE,TRUE,28.3421035
179,-19,TRUE,FALSE,269.434237
179,-19,TRUE,TRUE,11772.6267
179,-18,TRUE,FALSE,630.823821
179,-18,TRUE,TRUE,51535.0776
179,-17,TRUE,FALSE,1487.92167
179,-17,TRUE,TRUE,212212.754
179,-16,TRUE,TRUE,418.282198
179,51,TRUE,TRUE,5115.39556
179,52,TRUE,TRUE,3830.53172
179,53,TRUE,TRUE,8491.19454
179,61,TRUE,TRUE,17659.9584
179,62,TRUE,TRUE,18106.2131
179,63,TRUE,TRUE,14062.0494
179,64,TRUE,TRUE,4269.40956
